timestamp,badge_id,holder,reader,event
2026-06-04T05:49:00Z,B1002,Priya Novak,MAIN-ENTRANCE,IN
2026-06-04T05:51:00Z,B1017,Sofia Larsen,MAIN-ENTRANCE,IN
2026-06-04T05:53:00Z,B1036,Priya Dubois,MAIN-ENTRANCE,IN
2026-06-04T06:31:00Z,B1017,Sofia Larsen,ROOM-C,UNLOCK
2026-06-04T06:31:00Z,B1017,Sofia Larsen,ROOM-C,UNLOCK
2026-06-04T06:31:00Z,B1017,Sofia Larsen,ROOM-D,UNLOCK
2026-06-04T06:32:00Z,B1017,Sofia Larsen,ROOM-B,UNLOCK
2026-06-04T06:36:00Z,B1017,Sofia Larsen,ROOM-A,UNLOCK
2026-06-04T06:36:00Z,B1017,Sofia Larsen,ROOM-F,UNLOCK
2026-06-04T06:37:00Z,B1017,Sofia Larsen,ROOM-A,UNLOCK
2026-06-04T06:37:00Z,B1017,Sofia Larsen,ROOM-F,UNLOCK
2026-06-04T06:51:00Z,B1017,Sofia Larsen,ROOM-D,UNLOCK
2026-06-04T06:51:00Z,B1017,Sofia Larsen,ROOM-E,UNLOCK
2026-06-04T06:54:00Z,B1017,Sofia Larsen,ROOM-D,UNLOCK
2026-06-04T06:55:00Z,B1017,Sofia Larsen,ROOM-F,UNLOCK
2026-06-04T07:09:00Z,B1036,Priya Dubois,ROOM-B,UNLOCK
2026-06-04T07:49:00Z,B1036,Priya Dubois,ROOM-A,UNLOCK
2026-06-04T07:54:00Z,B1002,Priya Novak,ROOM-A,UNLOCK
2026-06-04T08:02:00Z,B1036,Priya Dubois,ROOM-C,UNLOCK
2026-06-04T08:05:00Z,B1002,Priya Novak,ROOM-C,UNLOCK
2026-06-04T08:10:00Z,B1036,Priya Dubois,ROOM-D,UNLOCK
2026-06-04T08:16:00Z,B1002,Priya Novak,ROOM-D,UNLOCK
2026-06-04T08:22:00Z,B1002,Priya Novak,ROOM-E,UNLOCK
2026-06-04T09:44:00Z,B1017,Sofia Larsen,ROOM-D,UNLOCK
2026-06-04T09:44:00Z,B1017,Sofia Larsen,ROOM-E,UNLOCK
2026-06-04T09:44:00Z,B1017,Sofia Larsen,ROOM-E,UNLOCK
2026-06-04T09:44:00Z,B1017,Sofia Larsen,ROOM-E,UNLOCK
2026-06-04T09:48:00Z,B1017,Sofia Larsen,ROOM-C,UNLOCK
2026-06-04T09:49:00Z,B1017,Sofia Larsen,ROOM-D,UNLOCK
2026-06-04T09:50:00Z,B1017,Sofia Larsen,ROOM-B,UNLOCK
2026-06-04T09:51:00Z,B1017,Sofia Larsen,ROOM-F,UNLOCK
2026-06-04T11:04:00Z,B1036,Priya Dubois,ROOM-D,UNLOCK
2026-06-04T13:41:00Z,B1024,Samuel Tanaka,MAIN-ENTRANCE,IN
2026-06-04T14:01:00Z,B1002,Priya Novak,MAIN-ENTRANCE,OUT
2026-06-04T14:04:00Z,B1036,Priya Dubois,MAIN-ENTRANCE,OUT
2026-06-04T14:14:00Z,B1017,Sofia Larsen,MAIN-ENTRANCE,OUT
2026-06-04T14:33:00Z,B1036,Priya Dubois,ROOM-D,UNLOCK
2026-06-04T14:46:00Z,B1024,Samuel Tanaka,ROOM-D,UNLOCK
2026-06-04T14:46:00Z,B1024,Samuel Tanaka,ROOM-D,UNLOCK
2026-06-04T14:46:00Z,B1024,Samuel Tanaka,ROOM-F,UNLOCK
2026-06-04T14:48:00Z,B1024,Samuel Tanaka,ROOM-C,UNLOCK
2026-06-04T14:48:00Z,B1024,Samuel Tanaka,ROOM-E,UNLOCK
2026-06-04T14:49:00Z,B1024,Samuel Tanaka,ROOM-A,UNLOCK
2026-06-04T14:49:00Z,B1024,Samuel Tanaka,ROOM-B,UNLOCK
2026-06-04T14:50:00Z,B1024,Samuel Tanaka,ROOM-E,UNLOCK
2026-06-04T14:52:00Z,B1024,Samuel Tanaka,ROOM-B,UNLOCK
2026-06-04T14:52:00Z,B1024,Samuel Tanaka,ROOM-D,UNLOCK
2026-06-04T14:52:00Z,B1024,Samuel Tanaka,ROOM-E,UNLOCK
2026-06-04T14:53:00Z,B1024,Samuel Tanaka,ROOM-D,UNLOCK
2026-06-04T14:55:00Z,B1024,Samuel Tanaka,ROOM-F,UNLOCK
2026-06-04T14:56:00Z,B1024,Samuel Tanaka,ROOM-E,UNLOCK
2026-06-04T16:00:00Z,B1024,Samuel Tanaka,ROOM-D,UNLOCK
2026-06-04T16:00:00Z,B1024,Samuel Tanaka,ROOM-E,UNLOCK
2026-06-04T16:00:00Z,B1024,Samuel Tanaka,ROOM-F,UNLOCK
2026-06-04T16:05:00Z,B1024,Samuel Tanaka,ROOM-C,UNLOCK
2026-06-04T16:06:00Z,B1024,Samuel Tanaka,ROOM-D,UNLOCK
2026-06-04T16:07:00Z,B1024,Samuel Tanaka,ROOM-E,UNLOCK
2026-06-04T18:14:00Z,B1024,Samuel Tanaka,ROOM-A,UNLOCK
2026-06-04T18:14:00Z,B1024,Samuel Tanaka,ROOM-D,UNLOCK
2026-06-04T18:15:00Z,B1024,Samuel Tanaka,ROOM-B,UNLOCK
2026-06-04T18:15:00Z,B1024,Samuel Tanaka,ROOM-E,UNLOCK
2026-06-04T18:16:00Z,B1024,Samuel Tanaka,ROOM-D,UNLOCK
2026-06-04T18:19:00Z,B1024,Samuel Tanaka,ROOM-D,UNLOCK
2026-06-04T18:19:00Z,B1024,Samuel Tanaka,ROOM-E,UNLOCK
2026-06-04T18:20:00Z,B1024,Samuel Tanaka,ROOM-C,UNLOCK
2026-06-04T18:21:00Z,B1024,Samuel Tanaka,ROOM-D,UNLOCK
2026-06-04T18:21:00Z,B1024,Samuel Tanaka,ROOM-F,UNLOCK
2026-06-04T21:47:00Z,B1009,Hana Tanaka,MAIN-ENTRANCE,IN
2026-06-04T21:52:00Z,B1024,Samuel Tanaka,MAIN-ENTRANCE,OUT
2026-06-05T02:11:00Z,B1009,Hana Tanaka,ROOM-C,UNLOCK
2026-06-05T02:32:00Z,B1009,Hana Tanaka,ROOM-F,UNLOCK
2026-06-05T05:40:00Z,B1009,Hana Tanaka,MAIN-ENTRANCE,OUT
2026-06-05T05:41:00Z,B1017,Sofia Larsen,MAIN-ENTRANCE,IN
2026-06-05T05:44:00Z,B1036,Priya Dubois,MAIN-ENTRANCE,IN
2026-06-05T05:45:00Z,B1002,Priya Novak,MAIN-ENTRANCE,IN
2026-06-05T07:23:00Z,B1017,Sofia Larsen,ROOM-B,UNLOCK
2026-06-05T07:24:00Z,B1017,Sofia Larsen,ROOM-A,UNLOCK
2026-06-05T07:24:00Z,B1017,Sofia Larsen,ROOM-F,UNLOCK
2026-06-05T07:25:00Z,B1017,Sofia Larsen,ROOM-C,UNLOCK
2026-06-05T07:25:00Z,B1017,Sofia Larsen,ROOM-F,UNLOCK
2026-06-05T07:28:00Z,B1017,Sofia Larsen,ROOM-D,UNLOCK
2026-06-05T07:28:00Z,B1017,Sofia Larsen,ROOM-E,UNLOCK
2026-06-05T07:29:00Z,B1017,Sofia Larsen,ROOM-A,UNLOCK
2026-06-05T07:29:00Z,B1017,Sofia Larsen,ROOM-C,UNLOCK
2026-06-05T07:32:00Z,B1017,Sofia Larsen,ROOM-E,UNLOCK
2026-06-05T07:35:00Z,B1017,Sofia Larsen,ROOM-A,UNLOCK
2026-06-05T07:35:00Z,B1017,Sofia Larsen,ROOM-C,UNLOCK
2026-06-05T07:35:00Z,B1017,Sofia Larsen,ROOM-D,UNLOCK
2026-06-05T07:37:00Z,B1017,Sofia Larsen,ROOM-B,UNLOCK
2026-06-05T07:41:00Z,B1017,Sofia Larsen,ROOM-E,UNLOCK
2026-06-05T07:42:00Z,B1017,Sofia Larsen,ROOM-A,UNLOCK
2026-06-05T07:42:00Z,B1017,Sofia Larsen,ROOM-B,UNLOCK
2026-06-05T07:43:00Z,B1017,Sofia Larsen,ROOM-D,UNLOCK
2026-06-05T08:22:00Z,B1036,Priya Dubois,ROOM-D,UNLOCK
2026-06-05T09:18:00Z,B1017,Sofia Larsen,ROOM-A,UNLOCK
2026-06-05T09:18:00Z,B1017,Sofia Larsen,ROOM-F,UNLOCK
2026-06-05T09:19:00Z,B1017,Sofia Larsen,ROOM-F,UNLOCK
2026-06-05T09:21:00Z,B1017,Sofia Larsen,ROOM-A,UNLOCK
2026-06-05T09:24:00Z,B1017,Sofia Larsen,ROOM-D,UNLOCK
2026-06-05T09:25:00Z,B1017,Sofia Larsen,ROOM-E,UNLOCK
2026-06-05T10:10:00Z,B1002,Priya Novak,ROOM-A,UNLOCK
2026-06-05T10:22:00Z,B1002,Priya Novak,ROOM-C,UNLOCK
2026-06-05T10:28:00Z,B1002,Priya Novak,ROOM-D,UNLOCK
2026-06-05T10:42:00Z,B1002,Priya Novak,ROOM-E,UNLOCK
2026-06-05T11:21:00Z,B1036,Priya Dubois,ROOM-E,UNLOCK
2026-06-05T11:30:00Z,B1036,Priya Dubois,ROOM-D,UNLOCK
2026-06-05T11:32:00Z,B1036,Priya Dubois,ROOM-D,UNLOCK
2026-06-05T11:40:00Z,B1036,Priya Dubois,ROOM-A,UNLOCK
2026-06-05T13:37:00Z,B1002,Priya Novak,MAIN-ENTRANCE,OUT
2026-06-05T13:55:00Z,B1017,Sofia Larsen,MAIN-ENTRANCE,OUT
2026-06-05T13:55:00Z,B1024,Samuel Tanaka,MAIN-ENTRANCE,IN
2026-06-05T13:57:00Z,B1036,Priya Dubois,MAIN-ENTRANCE,OUT
2026-06-05T14:25:00Z,B1036,Priya Dubois,ROOM-D,UNLOCK
2026-06-05T16:47:00Z,B1024,Samuel Tanaka,ROOM-A,UNLOCK
2026-06-05T16:47:00Z,B1024,Samuel Tanaka,ROOM-D,UNLOCK
2026-06-05T16:47:00Z,B1024,Samuel Tanaka,ROOM-D,UNLOCK
2026-06-05T16:49:00Z,B1024,Samuel Tanaka,ROOM-F,UNLOCK
2026-06-05T16:51:00Z,B1024,Samuel Tanaka,ROOM-F,UNLOCK
2026-06-05T16:51:00Z,B1024,Samuel Tanaka,ROOM-F,UNLOCK
2026-06-05T16:52:00Z,B1024,Samuel Tanaka,ROOM-E,UNLOCK
2026-06-05T16:57:00Z,B1024,Samuel Tanaka,ROOM-A,UNLOCK
2026-06-05T20:39:00Z,B1024,Samuel Tanaka,ROOM-C,UNLOCK
2026-06-05T20:39:00Z,B1024,Samuel Tanaka,ROOM-E,UNLOCK
2026-06-05T20:40:00Z,B1024,Samuel Tanaka,ROOM-F,UNLOCK
2026-06-05T20:43:00Z,B1024,Samuel Tanaka,ROOM-F,UNLOCK
2026-06-05T20:45:00Z,B1024,Samuel Tanaka,ROOM-A,UNLOCK
2026-06-05T20:46:00Z,B1024,Samuel Tanaka,ROOM-B,UNLOCK
2026-06-05T21:52:00Z,B1009,Hana Tanaka,MAIN-ENTRANCE,IN
2026-06-05T22:06:00Z,B1024,Samuel Tanaka,MAIN-ENTRANCE,OUT
2026-06-06T00:11:00Z,B1009,Hana Tanaka,ROOM-B,UNLOCK
2026-06-06T01:52:00Z,B1009,Hana Tanaka,ROOM-F,UNLOCK
2026-06-06T05:47:00Z,B1017,Sofia Larsen,MAIN-ENTRANCE,IN
2026-06-06T06:07:00Z,B1009,Hana Tanaka,MAIN-ENTRANCE,OUT
2026-06-06T07:06:00Z,B1017,Sofia Larsen,ROOM-D,UNLOCK
2026-06-06T07:06:00Z,B1017,Sofia Larsen,ROOM-E,UNLOCK
2026-06-06T07:08:00Z,B1017,Sofia Larsen,ROOM-A,UNLOCK
2026-06-06T07:08:00Z,B1017,Sofia Larsen,ROOM-E,UNLOCK
2026-06-06T07:09:00Z,B1017,Sofia Larsen,ROOM-F,UNLOCK
2026-06-06T07:11:00Z,B1017,Sofia Larsen,ROOM-B,UNLOCK
2026-06-06T07:12:00Z,B1017,Sofia Larsen,ROOM-A,UNLOCK
2026-06-06T07:15:00Z,B1017,Sofia Larsen,ROOM-E,UNLOCK
2026-06-06T07:16:00Z,B1017,Sofia Larsen,ROOM-D,UNLOCK
2026-06-06T07:16:00Z,B1017,Sofia Larsen,ROOM-F,UNLOCK
2026-06-06T12:03:00Z,B1036,Priya Dubois,ROOM-D,UNLOCK
2026-06-06T13:36:00Z,B1036,Priya Dubois,ROOM-D,UNLOCK
2026-06-06T13:45:00Z,B1024,Samuel Tanaka,MAIN-ENTRANCE,IN
2026-06-06T13:51:00Z,B1017,Sofia Larsen,MAIN-ENTRANCE,OUT
2026-06-06T21:57:00Z,B1024,Samuel Tanaka,MAIN-ENTRANCE,OUT
2026-06-06T21:58:00Z,B1009,Hana Tanaka,MAIN-ENTRANCE,IN
2026-06-07T01:39:00Z,B1009,Hana Tanaka,ROOM-D,UNLOCK
2026-06-07T01:45:00Z,B1009,Hana Tanaka,ROOM-B,UNLOCK
2026-06-07T05:49:00Z,B1017,Sofia Larsen,MAIN-ENTRANCE,IN
2026-06-07T05:52:00Z,B1002,Priya Novak,MAIN-ENTRANCE,IN
2026-06-07T06:07:00Z,B1009,Hana Tanaka,MAIN-ENTRANCE,OUT
2026-06-07T11:34:00Z,B1017,Sofia Larsen,ROOM-F,UNLOCK
2026-06-07T11:35:00Z,B1017,Sofia Larsen,ROOM-C,UNLOCK
2026-06-07T11:35:00Z,B1017,Sofia Larsen,ROOM-D,UNLOCK
2026-06-07T11:36:00Z,B1017,Sofia Larsen,ROOM-E,UNLOCK
2026-06-07T11:37:00Z,B1017,Sofia Larsen,ROOM-F,UNLOCK
2026-06-07T11:38:00Z,B1017,Sofia Larsen,ROOM-A,UNLOCK
2026-06-07T11:40:00Z,B1017,Sofia Larsen,ROOM-D,UNLOCK
2026-06-07T11:41:00Z,B1017,Sofia Larsen,ROOM-D,UNLOCK
2026-06-07T11:41:00Z,B1017,Sofia Larsen,ROOM-E,UNLOCK
2026-06-07T11:41:00Z,B1017,Sofia Larsen,ROOM-F,UNLOCK
2026-06-07T13:42:00Z,B1024,Samuel Tanaka,MAIN-ENTRANCE,IN
2026-06-07T13:51:00Z,B1002,Priya Novak,MAIN-ENTRANCE,OUT
2026-06-07T14:00:00Z,B1017,Sofia Larsen,MAIN-ENTRANCE,OUT
2026-06-07T19:25:00Z,B1024,Samuel Tanaka,ROOM-C,UNLOCK
2026-06-07T19:25:00Z,B1024,Samuel Tanaka,ROOM-D,UNLOCK
2026-06-07T19:29:00Z,B1024,Samuel Tanaka,ROOM-C,UNLOCK
2026-06-07T19:31:00Z,B1024,Samuel Tanaka,ROOM-B,UNLOCK
2026-06-07T19:51:00Z,B1024,Samuel Tanaka,ROOM-A,UNLOCK
2026-06-07T19:51:00Z,B1024,Samuel Tanaka,ROOM-F,UNLOCK
2026-06-07T19:56:00Z,B1024,Samuel Tanaka,ROOM-A,UNLOCK
2026-06-07T19:56:00Z,B1024,Samuel Tanaka,ROOM-F,UNLOCK
2026-06-07T21:47:00Z,B1009,Hana Tanaka,MAIN-ENTRANCE,IN
2026-06-07T21:47:00Z,B1028,Maya Mensah,MAIN-ENTRANCE,IN
2026-06-07T22:04:00Z,B1024,Samuel Tanaka,MAIN-ENTRANCE,OUT
2026-06-08T00:30:00Z,B1009,Hana Tanaka,ROOM-B,UNLOCK
2026-06-08T01:13:00Z,B1009,Hana Tanaka,ROOM-A,UNLOCK
2026-06-08T05:42:00Z,B1036,Priya Dubois,MAIN-ENTRANCE,IN
2026-06-08T05:54:00Z,B1017,Sofia Larsen,MAIN-ENTRANCE,IN
2026-06-08T05:57:00Z,B1002,Priya Novak,MAIN-ENTRANCE,IN
2026-06-08T05:57:00Z,B1028,Maya Mensah,MAIN-ENTRANCE,OUT
2026-06-08T06:06:00Z,B1009,Hana Tanaka,MAIN-ENTRANCE,OUT
2026-06-08T07:25:00Z,B1017,Sofia Larsen,ROOM-F,UNLOCK
2026-06-08T07:26:00Z,B1017,Sofia Larsen,ROOM-B,UNLOCK
2026-06-08T07:26:00Z,B1017,Sofia Larsen,ROOM-D,UNLOCK
2026-06-08T07:28:00Z,B1017,Sofia Larsen,ROOM-A,UNLOCK
2026-06-08T07:28:00Z,B1017,Sofia Larsen,ROOM-F,UNLOCK
2026-06-08T07:29:00Z,B1017,Sofia Larsen,ROOM-C,UNLOCK
2026-06-08T07:29:00Z,B1017,Sofia Larsen,ROOM-D,UNLOCK
2026-06-08T07:30:00Z,B1017,Sofia Larsen,ROOM-A,UNLOCK
2026-06-08T07:31:00Z,B1017,Sofia Larsen,ROOM-A,UNLOCK
2026-06-08T07:34:00Z,B1017,Sofia Larsen,ROOM-A,UNLOCK
2026-06-08T07:34:00Z,B1017,Sofia Larsen,ROOM-B,UNLOCK
2026-06-08T07:35:00Z,B1017,Sofia Larsen,ROOM-D,UNLOCK
2026-06-08T08:44:00Z,B1002,Priya Novak,ROOM-A,UNLOCK
2026-06-08T08:53:00Z,B1002,Priya Novak,ROOM-C,UNLOCK
2026-06-08T08:56:00Z,B1036,Priya Dubois,ROOM-C,UNLOCK
2026-06-08T08:59:00Z,B1002,Priya Novak,ROOM-D,UNLOCK
2026-06-08T09:02:00Z,B1017,Sofia Larsen,ROOM-B,UNLOCK
2026-06-08T09:02:00Z,B1017,Sofia Larsen,ROOM-B,UNLOCK
2026-06-08T09:02:00Z,B1017,Sofia Larsen,ROOM-E,UNLOCK
2026-06-08T09:05:00Z,B1002,Priya Novak,ROOM-E,UNLOCK
2026-06-08T09:08:00Z,B1017,Sofia Larsen,ROOM-B,UNLOCK
2026-06-08T09:08:00Z,B1017,Sofia Larsen,ROOM-D,UNLOCK
2026-06-08T09:08:00Z,B1017,Sofia Larsen,ROOM-E,UNLOCK
2026-06-08T09:09:00Z,B1036,Priya Dubois,ROOM-E,UNLOCK
2026-06-08T09:18:00Z,B1036,Priya Dubois,ROOM-A,UNLOCK
2026-06-08T10:19:00Z,B1017,Sofia Larsen,ROOM-B,UNLOCK
2026-06-08T10:19:00Z,B1017,Sofia Larsen,ROOM-C,UNLOCK
2026-06-08T10:20:00Z,B1017,Sofia Larsen,ROOM-F,UNLOCK
2026-06-08T10:21:00Z,B1017,Sofia Larsen,ROOM-B,UNLOCK
2026-06-08T10:22:00Z,B1017,Sofia Larsen,ROOM-E,UNLOCK
2026-06-08T10:25:00Z,B1017,Sofia Larsen,ROOM-D,UNLOCK
2026-06-08T10:26:00Z,B1017,Sofia Larsen,ROOM-C,UNLOCK
2026-06-08T10:27:00Z,B1017,Sofia Larsen,ROOM-B,UNLOCK
2026-06-08T10:27:00Z,B1017,Sofia Larsen,ROOM-E,UNLOCK
2026-06-08T10:28:00Z,B1017,Sofia Larsen,ROOM-B,UNLOCK
2026-06-08T11:18:00Z,B1017,Sofia Larsen,ROOM-D,UNLOCK
2026-06-08T11:18:00Z,B1017,Sofia Larsen,ROOM-F,UNLOCK
2026-06-08T11:19:00Z,B1017,Sofia Larsen,ROOM-E,UNLOCK
2026-06-08T11:22:00Z,B1017,Sofia Larsen,ROOM-D,UNLOCK
2026-06-08T11:23:00Z,B1017,Sofia Larsen,ROOM-B,UNLOCK
2026-06-08T11:23:00Z,B1017,Sofia Larsen,ROOM-E,UNLOCK
2026-06-08T11:23:00Z,B1017,Sofia Larsen,ROOM-E,UNLOCK
2026-06-08T11:24:00Z,B1017,Sofia Larsen,ROOM-B,UNLOCK
2026-06-08T11:24:00Z,B1017,Sofia Larsen,ROOM-C,UNLOCK
2026-06-08T11:25:00Z,B1017,Sofia Larsen,ROOM-D,UNLOCK
2026-06-08T11:25:00Z,B1017,Sofia Larsen,ROOM-E,UNLOCK
2026-06-08T11:29:00Z,B1017,Sofia Larsen,ROOM-C,UNLOCK
2026-06-08T11:29:00Z,B1017,Sofia Larsen,ROOM-C,UNLOCK
2026-06-08T11:29:00Z,B1017,Sofia Larsen,ROOM-C,UNLOCK
2026-06-08T11:30:00Z,B1017,Sofia Larsen,ROOM-F,UNLOCK
2026-06-08T11:31:00Z,B1017,Sofia Larsen,ROOM-E,UNLOCK
2026-06-08T12:50:00Z,B1017,Sofia Larsen,ROOM-A,UNLOCK
2026-06-08T12:50:00Z,B1017,Sofia Larsen,ROOM-A,UNLOCK
2026-06-08T12:50:00Z,B1017,Sofia Larsen,ROOM-E,UNLOCK
2026-06-08T12:51:00Z,B1017,Sofia Larsen,ROOM-F,UNLOCK
2026-06-08T12:52:00Z,B1017,Sofia Larsen,ROOM-A,UNLOCK
2026-06-08T12:55:00Z,B1017,Sofia Larsen,ROOM-A,UNLOCK
2026-06-08T12:56:00Z,B1017,Sofia Larsen,ROOM-C,UNLOCK
2026-06-08T12:57:00Z,B1017,Sofia Larsen,ROOM-A,UNLOCK
2026-06-08T12:57:00Z,B1017,Sofia Larsen,ROOM-C,UNLOCK
2026-06-08T12:57:00Z,B1017,Sofia Larsen,ROOM-D,UNLOCK
2026-06-08T13:16:00Z,B1036,Priya Dubois,ROOM-D,UNLOCK
2026-06-08T13:51:00Z,B1024,Samuel Tanaka,MAIN-ENTRANCE,IN
2026-06-08T13:51:00Z,B1044,Felix Okafor,MAIN-ENTRANCE,IN (VISITOR)
2026-06-08T13:53:00Z,B1002,Priya Novak,MAIN-ENTRANCE,OUT
2026-06-08T13:58:00Z,B1036,Priya Dubois,MAIN-ENTRANCE,OUT
2026-06-08T14:18:00Z,B1017,Sofia Larsen,MAIN-ENTRANCE,OUT
2026-06-08T14:34:00Z,B1044,Felix Okafor,ROOM-E,UNLOCK
2026-06-08T15:27:00Z,B1044,Felix Okafor,ROOM-C,UNLOCK
2026-06-08T17:24:00Z,B1044,Felix Okafor,MAIN-ENTRANCE,OUT (VISITOR)
2026-06-08T17:50:00Z,B1024,Samuel Tanaka,ROOM-E,UNLOCK
2026-06-08T17:51:00Z,B1024,Samuel Tanaka,ROOM-A,UNLOCK
2026-06-08T17:51:00Z,B1024,Samuel Tanaka,ROOM-D,UNLOCK
2026-06-08T17:55:00Z,B1024,Samuel Tanaka,ROOM-B,UNLOCK
2026-06-08T17:56:00Z,B1024,Samuel Tanaka,ROOM-A,UNLOCK
2026-06-08T17:56:00Z,B1024,Samuel Tanaka,ROOM-D,UNLOCK
2026-06-08T20:25:00Z,B1024,Samuel Tanaka,ROOM-A,UNLOCK
2026-06-08T20:26:00Z,B1024,Samuel Tanaka,ROOM-F,UNLOCK
2026-06-08T20:27:00Z,B1024,Samuel Tanaka,ROOM-D,UNLOCK
2026-06-08T20:27:00Z,B1024,Samuel Tanaka,ROOM-E,UNLOCK
2026-06-08T20:29:00Z,B1024,Samuel Tanaka,ROOM-E,UNLOCK
2026-06-08T20:30:00Z,B1024,Samuel Tanaka,ROOM-B,UNLOCK
2026-06-08T20:32:00Z,B1024,Samuel Tanaka,ROOM-A,UNLOCK
2026-06-08T20:32:00Z,B1024,Samuel Tanaka,ROOM-F,UNLOCK
2026-06-08T21:44:00Z,B1009,Hana Tanaka,MAIN-ENTRANCE,IN
2026-06-08T21:51:00Z,B1028,Maya Mensah,MAIN-ENTRANCE,IN
2026-06-08T21:55:00Z,B1024,Samuel Tanaka,MAIN-ENTRANCE,OUT
2026-06-09T02:28:00Z,B1009,Hana Tanaka,ROOM-B,UNLOCK
2026-06-09T03:27:00Z,B1009,Hana Tanaka,ROOM-A,UNLOCK
2026-06-09T05:44:00Z,B1009,Hana Tanaka,MAIN-ENTRANCE,OUT
2026-06-09T05:48:00Z,B1002,Priya Novak,MAIN-ENTRANCE,IN
2026-06-09T05:48:00Z,B1036,Priya Dubois,MAIN-ENTRANCE,IN
2026-06-09T05:49:00Z,B1017,Sofia Larsen,MAIN-ENTRANCE,IN
2026-06-09T06:02:00Z,B1028,Maya Mensah,MAIN-ENTRANCE,OUT
2026-06-09T07:35:00Z,B1036,Priya Dubois,ROOM-D,UNLOCK
2026-06-09T08:15:00Z,B1017,Sofia Larsen,ROOM-D,UNLOCK
2026-06-09T08:15:00Z,B1017,Sofia Larsen,ROOM-E,UNLOCK
2026-06-09T08:20:00Z,B1017,Sofia Larsen,ROOM-D,UNLOCK
2026-06-09T08:21:00Z,B1017,Sofia Larsen,ROOM-F,UNLOCK
2026-06-09T08:37:00Z,B1017,Sofia Larsen,ROOM-F,UNLOCK
2026-06-09T08:38:00Z,B1017,Sofia Larsen,ROOM-B,UNLOCK
2026-06-09T08:38:00Z,B1017,Sofia Larsen,ROOM-E,UNLOCK
2026-06-09T08:39:00Z,B1017,Sofia Larsen,ROOM-F,UNLOCK
2026-06-09T08:42:00Z,B1017,Sofia Larsen,ROOM-B,UNLOCK
2026-06-09T08:43:00Z,B1017,Sofia Larsen,ROOM-A,UNLOCK
2026-06-09T08:44:00Z,B1017,Sofia Larsen,ROOM-B,UNLOCK
2026-06-09T08:46:00Z,B1017,Sofia Larsen,ROOM-B,UNLOCK
2026-06-09T09:55:00Z,B1017,Sofia Larsen,ROOM-A,UNLOCK
2026-06-09T09:55:00Z,B1017,Sofia Larsen,ROOM-A,UNLOCK
2026-06-09T09:55:00Z,B1017,Sofia Larsen,ROOM-B,UNLOCK
2026-06-09T09:55:00Z,B1017,Sofia Larsen,ROOM-F,UNLOCK
2026-06-09T09:58:00Z,B1017,Sofia Larsen,ROOM-D,UNLOCK
2026-06-09T09:58:00Z,B1017,Sofia Larsen,ROOM-F,UNLOCK
2026-06-09T10:00:00Z,B1017,Sofia Larsen,ROOM-E,UNLOCK
2026-06-09T10:00:00Z,B1017,Sofia Larsen,ROOM-F,UNLOCK
2026-06-09T11:32:00Z,B1036,Priya Dubois,ROOM-C,UNLOCK
2026-06-09T11:41:00Z,B1036,Priya Dubois,ROOM-A,UNLOCK
2026-06-09T11:43:00Z,B1002,Priya Novak,ROOM-A,UNLOCK
2026-06-09T11:48:00Z,B1036,Priya Dubois,ROOM-E,UNLOCK
2026-06-09T11:52:00Z,B1036,Priya Dubois,ROOM-D,UNLOCK
2026-06-09T11:54:00Z,B1002,Priya Novak,ROOM-C,UNLOCK
2026-06-09T11:59:00Z,B1002,Priya Novak,ROOM-D,UNLOCK
2026-06-09T12:06:00Z,B1002,Priya Novak,ROOM-E,UNLOCK
2026-06-09T13:44:00Z,B1017,Sofia Larsen,MAIN-ENTRANCE,OUT
2026-06-09T13:50:00Z,B1036,Priya Dubois,MAIN-ENTRANCE,OUT
2026-06-09T13:57:00Z,B1024,Samuel Tanaka,MAIN-ENTRANCE,IN
2026-06-09T14:12:00Z,B1002,Priya Novak,MAIN-ENTRANCE,OUT
2026-06-09T14:35:00Z,B1036,Priya Dubois,ROOM-B,UNLOCK
2026-06-09T14:51:00Z,B1024,Samuel Tanaka,ROOM-B,UNLOCK
2026-06-09T14:51:00Z,B1024,Samuel Tanaka,ROOM-B,UNLOCK
2026-06-09T14:52:00Z,B1024,Samuel Tanaka,ROOM-F,UNLOCK
2026-06-09T14:53:00Z,B1024,Samuel Tanaka,ROOM-C,UNLOCK
2026-06-09T14:54:00Z,B1024,Samuel Tanaka,ROOM-B,UNLOCK
2026-06-09T14:54:00Z,B1024,Samuel Tanaka,ROOM-F,UNLOCK
2026-06-09T14:57:00Z,B1024,Samuel Tanaka,ROOM-C,UNLOCK
2026-06-09T14:57:00Z,B1024,Samuel Tanaka,ROOM-D,UNLOCK
2026-06-09T14:58:00Z,B1024,Samuel Tanaka,ROOM-B,UNLOCK
2026-06-09T14:59:00Z,B1024,Samuel Tanaka,ROOM-C,UNLOCK
2026-06-09T15:41:00Z,B1024,Samuel Tanaka,ROOM-A,UNLOCK
2026-06-09T15:41:00Z,B1024,Samuel Tanaka,ROOM-D,UNLOCK
2026-06-09T15:41:00Z,B1024,Samuel Tanaka,ROOM-E,UNLOCK
2026-06-09T15:47:00Z,B1024,Samuel Tanaka,ROOM-F,UNLOCK
2026-06-09T15:47:00Z,B1024,Samuel Tanaka,ROOM-F,UNLOCK
2026-06-09T15:48:00Z,B1024,Samuel Tanaka,ROOM-E,UNLOCK
2026-06-09T15:49:00Z,B1024,Samuel Tanaka,ROOM-D,UNLOCK
2026-06-09T15:49:00Z,B1024,Samuel Tanaka,ROOM-E,UNLOCK
2026-06-09T15:50:00Z,B1024,Samuel Tanaka,ROOM-A,UNLOCK
2026-06-09T15:54:00Z,B1024,Samuel Tanaka,ROOM-B,UNLOCK
2026-06-09T15:55:00Z,B1024,Samuel Tanaka,ROOM-E,UNLOCK
2026-06-09T15:56:00Z,B1024,Samuel Tanaka,ROOM-B,UNLOCK
2026-06-09T16:02:00Z,B1024,Samuel Tanaka,ROOM-A,UNLOCK
2026-06-09T16:02:00Z,B1024,Samuel Tanaka,ROOM-B,UNLOCK
2026-06-09T16:02:00Z,B1024,Samuel Tanaka,ROOM-B,UNLOCK
2026-06-09T16:03:00Z,B1024,Samuel Tanaka,ROOM-E,UNLOCK
2026-06-09T16:04:00Z,B1024,Samuel Tanaka,ROOM-D,UNLOCK
2026-06-09T16:06:00Z,B1024,Samuel Tanaka,ROOM-B,UNLOCK
2026-06-09T16:08:00Z,B1024,Samuel Tanaka,ROOM-D,UNLOCK
2026-06-09T16:08:00Z,B1024,Samuel Tanaka,ROOM-F,UNLOCK
2026-06-09T16:09:00Z,B1024,Samuel Tanaka,ROOM-A,UNLOCK
2026-06-09T16:09:00Z,B1024,Samuel Tanaka,ROOM-E,UNLOCK
2026-06-09T21:51:00Z,B1009,Hana Tanaka,MAIN-ENTRANCE,IN
2026-06-09T21:54:00Z,B1028,Maya Mensah,MAIN-ENTRANCE,IN
2026-06-09T22:13:00Z,B1024,Samuel Tanaka,MAIN-ENTRANCE,OUT
2026-06-09T23:22:00Z,B1009,Hana Tanaka,ROOM-E,UNLOCK
2026-06-10T01:54:00Z,B1009,Hana Tanaka,ROOM-A,UNLOCK
2026-06-10T05:43:00Z,B1036,Priya Dubois,MAIN-ENTRANCE,IN
2026-06-10T05:50:00Z,B1009,Hana Tanaka,MAIN-ENTRANCE,OUT
2026-06-10T05:56:00Z,B1002,Priya Novak,MAIN-ENTRANCE,IN
2026-06-10T05:57:00Z,B1017,Sofia Larsen,MAIN-ENTRANCE,IN
2026-06-10T06:09:00Z,B1028,Maya Mensah,MAIN-ENTRANCE,OUT
2026-06-10T07:56:00Z,B1002,Priya Novak,ROOM-A,UNLOCK
2026-06-10T08:01:00Z,B1036,Priya Dubois,ROOM-A,UNLOCK
2026-06-10T08:09:00Z,B1002,Priya Novak,ROOM-C,UNLOCK
2026-06-10T08:14:00Z,B1002,Priya Novak,ROOM-D,UNLOCK
2026-06-10T08:15:00Z,B1036,Priya Dubois,ROOM-C,UNLOCK
2026-06-10T08:20:00Z,B1036,Priya Dubois,ROOM-E,UNLOCK
2026-06-10T08:23:00Z,B1002,Priya Novak,ROOM-E,UNLOCK
2026-06-10T09:19:00Z,B1036,Priya Dubois,ROOM-D,UNLOCK
2026-06-10T09:27:00Z,B1017,Sofia Larsen,ROOM-A,UNLOCK
2026-06-10T09:27:00Z,B1017,Sofia Larsen,ROOM-B,UNLOCK
2026-06-10T09:27:00Z,B1017,Sofia Larsen,ROOM-F,UNLOCK
2026-06-10T09:28:00Z,B1017,Sofia Larsen,ROOM-D,UNLOCK
2026-06-10T09:31:00Z,B1017,Sofia Larsen,ROOM-B,UNLOCK
2026-06-10T09:32:00Z,B1017,Sofia Larsen,ROOM-A,UNLOCK
2026-06-10T09:33:00Z,B1017,Sofia Larsen,ROOM-C,UNLOCK
2026-06-10T09:34:00Z,B1017,Sofia Larsen,ROOM-D,UNLOCK
2026-06-10T11:28:00Z,B1017,Sofia Larsen,ROOM-A,UNLOCK
2026-06-10T11:28:00Z,B1017,Sofia Larsen,ROOM-F,UNLOCK
2026-06-10T11:29:00Z,B1017,Sofia Larsen,ROOM-A,UNLOCK
2026-06-10T11:29:00Z,B1017,Sofia Larsen,ROOM-B,UNLOCK
2026-06-10T11:29:00Z,B1017,Sofia Larsen,ROOM-C,UNLOCK
2026-06-10T11:32:00Z,B1017,Sofia Larsen,ROOM-A,UNLOCK
2026-06-10T11:33:00Z,B1017,Sofia Larsen,ROOM-B,UNLOCK
2026-06-10T11:34:00Z,B1017,Sofia Larsen,ROOM-E,UNLOCK
2026-06-10T11:36:00Z,B1017,Sofia Larsen,ROOM-A,UNLOCK
2026-06-10T11:36:00Z,B1017,Sofia Larsen,ROOM-C,UNLOCK
2026-06-10T12:10:00Z,B1036,Priya Dubois,ROOM-B,UNLOCK
2026-06-10T13:42:00Z,B1024,Samuel Tanaka,MAIN-ENTRANCE,IN
2026-06-10T13:51:00Z,B1036,Priya Dubois,MAIN-ENTRANCE,OUT
2026-06-10T14:07:00Z,B1002,Priya Novak,MAIN-ENTRANCE,OUT
2026-06-10T14:21:00Z,B1017,Sofia Larsen,MAIN-ENTRANCE,OUT
2026-06-10T15:34:00Z,B1036,Priya Dubois,ROOM-D,UNLOCK
2026-06-10T18:28:00Z,B1024,Samuel Tanaka,ROOM-C,UNLOCK
2026-06-10T18:28:00Z,B1024,Samuel Tanaka,ROOM-F,UNLOCK
2026-06-10T18:34:00Z,B1024,Samuel Tanaka,ROOM-B,UNLOCK
2026-06-10T18:35:00Z,B1024,Samuel Tanaka,ROOM-C,UNLOCK
2026-06-10T19:34:00Z,B1024,Samuel Tanaka,ROOM-B,UNLOCK
2026-06-10T19:34:00Z,B1024,Samuel Tanaka,ROOM-F,UNLOCK
2026-06-10T19:35:00Z,B1024,Samuel Tanaka,ROOM-E,UNLOCK
2026-06-10T19:39:00Z,B1024,Samuel Tanaka,ROOM-C,UNLOCK
2026-06-10T19:40:00Z,B1024,Samuel Tanaka,ROOM-E,UNLOCK
2026-06-10T19:41:00Z,B1024,Samuel Tanaka,ROOM-B,UNLOCK
2026-06-10T20:24:00Z,B1024,Samuel Tanaka,ROOM-D,UNLOCK
2026-06-10T20:25:00Z,B1024,Samuel Tanaka,ROOM-B,UNLOCK
2026-06-10T20:25:00Z,B1024,Samuel Tanaka,ROOM-C,UNLOCK
2026-06-10T20:26:00Z,B1024,Samuel Tanaka,ROOM-B,UNLOCK
2026-06-10T20:27:00Z,B1024,Samuel Tanaka,ROOM-A,UNLOCK
2026-06-10T20:29:00Z,B1024,Samuel Tanaka,ROOM-B,UNLOCK
2026-06-10T20:31:00Z,B1024,Samuel Tanaka,ROOM-C,UNLOCK
2026-06-10T20:31:00Z,B1024,Samuel Tanaka,ROOM-D,UNLOCK
2026-06-10T20:31:00Z,B1024,Samuel Tanaka,ROOM-E,UNLOCK
2026-06-10T20:32:00Z,B1024,Samuel Tanaka,ROOM-A,UNLOCK
2026-06-10T21:32:00Z,B1024,Samuel Tanaka,MAIN-ENTRANCE,OUT
2026-06-10T21:43:00Z,B1028,Maya Mensah,MAIN-ENTRANCE,IN
2026-06-10T21:58:00Z,B1009,Hana Tanaka,MAIN-ENTRANCE,IN
2026-06-11T02:13:00Z,B1009,Hana Tanaka,ROOM-C,UNLOCK
2026-06-11T03:47:00Z,B1009,Hana Tanaka,ROOM-B,UNLOCK
2026-06-11T05:41:00Z,B1028,Maya Mensah,MAIN-ENTRANCE,OUT
2026-06-11T05:46:00Z,B1036,Priya Dubois,MAIN-ENTRANCE,IN
2026-06-11T05:50:00Z,B1002,Priya Novak,MAIN-ENTRANCE,IN
2026-06-11T05:51:00Z,B1017,Sofia Larsen,MAIN-ENTRANCE,IN
2026-06-11T06:04:00Z,B1009,Hana Tanaka,MAIN-ENTRANCE,OUT
2026-06-11T07:06:00Z,B1002,Priya Novak,ROOM-A,UNLOCK
2026-06-11T07:18:00Z,B1002,Priya Novak,ROOM-C,UNLOCK
2026-06-11T07:30:00Z,B1002,Priya Novak,ROOM-D,UNLOCK
2026-06-11T07:36:00Z,B1002,Priya Novak,ROOM-E,UNLOCK
2026-06-11T08:57:00Z,B1017,Sofia Larsen,ROOM-C,UNLOCK
2026-06-11T08:57:00Z,B1017,Sofia Larsen,ROOM-E,UNLOCK
2026-06-11T08:57:00Z,B1017,Sofia Larsen,ROOM-F,UNLOCK
2026-06-11T09:00:00Z,B1017,Sofia Larsen,ROOM-A,UNLOCK
2026-06-11T09:04:00Z,B1017,Sofia Larsen,ROOM-C,UNLOCK
2026-06-11T09:04:00Z,B1017,Sofia Larsen,ROOM-E,UNLOCK
2026-06-11T09:10:00Z,B1036,Priya Dubois,ROOM-D,UNLOCK
2026-06-11T09:14:00Z,B1036,Priya Dubois,ROOM-D,UNLOCK
2026-06-11T11:03:00Z,B1017,Sofia Larsen,ROOM-A,UNLOCK
2026-06-11T11:03:00Z,B1017,Sofia Larsen,ROOM-F,UNLOCK
2026-06-11T11:08:00Z,B1017,Sofia Larsen,ROOM-E,UNLOCK
2026-06-11T11:09:00Z,B1017,Sofia Larsen,ROOM-C,UNLOCK
2026-06-11T11:38:00Z,B1017,Sofia Larsen,ROOM-A,UNLOCK
2026-06-11T11:38:00Z,B1017,Sofia Larsen,ROOM-C,UNLOCK
2026-06-11T11:38:00Z,B1017,Sofia Larsen,ROOM-E,UNLOCK
2026-06-11T11:38:00Z,B1036,Priya Dubois,ROOM-A,UNLOCK
2026-06-11T11:42:00Z,B1017,Sofia Larsen,ROOM-C,UNLOCK
2026-06-11T11:42:00Z,B1036,Priya Dubois,ROOM-E,UNLOCK
2026-06-11T11:44:00Z,B1017,Sofia Larsen,ROOM-D,UNLOCK
2026-06-11T11:46:00Z,B1017,Sofia Larsen,ROOM-B,UNLOCK
2026-06-11T11:55:00Z,B1036,Priya Dubois,ROOM-C,UNLOCK
2026-06-11T13:37:00Z,B1036,Priya Dubois,MAIN-ENTRANCE,OUT
2026-06-11T13:43:00Z,B1024,Samuel Tanaka,MAIN-ENTRANCE,IN
2026-06-11T13:55:00Z,B1002,Priya Novak,MAIN-ENTRANCE,OUT
2026-06-11T14:12:00Z,B1017,Sofia Larsen,MAIN-ENTRANCE,OUT
2026-06-11T14:18:00Z,B1036,Priya Dubois,ROOM-B,UNLOCK
2026-06-11T14:45:00Z,B1024,Samuel Tanaka,ROOM-A,UNLOCK
2026-06-11T14:45:00Z,B1024,Samuel Tanaka,ROOM-F,UNLOCK
2026-06-11T14:46:00Z,B1024,Samuel Tanaka,ROOM-C,UNLOCK
2026-06-11T14:47:00Z,B1024,Samuel Tanaka,ROOM-F,UNLOCK
2026-06-11T14:47:00Z,B1024,Samuel Tanaka,ROOM-F,UNLOCK
2026-06-11T14:50:00Z,B1024,Samuel Tanaka,ROOM-C,UNLOCK
2026-06-11T14:51:00Z,B1024,Samuel Tanaka,ROOM-A,UNLOCK
2026-06-11T14:51:00Z,B1024,Samuel Tanaka,ROOM-A,UNLOCK
2026-06-11T14:52:00Z,B1024,Samuel Tanaka,ROOM-D,UNLOCK
2026-06-11T14:52:00Z,B1024,Samuel Tanaka,ROOM-F,UNLOCK
2026-06-11T17:21:00Z,B1024,Samuel Tanaka,ROOM-C,UNLOCK
2026-06-11T17:21:00Z,B1024,Samuel Tanaka,ROOM-E,UNLOCK
2026-06-11T17:26:00Z,B1024,Samuel Tanaka,ROOM-B,UNLOCK
2026-06-11T17:26:00Z,B1024,Samuel Tanaka,ROOM-C,UNLOCK
2026-06-11T18:00:00Z,B1024,Samuel Tanaka,ROOM-C,UNLOCK
2026-06-11T18:00:00Z,B1024,Samuel Tanaka,ROOM-F,UNLOCK
2026-06-11T18:04:00Z,B1024,Samuel Tanaka,ROOM-A,UNLOCK
2026-06-11T18:06:00Z,B1024,Samuel Tanaka,ROOM-C,UNLOCK
2026-06-11T21:38:00Z,B1024,Samuel Tanaka,MAIN-ENTRANCE,OUT
2026-06-11T21:48:00Z,B1028,Maya Mensah,MAIN-ENTRANCE,IN
2026-06-11T21:56:00Z,B1009,Hana Tanaka,MAIN-ENTRANCE,IN
2026-06-12T02:14:00Z,B1009,Hana Tanaka,ROOM-B,UNLOCK
2026-06-12T02:19:00Z,B1009,Hana Tanaka,ROOM-C,UNLOCK
2026-06-12T05:41:00Z,B1017,Sofia Larsen,MAIN-ENTRANCE,IN
2026-06-12T05:43:00Z,B1002,Priya Novak,MAIN-ENTRANCE,IN
2026-06-12T05:44:00Z,B1036,Priya Dubois,MAIN-ENTRANCE,IN
2026-06-12T06:10:00Z,B1028,Maya Mensah,MAIN-ENTRANCE,OUT
2026-06-12T06:14:00Z,B1009,Hana Tanaka,MAIN-ENTRANCE,OUT
2026-06-12T07:32:00Z,B1036,Priya Dubois,ROOM-E,UNLOCK
2026-06-12T07:38:00Z,B1036,Priya Dubois,ROOM-A,UNLOCK
2026-06-12T07:42:00Z,B1017,Sofia Larsen,ROOM-D,UNLOCK
2026-06-12T07:42:00Z,B1017,Sofia Larsen,ROOM-E,UNLOCK
2026-06-12T07:42:00Z,B1017,Sofia Larsen,ROOM-E,UNLOCK
2026-06-12T07:46:00Z,B1017,Sofia Larsen,ROOM-B,UNLOCK
2026-06-12T07:48:00Z,B1017,Sofia Larsen,ROOM-B,UNLOCK
2026-06-12T07:48:00Z,B1017,Sofia Larsen,ROOM-F,UNLOCK
2026-06-12T07:49:00Z,B1036,Priya Dubois,ROOM-D,UNLOCK
2026-06-12T07:53:00Z,B1017,Sofia Larsen,ROOM-B,UNLOCK
2026-06-12T07:53:00Z,B1017,Sofia Larsen,ROOM-D,UNLOCK
2026-06-12T07:54:00Z,B1017,Sofia Larsen,ROOM-A,UNLOCK
2026-06-12T07:54:00Z,B1017,Sofia Larsen,ROOM-B,UNLOCK
2026-06-12T07:54:00Z,B1017,Sofia Larsen,ROOM-F,UNLOCK
2026-06-12T07:56:00Z,B1017,Sofia Larsen,ROOM-A,UNLOCK
2026-06-12T07:56:00Z,B1017,Sofia Larsen,ROOM-F,UNLOCK
2026-06-12T07:58:00Z,B1017,Sofia Larsen,ROOM-C,UNLOCK
2026-06-12T07:59:00Z,B1017,Sofia Larsen,ROOM-A,UNLOCK
2026-06-12T07:59:00Z,B1017,Sofia Larsen,ROOM-D,UNLOCK
2026-06-12T07:59:00Z,B1017,Sofia Larsen,ROOM-E,UNLOCK
2026-06-12T08:01:00Z,B1017,Sofia Larsen,ROOM-E,UNLOCK
2026-06-12T08:07:00Z,B1017,Sofia Larsen,ROOM-A,UNLOCK
2026-06-12T08:07:00Z,B1017,Sofia Larsen,ROOM-E,UNLOCK
2026-06-12T08:08:00Z,B1017,Sofia Larsen,ROOM-F,UNLOCK
2026-06-12T08:12:00Z,B1017,Sofia Larsen,ROOM-D,UNLOCK
2026-06-12T08:13:00Z,B1017,Sofia Larsen,ROOM-B,UNLOCK
2026-06-12T08:14:00Z,B1017,Sofia Larsen,ROOM-F,UNLOCK
2026-06-12T09:48:00Z,B1002,Priya Novak,ROOM-A,UNLOCK
2026-06-12T09:52:00Z,B1002,Priya Novak,ROOM-C,UNLOCK
2026-06-12T10:05:00Z,B1002,Priya Novak,ROOM-D,UNLOCK
2026-06-12T10:13:00Z,B1002,Priya Novak,ROOM-E,UNLOCK
2026-06-12T11:45:00Z,B1036,Priya Dubois,ROOM-B,UNLOCK
2026-06-12T12:17:00Z,B1017,Sofia Larsen,ROOM-A,UNLOCK
2026-06-12T12:17:00Z,B1017,Sofia Larsen,ROOM-A,UNLOCK
2026-06-12T12:18:00Z,B1017,Sofia Larsen,ROOM-F,UNLOCK
2026-06-12T12:18:00Z,B1017,Sofia Larsen,ROOM-F,UNLOCK
2026-06-12T12:20:00Z,B1017,Sofia Larsen,ROOM-B,UNLOCK
2026-06-12T12:22:00Z,B1017,Sofia Larsen,ROOM-E,UNLOCK
2026-06-12T12:23:00Z,B1017,Sofia Larsen,ROOM-F,UNLOCK
2026-06-12T12:24:00Z,B1017,Sofia Larsen,ROOM-A,UNLOCK
2026-06-12T13:34:00Z,B1017,Sofia Larsen,MAIN-ENTRANCE,OUT
2026-06-12T13:43:00Z,B1024,Samuel Tanaka,MAIN-ENTRANCE,IN
2026-06-12T13:52:00Z,B1036,Priya Dubois,MAIN-ENTRANCE,OUT
2026-06-12T14:00:00Z,B1002,Priya Novak,MAIN-ENTRANCE,OUT
2026-06-12T14:44:00Z,B1024,Samuel Tanaka,ROOM-C,UNLOCK
2026-06-12T14:44:00Z,B1024,Samuel Tanaka,ROOM-C,UNLOCK
2026-06-12T14:45:00Z,B1024,Samuel Tanaka,ROOM-A,UNLOCK
2026-06-12T14:45:00Z,B1024,Samuel Tanaka,ROOM-E,UNLOCK
2026-06-12T14:49:00Z,B1024,Samuel Tanaka,ROOM-B,UNLOCK
2026-06-12T14:50:00Z,B1024,Samuel Tanaka,ROOM-B,UNLOCK
2026-06-12T14:52:00Z,B1024,Samuel Tanaka,ROOM-B,UNLOCK
2026-06-12T14:52:00Z,B1024,Samuel Tanaka,ROOM-E,UNLOCK
2026-06-12T18:00:00Z,B1024,Samuel Tanaka,ROOM-A,UNLOCK
2026-06-12T18:00:00Z,B1024,Samuel Tanaka,ROOM-B,UNLOCK
2026-06-12T18:01:00Z,B1024,Samuel Tanaka,ROOM-F,UNLOCK
2026-06-12T18:02:00Z,B1024,Samuel Tanaka,ROOM-D,UNLOCK
2026-06-12T18:03:00Z,B1024,Samuel Tanaka,ROOM-D,UNLOCK
2026-06-12T18:04:00Z,B1024,Samuel Tanaka,ROOM-C,UNLOCK
2026-06-12T18:04:00Z,B1024,Samuel Tanaka,ROOM-D,UNLOCK
2026-06-12T18:06:00Z,B1024,Samuel Tanaka,ROOM-D,UNLOCK
2026-06-12T18:07:00Z,B1024,Samuel Tanaka,ROOM-F,UNLOCK
2026-06-12T18:08:00Z,B1024,Samuel Tanaka,ROOM-F,UNLOCK
2026-06-12T18:09:00Z,B1024,Samuel Tanaka,ROOM-B,UNLOCK
2026-06-12T18:10:00Z,B1024,Samuel Tanaka,ROOM-C,UNLOCK
2026-06-12T20:21:00Z,B1024,Samuel Tanaka,ROOM-F,UNLOCK
2026-06-12T20:22:00Z,B1024,Samuel Tanaka,ROOM-E,UNLOCK
2026-06-12T20:23:00Z,B1024,Samuel Tanaka,ROOM-B,UNLOCK
2026-06-12T20:23:00Z,B1024,Samuel Tanaka,ROOM-F,UNLOCK
2026-06-12T20:24:00Z,B1024,Samuel Tanaka,ROOM-E,UNLOCK
2026-06-12T20:25:00Z,B1024,Samuel Tanaka,ROOM-F,UNLOCK
2026-06-12T20:28:00Z,B1024,Samuel Tanaka,ROOM-B,UNLOCK
2026-06-12T20:29:00Z,B1024,Samuel Tanaka,ROOM-C,UNLOCK
2026-06-12T20:29:00Z,B1024,Samuel Tanaka,ROOM-E,UNLOCK
2026-06-12T20:30:00Z,B1024,Samuel Tanaka,ROOM-C,UNLOCK
2026-06-12T20:31:00Z,B1024,Samuel Tanaka,ROOM-D,UNLOCK
2026-06-12T20:31:00Z,B1024,Samuel Tanaka,ROOM-F,UNLOCK
2026-06-12T21:14:00Z,B1024,Samuel Tanaka,ROOM-D,UNLOCK
2026-06-12T21:15:00Z,B1024,Samuel Tanaka,ROOM-D,UNLOCK
2026-06-12T21:15:00Z,B1024,Samuel Tanaka,ROOM-F,UNLOCK
2026-06-12T21:16:00Z,B1024,Samuel Tanaka,ROOM-A,UNLOCK
2026-06-12T21:16:00Z,B1024,Samuel Tanaka,ROOM-C,UNLOCK
2026-06-12T21:19:00Z,B1024,Samuel Tanaka,ROOM-F,UNLOCK
2026-06-12T21:21:00Z,B1024,Samuel Tanaka,ROOM-D,UNLOCK
2026-06-12T21:22:00Z,B1024,Samuel Tanaka,ROOM-B,UNLOCK
2026-06-12T21:22:00Z,B1024,Samuel Tanaka,ROOM-B,UNLOCK
2026-06-12T21:22:00Z,B1024,Samuel Tanaka,ROOM-F,UNLOCK
2026-06-12T21:36:00Z,B1024,Samuel Tanaka,MAIN-ENTRANCE,OUT
2026-06-12T21:43:00Z,B1028,Maya Mensah,MAIN-ENTRANCE,IN
2026-06-12T21:51:00Z,B1009,Hana Tanaka,MAIN-ENTRANCE,IN
2026-06-13T02:46:00Z,B1009,Hana Tanaka,ROOM-A,UNLOCK
2026-06-13T03:10:00Z,B1009,Hana Tanaka,ROOM-F,UNLOCK
2026-06-13T05:40:00Z,B1028,Maya Mensah,MAIN-ENTRANCE,OUT
2026-06-13T05:54:00Z,B1017,Sofia Larsen,MAIN-ENTRANCE,IN
2026-06-13T06:04:00Z,B1009,Hana Tanaka,MAIN-ENTRANCE,OUT
2026-06-13T09:40:00Z,B1017,Sofia Larsen,ROOM-A,UNLOCK
2026-06-13T09:40:00Z,B1017,Sofia Larsen,ROOM-A,UNLOCK
2026-06-13T09:45:00Z,B1017,Sofia Larsen,ROOM-B,UNLOCK
2026-06-13T09:48:00Z,B1017,Sofia Larsen,ROOM-B,UNLOCK
2026-06-13T11:42:00Z,B1036,Priya Dubois,ROOM-D,UNLOCK
2026-06-13T11:53:00Z,B1017,Sofia Larsen,ROOM-A,UNLOCK
2026-06-13T11:53:00Z,B1017,Sofia Larsen,ROOM-D,UNLOCK
2026-06-13T11:53:00Z,B1017,Sofia Larsen,ROOM-E,UNLOCK
2026-06-13T11:54:00Z,B1017,Sofia Larsen,ROOM-E,UNLOCK
2026-06-13T11:57:00Z,B1017,Sofia Larsen,ROOM-D,UNLOCK
2026-06-13T11:58:00Z,B1017,Sofia Larsen,ROOM-A,UNLOCK
2026-06-13T11:59:00Z,B1017,Sofia Larsen,ROOM-A,UNLOCK
2026-06-13T12:01:00Z,B1017,Sofia Larsen,ROOM-C,UNLOCK
2026-06-13T13:47:00Z,B1024,Samuel Tanaka,MAIN-ENTRANCE,IN
2026-06-13T14:05:00Z,B1017,Sofia Larsen,MAIN-ENTRANCE,OUT
2026-06-13T15:33:00Z,B1036,Priya Dubois,ROOM-B,UNLOCK
2026-06-13T18:59:00Z,B1024,Samuel Tanaka,ROOM-A,UNLOCK
2026-06-13T18:59:00Z,B1024,Samuel Tanaka,ROOM-C,UNLOCK
2026-06-13T18:59:00Z,B1024,Samuel Tanaka,ROOM-D,UNLOCK
2026-06-13T19:00:00Z,B1024,Samuel Tanaka,ROOM-B,UNLOCK
2026-06-13T19:03:00Z,B1024,Samuel Tanaka,ROOM-A,UNLOCK
2026-06-13T19:05:00Z,B1024,Samuel Tanaka,ROOM-B,UNLOCK
2026-06-13T19:06:00Z,B1024,Samuel Tanaka,ROOM-E,UNLOCK
2026-06-13T19:07:00Z,B1024,Samuel Tanaka,ROOM-A,UNLOCK
2026-06-13T21:42:00Z,B1009,Hana Tanaka,MAIN-ENTRANCE,IN
2026-06-13T21:58:00Z,B1028,Maya Mensah,MAIN-ENTRANCE,IN
2026-06-13T22:10:00Z,B1024,Samuel Tanaka,MAIN-ENTRANCE,OUT
2026-06-14T02:54:00Z,B1009,Hana Tanaka,ROOM-C,UNLOCK
2026-06-14T03:27:00Z,B1009,Hana Tanaka,ROOM-F,UNLOCK
2026-06-14T05:52:00Z,B1017,Sofia Larsen,MAIN-ENTRANCE,IN
2026-06-14T05:55:00Z,B1002,Priya Novak,MAIN-ENTRANCE,IN
2026-06-14T05:55:00Z,B1009,Hana Tanaka,MAIN-ENTRANCE,OUT
2026-06-14T06:02:00Z,B1028,Maya Mensah,MAIN-ENTRANCE,OUT
2026-06-14T08:37:00Z,B1017,Sofia Larsen,ROOM-D,UNLOCK
2026-06-14T08:38:00Z,B1017,Sofia Larsen,ROOM-C,UNLOCK
2026-06-14T08:38:00Z,B1017,Sofia Larsen,ROOM-F,UNLOCK
2026-06-14T08:42:00Z,B1017,Sofia Larsen,ROOM-F,UNLOCK
2026-06-14T08:45:00Z,B1017,Sofia Larsen,ROOM-D,UNLOCK
2026-06-14T08:46:00Z,B1017,Sofia Larsen,ROOM-A,UNLOCK
2026-06-14T10:45:00Z,B1017,Sofia Larsen,ROOM-C,UNLOCK
2026-06-14T10:45:00Z,B1017,Sofia Larsen,ROOM-D,UNLOCK
2026-06-14T10:46:00Z,B1017,Sofia Larsen,ROOM-E,UNLOCK
2026-06-14T10:50:00Z,B1017,Sofia Larsen,ROOM-A,UNLOCK
2026-06-14T10:50:00Z,B1017,Sofia Larsen,ROOM-E,UNLOCK
2026-06-14T10:52:00Z,B1017,Sofia Larsen,ROOM-B,UNLOCK
2026-06-14T13:46:00Z,B1024,Samuel Tanaka,MAIN-ENTRANCE,IN
2026-06-14T13:50:00Z,B1002,Priya Novak,MAIN-ENTRANCE,OUT
2026-06-14T14:04:00Z,B1017,Sofia Larsen,MAIN-ENTRANCE,OUT
2026-06-14T15:27:00Z,B1024,Samuel Tanaka,ROOM-C,UNLOCK
2026-06-14T15:27:00Z,B1024,Samuel Tanaka,ROOM-D,UNLOCK
2026-06-14T15:27:00Z,B1024,Samuel Tanaka,ROOM-E,UNLOCK
2026-06-14T15:31:00Z,B1024,Samuel Tanaka,ROOM-B,UNLOCK
2026-06-14T15:32:00Z,B1024,Samuel Tanaka,ROOM-B,UNLOCK
2026-06-14T15:34:00Z,B1024,Samuel Tanaka,ROOM-B,UNLOCK
2026-06-14T21:44:00Z,B1009,Hana Tanaka,MAIN-ENTRANCE,IN
2026-06-14T21:58:00Z,B1028,Maya Mensah,MAIN-ENTRANCE,IN
2026-06-14T22:09:00Z,B1024,Samuel Tanaka,MAIN-ENTRANCE,OUT
2026-06-15T00:31:00Z,B1009,Hana Tanaka,ROOM-D,UNLOCK
2026-06-15T02:18:00Z,B1009,Hana Tanaka,ROOM-A,UNLOCK
2026-06-15T05:47:00Z,B1036,Priya Dubois,MAIN-ENTRANCE,IN
2026-06-15T05:50:00Z,B1017,Sofia Larsen,MAIN-ENTRANCE,IN
2026-06-15T05:51:00Z,B1002,Priya Novak,MAIN-ENTRANCE,IN
2026-06-15T05:55:00Z,B1009,Hana Tanaka,MAIN-ENTRANCE,OUT
2026-06-15T06:20:00Z,B1028,Maya Mensah,MAIN-ENTRANCE,OUT
2026-06-15T08:10:00Z,B1002,Priya Novak,ROOM-A,UNLOCK
2026-06-15T08:23:00Z,B1017,Sofia Larsen,ROOM-A,UNLOCK
2026-06-15T08:23:00Z,B1017,Sofia Larsen,ROOM-D,UNLOCK
2026-06-15T08:23:00Z,B1017,Sofia Larsen,ROOM-F,UNLOCK
2026-06-15T08:24:00Z,B1002,Priya Novak,ROOM-C,UNLOCK
2026-06-15T08:28:00Z,B1017,Sofia Larsen,ROOM-D,UNLOCK
2026-06-15T08:30:00Z,B1017,Sofia Larsen,ROOM-C,UNLOCK
2026-06-15T08:30:00Z,B1017,Sofia Larsen,ROOM-F,UNLOCK
2026-06-15T08:35:00Z,B1002,Priya Novak,ROOM-D,UNLOCK
2026-06-15T08:35:00Z,B1036,Priya Dubois,ROOM-D,UNLOCK
2026-06-15T08:49:00Z,B1002,Priya Novak,ROOM-E,UNLOCK
2026-06-15T09:02:00Z,B1017,Sofia Larsen,ROOM-B,UNLOCK
2026-06-15T09:02:00Z,B1017,Sofia Larsen,ROOM-C,UNLOCK
2026-06-15T09:03:00Z,B1017,Sofia Larsen,ROOM-E,UNLOCK
2026-06-15T09:03:00Z,B1017,Sofia Larsen,ROOM-F,UNLOCK
2026-06-15T09:05:00Z,B1017,Sofia Larsen,ROOM-E,UNLOCK
2026-06-15T09:08:00Z,B1017,Sofia Larsen,ROOM-D,UNLOCK
2026-06-15T09:08:00Z,B1017,Sofia Larsen,ROOM-F,UNLOCK
2026-06-15T09:09:00Z,B1017,Sofia Larsen,ROOM-D,UNLOCK
2026-06-15T09:20:00Z,B1017,Sofia Larsen,ROOM-C,UNLOCK
2026-06-15T09:21:00Z,B1017,Sofia Larsen,ROOM-B,UNLOCK
2026-06-15T09:22:00Z,B1017,Sofia Larsen,ROOM-A,UNLOCK
2026-06-15T09:22:00Z,B1017,Sofia Larsen,ROOM-D,UNLOCK
2026-06-15T09:23:00Z,B1017,Sofia Larsen,ROOM-E,UNLOCK
2026-06-15T09:24:00Z,B1017,Sofia Larsen,ROOM-A,UNLOCK
2026-06-15T09:25:00Z,B1017,Sofia Larsen,ROOM-B,UNLOCK
2026-06-15T09:27:00Z,B1017,Sofia Larsen,ROOM-A,UNLOCK
2026-06-15T09:28:00Z,B1017,Sofia Larsen,ROOM-E,UNLOCK
2026-06-15T09:28:00Z,B1017,Sofia Larsen,ROOM-F,UNLOCK
2026-06-15T09:30:00Z,B1017,Sofia Larsen,ROOM-A,UNLOCK
2026-06-15T09:30:00Z,B1017,Sofia Larsen,ROOM-D,UNLOCK
2026-06-15T09:35:00Z,B1036,Priya Dubois,ROOM-B,UNLOCK
2026-06-15T10:08:00Z,B1036,Priya Dubois,ROOM-D,UNLOCK
2026-06-15T10:12:00Z,B1036,Priya Dubois,ROOM-D,UNLOCK
2026-06-15T10:25:00Z,B1036,Priya Dubois,ROOM-A,UNLOCK
2026-06-15T10:37:00Z,B1036,Priya Dubois,ROOM-C,UNLOCK
2026-06-15T11:10:00Z,B1017,Sofia Larsen,ROOM-D,UNLOCK
2026-06-15T11:10:00Z,B1017,Sofia Larsen,ROOM-E,UNLOCK
2026-06-15T11:16:00Z,B1017,Sofia Larsen,ROOM-B,UNLOCK
2026-06-15T11:16:00Z,B1017,Sofia Larsen,ROOM-F,UNLOCK
2026-06-15T11:27:00Z,B1017,Sofia Larsen,ROOM-A,UNLOCK
2026-06-15T11:27:00Z,B1017,Sofia Larsen,ROOM-C,UNLOCK
2026-06-15T11:27:00Z,B1017,Sofia Larsen,ROOM-D,UNLOCK
2026-06-15T11:27:00Z,B1017,Sofia Larsen,ROOM-F,UNLOCK
2026-06-15T11:30:00Z,B1017,Sofia Larsen,ROOM-B,UNLOCK
2026-06-15T11:32:00Z,B1017,Sofia Larsen,ROOM-D,UNLOCK
2026-06-15T11:33:00Z,B1017,Sofia Larsen,ROOM-F,UNLOCK
2026-06-15T11:34:00Z,B1017,Sofia Larsen,ROOM-C,UNLOCK
2026-06-15T12:30:00Z,B1036,Priya Dubois,ROOM-D,UNLOCK
2026-06-15T13:43:00Z,B1017,Sofia Larsen,MAIN-ENTRANCE,OUT
2026-06-15T13:43:00Z,B1024,Samuel Tanaka,MAIN-ENTRANCE,IN
2026-06-15T13:52:00Z,B1036,Priya Dubois,MAIN-ENTRANCE,OUT
2026-06-15T14:11:00Z,B1002,Priya Novak,MAIN-ENTRANCE,OUT
2026-06-15T16:35:00Z,B1024,Samuel Tanaka,ROOM-A,UNLOCK
2026-06-15T16:35:00Z,B1024,Samuel Tanaka,ROOM-B,UNLOCK
2026-06-15T16:35:00Z,B1024,Samuel Tanaka,ROOM-C,UNLOCK
2026-06-15T16:37:00Z,B1024,Samuel Tanaka,ROOM-E,UNLOCK
2026-06-15T16:37:00Z,B1024,Samuel Tanaka,ROOM-F,UNLOCK
2026-06-15T16:39:00Z,B1024,Samuel Tanaka,ROOM-C,UNLOCK
2026-06-15T16:41:00Z,B1024,Samuel Tanaka,ROOM-F,UNLOCK
2026-06-15T16:42:00Z,B1024,Samuel Tanaka,ROOM-D,UNLOCK
2026-06-15T16:43:00Z,B1024,Samuel Tanaka,ROOM-B,UNLOCK
2026-06-15T16:43:00Z,B1024,Samuel Tanaka,ROOM-F,UNLOCK
2026-06-15T17:06:00Z,B1024,Samuel Tanaka,ROOM-A,UNLOCK
2026-06-15T17:06:00Z,B1024,Samuel Tanaka,ROOM-C,UNLOCK
2026-06-15T17:06:00Z,B1024,Samuel Tanaka,ROOM-E,UNLOCK
2026-06-15T17:07:00Z,B1024,Samuel Tanaka,ROOM-D,UNLOCK
2026-06-15T17:10:00Z,B1024,Samuel Tanaka,ROOM-C,UNLOCK
2026-06-15T17:10:00Z,B1024,Samuel Tanaka,ROOM-D,UNLOCK
2026-06-15T17:10:00Z,B1024,Samuel Tanaka,ROOM-E,UNLOCK
2026-06-15T17:13:00Z,B1024,Samuel Tanaka,ROOM-D,UNLOCK
2026-06-15T21:41:00Z,B1009,Hana Tanaka,MAIN-ENTRANCE,IN
2026-06-15T21:47:00Z,B1024,Samuel Tanaka,MAIN-ENTRANCE,OUT
2026-06-15T21:53:00Z,B1028,Maya Mensah,MAIN-ENTRANCE,IN
2026-06-15T23:21:00Z,B1009,Hana Tanaka,ROOM-A,UNLOCK
2026-06-16T00:30:00Z,B1009,Hana Tanaka,ROOM-B,UNLOCK
2026-06-16T05:39:00Z,B1009,Hana Tanaka,MAIN-ENTRANCE,OUT
2026-06-16T05:50:00Z,B1036,Priya Dubois,MAIN-ENTRANCE,IN
2026-06-16T05:56:00Z,B1002,Priya Novak,MAIN-ENTRANCE,IN
2026-06-16T05:58:00Z,B1017,Sofia Larsen,MAIN-ENTRANCE,IN
2026-06-16T06:06:00Z,B1028,Maya Mensah,MAIN-ENTRANCE,OUT
2026-06-16T07:06:00Z,B1036,Priya Dubois,ROOM-D,UNLOCK
2026-06-16T07:16:00Z,B1036,Priya Dubois,ROOM-E,UNLOCK
2026-06-16T07:17:00Z,B1036,Priya Dubois,ROOM-B,UNLOCK
2026-06-16T07:20:00Z,B1036,Priya Dubois,ROOM-A,UNLOCK
2026-06-16T09:27:00Z,B1002,Priya Novak,ROOM-A,UNLOCK
2026-06-16T09:28:00Z,B1017,Sofia Larsen,ROOM-A,UNLOCK
2026-06-16T09:29:00Z,B1017,Sofia Larsen,ROOM-A,UNLOCK
2026-06-16T09:29:00Z,B1017,Sofia Larsen,ROOM-D,UNLOCK
2026-06-16T09:32:00Z,B1017,Sofia Larsen,ROOM-D,UNLOCK
2026-06-16T09:33:00Z,B1017,Sofia Larsen,ROOM-D,UNLOCK
2026-06-16T09:34:00Z,B1017,Sofia Larsen,ROOM-F,UNLOCK
2026-06-16T09:36:00Z,B1002,Priya Novak,ROOM-C,UNLOCK
2026-06-16T09:36:00Z,B1017,Sofia Larsen,ROOM-C,UNLOCK
2026-06-16T09:42:00Z,B1002,Priya Novak,ROOM-D,UNLOCK
2026-06-16T10:27:00Z,B1036,Priya Dubois,ROOM-B,UNLOCK
2026-06-16T11:39:00Z,B1036,Priya Dubois,ROOM-B,UNLOCK
2026-06-16T11:56:00Z,B1017,Sofia Larsen,ROOM-B,UNLOCK
2026-06-16T11:56:00Z,B1017,Sofia Larsen,ROOM-F,UNLOCK
2026-06-16T11:57:00Z,B1017,Sofia Larsen,ROOM-A,UNLOCK
2026-06-16T11:59:00Z,B1017,Sofia Larsen,ROOM-D,UNLOCK
2026-06-16T12:03:00Z,B1017,Sofia Larsen,ROOM-C,UNLOCK
2026-06-16T12:03:00Z,B1017,Sofia Larsen,ROOM-D,UNLOCK
2026-06-16T13:12:00Z,B1036,Priya Dubois,ROOM-B,UNLOCK
2026-06-16T13:44:00Z,B1024,Samuel Tanaka,MAIN-ENTRANCE,IN
2026-06-16T13:49:00Z,B1002,Priya Novak,MAIN-ENTRANCE,OUT
2026-06-16T13:59:00Z,B1017,Sofia Larsen,MAIN-ENTRANCE,OUT
2026-06-16T14:12:00Z,B1036,Priya Dubois,MAIN-ENTRANCE,OUT
2026-06-16T17:28:00Z,B1024,Samuel Tanaka,ROOM-F,UNLOCK
2026-06-16T17:28:00Z,B1024,Samuel Tanaka,ROOM-F,UNLOCK
2026-06-16T17:33:00Z,B1024,Samuel Tanaka,ROOM-B,UNLOCK
2026-06-16T17:34:00Z,B1024,Samuel Tanaka,ROOM-D,UNLOCK
2026-06-16T20:53:00Z,B1024,Samuel Tanaka,ROOM-A,UNLOCK
2026-06-16T20:53:00Z,B1024,Samuel Tanaka,ROOM-B,UNLOCK
2026-06-16T20:54:00Z,B1024,Samuel Tanaka,ROOM-B,UNLOCK
2026-06-16T20:54:00Z,B1024,Samuel Tanaka,ROOM-D,UNLOCK
2026-06-16T20:54:00Z,B1024,Samuel Tanaka,ROOM-D,UNLOCK
2026-06-16T20:57:00Z,B1024,Samuel Tanaka,ROOM-F,UNLOCK
2026-06-16T20:58:00Z,B1024,Samuel Tanaka,ROOM-F,UNLOCK
2026-06-16T20:59:00Z,B1024,Samuel Tanaka,ROOM-C,UNLOCK
2026-06-16T21:01:00Z,B1024,Samuel Tanaka,ROOM-D,UNLOCK
2026-06-16T21:37:00Z,B1024,Samuel Tanaka,MAIN-ENTRANCE,OUT
2026-06-16T21:52:00Z,B1028,Maya Mensah,MAIN-ENTRANCE,IN
2026-06-16T21:56:00Z,B1009,Hana Tanaka,MAIN-ENTRANCE,IN
2026-06-16T23:28:00Z,B1009,Hana Tanaka,ROOM-A,UNLOCK
2026-06-16T23:48:00Z,B1009,Hana Tanaka,ROOM-C,UNLOCK
2026-06-17T05:43:00Z,B1017,Sofia Larsen,MAIN-ENTRANCE,IN
2026-06-17T05:56:00Z,B1036,Priya Dubois,MAIN-ENTRANCE,IN
2026-06-17T05:57:00Z,B1002,Priya Novak,MAIN-ENTRANCE,IN
2026-06-17T06:05:00Z,B1028,Maya Mensah,MAIN-ENTRANCE,OUT
2026-06-17T06:09:00Z,B1009,Hana Tanaka,MAIN-ENTRANCE,OUT
2026-06-17T07:25:00Z,B1036,Priya Dubois,ROOM-D,UNLOCK
2026-06-17T08:07:00Z,B1017,Sofia Larsen,ROOM-A,UNLOCK
2026-06-17T08:07:00Z,B1017,Sofia Larsen,ROOM-B,UNLOCK
2026-06-17T08:08:00Z,B1017,Sofia Larsen,ROOM-C,UNLOCK
2026-06-17T08:12:00Z,B1017,Sofia Larsen,ROOM-C,UNLOCK
2026-06-17T08:14:00Z,B1017,Sofia Larsen,ROOM-D,UNLOCK
2026-06-17T08:30:00Z,B1002,Priya Novak,ROOM-A,UNLOCK
2026-06-17T08:43:00Z,B1002,Priya Novak,ROOM-C,UNLOCK
2026-06-17T08:54:00Z,B1002,Priya Novak,ROOM-D,UNLOCK
2026-06-17T08:58:00Z,B1036,Priya Dubois,ROOM-C,UNLOCK
2026-06-17T09:02:00Z,B1036,Priya Dubois,ROOM-A,UNLOCK
2026-06-17T11:57:00Z,B1017,Sofia Larsen,ROOM-B,UNLOCK
2026-06-17T11:57:00Z,B1017,Sofia Larsen,ROOM-F,UNLOCK
2026-06-17T11:59:00Z,B1017,Sofia Larsen,ROOM-F,UNLOCK
2026-06-17T12:00:00Z,B1017,Sofia Larsen,ROOM-C,UNLOCK
2026-06-17T12:01:00Z,B1017,Sofia Larsen,ROOM-D,UNLOCK
2026-06-17T12:02:00Z,B1017,Sofia Larsen,ROOM-F,UNLOCK
2026-06-17T12:03:00Z,B1017,Sofia Larsen,ROOM-B,UNLOCK
2026-06-17T12:04:00Z,B1017,Sofia Larsen,ROOM-F,UNLOCK
2026-06-17T12:07:00Z,B1017,Sofia Larsen,ROOM-B,UNLOCK
2026-06-17T12:56:00Z,B1017,Sofia Larsen,ROOM-F,UNLOCK
2026-06-17T12:57:00Z,B1017,Sofia Larsen,ROOM-C,UNLOCK
2026-06-17T12:58:00Z,B1017,Sofia Larsen,ROOM-A,UNLOCK
2026-06-17T13:00:00Z,B1017,Sofia Larsen,ROOM-B,UNLOCK
2026-06-17T13:02:00Z,B1017,Sofia Larsen,ROOM-C,UNLOCK
2026-06-17T13:06:00Z,B1017,Sofia Larsen,ROOM-C,UNLOCK
2026-06-17T13:53:00Z,B1024,Samuel Tanaka,MAIN-ENTRANCE,IN
2026-06-17T14:06:00Z,B1017,Sofia Larsen,MAIN-ENTRANCE,OUT
2026-06-17T14:16:00Z,B1036,Priya Dubois,MAIN-ENTRANCE,OUT
2026-06-17T14:21:00Z,B1002,Priya Novak,MAIN-ENTRANCE,OUT
2026-06-17T17:51:00Z,B1024,Samuel Tanaka,ROOM-B,UNLOCK
2026-06-17T17:52:00Z,B1024,Samuel Tanaka,ROOM-F,UNLOCK
2026-06-17T17:53:00Z,B1024,Samuel Tanaka,ROOM-F,UNLOCK
2026-06-17T17:56:00Z,B1024,Samuel Tanaka,ROOM-F,UNLOCK
2026-06-17T17:57:00Z,B1024,Samuel Tanaka,ROOM-F,UNLOCK
2026-06-17T17:59:00Z,B1024,Samuel Tanaka,ROOM-A,UNLOCK
2026-06-17T18:01:00Z,B1024,Samuel Tanaka,ROOM-D,UNLOCK
2026-06-17T18:10:00Z,B1024,Samuel Tanaka,ROOM-D,UNLOCK
2026-06-17T18:10:00Z,B1024,Samuel Tanaka,ROOM-F,UNLOCK
2026-06-17T18:12:00Z,B1024,Samuel Tanaka,ROOM-B,UNLOCK
2026-06-17T18:15:00Z,B1024,Samuel Tanaka,ROOM-F,UNLOCK
2026-06-17T18:16:00Z,B1024,Samuel Tanaka,ROOM-F,UNLOCK
2026-06-17T18:17:00Z,B1024,Samuel Tanaka,ROOM-B,UNLOCK
2026-06-17T18:17:00Z,B1024,Samuel Tanaka,ROOM-B,UNLOCK
2026-06-17T18:18:00Z,B1024,Samuel Tanaka,ROOM-F,UNLOCK
2026-06-17T20:41:00Z,B1024,Samuel Tanaka,ROOM-D,UNLOCK
2026-06-17T20:41:00Z,B1024,Samuel Tanaka,ROOM-F,UNLOCK
2026-06-17T20:42:00Z,B1024,Samuel Tanaka,ROOM-A,UNLOCK
2026-06-17T20:42:00Z,B1024,Samuel Tanaka,ROOM-B,UNLOCK
2026-06-17T20:42:00Z,B1024,Samuel Tanaka,ROOM-D,UNLOCK
2026-06-17T20:46:00Z,B1024,Samuel Tanaka,ROOM-A,UNLOCK
2026-06-17T20:47:00Z,B1024,Samuel Tanaka,ROOM-B,UNLOCK
2026-06-17T20:47:00Z,B1024,Samuel Tanaka,ROOM-C,UNLOCK
2026-06-17T20:48:00Z,B1024,Samuel Tanaka,ROOM-C,UNLOCK
2026-06-17T20:49:00Z,B1024,Samuel Tanaka,ROOM-A,UNLOCK
2026-06-17T21:41:00Z,B1028,Maya Mensah,MAIN-ENTRANCE,IN
2026-06-17T21:43:00Z,B1024,Samuel Tanaka,MAIN-ENTRANCE,OUT
2026-06-17T21:54:00Z,B1009,Hana Tanaka,MAIN-ENTRANCE,IN
2026-06-17T23:38:00Z,B1009,Hana Tanaka,ROOM-D,UNLOCK
2026-06-18T00:59:00Z,B1009,Hana Tanaka,ROOM-B,UNLOCK
2026-06-18T05:41:00Z,B1002,Priya Novak,MAIN-ENTRANCE,IN
2026-06-18T05:44:00Z,B1009,Hana Tanaka,MAIN-ENTRANCE,OUT
2026-06-18T05:47:00Z,B1036,Priya Dubois,MAIN-ENTRANCE,IN
2026-06-18T05:48:00Z,B1017,Sofia Larsen,MAIN-ENTRANCE,IN
2026-06-18T06:05:00Z,B1028,Maya Mensah,MAIN-ENTRANCE,OUT
2026-06-18T08:20:00Z,B1017,Sofia Larsen,ROOM-B,UNLOCK
2026-06-18T08:20:00Z,B1017,Sofia Larsen,ROOM-C,UNLOCK
2026-06-18T08:21:00Z,B1017,Sofia Larsen,ROOM-C,UNLOCK
2026-06-18T08:24:00Z,B1017,Sofia Larsen,ROOM-C,UNLOCK
2026-06-18T08:39:00Z,B1017,Sofia Larsen,ROOM-C,UNLOCK
2026-06-18T08:42:00Z,B1017,Sofia Larsen,ROOM-B,UNLOCK
2026-06-18T08:47:00Z,B1017,Sofia Larsen,ROOM-C,UNLOCK
2026-06-18T09:08:00Z,B1036,Priya Dubois,ROOM-A,UNLOCK
2026-06-18T09:15:00Z,B1036,Priya Dubois,ROOM-C,UNLOCK
2026-06-18T09:32:00Z,B1002,Priya Novak,ROOM-A,UNLOCK
2026-06-18T09:38:00Z,B1002,Priya Novak,ROOM-C,UNLOCK
2026-06-18T09:43:00Z,B1002,Priya Novak,ROOM-D,UNLOCK
2026-06-18T09:51:00Z,B1017,Sofia Larsen,ROOM-C,UNLOCK
2026-06-18T09:52:00Z,B1017,Sofia Larsen,ROOM-A,UNLOCK
2026-06-18T09:52:00Z,B1017,Sofia Larsen,ROOM-D,UNLOCK
2026-06-18T09:53:00Z,B1017,Sofia Larsen,ROOM-C,UNLOCK
2026-06-18T09:55:00Z,B1017,Sofia Larsen,ROOM-A,UNLOCK
2026-06-18T09:55:00Z,B1017,Sofia Larsen,ROOM-D,UNLOCK
2026-06-18T09:57:00Z,B1017,Sofia Larsen,ROOM-D,UNLOCK
2026-06-18T09:58:00Z,B1017,Sofia Larsen,ROOM-B,UNLOCK
2026-06-18T09:59:00Z,B1017,Sofia Larsen,ROOM-C,UNLOCK
2026-06-18T10:01:00Z,B1017,Sofia Larsen,ROOM-D,UNLOCK
2026-06-18T10:01:00Z,B1017,Sofia Larsen,ROOM-F,UNLOCK
2026-06-18T11:04:00Z,B1036,Priya Dubois,ROOM-B,UNLOCK
2026-06-18T13:37:00Z,B1036,Priya Dubois,MAIN-ENTRANCE,OUT
2026-06-18T13:45:00Z,B1024,Samuel Tanaka,MAIN-ENTRANCE,IN
2026-06-18T14:04:00Z,B1002,Priya Novak,MAIN-ENTRANCE,OUT
2026-06-18T14:05:00Z,B1036,Priya Dubois,ROOM-B,UNLOCK
2026-06-18T14:07:00Z,B1017,Sofia Larsen,MAIN-ENTRANCE,OUT
2026-06-18T14:42:00Z,B1024,Samuel Tanaka,ROOM-B,UNLOCK
2026-06-18T14:42:00Z,B1024,Samuel Tanaka,ROOM-D,UNLOCK
2026-06-18T14:46:00Z,B1024,Samuel Tanaka,ROOM-B,UNLOCK
2026-06-18T14:48:00Z,B1024,Samuel Tanaka,ROOM-C,UNLOCK
2026-06-18T16:10:00Z,B1024,Samuel Tanaka,ROOM-B,UNLOCK
2026-06-18T16:10:00Z,B1024,Samuel Tanaka,ROOM-C,UNLOCK
2026-06-18T16:11:00Z,B1024,Samuel Tanaka,ROOM-C,UNLOCK
2026-06-18T16:11:00Z,B1024,Samuel Tanaka,ROOM-F,UNLOCK
2026-06-18T16:15:00Z,B1024,Samuel Tanaka,ROOM-A,UNLOCK
2026-06-18T16:16:00Z,B1024,Samuel Tanaka,ROOM-D,UNLOCK
2026-06-18T17:14:00Z,B1024,Samuel Tanaka,ROOM-B,UNLOCK
2026-06-18T17:16:00Z,B1024,Samuel Tanaka,ROOM-B,UNLOCK
2026-06-18T17:17:00Z,B1024,Samuel Tanaka,ROOM-D,UNLOCK
2026-06-18T17:22:00Z,B1024,Samuel Tanaka,ROOM-D,UNLOCK
2026-06-18T17:23:00Z,B1024,Samuel Tanaka,ROOM-A,UNLOCK
2026-06-18T17:24:00Z,B1024,Samuel Tanaka,ROOM-C,UNLOCK
2026-06-18T21:43:00Z,B1009,Hana Tanaka,MAIN-ENTRANCE,IN
2026-06-18T21:47:00Z,B1028,Maya Mensah,MAIN-ENTRANCE,IN
2026-06-18T21:59:00Z,B1024,Samuel Tanaka,MAIN-ENTRANCE,OUT
2026-06-18T23:03:00Z,B1009,Hana Tanaka,ROOM-D,UNLOCK
2026-06-19T05:41:00Z,B1002,Priya Novak,MAIN-ENTRANCE,IN
2026-06-19T05:51:00Z,B1017,Sofia Larsen,MAIN-ENTRANCE,IN
2026-06-19T05:53:00Z,B1036,Priya Dubois,MAIN-ENTRANCE,IN
2026-06-19T05:58:00Z,B1028,Maya Mensah,MAIN-ENTRANCE,OUT
2026-06-19T06:03:00Z,B1009,Hana Tanaka,MAIN-ENTRANCE,OUT
2026-06-19T06:23:00Z,B1017,Sofia Larsen,ROOM-C,UNLOCK
2026-06-19T06:27:00Z,B1017,Sofia Larsen,ROOM-D,UNLOCK
2026-06-19T06:28:00Z,B1017,Sofia Larsen,ROOM-D,UNLOCK
2026-06-19T08:05:00Z,B1036,Priya Dubois,ROOM-B,UNLOCK
2026-06-19T08:49:00Z,B1017,Sofia Larsen,ROOM-B,UNLOCK
2026-06-19T08:49:00Z,B1017,Sofia Larsen,ROOM-D,UNLOCK
2026-06-19T08:55:00Z,B1017,Sofia Larsen,ROOM-B,UNLOCK
2026-06-19T08:57:00Z,B1017,Sofia Larsen,ROOM-C,UNLOCK
2026-06-19T09:08:00Z,B1002,Priya Novak,ROOM-A,UNLOCK
2026-06-19T09:14:00Z,B1002,Priya Novak,ROOM-C,UNLOCK
2026-06-19T09:14:00Z,B1017,Sofia Larsen,ROOM-B,UNLOCK
2026-06-19T09:14:00Z,B1017,Sofia Larsen,ROOM-B,UNLOCK
2026-06-19T09:14:00Z,B1017,Sofia Larsen,ROOM-D,UNLOCK
2026-06-19T09:15:00Z,B1017,Sofia Larsen,ROOM-D,UNLOCK
2026-06-19T09:16:00Z,B1017,Sofia Larsen,ROOM-F,UNLOCK
2026-06-19T09:17:00Z,B1017,Sofia Larsen,ROOM-B,UNLOCK
2026-06-19T09:19:00Z,B1017,Sofia Larsen,ROOM-D,UNLOCK
2026-06-19T09:21:00Z,B1002,Priya Novak,ROOM-D,UNLOCK
2026-06-19T09:21:00Z,B1017,Sofia Larsen,ROOM-A,UNLOCK
2026-06-19T09:21:00Z,B1017,Sofia Larsen,ROOM-F,UNLOCK
2026-06-19T09:22:00Z,B1017,Sofia Larsen,ROOM-B,UNLOCK
2026-06-19T09:23:00Z,B1017,Sofia Larsen,ROOM-D,UNLOCK
2026-06-19T09:24:00Z,B1017,Sofia Larsen,ROOM-B,UNLOCK
2026-06-19T10:12:00Z,B1036,Priya Dubois,ROOM-A,UNLOCK
2026-06-19T10:24:00Z,B1036,Priya Dubois,ROOM-C,UNLOCK
2026-06-19T10:36:00Z,B1036,Priya Dubois,ROOM-D,UNLOCK
2026-06-19T12:46:00Z,B1036,Priya Dubois,ROOM-D,UNLOCK
2026-06-19T13:38:00Z,B1002,Priya Novak,MAIN-ENTRANCE,OUT
2026-06-19T13:46:00Z,B1024,Samuel Tanaka,MAIN-ENTRANCE,IN
2026-06-19T14:05:00Z,B1036,Priya Dubois,MAIN-ENTRANCE,OUT
2026-06-19T14:06:00Z,B1017,Sofia Larsen,MAIN-ENTRANCE,OUT
2026-06-19T14:50:00Z,B1024,Samuel Tanaka,ROOM-A,UNLOCK
2026-06-19T14:50:00Z,B1024,Samuel Tanaka,ROOM-C,UNLOCK
2026-06-19T14:50:00Z,B1024,Samuel Tanaka,ROOM-D,UNLOCK
2026-06-19T14:54:00Z,B1024,Samuel Tanaka,ROOM-F,UNLOCK
2026-06-19T14:56:00Z,B1024,Samuel Tanaka,ROOM-F,UNLOCK
2026-06-19T14:58:00Z,B1024,Samuel Tanaka,ROOM-C,UNLOCK
2026-06-19T15:32:00Z,B1036,Priya Dubois,ROOM-B,UNLOCK
2026-06-19T15:41:00Z,B1024,Samuel Tanaka,ROOM-D,UNLOCK
2026-06-19T15:42:00Z,B1024,Samuel Tanaka,ROOM-A,UNLOCK
2026-06-19T15:42:00Z,B1024,Samuel Tanaka,ROOM-F,UNLOCK
2026-06-19T15:44:00Z,B1024,Samuel Tanaka,ROOM-A,UNLOCK
2026-06-19T15:49:00Z,B1024,Samuel Tanaka,ROOM-A,UNLOCK
2026-06-19T15:49:00Z,B1024,Samuel Tanaka,ROOM-B,UNLOCK
2026-06-19T15:49:00Z,B1024,Samuel Tanaka,ROOM-F,UNLOCK
2026-06-19T15:49:00Z,B1024,Samuel Tanaka,ROOM-F,UNLOCK
2026-06-19T15:50:00Z,B1024,Samuel Tanaka,ROOM-C,UNLOCK
2026-06-19T21:42:00Z,B1028,Maya Mensah,MAIN-ENTRANCE,IN
2026-06-19T21:50:00Z,B1024,Samuel Tanaka,MAIN-ENTRANCE,OUT
2026-06-19T21:55:00Z,B1009,Hana Tanaka,MAIN-ENTRANCE,IN
2026-06-20T00:51:00Z,B1009,Hana Tanaka,ROOM-B,UNLOCK
2026-06-20T05:51:00Z,B1028,Maya Mensah,MAIN-ENTRANCE,OUT
2026-06-20T05:58:00Z,B1009,Hana Tanaka,MAIN-ENTRANCE,OUT
2026-06-20T05:58:00Z,B1017,Sofia Larsen,MAIN-ENTRANCE,IN
2026-06-20T06:09:00Z,B1017,Sofia Larsen,ROOM-A,UNLOCK
2026-06-20T06:09:00Z,B1017,Sofia Larsen,ROOM-C,UNLOCK
2026-06-20T06:09:00Z,B1017,Sofia Larsen,ROOM-C,UNLOCK
2026-06-20T06:14:00Z,B1017,Sofia Larsen,ROOM-F,UNLOCK
2026-06-20T06:17:00Z,B1017,Sofia Larsen,ROOM-D,UNLOCK
2026-06-20T13:42:00Z,B1024,Samuel Tanaka,MAIN-ENTRANCE,IN
2026-06-20T13:52:00Z,B1017,Sofia Larsen,MAIN-ENTRANCE,OUT
2026-06-20T18:52:00Z,B1024,Samuel Tanaka,ROOM-D,UNLOCK
2026-06-20T18:56:00Z,B1024,Samuel Tanaka,ROOM-C,UNLOCK
2026-06-20T18:56:00Z,B1024,Samuel Tanaka,ROOM-D,UNLOCK
2026-06-20T18:57:00Z,B1024,Samuel Tanaka,ROOM-F,UNLOCK
2026-06-20T19:04:00Z,B1024,Samuel Tanaka,ROOM-A,UNLOCK
2026-06-20T21:46:00Z,B1024,Samuel Tanaka,MAIN-ENTRANCE,OUT
2026-06-20T21:48:00Z,B1028,Maya Mensah,MAIN-ENTRANCE,IN
2026-06-20T21:50:00Z,B1009,Hana Tanaka,MAIN-ENTRANCE,IN
2026-06-20T23:19:00Z,B1009,Hana Tanaka,ROOM-F,UNLOCK
2026-06-21T00:32:00Z,B1009,Hana Tanaka,ROOM-D,UNLOCK
2026-06-21T05:44:00Z,B1017,Sofia Larsen,MAIN-ENTRANCE,IN
2026-06-21T06:08:00Z,B1009,Hana Tanaka,MAIN-ENTRANCE,OUT
2026-06-21T06:10:00Z,B1028,Maya Mensah,MAIN-ENTRANCE,OUT
2026-06-21T12:34:00Z,B1017,Sofia Larsen,ROOM-A,UNLOCK
2026-06-21T12:34:00Z,B1017,Sofia Larsen,ROOM-C,UNLOCK
2026-06-21T12:42:00Z,B1017,Sofia Larsen,ROOM-B,UNLOCK
2026-06-21T13:47:00Z,B1017,Sofia Larsen,MAIN-ENTRANCE,OUT
2026-06-21T13:49:00Z,B1024,Samuel Tanaka,MAIN-ENTRANCE,IN
2026-06-21T21:43:00Z,B1028,Maya Mensah,MAIN-ENTRANCE,IN
2026-06-21T21:44:00Z,B1009,Hana Tanaka,MAIN-ENTRANCE,IN
2026-06-21T22:07:00Z,B1024,Samuel Tanaka,MAIN-ENTRANCE,OUT
2026-06-22T00:57:00Z,B1009,Hana Tanaka,ROOM-A,UNLOCK
2026-06-22T03:15:00Z,B1009,Hana Tanaka,ROOM-C,UNLOCK
2026-06-22T05:38:00Z,B1009,Hana Tanaka,MAIN-ENTRANCE,OUT
2026-06-22T05:43:00Z,B1028,Maya Mensah,MAIN-ENTRANCE,OUT
2026-06-22T05:49:00Z,B1017,Sofia Larsen,MAIN-ENTRANCE,IN
2026-06-22T05:52:00Z,B1036,Priya Dubois,MAIN-ENTRANCE,IN
2026-06-22T05:54:00Z,B1002,Priya Novak,MAIN-ENTRANCE,IN
2026-06-22T06:15:00Z,B1017,Sofia Larsen,ROOM-B,UNLOCK
2026-06-22T06:15:00Z,B1017,Sofia Larsen,ROOM-E,UNLOCK
2026-06-22T06:16:00Z,B1017,Sofia Larsen,ROOM-C,UNLOCK
2026-06-22T06:16:00Z,B1017,Sofia Larsen,ROOM-F,UNLOCK
2026-06-22T06:20:00Z,B1017,Sofia Larsen,ROOM-F,UNLOCK
2026-06-22T06:21:00Z,B1017,Sofia Larsen,ROOM-D,UNLOCK
2026-06-22T06:22:00Z,B1017,Sofia Larsen,ROOM-D,UNLOCK
2026-06-22T06:23:00Z,B1017,Sofia Larsen,ROOM-A,UNLOCK
2026-06-22T07:15:00Z,B1017,Sofia Larsen,ROOM-B,UNLOCK
2026-06-22T07:15:00Z,B1017,Sofia Larsen,ROOM-C,UNLOCK
2026-06-22T07:18:00Z,B1017,Sofia Larsen,ROOM-B,UNLOCK
2026-06-22T07:18:00Z,B1017,Sofia Larsen,ROOM-C,UNLOCK
2026-06-22T07:44:00Z,B1002,Priya Novak,ROOM-A,UNLOCK
2026-06-22T07:48:00Z,B1036,Priya Dubois,ROOM-B,UNLOCK
2026-06-22T07:52:00Z,B1002,Priya Novak,ROOM-C,UNLOCK
2026-06-22T08:03:00Z,B1002,Priya Novak,ROOM-D,UNLOCK
2026-06-22T08:10:00Z,B1002,Priya Novak,ROOM-E,UNLOCK
2026-06-22T08:46:00Z,B1036,Priya Dubois,ROOM-C,UNLOCK
2026-06-22T08:50:00Z,B1036,Priya Dubois,ROOM-E,UNLOCK
2026-06-22T09:04:00Z,B1036,Priya Dubois,ROOM-D,UNLOCK
2026-06-22T11:07:00Z,B1017,Sofia Larsen,ROOM-E,UNLOCK
2026-06-22T11:08:00Z,B1017,Sofia Larsen,ROOM-A,UNLOCK
2026-06-22T11:09:00Z,B1017,Sofia Larsen,ROOM-D,UNLOCK
2026-06-22T11:13:00Z,B1017,Sofia Larsen,ROOM-A,UNLOCK
2026-06-22T11:15:00Z,B1017,Sofia Larsen,ROOM-B,UNLOCK
2026-06-22T11:17:00Z,B1017,Sofia Larsen,ROOM-C,UNLOCK
2026-06-22T11:43:00Z,B1017,Sofia Larsen,ROOM-C,UNLOCK
2026-06-22T11:43:00Z,B1017,Sofia Larsen,ROOM-D,UNLOCK
2026-06-22T11:50:00Z,B1017,Sofia Larsen,ROOM-B,UNLOCK
2026-06-22T11:50:00Z,B1017,Sofia Larsen,ROOM-E,UNLOCK
2026-06-22T12:02:00Z,B1036,Priya Dubois,ROOM-D,UNLOCK
2026-06-22T13:46:00Z,B1036,Priya Dubois,MAIN-ENTRANCE,OUT
2026-06-22T13:47:00Z,B1024,Samuel Tanaka,MAIN-ENTRANCE,IN
2026-06-22T14:04:00Z,B1017,Sofia Larsen,MAIN-ENTRANCE,OUT
2026-06-22T14:07:00Z,B1002,Priya Novak,MAIN-ENTRANCE,OUT
2026-06-22T15:34:00Z,B1036,Priya Dubois,ROOM-D,UNLOCK
2026-06-22T17:50:00Z,B1024,Samuel Tanaka,ROOM-B,UNLOCK
2026-06-22T17:50:00Z,B1024,Samuel Tanaka,ROOM-D,UNLOCK
2026-06-22T17:50:00Z,B1024,Samuel Tanaka,ROOM-D,UNLOCK
2026-06-22T17:50:00Z,B1024,Samuel Tanaka,ROOM-E,UNLOCK
2026-06-22T17:52:00Z,B1024,Samuel Tanaka,ROOM-C,UNLOCK
2026-06-22T17:54:00Z,B1024,Samuel Tanaka,ROOM-F,UNLOCK
2026-06-22T17:55:00Z,B1024,Samuel Tanaka,ROOM-D,UNLOCK
2026-06-22T17:56:00Z,B1024,Samuel Tanaka,ROOM-F,UNLOCK
2026-06-22T17:58:00Z,B1024,Samuel Tanaka,ROOM-C,UNLOCK
2026-06-22T17:59:00Z,B1024,Samuel Tanaka,ROOM-F,UNLOCK
2026-06-22T18:36:00Z,B1024,Samuel Tanaka,ROOM-D,UNLOCK
2026-06-22T18:42:00Z,B1024,Samuel Tanaka,ROOM-F,UNLOCK
2026-06-22T19:11:00Z,B1024,Samuel Tanaka,ROOM-A,UNLOCK
2026-06-22T19:11:00Z,B1024,Samuel Tanaka,ROOM-B,UNLOCK
2026-06-22T19:11:00Z,B1024,Samuel Tanaka,ROOM-E,UNLOCK
2026-06-22T19:12:00Z,B1024,Samuel Tanaka,ROOM-D,UNLOCK
2026-06-22T19:16:00Z,B1024,Samuel Tanaka,ROOM-C,UNLOCK
2026-06-22T19:16:00Z,B1024,Samuel Tanaka,ROOM-D,UNLOCK
2026-06-22T19:16:00Z,B1024,Samuel Tanaka,ROOM-E,UNLOCK
2026-06-22T19:19:00Z,B1024,Samuel Tanaka,ROOM-E,UNLOCK
2026-06-22T21:14:00Z,B1024,Samuel Tanaka,ROOM-C,UNLOCK
2026-06-22T21:15:00Z,B1024,Samuel Tanaka,ROOM-D,UNLOCK
2026-06-22T21:15:00Z,B1024,Samuel Tanaka,ROOM-D,UNLOCK
2026-06-22T21:16:00Z,B1024,Samuel Tanaka,ROOM-E,UNLOCK
2026-06-22T21:17:00Z,B1024,Samuel Tanaka,ROOM-C,UNLOCK
2026-06-22T21:18:00Z,B1024,Samuel Tanaka,ROOM-B,UNLOCK
2026-06-22T21:19:00Z,B1024,Samuel Tanaka,ROOM-D,UNLOCK
2026-06-22T21:21:00Z,B1024,Samuel Tanaka,ROOM-E,UNLOCK
2026-06-22T21:23:00Z,B1024,Samuel Tanaka,ROOM-E,UNLOCK
2026-06-22T21:24:00Z,B1024,Samuel Tanaka,ROOM-B,UNLOCK
2026-06-22T21:24:00Z,B1024,Samuel Tanaka,ROOM-B,UNLOCK
2026-06-22T21:26:00Z,B1024,Samuel Tanaka,ROOM-A,UNLOCK
2026-06-22T21:41:00Z,B1009,Hana Tanaka,MAIN-ENTRANCE,IN
2026-06-22T21:48:00Z,B1028,Maya Mensah,MAIN-ENTRANCE,IN
2026-06-22T22:05:00Z,B1024,Samuel Tanaka,MAIN-ENTRANCE,OUT
2026-06-22T23:00:00Z,B1009,Hana Tanaka,ROOM-F,UNLOCK
2026-06-23T01:42:00Z,B1009,Hana Tanaka,ROOM-B,UNLOCK
2026-06-23T05:44:00Z,B1002,Priya Novak,MAIN-ENTRANCE,IN
2026-06-23T05:47:00Z,B1028,Maya Mensah,MAIN-ENTRANCE,OUT
2026-06-23T05:49:00Z,B1036,Priya Dubois,MAIN-ENTRANCE,IN
2026-06-23T05:50:00Z,B1017,Sofia Larsen,MAIN-ENTRANCE,IN
2026-06-23T05:52:00Z,B1009,Hana Tanaka,MAIN-ENTRANCE,OUT
2026-06-23T08:56:00Z,B1036,Priya Dubois,ROOM-D,UNLOCK
2026-06-23T10:31:00Z,B1017,Sofia Larsen,ROOM-D,UNLOCK
2026-06-23T10:31:00Z,B1017,Sofia Larsen,ROOM-D,UNLOCK
2026-06-23T10:31:00Z,B1017,Sofia Larsen,ROOM-E,UNLOCK
2026-06-23T10:32:00Z,B1002,Priya Novak,ROOM-A,UNLOCK
2026-06-23T10:32:00Z,B1017,Sofia Larsen,ROOM-A,UNLOCK
2026-06-23T10:32:00Z,B1036,Priya Dubois,ROOM-D,UNLOCK
2026-06-23T10:35:00Z,B1017,Sofia Larsen,ROOM-A,UNLOCK
2026-06-23T10:37:00Z,B1017,Sofia Larsen,ROOM-A,UNLOCK
2026-06-23T10:37:00Z,B1017,Sofia Larsen,ROOM-A,UNLOCK
2026-06-23T10:37:00Z,B1017,Sofia Larsen,ROOM-B,UNLOCK
2026-06-23T10:41:00Z,B1036,Priya Dubois,ROOM-C,UNLOCK
2026-06-23T10:42:00Z,B1002,Priya Novak,ROOM-C,UNLOCK
2026-06-23T10:52:00Z,B1036,Priya Dubois,ROOM-A,UNLOCK
2026-06-23T10:54:00Z,B1002,Priya Novak,ROOM-D,UNLOCK
2026-06-23T10:59:00Z,B1002,Priya Novak,ROOM-E,UNLOCK
2026-06-23T11:53:00Z,B1036,Priya Dubois,ROOM-B,UNLOCK
2026-06-23T11:58:00Z,B1017,Sofia Larsen,ROOM-A,UNLOCK
2026-06-23T11:58:00Z,B1017,Sofia Larsen,ROOM-E,UNLOCK
2026-06-23T11:59:00Z,B1017,Sofia Larsen,ROOM-B,UNLOCK
2026-06-23T11:59:00Z,B1017,Sofia Larsen,ROOM-F,UNLOCK
2026-06-23T12:01:00Z,B1017,Sofia Larsen,ROOM-D,UNLOCK
2026-06-23T12:02:00Z,B1017,Sofia Larsen,ROOM-E,UNLOCK
2026-06-23T12:04:00Z,B1017,Sofia Larsen,ROOM-B,UNLOCK
2026-06-23T12:05:00Z,B1017,Sofia Larsen,ROOM-D,UNLOCK
2026-06-23T12:05:00Z,B1017,Sofia Larsen,ROOM-F,UNLOCK
2026-06-23T12:07:00Z,B1017,Sofia Larsen,ROOM-C,UNLOCK
2026-06-23T13:57:00Z,B1017,Sofia Larsen,MAIN-ENTRANCE,OUT
2026-06-23T13:58:00Z,B1002,Priya Novak,MAIN-ENTRANCE,OUT
2026-06-23T13:58:00Z,B1024,Samuel Tanaka,MAIN-ENTRANCE,IN
2026-06-23T14:10:00Z,B1036,Priya Dubois,MAIN-ENTRANCE,OUT
2026-06-23T15:08:00Z,B1024,Samuel Tanaka,ROOM-B,UNLOCK
2026-06-23T15:09:00Z,B1024,Samuel Tanaka,ROOM-B,UNLOCK
2026-06-23T15:09:00Z,B1024,Samuel Tanaka,ROOM-D,UNLOCK
2026-06-23T15:09:00Z,B1024,Samuel Tanaka,ROOM-D,UNLOCK
2026-06-23T15:10:00Z,B1024,Samuel Tanaka,ROOM-B,UNLOCK
2026-06-23T15:12:00Z,B1024,Samuel Tanaka,ROOM-A,UNLOCK
2026-06-23T15:13:00Z,B1024,Samuel Tanaka,ROOM-C,UNLOCK
2026-06-23T15:15:00Z,B1024,Samuel Tanaka,ROOM-C,UNLOCK
2026-06-23T15:15:00Z,B1024,Samuel Tanaka,ROOM-D,UNLOCK
2026-06-23T15:17:00Z,B1024,Samuel Tanaka,ROOM-C,UNLOCK
2026-06-23T17:32:00Z,B1024,Samuel Tanaka,ROOM-B,UNLOCK
2026-06-23T17:33:00Z,B1024,Samuel Tanaka,ROOM-A,UNLOCK
2026-06-23T17:33:00Z,B1024,Samuel Tanaka,ROOM-C,UNLOCK
2026-06-23T17:34:00Z,B1024,Samuel Tanaka,ROOM-E,UNLOCK
2026-06-23T17:35:00Z,B1024,Samuel Tanaka,ROOM-C,UNLOCK
2026-06-23T17:37:00Z,B1024,Samuel Tanaka,ROOM-D,UNLOCK
2026-06-23T17:39:00Z,B1024,Samuel Tanaka,ROOM-A,UNLOCK
2026-06-23T17:39:00Z,B1024,Samuel Tanaka,ROOM-C,UNLOCK
2026-06-23T17:39:00Z,B1024,Samuel Tanaka,ROOM-E,UNLOCK
2026-06-23T17:43:00Z,B1024,Samuel Tanaka,ROOM-A,UNLOCK
2026-06-23T17:50:00Z,B1024,Samuel Tanaka,ROOM-A,UNLOCK
2026-06-23T17:50:00Z,B1024,Samuel Tanaka,ROOM-C,UNLOCK
2026-06-23T17:51:00Z,B1024,Samuel Tanaka,ROOM-D,UNLOCK
2026-06-23T17:52:00Z,B1024,Samuel Tanaka,ROOM-C,UNLOCK
2026-06-23T17:53:00Z,B1024,Samuel Tanaka,ROOM-F,UNLOCK
2026-06-23T17:55:00Z,B1024,Samuel Tanaka,ROOM-D,UNLOCK
2026-06-23T17:57:00Z,B1024,Samuel Tanaka,ROOM-A,UNLOCK
2026-06-23T17:58:00Z,B1024,Samuel Tanaka,ROOM-F,UNLOCK
2026-06-23T17:58:00Z,B1024,Samuel Tanaka,ROOM-F,UNLOCK
2026-06-23T17:59:00Z,B1024,Samuel Tanaka,ROOM-B,UNLOCK
2026-06-23T18:56:00Z,B1024,Samuel Tanaka,ROOM-D,UNLOCK
2026-06-23T18:56:00Z,B1024,Samuel Tanaka,ROOM-F,UNLOCK
2026-06-23T18:56:00Z,B1024,Samuel Tanaka,ROOM-F,UNLOCK
2026-06-23T18:57:00Z,B1024,Samuel Tanaka,ROOM-A,UNLOCK
2026-06-23T19:00:00Z,B1024,Samuel Tanaka,ROOM-D,UNLOCK
2026-06-23T19:02:00Z,B1024,Samuel Tanaka,ROOM-F,UNLOCK
2026-06-23T19:03:00Z,B1024,Samuel Tanaka,ROOM-C,UNLOCK
2026-06-23T19:04:00Z,B1024,Samuel Tanaka,ROOM-D,UNLOCK
2026-06-23T19:45:00Z,B1024,Samuel Tanaka,ROOM-B,UNLOCK
2026-06-23T19:45:00Z,B1024,Samuel Tanaka,ROOM-D,UNLOCK
2026-06-23T19:45:00Z,B1024,Samuel Tanaka,ROOM-D,UNLOCK
2026-06-23T19:50:00Z,B1024,Samuel Tanaka,ROOM-A,UNLOCK
2026-06-23T19:51:00Z,B1024,Samuel Tanaka,ROOM-E,UNLOCK
2026-06-23T19:51:00Z,B1024,Samuel Tanaka,ROOM-F,UNLOCK
2026-06-23T20:20:00Z,B1024,Samuel Tanaka,ROOM-B,UNLOCK
2026-06-23T20:20:00Z,B1024,Samuel Tanaka,ROOM-D,UNLOCK
2026-06-23T20:21:00Z,B1024,Samuel Tanaka,ROOM-F,UNLOCK
2026-06-23T20:26:00Z,B1024,Samuel Tanaka,ROOM-E,UNLOCK
2026-06-23T20:26:00Z,B1024,Samuel Tanaka,ROOM-F,UNLOCK
2026-06-23T20:27:00Z,B1024,Samuel Tanaka,ROOM-A,UNLOCK
2026-06-23T21:54:00Z,B1009,Hana Tanaka,MAIN-ENTRANCE,IN
2026-06-23T21:54:00Z,B1024,Samuel Tanaka,MAIN-ENTRANCE,OUT
2026-06-23T21:58:00Z,B1028,Maya Mensah,MAIN-ENTRANCE,IN
2026-06-23T23:06:00Z,B1009,Hana Tanaka,ROOM-F,UNLOCK
2026-06-24T01:55:00Z,B1009,Hana Tanaka,ROOM-C,UNLOCK
2026-06-24T05:47:00Z,B1036,Priya Dubois,MAIN-ENTRANCE,IN
2026-06-24T05:49:00Z,B1002,Priya Novak,MAIN-ENTRANCE,IN
2026-06-24T05:56:00Z,B1009,Hana Tanaka,MAIN-ENTRANCE,OUT
2026-06-24T05:58:00Z,B1017,Sofia Larsen,MAIN-ENTRANCE,IN
2026-06-24T06:22:00Z,B1028,Maya Mensah,MAIN-ENTRANCE,OUT
2026-06-24T08:24:00Z,B1017,Sofia Larsen,ROOM-C,UNLOCK
2026-06-24T08:24:00Z,B1017,Sofia Larsen,ROOM-D,UNLOCK
2026-06-24T08:26:00Z,B1017,Sofia Larsen,ROOM-C,UNLOCK
2026-06-24T08:29:00Z,B1017,Sofia Larsen,ROOM-C,UNLOCK
2026-06-24T08:30:00Z,B1017,Sofia Larsen,ROOM-A,UNLOCK
2026-06-24T08:30:00Z,B1036,Priya Dubois,ROOM-B,UNLOCK
2026-06-24T08:32:00Z,B1017,Sofia Larsen,ROOM-A,UNLOCK
2026-06-24T08:41:00Z,B1017,Sofia Larsen,ROOM-A,UNLOCK
2026-06-24T08:41:00Z,B1017,Sofia Larsen,ROOM-D,UNLOCK
2026-06-24T08:41:00Z,B1017,Sofia Larsen,ROOM-E,UNLOCK
2026-06-24T08:43:00Z,B1017,Sofia Larsen,ROOM-E,UNLOCK
2026-06-24T08:43:00Z,B1017,Sofia Larsen,ROOM-E,UNLOCK
2026-06-24T08:45:00Z,B1017,Sofia Larsen,ROOM-C,UNLOCK
2026-06-24T08:46:00Z,B1017,Sofia Larsen,ROOM-F,UNLOCK
2026-06-24T08:47:00Z,B1017,Sofia Larsen,ROOM-F,UNLOCK
2026-06-24T08:48:00Z,B1017,Sofia Larsen,ROOM-F,UNLOCK
2026-06-24T08:49:00Z,B1017,Sofia Larsen,ROOM-E,UNLOCK
2026-06-24T09:01:00Z,B1002,Priya Novak,ROOM-A,UNLOCK
2026-06-24T09:07:00Z,B1002,Priya Novak,ROOM-C,UNLOCK
2026-06-24T09:12:00Z,B1002,Priya Novak,ROOM-D,UNLOCK
2026-06-24T09:24:00Z,B1002,Priya Novak,ROOM-E,UNLOCK
2026-06-24T09:26:00Z,B1017,Sofia Larsen,ROOM-A,UNLOCK
2026-06-24T09:26:00Z,B1017,Sofia Larsen,ROOM-D,UNLOCK
2026-06-24T09:26:00Z,B1017,Sofia Larsen,ROOM-E,UNLOCK
2026-06-24T09:27:00Z,B1017,Sofia Larsen,ROOM-F,UNLOCK
2026-06-24T09:27:00Z,B1017,Sofia Larsen,ROOM-F,UNLOCK
2026-06-24T09:29:00Z,B1017,Sofia Larsen,ROOM-E,UNLOCK
2026-06-24T09:30:00Z,B1017,Sofia Larsen,ROOM-F,UNLOCK
2026-06-24T09:31:00Z,B1017,Sofia Larsen,ROOM-B,UNLOCK
2026-06-24T09:31:00Z,B1017,Sofia Larsen,ROOM-E,UNLOCK
2026-06-24T09:32:00Z,B1017,Sofia Larsen,ROOM-A,UNLOCK
2026-06-24T09:33:00Z,B1017,Sofia Larsen,ROOM-A,UNLOCK
2026-06-24T09:35:00Z,B1017,Sofia Larsen,ROOM-A,UNLOCK
2026-06-24T10:32:00Z,B1017,Sofia Larsen,ROOM-D,UNLOCK
2026-06-24T10:32:00Z,B1017,Sofia Larsen,ROOM-E,UNLOCK
2026-06-24T10:33:00Z,B1017,Sofia Larsen,ROOM-C,UNLOCK
2026-06-24T10:33:00Z,B1017,Sofia Larsen,ROOM-F,UNLOCK
2026-06-24T10:34:00Z,B1017,Sofia Larsen,ROOM-C,UNLOCK
2026-06-24T10:38:00Z,B1017,Sofia Larsen,ROOM-A,UNLOCK
2026-06-24T10:38:00Z,B1017,Sofia Larsen,ROOM-C,UNLOCK
2026-06-24T10:39:00Z,B1017,Sofia Larsen,ROOM-E,UNLOCK
2026-06-24T10:40:00Z,B1017,Sofia Larsen,ROOM-B,UNLOCK
2026-06-24T10:40:00Z,B1017,Sofia Larsen,ROOM-C,UNLOCK
2026-06-24T11:04:00Z,B1017,Sofia Larsen,ROOM-A,UNLOCK
2026-06-24T11:04:00Z,B1017,Sofia Larsen,ROOM-B,UNLOCK
2026-06-24T11:05:00Z,B1017,Sofia Larsen,ROOM-F,UNLOCK
2026-06-24T11:09:00Z,B1017,Sofia Larsen,ROOM-E,UNLOCK
2026-06-24T11:11:00Z,B1017,Sofia Larsen,ROOM-B,UNLOCK
2026-06-24T11:12:00Z,B1017,Sofia Larsen,ROOM-C,UNLOCK
2026-06-24T11:17:00Z,B1036,Priya Dubois,ROOM-C,UNLOCK
2026-06-24T11:21:00Z,B1036,Priya Dubois,ROOM-B,UNLOCK
2026-06-24T11:25:00Z,B1036,Priya Dubois,ROOM-D,UNLOCK
2026-06-24T11:35:00Z,B1036,Priya Dubois,ROOM-A,UNLOCK
2026-06-24T12:13:00Z,B1017,Sofia Larsen,ROOM-C,UNLOCK
2026-06-24T12:13:00Z,B1017,Sofia Larsen,ROOM-E,UNLOCK
2026-06-24T12:14:00Z,B1017,Sofia Larsen,ROOM-E,UNLOCK
2026-06-24T12:19:00Z,B1017,Sofia Larsen,ROOM-D,UNLOCK
2026-06-24T12:21:00Z,B1017,Sofia Larsen,ROOM-E,UNLOCK
2026-06-24T12:22:00Z,B1017,Sofia Larsen,ROOM-F,UNLOCK
2026-06-24T13:41:00Z,B1002,Priya Novak,MAIN-ENTRANCE,OUT
2026-06-24T13:44:00Z,B1024,Samuel Tanaka,MAIN-ENTRANCE,IN
2026-06-24T13:49:00Z,B1036,Priya Dubois,MAIN-ENTRANCE,OUT
2026-06-24T14:08:00Z,B1017,Sofia Larsen,MAIN-ENTRANCE,OUT
2026-06-24T15:24:00Z,B1036,Priya Dubois,ROOM-D,UNLOCK
2026-06-24T17:15:00Z,B1024,Samuel Tanaka,ROOM-D,UNLOCK
2026-06-24T17:15:00Z,B1024,Samuel Tanaka,ROOM-E,UNLOCK
2026-06-24T17:16:00Z,B1024,Samuel Tanaka,ROOM-D,UNLOCK
2026-06-24T17:17:00Z,B1024,Samuel Tanaka,ROOM-A,UNLOCK
2026-06-24T17:18:00Z,B1024,Samuel Tanaka,ROOM-B,UNLOCK
2026-06-24T17:18:00Z,B1024,Samuel Tanaka,ROOM-D,UNLOCK
2026-06-24T17:20:00Z,B1024,Samuel Tanaka,ROOM-C,UNLOCK
2026-06-24T17:20:00Z,B1024,Samuel Tanaka,ROOM-E,UNLOCK
2026-06-24T17:20:00Z,B1024,Samuel Tanaka,ROOM-F,UNLOCK
2026-06-24T17:21:00Z,B1024,Samuel Tanaka,ROOM-A,UNLOCK
2026-06-24T17:21:00Z,B1024,Samuel Tanaka,ROOM-E,UNLOCK
2026-06-24T17:23:00Z,B1024,Samuel Tanaka,ROOM-C,UNLOCK
2026-06-24T17:26:00Z,B1024,Samuel Tanaka,ROOM-A,UNLOCK
2026-06-24T17:26:00Z,B1024,Samuel Tanaka,ROOM-C,UNLOCK
2026-06-24T21:48:00Z,B1028,Maya Mensah,MAIN-ENTRANCE,IN
2026-06-24T21:50:00Z,B1009,Hana Tanaka,MAIN-ENTRANCE,IN
2026-06-24T21:58:00Z,B1024,Samuel Tanaka,MAIN-ENTRANCE,OUT
2026-06-24T23:42:00Z,B1009,Hana Tanaka,ROOM-D,UNLOCK
2026-06-25T01:57:00Z,B1009,Hana Tanaka,ROOM-E,UNLOCK
2026-06-25T05:44:00Z,B1002,Priya Novak,MAIN-ENTRANCE,IN
2026-06-25T05:53:00Z,B1009,Hana Tanaka,MAIN-ENTRANCE,OUT
2026-06-25T05:53:00Z,B1017,Sofia Larsen,MAIN-ENTRANCE,IN
2026-06-25T05:54:00Z,B1028,Maya Mensah,MAIN-ENTRANCE,OUT
2026-06-25T05:56:00Z,B1036,Priya Dubois,MAIN-ENTRANCE,IN
2026-06-25T08:14:00Z,B1036,Priya Dubois,ROOM-E,UNLOCK
2026-06-25T08:22:00Z,B1036,Priya Dubois,ROOM-D,UNLOCK
2026-06-25T08:25:00Z,B1017,Sofia Larsen,ROOM-C,UNLOCK
2026-06-25T08:25:00Z,B1017,Sofia Larsen,ROOM-F,UNLOCK
2026-06-25T08:25:00Z,B1017,Sofia Larsen,ROOM-F,UNLOCK
2026-06-25T08:26:00Z,B1017,Sofia Larsen,ROOM-A,UNLOCK
2026-06-25T08:29:00Z,B1017,Sofia Larsen,ROOM-D,UNLOCK
2026-06-25T08:30:00Z,B1036,Priya Dubois,ROOM-C,UNLOCK
2026-06-25T08:31:00Z,B1017,Sofia Larsen,ROOM-D,UNLOCK
2026-06-25T08:31:00Z,B1017,Sofia Larsen,ROOM-E,UNLOCK
2026-06-25T08:31:00Z,B1017,Sofia Larsen,ROOM-E,UNLOCK
2026-06-25T08:40:00Z,B1017,Sofia Larsen,ROOM-D,UNLOCK
2026-06-25T08:40:00Z,B1017,Sofia Larsen,ROOM-E,UNLOCK
2026-06-25T08:41:00Z,B1017,Sofia Larsen,ROOM-D,UNLOCK
2026-06-25T08:41:00Z,B1017,Sofia Larsen,ROOM-F,UNLOCK
2026-06-25T08:42:00Z,B1017,Sofia Larsen,ROOM-B,UNLOCK
2026-06-25T08:45:00Z,B1017,Sofia Larsen,ROOM-A,UNLOCK
2026-06-25T08:45:00Z,B1017,Sofia Larsen,ROOM-F,UNLOCK
2026-06-25T08:46:00Z,B1017,Sofia Larsen,ROOM-C,UNLOCK
2026-06-25T08:47:00Z,B1017,Sofia Larsen,ROOM-B,UNLOCK
2026-06-25T08:48:00Z,B1017,Sofia Larsen,ROOM-E,UNLOCK
2026-06-25T08:59:00Z,B1002,Priya Novak,ROOM-A,UNLOCK
2026-06-25T09:03:00Z,B1017,Sofia Larsen,ROOM-E,UNLOCK
2026-06-25T09:04:00Z,B1017,Sofia Larsen,ROOM-A,UNLOCK
2026-06-25T09:04:00Z,B1017,Sofia Larsen,ROOM-A,UNLOCK
2026-06-25T09:08:00Z,B1017,Sofia Larsen,ROOM-A,UNLOCK
2026-06-25T09:08:00Z,B1017,Sofia Larsen,ROOM-F,UNLOCK
2026-06-25T09:10:00Z,B1017,Sofia Larsen,ROOM-B,UNLOCK
2026-06-25T09:12:00Z,B1002,Priya Novak,ROOM-C,UNLOCK
2026-06-25T09:17:00Z,B1002,Priya Novak,ROOM-D,UNLOCK
2026-06-25T09:26:00Z,B1002,Priya Novak,ROOM-E,UNLOCK
2026-06-25T12:00:00Z,B1036,Priya Dubois,ROOM-D,UNLOCK
2026-06-25T12:56:00Z,B1036,Priya Dubois,ROOM-D,UNLOCK
2026-06-25T13:41:00Z,B1024,Samuel Tanaka,MAIN-ENTRANCE,IN
2026-06-25T13:43:00Z,B1017,Sofia Larsen,MAIN-ENTRANCE,OUT
2026-06-25T13:52:00Z,B1002,Priya Novak,MAIN-ENTRANCE,OUT
2026-06-25T14:10:00Z,B1036,Priya Dubois,MAIN-ENTRANCE,OUT
2026-06-25T14:18:00Z,B1024,Samuel Tanaka,ROOM-C,UNLOCK
2026-06-25T14:19:00Z,B1024,Samuel Tanaka,ROOM-B,UNLOCK
2026-06-25T14:19:00Z,B1024,Samuel Tanaka,ROOM-B,UNLOCK
2026-06-25T14:19:00Z,B1024,Samuel Tanaka,ROOM-C,UNLOCK
2026-06-25T14:19:00Z,B1024,Samuel Tanaka,ROOM-C,UNLOCK
2026-06-25T14:19:00Z,B1024,Samuel Tanaka,ROOM-F,UNLOCK
2026-06-25T14:20:00Z,B1024,Samuel Tanaka,ROOM-A,UNLOCK
2026-06-25T14:21:00Z,B1024,Samuel Tanaka,ROOM-E,UNLOCK
2026-06-25T14:22:00Z,B1036,Priya Dubois,ROOM-D,UNLOCK
2026-06-25T14:23:00Z,B1024,Samuel Tanaka,ROOM-B,UNLOCK
2026-06-25T14:24:00Z,B1024,Samuel Tanaka,ROOM-C,UNLOCK
2026-06-25T14:24:00Z,B1024,Samuel Tanaka,ROOM-D,UNLOCK
2026-06-25T14:24:00Z,B1024,Samuel Tanaka,ROOM-F,UNLOCK
2026-06-25T14:25:00Z,B1024,Samuel Tanaka,ROOM-A,UNLOCK
2026-06-25T14:25:00Z,B1024,Samuel Tanaka,ROOM-B,UNLOCK
2026-06-25T14:26:00Z,B1024,Samuel Tanaka,ROOM-E,UNLOCK
2026-06-25T14:26:00Z,B1024,Samuel Tanaka,ROOM-E,UNLOCK
2026-06-25T15:09:00Z,B1036,Priya Dubois,ROOM-D,UNLOCK
2026-06-25T17:21:00Z,B1024,Samuel Tanaka,ROOM-C,UNLOCK
2026-06-25T17:22:00Z,B1024,Samuel Tanaka,ROOM-C,UNLOCK
2026-06-25T17:22:00Z,B1024,Samuel Tanaka,ROOM-D,UNLOCK
2026-06-25T17:27:00Z,B1024,Samuel Tanaka,ROOM-D,UNLOCK
2026-06-25T17:28:00Z,B1024,Samuel Tanaka,ROOM-A,UNLOCK
2026-06-25T17:28:00Z,B1024,Samuel Tanaka,ROOM-E,UNLOCK
2026-06-25T18:09:00Z,B1024,Samuel Tanaka,ROOM-E,UNLOCK
2026-06-25T18:10:00Z,B1024,Samuel Tanaka,ROOM-B,UNLOCK
2026-06-25T18:10:00Z,B1024,Samuel Tanaka,ROOM-E,UNLOCK
2026-06-25T18:11:00Z,B1024,Samuel Tanaka,ROOM-F,UNLOCK
2026-06-25T18:14:00Z,B1024,Samuel Tanaka,ROOM-B,UNLOCK
2026-06-25T18:16:00Z,B1024,Samuel Tanaka,ROOM-C,UNLOCK
2026-06-25T18:16:00Z,B1024,Samuel Tanaka,ROOM-D,UNLOCK
2026-06-25T18:16:00Z,B1024,Samuel Tanaka,ROOM-F,UNLOCK
2026-06-25T21:41:00Z,B1024,Samuel Tanaka,MAIN-ENTRANCE,OUT
2026-06-25T21:48:00Z,B1028,Maya Mensah,MAIN-ENTRANCE,IN
2026-06-25T21:49:00Z,B1009,Hana Tanaka,MAIN-ENTRANCE,IN
2026-06-26T00:59:00Z,B1009,Hana Tanaka,ROOM-B,UNLOCK
2026-06-26T01:26:00Z,B1009,Hana Tanaka,ROOM-C,UNLOCK
2026-06-26T05:38:00Z,B1028,Maya Mensah,MAIN-ENTRANCE,OUT
2026-06-26T05:42:00Z,B1002,Priya Novak,MAIN-ENTRANCE,IN
2026-06-26T05:47:00Z,B1017,Sofia Larsen,MAIN-ENTRANCE,IN
2026-06-26T05:53:00Z,B1036,Priya Dubois,MAIN-ENTRANCE,IN
2026-06-26T06:09:00Z,B1009,Hana Tanaka,MAIN-ENTRANCE,OUT
2026-06-26T06:45:00Z,B1017,Sofia Larsen,ROOM-D,UNLOCK
2026-06-26T06:45:00Z,B1017,Sofia Larsen,ROOM-F,UNLOCK
2026-06-26T06:46:00Z,B1017,Sofia Larsen,ROOM-E,UNLOCK
2026-06-26T06:50:00Z,B1017,Sofia Larsen,ROOM-A,UNLOCK
2026-06-26T06:51:00Z,B1017,Sofia Larsen,ROOM-A,UNLOCK
2026-06-26T06:51:00Z,B1017,Sofia Larsen,ROOM-E,UNLOCK
2026-06-26T07:34:00Z,B1017,Sofia Larsen,ROOM-A,UNLOCK
2026-06-26T07:34:00Z,B1017,Sofia Larsen,ROOM-B,UNLOCK
2026-06-26T07:35:00Z,B1017,Sofia Larsen,ROOM-C,UNLOCK
2026-06-26T07:35:00Z,B1017,Sofia Larsen,ROOM-D,UNLOCK
2026-06-26T07:37:00Z,B1017,Sofia Larsen,ROOM-A,UNLOCK
2026-06-26T07:39:00Z,B1017,Sofia Larsen,ROOM-C,UNLOCK
2026-06-26T07:41:00Z,B1017,Sofia Larsen,ROOM-A,UNLOCK
2026-06-26T07:42:00Z,B1017,Sofia Larsen,ROOM-A,UNLOCK
2026-06-26T07:43:00Z,B1017,Sofia Larsen,ROOM-B,UNLOCK
2026-06-26T07:43:00Z,B1017,Sofia Larsen,ROOM-F,UNLOCK
2026-06-26T08:06:00Z,B1036,Priya Dubois,ROOM-D,UNLOCK
2026-06-26T08:19:00Z,B1017,Sofia Larsen,ROOM-A,UNLOCK
2026-06-26T08:19:00Z,B1017,Sofia Larsen,ROOM-E,UNLOCK
2026-06-26T08:20:00Z,B1017,Sofia Larsen,ROOM-B,UNLOCK
2026-06-26T08:20:00Z,B1017,Sofia Larsen,ROOM-C,UNLOCK
2026-06-26T08:21:00Z,B1017,Sofia Larsen,ROOM-D,UNLOCK
2026-06-26T08:22:00Z,B1017,Sofia Larsen,ROOM-B,UNLOCK
2026-06-26T08:23:00Z,B1017,Sofia Larsen,ROOM-D,UNLOCK
2026-06-26T08:24:00Z,B1017,Sofia Larsen,ROOM-B,UNLOCK
2026-06-26T08:25:00Z,B1017,Sofia Larsen,ROOM-F,UNLOCK
2026-06-26T08:26:00Z,B1017,Sofia Larsen,ROOM-F,UNLOCK
2026-06-26T08:27:00Z,B1017,Sofia Larsen,ROOM-F,UNLOCK
2026-06-26T08:29:00Z,B1017,Sofia Larsen,ROOM-A,UNLOCK
2026-06-26T10:58:00Z,B1002,Priya Novak,ROOM-A,UNLOCK
2026-06-26T11:07:00Z,B1002,Priya Novak,ROOM-C,UNLOCK
2026-06-26T11:16:00Z,B1002,Priya Novak,ROOM-D,UNLOCK
2026-06-26T11:20:00Z,B1002,Priya Novak,ROOM-E,UNLOCK
2026-06-26T11:36:00Z,B1036,Priya Dubois,ROOM-A,UNLOCK
2026-06-26T11:47:00Z,B1036,Priya Dubois,ROOM-C,UNLOCK
2026-06-26T12:00:00Z,B1036,Priya Dubois,ROOM-D,UNLOCK
2026-06-26T12:41:00Z,B1017,Sofia Larsen,ROOM-C,UNLOCK
2026-06-26T12:41:00Z,B1017,Sofia Larsen,ROOM-D,UNLOCK
2026-06-26T12:41:00Z,B1017,Sofia Larsen,ROOM-D,UNLOCK
2026-06-26T12:42:00Z,B1017,Sofia Larsen,ROOM-C,UNLOCK
2026-06-26T12:43:00Z,B1017,Sofia Larsen,ROOM-D,UNLOCK
2026-06-26T12:45:00Z,B1017,Sofia Larsen,ROOM-C,UNLOCK
2026-06-26T12:47:00Z,B1017,Sofia Larsen,ROOM-F,UNLOCK
2026-06-26T12:48:00Z,B1017,Sofia Larsen,ROOM-A,UNLOCK
2026-06-26T12:48:00Z,B1017,Sofia Larsen,ROOM-F,UNLOCK
2026-06-26T12:50:00Z,B1017,Sofia Larsen,ROOM-A,UNLOCK
2026-06-26T13:37:00Z,B1002,Priya Novak,MAIN-ENTRANCE,OUT
2026-06-26T13:39:00Z,B1036,Priya Dubois,ROOM-D,UNLOCK
2026-06-26T13:41:00Z,B1024,Samuel Tanaka,MAIN-ENTRANCE,IN
2026-06-26T14:04:00Z,B1017,Sofia Larsen,MAIN-ENTRANCE,OUT
2026-06-26T14:08:00Z,B1036,Priya Dubois,MAIN-ENTRANCE,OUT
2026-06-26T14:17:00Z,B1036,Priya Dubois,ROOM-B,UNLOCK
2026-06-26T14:48:00Z,B1024,Samuel Tanaka,ROOM-B,UNLOCK
2026-06-26T14:48:00Z,B1024,Samuel Tanaka,ROOM-D,UNLOCK
2026-06-26T14:48:00Z,B1024,Samuel Tanaka,ROOM-E,UNLOCK
2026-06-26T14:49:00Z,B1024,Samuel Tanaka,ROOM-D,UNLOCK
2026-06-26T14:49:00Z,B1024,Samuel Tanaka,ROOM-F,UNLOCK
2026-06-26T14:51:00Z,B1024,Samuel Tanaka,ROOM-A,UNLOCK
2026-06-26T14:52:00Z,B1024,Samuel Tanaka,ROOM-F,UNLOCK
2026-06-26T14:54:00Z,B1024,Samuel Tanaka,ROOM-F,UNLOCK
2026-06-26T14:55:00Z,B1024,Samuel Tanaka,ROOM-B,UNLOCK
2026-06-26T14:56:00Z,B1024,Samuel Tanaka,ROOM-A,UNLOCK
2026-06-26T14:56:00Z,B1024,Samuel Tanaka,ROOM-C,UNLOCK
2026-06-26T14:57:00Z,B1024,Samuel Tanaka,ROOM-B,UNLOCK
2026-06-26T15:05:00Z,B1036,Priya Dubois,ROOM-D,UNLOCK
2026-06-26T15:32:00Z,B1024,Samuel Tanaka,ROOM-B,UNLOCK
2026-06-26T15:32:00Z,B1024,Samuel Tanaka,ROOM-E,UNLOCK
2026-06-26T15:33:00Z,B1024,Samuel Tanaka,ROOM-D,UNLOCK
2026-06-26T15:38:00Z,B1024,Samuel Tanaka,ROOM-E,UNLOCK
2026-06-26T15:39:00Z,B1024,Samuel Tanaka,ROOM-D,UNLOCK
2026-06-26T15:40:00Z,B1024,Samuel Tanaka,ROOM-A,UNLOCK
2026-06-26T17:00:00Z,B1024,Samuel Tanaka,ROOM-B,UNLOCK
2026-06-26T17:00:00Z,B1024,Samuel Tanaka,ROOM-F,UNLOCK
2026-06-26T17:01:00Z,B1024,Samuel Tanaka,ROOM-E,UNLOCK
2026-06-26T17:03:00Z,B1024,Samuel Tanaka,ROOM-D,UNLOCK
2026-06-26T17:05:00Z,B1024,Samuel Tanaka,ROOM-E,UNLOCK
2026-06-26T17:08:00Z,B1024,Samuel Tanaka,ROOM-D,UNLOCK
2026-06-26T18:06:00Z,B1024,Samuel Tanaka,ROOM-D,UNLOCK
2026-06-26T18:06:00Z,B1024,Samuel Tanaka,ROOM-F,UNLOCK
2026-06-26T18:07:00Z,B1024,Samuel Tanaka,ROOM-E,UNLOCK
2026-06-26T18:08:00Z,B1024,Samuel Tanaka,ROOM-F,UNLOCK
2026-06-26T18:09:00Z,B1024,Samuel Tanaka,ROOM-C,UNLOCK
2026-06-26T18:09:00Z,B1024,Samuel Tanaka,ROOM-E,UNLOCK
2026-06-26T18:12:00Z,B1024,Samuel Tanaka,ROOM-C,UNLOCK
2026-06-26T18:14:00Z,B1024,Samuel Tanaka,ROOM-A,UNLOCK
2026-06-26T18:14:00Z,B1024,Samuel Tanaka,ROOM-E,UNLOCK
2026-06-26T18:15:00Z,B1024,Samuel Tanaka,ROOM-B,UNLOCK
2026-06-26T21:43:00Z,B1009,Hana Tanaka,MAIN-ENTRANCE,IN
2026-06-26T21:46:00Z,B1024,Samuel Tanaka,MAIN-ENTRANCE,OUT
2026-06-26T21:52:00Z,B1028,Maya Mensah,MAIN-ENTRANCE,IN
2026-06-27T01:15:00Z,B1009,Hana Tanaka,ROOM-F,UNLOCK
2026-06-27T02:08:00Z,B1009,Hana Tanaka,ROOM-B,UNLOCK
2026-06-27T05:50:00Z,B1028,Maya Mensah,MAIN-ENTRANCE,OUT
2026-06-27T05:51:00Z,B1002,Priya Novak,MAIN-ENTRANCE,IN
2026-06-27T05:55:00Z,B1017,Sofia Larsen,MAIN-ENTRANCE,IN
2026-06-27T06:04:00Z,B1009,Hana Tanaka,MAIN-ENTRANCE,OUT
2026-06-27T12:37:00Z,B1044,Felix Okafor,MAIN-ENTRANCE,IN (VISITOR)
2026-06-27T13:23:00Z,B1044,Felix Okafor,ROOM-D,UNLOCK
2026-06-27T13:45:00Z,B1024,Samuel Tanaka,MAIN-ENTRANCE,IN
2026-06-27T13:57:00Z,B1002,Priya Novak,MAIN-ENTRANCE,OUT
2026-06-27T14:17:00Z,B1017,Sofia Larsen,MAIN-ENTRANCE,OUT
2026-06-27T14:33:00Z,B1044,Felix Okafor,MAIN-ENTRANCE,OUT (VISITOR)
2026-06-27T17:29:00Z,B1024,Samuel Tanaka,ROOM-D,UNLOCK
2026-06-27T17:30:00Z,B1024,Samuel Tanaka,ROOM-A,UNLOCK
2026-06-27T17:30:00Z,B1024,Samuel Tanaka,ROOM-F,UNLOCK
2026-06-27T17:31:00Z,B1024,Samuel Tanaka,ROOM-B,UNLOCK
2026-06-27T17:31:00Z,B1024,Samuel Tanaka,ROOM-F,UNLOCK
2026-06-27T17:32:00Z,B1024,Samuel Tanaka,ROOM-E,UNLOCK
2026-06-27T17:35:00Z,B1024,Samuel Tanaka,ROOM-A,UNLOCK
2026-06-27T17:35:00Z,B1024,Samuel Tanaka,ROOM-E,UNLOCK
2026-06-27T17:35:00Z,B1024,Samuel Tanaka,ROOM-E,UNLOCK
2026-06-27T17:36:00Z,B1024,Samuel Tanaka,ROOM-E,UNLOCK
2026-06-27T17:38:00Z,B1024,Samuel Tanaka,ROOM-B,UNLOCK
2026-06-27T17:38:00Z,B1024,Samuel Tanaka,ROOM-C,UNLOCK
2026-06-27T19:55:00Z,B1024,Samuel Tanaka,ROOM-A,UNLOCK
2026-06-27T19:55:00Z,B1024,Samuel Tanaka,ROOM-C,UNLOCK
2026-06-27T20:02:00Z,B1024,Samuel Tanaka,ROOM-B,UNLOCK
2026-06-27T20:02:00Z,B1024,Samuel Tanaka,ROOM-D,UNLOCK
2026-06-27T21:11:00Z,B1024,Samuel Tanaka,ROOM-A,UNLOCK
2026-06-27T21:11:00Z,B1024,Samuel Tanaka,ROOM-B,UNLOCK
2026-06-27T21:11:00Z,B1024,Samuel Tanaka,ROOM-C,UNLOCK
2026-06-27T21:11:00Z,B1024,Samuel Tanaka,ROOM-D,UNLOCK
2026-06-27T21:14:00Z,B1024,Samuel Tanaka,ROOM-B,UNLOCK
2026-06-27T21:14:00Z,B1024,Samuel Tanaka,ROOM-C,UNLOCK
2026-06-27T21:15:00Z,B1024,Samuel Tanaka,ROOM-C,UNLOCK
2026-06-27T21:18:00Z,B1024,Samuel Tanaka,ROOM-A,UNLOCK
2026-06-27T21:57:00Z,B1009,Hana Tanaka,MAIN-ENTRANCE,IN
2026-06-27T21:58:00Z,B1028,Maya Mensah,MAIN-ENTRANCE,IN
2026-06-27T22:01:00Z,B1024,Samuel Tanaka,MAIN-ENTRANCE,OUT
2026-06-28T02:14:00Z,B1009,Hana Tanaka,ROOM-B,UNLOCK
2026-06-28T02:39:00Z,B1009,Hana Tanaka,ROOM-E,UNLOCK
2026-06-28T05:45:00Z,B1002,Priya Novak,MAIN-ENTRANCE,IN
2026-06-28T05:51:00Z,B1017,Sofia Larsen,MAIN-ENTRANCE,IN
2026-06-28T05:54:00Z,B1009,Hana Tanaka,MAIN-ENTRANCE,OUT
2026-06-28T06:21:00Z,B1028,Maya Mensah,MAIN-ENTRANCE,OUT
2026-06-28T09:35:00Z,B1036,Priya Dubois,ROOM-B,UNLOCK
2026-06-28T13:42:00Z,B1002,Priya Novak,MAIN-ENTRANCE,OUT
2026-06-28T13:51:00Z,B1024,Samuel Tanaka,MAIN-ENTRANCE,IN
2026-06-28T14:15:00Z,B1017,Sofia Larsen,MAIN-ENTRANCE,OUT
2026-06-28T20:19:00Z,B1024,Samuel Tanaka,ROOM-B,UNLOCK
2026-06-28T20:20:00Z,B1024,Samuel Tanaka,ROOM-B,UNLOCK
2026-06-28T20:20:00Z,B1024,Samuel Tanaka,ROOM-C,UNLOCK
2026-06-28T20:20:00Z,B1024,Samuel Tanaka,ROOM-D,UNLOCK
2026-06-28T20:22:00Z,B1024,Samuel Tanaka,ROOM-F,UNLOCK
2026-06-28T20:24:00Z,B1024,Samuel Tanaka,ROOM-F,UNLOCK
2026-06-28T20:24:00Z,B1024,Samuel Tanaka,ROOM-F,UNLOCK
2026-06-28T20:27:00Z,B1024,Samuel Tanaka,ROOM-C,UNLOCK
2026-06-28T20:27:00Z,B1024,Samuel Tanaka,ROOM-F,UNLOCK
2026-06-28T20:29:00Z,B1024,Samuel Tanaka,ROOM-B,UNLOCK
2026-06-28T21:44:00Z,B1009,Hana Tanaka,MAIN-ENTRANCE,IN
2026-06-28T21:49:00Z,B1024,Samuel Tanaka,MAIN-ENTRANCE,OUT
2026-06-28T21:55:00Z,B1028,Maya Mensah,MAIN-ENTRANCE,IN
2026-06-29T00:07:00Z,B1009,Hana Tanaka,ROOM-A,UNLOCK
2026-06-29T01:09:00Z,B1009,Hana Tanaka,ROOM-F,UNLOCK
2026-06-29T05:43:00Z,B1036,Priya Dubois,MAIN-ENTRANCE,IN
2026-06-29T05:47:00Z,B1017,Sofia Larsen,MAIN-ENTRANCE,IN
2026-06-29T05:49:00Z,B1002,Priya Novak,MAIN-ENTRANCE,IN
2026-06-29T06:02:00Z,B1009,Hana Tanaka,MAIN-ENTRANCE,OUT
2026-06-29T06:05:00Z,B1028,Maya Mensah,MAIN-ENTRANCE,OUT
2026-06-29T07:05:00Z,B1017,Sofia Larsen,ROOM-A,UNLOCK
2026-06-29T07:05:00Z,B1017,Sofia Larsen,ROOM-F,UNLOCK
2026-06-29T07:06:00Z,B1017,Sofia Larsen,ROOM-E,UNLOCK
2026-06-29T07:09:00Z,B1017,Sofia Larsen,ROOM-E,UNLOCK
2026-06-29T07:10:00Z,B1017,Sofia Larsen,ROOM-F,UNLOCK
2026-06-29T07:11:00Z,B1017,Sofia Larsen,ROOM-A,UNLOCK
2026-06-29T08:04:00Z,B1017,Sofia Larsen,ROOM-C,UNLOCK
2026-06-29T08:05:00Z,B1017,Sofia Larsen,ROOM-E,UNLOCK
2026-06-29T08:06:00Z,B1017,Sofia Larsen,ROOM-E,UNLOCK
2026-06-29T08:07:00Z,B1017,Sofia Larsen,ROOM-D,UNLOCK
2026-06-29T08:08:00Z,B1017,Sofia Larsen,ROOM-A,UNLOCK
2026-06-29T08:08:00Z,B1017,Sofia Larsen,ROOM-E,UNLOCK
2026-06-29T08:10:00Z,B1017,Sofia Larsen,ROOM-D,UNLOCK
2026-06-29T08:12:00Z,B1017,Sofia Larsen,ROOM-F,UNLOCK
2026-06-29T08:13:00Z,B1017,Sofia Larsen,ROOM-D,UNLOCK
2026-06-29T08:13:00Z,B1017,Sofia Larsen,ROOM-D,UNLOCK
2026-06-29T08:38:00Z,B1002,Priya Novak,ROOM-A,UNLOCK
2026-06-29T08:42:00Z,B1017,Sofia Larsen,ROOM-A,UNLOCK
2026-06-29T08:42:00Z,B1017,Sofia Larsen,ROOM-D,UNLOCK
2026-06-29T08:42:00Z,B1017,Sofia Larsen,ROOM-F,UNLOCK
2026-06-29T08:43:00Z,B1017,Sofia Larsen,ROOM-B,UNLOCK
2026-06-29T08:46:00Z,B1017,Sofia Larsen,ROOM-C,UNLOCK
2026-06-29T08:47:00Z,B1002,Priya Novak,ROOM-C,UNLOCK
2026-06-29T08:47:00Z,B1017,Sofia Larsen,ROOM-C,UNLOCK
2026-06-29T08:50:00Z,B1017,Sofia Larsen,ROOM-F,UNLOCK
2026-06-29T08:51:00Z,B1017,Sofia Larsen,ROOM-A,UNLOCK
2026-06-29T09:00:00Z,B1002,Priya Novak,ROOM-D,UNLOCK
2026-06-29T09:09:00Z,B1036,Priya Dubois,ROOM-B,UNLOCK
2026-06-29T09:14:00Z,B1002,Priya Novak,ROOM-E,UNLOCK
2026-06-29T11:03:00Z,B1036,Priya Dubois,ROOM-B,UNLOCK
2026-06-29T11:52:00Z,B1036,Priya Dubois,ROOM-C,UNLOCK
2026-06-29T12:05:00Z,B1036,Priya Dubois,ROOM-E,UNLOCK
2026-06-29T12:07:00Z,B1036,Priya Dubois,ROOM-B,UNLOCK
2026-06-29T12:18:00Z,B1036,Priya Dubois,ROOM-A,UNLOCK
2026-06-29T12:29:00Z,B1036,Priya Dubois,ROOM-B,UNLOCK
2026-06-29T12:35:00Z,B1017,Sofia Larsen,ROOM-F,UNLOCK
2026-06-29T12:40:00Z,B1017,Sofia Larsen,ROOM-B,UNLOCK
2026-06-29T13:39:00Z,B1017,Sofia Larsen,MAIN-ENTRANCE,OUT
2026-06-29T13:49:00Z,B1024,Samuel Tanaka,MAIN-ENTRANCE,IN
2026-06-29T14:06:00Z,B1002,Priya Novak,MAIN-ENTRANCE,OUT
2026-06-29T14:06:00Z,B1036,Priya Dubois,MAIN-ENTRANCE,OUT
2026-06-29T15:40:00Z,B1036,Priya Dubois,ROOM-D,UNLOCK
2026-06-29T18:51:00Z,B1024,Samuel Tanaka,ROOM-B,UNLOCK
2026-06-29T18:51:00Z,B1024,Samuel Tanaka,ROOM-B,UNLOCK
2026-06-29T18:51:00Z,B1024,Samuel Tanaka,ROOM-C,UNLOCK
2026-06-29T18:51:00Z,B1024,Samuel Tanaka,ROOM-E,UNLOCK
2026-06-29T18:54:00Z,B1024,Samuel Tanaka,ROOM-A,UNLOCK
2026-06-29T18:56:00Z,B1024,Samuel Tanaka,ROOM-D,UNLOCK
2026-06-29T18:57:00Z,B1024,Samuel Tanaka,ROOM-D,UNLOCK
2026-06-29T18:59:00Z,B1024,Samuel Tanaka,ROOM-F,UNLOCK
2026-06-29T21:42:00Z,B1028,Maya Mensah,MAIN-ENTRANCE,IN
2026-06-29T21:49:00Z,B1009,Hana Tanaka,MAIN-ENTRANCE,IN
2026-06-29T22:12:00Z,B1024,Samuel Tanaka,MAIN-ENTRANCE,OUT
2026-06-30T02:00:00Z,B1009,Hana Tanaka,ROOM-C,UNLOCK
2026-06-30T03:52:00Z,B1009,Hana Tanaka,ROOM-E,UNLOCK
2026-06-30T05:44:00Z,B1036,Priya Dubois,MAIN-ENTRANCE,IN
2026-06-30T05:50:00Z,B1028,Maya Mensah,MAIN-ENTRANCE,OUT
2026-06-30T05:54:00Z,B1002,Priya Novak,MAIN-ENTRANCE,IN
2026-06-30T05:56:00Z,B1009,Hana Tanaka,MAIN-ENTRANCE,OUT
2026-06-30T05:56:00Z,B1017,Sofia Larsen,MAIN-ENTRANCE,IN
2026-06-30T07:55:00Z,B1036,Priya Dubois,ROOM-C,UNLOCK
2026-06-30T08:00:00Z,B1036,Priya Dubois,ROOM-A,UNLOCK
2026-06-30T08:03:00Z,B1036,Priya Dubois,ROOM-D,UNLOCK
2026-06-30T08:13:00Z,B1036,Priya Dubois,ROOM-D,UNLOCK
2026-06-30T08:30:00Z,B1002,Priya Novak,ROOM-A,UNLOCK
2026-06-30T08:35:00Z,B1017,Sofia Larsen,ROOM-E,UNLOCK
2026-06-30T08:35:00Z,B1017,Sofia Larsen,ROOM-F,UNLOCK
2026-06-30T08:36:00Z,B1017,Sofia Larsen,ROOM-D,UNLOCK
2026-06-30T08:36:00Z,B1017,Sofia Larsen,ROOM-D,UNLOCK
2026-06-30T08:37:00Z,B1017,Sofia Larsen,ROOM-F,UNLOCK
2026-06-30T08:39:00Z,B1002,Priya Novak,ROOM-C,UNLOCK
2026-06-30T08:39:00Z,B1017,Sofia Larsen,ROOM-E,UNLOCK
2026-06-30T08:39:00Z,B1017,Sofia Larsen,ROOM-E,UNLOCK
2026-06-30T08:39:00Z,B1017,Sofia Larsen,ROOM-F,UNLOCK
2026-06-30T08:40:00Z,B1017,Sofia Larsen,ROOM-A,UNLOCK
2026-06-30T08:43:00Z,B1017,Sofia Larsen,ROOM-C,UNLOCK
2026-06-30T08:48:00Z,B1002,Priya Novak,ROOM-D,UNLOCK
2026-06-30T08:56:00Z,B1002,Priya Novak,ROOM-E,UNLOCK
2026-06-30T09:43:00Z,B1017,Sofia Larsen,ROOM-A,UNLOCK
2026-06-30T09:43:00Z,B1017,Sofia Larsen,ROOM-D,UNLOCK
2026-06-30T09:47:00Z,B1017,Sofia Larsen,ROOM-E,UNLOCK
2026-06-30T09:50:00Z,B1017,Sofia Larsen,ROOM-E,UNLOCK
2026-06-30T10:04:00Z,B1017,Sofia Larsen,ROOM-C,UNLOCK
2026-06-30T10:04:00Z,B1017,Sofia Larsen,ROOM-C,UNLOCK
2026-06-30T10:04:00Z,B1017,Sofia Larsen,ROOM-F,UNLOCK
2026-06-30T10:04:00Z,B1017,Sofia Larsen,ROOM-F,UNLOCK
2026-06-30T10:05:00Z,B1017,Sofia Larsen,ROOM-F,UNLOCK
2026-06-30T10:08:00Z,B1017,Sofia Larsen,ROOM-C,UNLOCK
2026-06-30T10:08:00Z,B1017,Sofia Larsen,ROOM-F,UNLOCK
2026-06-30T10:09:00Z,B1017,Sofia Larsen,ROOM-B,UNLOCK
2026-06-30T10:11:00Z,B1017,Sofia Larsen,ROOM-C,UNLOCK
2026-06-30T10:11:00Z,B1017,Sofia Larsen,ROOM-E,UNLOCK
2026-06-30T11:31:00Z,B1036,Priya Dubois,ROOM-D,UNLOCK
2026-06-30T12:00:00Z,B1017,Sofia Larsen,ROOM-E,UNLOCK
2026-06-30T12:00:00Z,B1017,Sofia Larsen,ROOM-E,UNLOCK
2026-06-30T12:04:00Z,B1017,Sofia Larsen,ROOM-B,UNLOCK
2026-06-30T12:07:00Z,B1017,Sofia Larsen,ROOM-C,UNLOCK
2026-06-30T13:46:00Z,B1024,Samuel Tanaka,MAIN-ENTRANCE,IN
2026-06-30T13:50:00Z,B1017,Sofia Larsen,MAIN-ENTRANCE,OUT
2026-06-30T13:53:00Z,B1002,Priya Novak,MAIN-ENTRANCE,OUT
2026-06-30T14:04:00Z,B1036,Priya Dubois,MAIN-ENTRANCE,OUT
2026-06-30T14:24:00Z,B1036,Priya Dubois,ROOM-B,UNLOCK
2026-06-30T17:59:00Z,B1024,Samuel Tanaka,ROOM-C,UNLOCK
2026-06-30T17:59:00Z,B1024,Samuel Tanaka,ROOM-F,UNLOCK
2026-06-30T18:04:00Z,B1024,Samuel Tanaka,ROOM-F,UNLOCK
2026-06-30T18:06:00Z,B1024,Samuel Tanaka,ROOM-E,UNLOCK
2026-06-30T19:20:00Z,B1024,Samuel Tanaka,ROOM-F,UNLOCK
2026-06-30T19:20:00Z,B1024,Samuel Tanaka,ROOM-F,UNLOCK
2026-06-30T19:21:00Z,B1024,Samuel Tanaka,ROOM-C,UNLOCK
2026-06-30T19:24:00Z,B1024,Samuel Tanaka,ROOM-A,UNLOCK
2026-06-30T19:25:00Z,B1024,Samuel Tanaka,ROOM-C,UNLOCK
2026-06-30T19:27:00Z,B1024,Samuel Tanaka,ROOM-D,UNLOCK
2026-06-30T20:01:00Z,B1024,Samuel Tanaka,ROOM-D,UNLOCK
2026-06-30T20:01:00Z,B1024,Samuel Tanaka,ROOM-E,UNLOCK
2026-06-30T20:03:00Z,B1024,Samuel Tanaka,ROOM-E,UNLOCK
2026-06-30T20:03:00Z,B1024,Samuel Tanaka,ROOM-F,UNLOCK
2026-06-30T20:04:00Z,B1024,Samuel Tanaka,ROOM-C,UNLOCK
2026-06-30T20:05:00Z,B1024,Samuel Tanaka,ROOM-A,UNLOCK
2026-06-30T20:05:00Z,B1024,Samuel Tanaka,ROOM-E,UNLOCK
2026-06-30T20:05:00Z,B1024,Samuel Tanaka,ROOM-F,UNLOCK
2026-06-30T20:06:00Z,B1024,Samuel Tanaka,ROOM-C,UNLOCK
2026-06-30T20:08:00Z,B1024,Samuel Tanaka,ROOM-C,UNLOCK
2026-06-30T20:09:00Z,B1024,Samuel Tanaka,ROOM-C,UNLOCK
2026-06-30T20:09:00Z,B1024,Samuel Tanaka,ROOM-C,UNLOCK
2026-06-30T20:09:00Z,B1024,Samuel Tanaka,ROOM-F,UNLOCK
2026-06-30T20:13:00Z,B1024,Samuel Tanaka,ROOM-B,UNLOCK
2026-06-30T21:46:00Z,B1009,Hana Tanaka,MAIN-ENTRANCE,IN
2026-06-30T21:47:00Z,B1028,Maya Mensah,MAIN-ENTRANCE,IN
2026-06-30T22:10:00Z,B1024,Samuel Tanaka,MAIN-ENTRANCE,OUT
2026-06-30T23:45:00Z,B1009,Hana Tanaka,ROOM-D,UNLOCK
2026-07-01T03:40:00Z,B1009,Hana Tanaka,ROOM-E,UNLOCK
2026-07-01T05:46:00Z,B1002,Priya Novak,MAIN-ENTRANCE,IN
2026-07-01T05:46:00Z,B1028,Maya Mensah,MAIN-ENTRANCE,OUT
2026-07-01T05:48:00Z,B1009,Hana Tanaka,MAIN-ENTRANCE,OUT
2026-07-01T05:55:00Z,B1017,Sofia Larsen,MAIN-ENTRANCE,IN
2026-07-01T05:55:00Z,B1036,Priya Dubois,MAIN-ENTRANCE,IN
2026-07-01T07:26:00Z,B1002,Priya Novak,ROOM-A,UNLOCK
2026-07-01T07:30:00Z,B1002,Priya Novak,ROOM-C,UNLOCK
2026-07-01T07:31:00Z,B1036,Priya Dubois,ROOM-D,UNLOCK
2026-07-01T07:35:00Z,B1002,Priya Novak,ROOM-D,UNLOCK
2026-07-01T07:35:00Z,B1036,Priya Dubois,ROOM-C,UNLOCK
2026-07-01T07:48:00Z,B1002,Priya Novak,ROOM-E,UNLOCK
2026-07-01T07:48:00Z,B1036,Priya Dubois,ROOM-E,UNLOCK
2026-07-01T09:02:00Z,B1017,Sofia Larsen,ROOM-C,UNLOCK
2026-07-01T09:03:00Z,B1017,Sofia Larsen,ROOM-C,UNLOCK
2026-07-01T09:03:00Z,B1017,Sofia Larsen,ROOM-D,UNLOCK
2026-07-01T09:06:00Z,B1017,Sofia Larsen,ROOM-F,UNLOCK
2026-07-01T09:07:00Z,B1017,Sofia Larsen,ROOM-A,UNLOCK
2026-07-01T09:09:00Z,B1017,Sofia Larsen,ROOM-D,UNLOCK
2026-07-01T09:31:00Z,B1036,Priya Dubois,ROOM-D,UNLOCK
2026-07-01T12:02:00Z,B1017,Sofia Larsen,ROOM-A,UNLOCK
2026-07-01T12:02:00Z,B1017,Sofia Larsen,ROOM-F,UNLOCK
2026-07-01T12:03:00Z,B1017,Sofia Larsen,ROOM-C,UNLOCK
2026-07-01T12:09:00Z,B1017,Sofia Larsen,ROOM-C,UNLOCK
2026-07-01T12:09:00Z,B1017,Sofia Larsen,ROOM-C,UNLOCK
2026-07-01T12:09:00Z,B1017,Sofia Larsen,ROOM-E,UNLOCK
2026-07-01T12:39:00Z,B1017,Sofia Larsen,ROOM-B,UNLOCK
2026-07-01T12:39:00Z,B1017,Sofia Larsen,ROOM-C,UNLOCK
2026-07-01T12:39:00Z,B1017,Sofia Larsen,ROOM-E,UNLOCK
2026-07-01T12:40:00Z,B1017,Sofia Larsen,ROOM-C,UNLOCK
2026-07-01T12:41:00Z,B1017,Sofia Larsen,ROOM-F,UNLOCK
2026-07-01T12:43:00Z,B1017,Sofia Larsen,ROOM-B,UNLOCK
2026-07-01T12:43:00Z,B1017,Sofia Larsen,ROOM-C,UNLOCK
2026-07-01T12:45:00Z,B1017,Sofia Larsen,ROOM-C,UNLOCK
2026-07-01T12:47:00Z,B1017,Sofia Larsen,ROOM-C,UNLOCK
2026-07-01T12:47:00Z,B1017,Sofia Larsen,ROOM-E,UNLOCK
2026-07-01T13:39:00Z,B1002,Priya Novak,MAIN-ENTRANCE,OUT
2026-07-01T13:41:00Z,B1024,Samuel Tanaka,MAIN-ENTRANCE,IN
2026-07-01T13:56:00Z,B1017,Sofia Larsen,MAIN-ENTRANCE,OUT
2026-07-01T14:08:00Z,B1036,Priya Dubois,MAIN-ENTRANCE,OUT
2026-07-01T16:25:00Z,B1024,Samuel Tanaka,ROOM-A,UNLOCK
2026-07-01T16:26:00Z,B1024,Samuel Tanaka,ROOM-A,UNLOCK
2026-07-01T16:26:00Z,B1024,Samuel Tanaka,ROOM-C,UNLOCK
2026-07-01T16:27:00Z,B1024,Samuel Tanaka,ROOM-B,UNLOCK
2026-07-01T16:31:00Z,B1024,Samuel Tanaka,ROOM-C,UNLOCK
2026-07-01T16:32:00Z,B1024,Samuel Tanaka,ROOM-C,UNLOCK
2026-07-01T16:33:00Z,B1024,Samuel Tanaka,ROOM-B,UNLOCK
2026-07-01T16:34:00Z,B1024,Samuel Tanaka,ROOM-F,UNLOCK
2026-07-01T18:04:00Z,B1024,Samuel Tanaka,ROOM-A,UNLOCK
2026-07-01T18:05:00Z,B1024,Samuel Tanaka,ROOM-F,UNLOCK
2026-07-01T18:05:00Z,B1024,Samuel Tanaka,ROOM-F,UNLOCK
2026-07-01T18:06:00Z,B1024,Samuel Tanaka,ROOM-E,UNLOCK
2026-07-01T18:07:00Z,B1024,Samuel Tanaka,ROOM-F,UNLOCK
2026-07-01T18:09:00Z,B1024,Samuel Tanaka,ROOM-C,UNLOCK
2026-07-01T18:10:00Z,B1024,Samuel Tanaka,ROOM-E,UNLOCK
2026-07-01T18:12:00Z,B1024,Samuel Tanaka,ROOM-F,UNLOCK
2026-07-01T19:54:00Z,B1024,Samuel Tanaka,ROOM-C,UNLOCK
2026-07-01T19:54:00Z,B1024,Samuel Tanaka,ROOM-F,UNLOCK
2026-07-01T19:58:00Z,B1024,Samuel Tanaka,ROOM-B,UNLOCK
2026-07-01T19:59:00Z,B1024,Samuel Tanaka,ROOM-A,UNLOCK
2026-07-01T20:39:00Z,B1024,Samuel Tanaka,ROOM-F,UNLOCK
2026-07-01T20:40:00Z,B1024,Samuel Tanaka,ROOM-B,UNLOCK
2026-07-01T20:40:00Z,B1024,Samuel Tanaka,ROOM-C,UNLOCK
2026-07-01T20:40:00Z,B1024,Samuel Tanaka,ROOM-F,UNLOCK
2026-07-01T20:46:00Z,B1024,Samuel Tanaka,ROOM-C,UNLOCK
2026-07-01T20:46:00Z,B1024,Samuel Tanaka,ROOM-D,UNLOCK
2026-07-01T20:47:00Z,B1024,Samuel Tanaka,ROOM-D,UNLOCK
2026-07-01T20:48:00Z,B1024,Samuel Tanaka,ROOM-D,UNLOCK
2026-07-01T21:45:00Z,B1028,Maya Mensah,MAIN-ENTRANCE,IN
2026-07-01T21:54:00Z,B1024,Samuel Tanaka,MAIN-ENTRANCE,OUT
2026-07-01T21:55:00Z,B1009,Hana Tanaka,MAIN-ENTRANCE,IN
2026-07-01T23:49:00Z,B1009,Hana Tanaka,ROOM-E,UNLOCK
2026-07-02T01:24:00Z,B1009,Hana Tanaka,ROOM-F,UNLOCK
2026-07-02T05:45:00Z,B1028,Maya Mensah,MAIN-ENTRANCE,OUT
2026-07-02T05:47:00Z,B1017,Sofia Larsen,MAIN-ENTRANCE,IN
2026-07-02T05:55:00Z,B1036,Priya Dubois,MAIN-ENTRANCE,IN
2026-07-02T05:57:00Z,B1002,Priya Novak,MAIN-ENTRANCE,IN
2026-07-02T06:14:00Z,B1009,Hana Tanaka,MAIN-ENTRANCE,OUT
2026-07-02T07:42:00Z,B1017,Sofia Larsen,ROOM-B,UNLOCK
2026-07-02T07:43:00Z,B1017,Sofia Larsen,ROOM-B,UNLOCK
2026-07-02T07:43:00Z,B1017,Sofia Larsen,ROOM-D,UNLOCK
2026-07-02T07:43:00Z,B1017,Sofia Larsen,ROOM-D,UNLOCK
2026-07-02T07:44:00Z,B1017,Sofia Larsen,ROOM-D,UNLOCK
2026-07-02T07:44:00Z,B1017,Sofia Larsen,ROOM-E,UNLOCK
2026-07-02T07:46:00Z,B1017,Sofia Larsen,ROOM-E,UNLOCK
2026-07-02T07:48:00Z,B1017,Sofia Larsen,ROOM-D,UNLOCK
2026-07-02T07:48:00Z,B1017,Sofia Larsen,ROOM-F,UNLOCK
2026-07-02T07:49:00Z,B1017,Sofia Larsen,ROOM-F,UNLOCK
2026-07-02T07:49:00Z,B1017,Sofia Larsen,ROOM-F,UNLOCK
2026-07-02T07:51:00Z,B1017,Sofia Larsen,ROOM-E,UNLOCK
2026-07-02T09:19:00Z,B1036,Priya Dubois,ROOM-C,UNLOCK
2026-07-02T09:28:00Z,B1036,Priya Dubois,ROOM-A,UNLOCK
2026-07-02T09:37:00Z,B1036,Priya Dubois,ROOM-D,UNLOCK
2026-07-02T09:40:00Z,B1002,Priya Novak,ROOM-A,UNLOCK
2026-07-02T09:46:00Z,B1002,Priya Novak,ROOM-C,UNLOCK
2026-07-02T09:50:00Z,B1002,Priya Novak,ROOM-D,UNLOCK
2026-07-02T10:01:00Z,B1002,Priya Novak,ROOM-E,UNLOCK
2026-07-02T10:11:00Z,B1017,Sofia Larsen,ROOM-B,UNLOCK
2026-07-02T10:11:00Z,B1017,Sofia Larsen,ROOM-C,UNLOCK
2026-07-02T10:11:00Z,B1017,Sofia Larsen,ROOM-C,UNLOCK
2026-07-02T10:12:00Z,B1017,Sofia Larsen,ROOM-F,UNLOCK
2026-07-02T10:14:00Z,B1017,Sofia Larsen,ROOM-F,UNLOCK
2026-07-02T10:16:00Z,B1017,Sofia Larsen,ROOM-B,UNLOCK
2026-07-02T10:16:00Z,B1017,Sofia Larsen,ROOM-E,UNLOCK
2026-07-02T10:17:00Z,B1017,Sofia Larsen,ROOM-F,UNLOCK
2026-07-02T11:16:00Z,B1036,Priya Dubois,ROOM-D,UNLOCK
2026-07-02T13:49:00Z,B1024,Samuel Tanaka,MAIN-ENTRANCE,IN
2026-07-02T13:54:00Z,B1036,Priya Dubois,MAIN-ENTRANCE,OUT
2026-07-02T13:56:00Z,B1017,Sofia Larsen,MAIN-ENTRANCE,OUT
2026-07-02T14:12:00Z,B1002,Priya Novak,MAIN-ENTRANCE,OUT
2026-07-02T15:29:00Z,B1036,Priya Dubois,ROOM-B,UNLOCK
2026-07-02T16:13:00Z,B1024,Samuel Tanaka,ROOM-C,UNLOCK
2026-07-02T16:13:00Z,B1024,Samuel Tanaka,ROOM-C,UNLOCK
2026-07-02T16:13:00Z,B1024,Samuel Tanaka,ROOM-E,UNLOCK
2026-07-02T16:13:00Z,B1024,Samuel Tanaka,ROOM-E,UNLOCK
2026-07-02T16:14:00Z,B1024,Samuel Tanaka,ROOM-D,UNLOCK
2026-07-02T16:16:00Z,B1024,Samuel Tanaka,ROOM-A,UNLOCK
2026-07-02T16:18:00Z,B1024,Samuel Tanaka,ROOM-D,UNLOCK
2026-07-02T16:19:00Z,B1024,Samuel Tanaka,ROOM-B,UNLOCK
2026-07-02T16:20:00Z,B1024,Samuel Tanaka,ROOM-B,UNLOCK
2026-07-02T16:21:00Z,B1024,Samuel Tanaka,ROOM-A,UNLOCK
2026-07-02T19:07:00Z,B1024,Samuel Tanaka,ROOM-A,UNLOCK
2026-07-02T19:13:00Z,B1024,Samuel Tanaka,ROOM-F,UNLOCK
2026-07-02T20:11:00Z,B1024,Samuel Tanaka,ROOM-C,UNLOCK
2026-07-02T20:11:00Z,B1024,Samuel Tanaka,ROOM-D,UNLOCK
2026-07-02T20:11:00Z,B1024,Samuel Tanaka,ROOM-F,UNLOCK
2026-07-02T20:11:00Z,B1024,Samuel Tanaka,ROOM-F,UNLOCK
2026-07-02T20:14:00Z,B1024,Samuel Tanaka,ROOM-D,UNLOCK
2026-07-02T20:15:00Z,B1024,Samuel Tanaka,ROOM-E,UNLOCK
2026-07-02T20:16:00Z,B1024,Samuel Tanaka,ROOM-B,UNLOCK
2026-07-02T20:17:00Z,B1024,Samuel Tanaka,ROOM-F,UNLOCK
2026-07-02T21:42:00Z,B1009,Hana Tanaka,MAIN-ENTRANCE,IN
2026-07-02T21:56:00Z,B1028,Maya Mensah,MAIN-ENTRANCE,IN
2026-07-02T22:10:00Z,B1024,Samuel Tanaka,MAIN-ENTRANCE,OUT
2026-07-02T23:19:00Z,B1009,Hana Tanaka,ROOM-F,UNLOCK
2026-07-03T02:51:00Z,B1009,Hana Tanaka,ROOM-D,UNLOCK
2026-07-03T05:42:00Z,B1009,Hana Tanaka,MAIN-ENTRANCE,OUT
2026-07-03T05:50:00Z,B1017,Sofia Larsen,MAIN-ENTRANCE,IN
2026-07-03T05:51:00Z,B1036,Priya Dubois,MAIN-ENTRANCE,IN
2026-07-03T05:57:00Z,B1028,Maya Mensah,MAIN-ENTRANCE,OUT
2026-07-03T05:58:00Z,B1002,Priya Novak,MAIN-ENTRANCE,IN
2026-07-03T08:03:00Z,B1017,Sofia Larsen,ROOM-B,UNLOCK
2026-07-03T08:03:00Z,B1017,Sofia Larsen,ROOM-D,UNLOCK
2026-07-03T08:04:00Z,B1017,Sofia Larsen,ROOM-F,UNLOCK
2026-07-03T08:05:00Z,B1017,Sofia Larsen,ROOM-E,UNLOCK
2026-07-03T08:09:00Z,B1017,Sofia Larsen,ROOM-E,UNLOCK
2026-07-03T08:09:00Z,B1017,Sofia Larsen,ROOM-F,UNLOCK
2026-07-03T08:10:00Z,B1017,Sofia Larsen,ROOM-E,UNLOCK
2026-07-03T08:12:00Z,B1017,Sofia Larsen,ROOM-F,UNLOCK
2026-07-03T09:08:00Z,B1017,Sofia Larsen,ROOM-B,UNLOCK
2026-07-03T09:08:00Z,B1017,Sofia Larsen,ROOM-F,UNLOCK
2026-07-03T09:09:00Z,B1017,Sofia Larsen,ROOM-C,UNLOCK
2026-07-03T09:10:00Z,B1017,Sofia Larsen,ROOM-E,UNLOCK
2026-07-03T09:10:00Z,B1017,Sofia Larsen,ROOM-F,UNLOCK
2026-07-03T09:11:00Z,B1017,Sofia Larsen,ROOM-C,UNLOCK
2026-07-03T09:11:00Z,B1017,Sofia Larsen,ROOM-E,UNLOCK
2026-07-03T09:14:00Z,B1017,Sofia Larsen,ROOM-B,UNLOCK
2026-07-03T09:14:00Z,B1017,Sofia Larsen,ROOM-C,UNLOCK
2026-07-03T09:15:00Z,B1017,Sofia Larsen,ROOM-B,UNLOCK
2026-07-03T09:15:00Z,B1017,Sofia Larsen,ROOM-E,UNLOCK
2026-07-03T09:15:00Z,B1017,Sofia Larsen,ROOM-E,UNLOCK
2026-07-03T09:58:00Z,B1036,Priya Dubois,ROOM-E,UNLOCK
2026-07-03T10:10:00Z,B1036,Priya Dubois,ROOM-D,UNLOCK
2026-07-03T10:19:00Z,B1036,Priya Dubois,ROOM-C,UNLOCK
2026-07-03T10:47:00Z,B1002,Priya Novak,ROOM-A,UNLOCK
2026-07-03T10:52:00Z,B1002,Priya Novak,ROOM-C,UNLOCK
2026-07-03T10:56:00Z,B1002,Priya Novak,ROOM-D,UNLOCK
2026-07-03T11:02:00Z,B1002,Priya Novak,ROOM-E,UNLOCK
2026-07-03T11:02:00Z,B1017,Sofia Larsen,ROOM-A,UNLOCK
2026-07-03T11:03:00Z,B1017,Sofia Larsen,ROOM-B,UNLOCK
2026-07-03T11:03:00Z,B1017,Sofia Larsen,ROOM-B,UNLOCK
2026-07-03T11:04:00Z,B1017,Sofia Larsen,ROOM-F,UNLOCK
2026-07-03T11:06:00Z,B1017,Sofia Larsen,ROOM-C,UNLOCK
2026-07-03T11:08:00Z,B1017,Sofia Larsen,ROOM-D,UNLOCK
2026-07-03T11:08:00Z,B1017,Sofia Larsen,ROOM-F,UNLOCK
2026-07-03T11:09:00Z,B1017,Sofia Larsen,ROOM-B,UNLOCK
2026-07-03T11:27:00Z,B1017,Sofia Larsen,ROOM-E,UNLOCK
2026-07-03T11:27:00Z,B1017,Sofia Larsen,ROOM-F,UNLOCK
2026-07-03T11:28:00Z,B1017,Sofia Larsen,ROOM-B,UNLOCK
2026-07-03T11:29:00Z,B1017,Sofia Larsen,ROOM-A,UNLOCK
2026-07-03T11:29:00Z,B1017,Sofia Larsen,ROOM-F,UNLOCK
2026-07-03T11:30:00Z,B1017,Sofia Larsen,ROOM-B,UNLOCK
2026-07-03T11:30:00Z,B1017,Sofia Larsen,ROOM-B,UNLOCK
2026-07-03T11:31:00Z,B1017,Sofia Larsen,ROOM-E,UNLOCK
2026-07-03T11:33:00Z,B1017,Sofia Larsen,ROOM-A,UNLOCK
2026-07-03T11:35:00Z,B1017,Sofia Larsen,ROOM-F,UNLOCK
2026-07-03T11:36:00Z,B1017,Sofia Larsen,ROOM-B,UNLOCK
2026-07-03T11:36:00Z,B1017,Sofia Larsen,ROOM-F,UNLOCK
2026-07-03T12:29:00Z,B1036,Priya Dubois,ROOM-D,UNLOCK
2026-07-03T13:44:00Z,B1024,Samuel Tanaka,MAIN-ENTRANCE,IN
2026-07-03T13:48:00Z,B1017,Sofia Larsen,MAIN-ENTRANCE,OUT
2026-07-03T13:50:00Z,B1002,Priya Novak,MAIN-ENTRANCE,OUT
2026-07-03T14:01:00Z,B1036,Priya Dubois,MAIN-ENTRANCE,OUT
2026-07-03T14:38:00Z,B1024,Samuel Tanaka,ROOM-C,UNLOCK
2026-07-03T14:38:00Z,B1024,Samuel Tanaka,ROOM-D,UNLOCK
2026-07-03T14:39:00Z,B1024,Samuel Tanaka,ROOM-A,UNLOCK
2026-07-03T14:39:00Z,B1024,Samuel Tanaka,ROOM-B,UNLOCK
2026-07-03T14:39:00Z,B1024,Samuel Tanaka,ROOM-C,UNLOCK
2026-07-03T14:42:00Z,B1024,Samuel Tanaka,ROOM-B,UNLOCK
2026-07-03T14:44:00Z,B1024,Samuel Tanaka,ROOM-D,UNLOCK
2026-07-03T14:44:00Z,B1024,Samuel Tanaka,ROOM-F,UNLOCK
2026-07-03T14:45:00Z,B1024,Samuel Tanaka,ROOM-C,UNLOCK
2026-07-03T14:45:00Z,B1024,Samuel Tanaka,ROOM-F,UNLOCK
2026-07-03T17:56:00Z,B1024,Samuel Tanaka,ROOM-D,UNLOCK
2026-07-03T17:56:00Z,B1024,Samuel Tanaka,ROOM-E,UNLOCK
2026-07-03T17:56:00Z,B1024,Samuel Tanaka,ROOM-F,UNLOCK
2026-07-03T18:01:00Z,B1024,Samuel Tanaka,ROOM-A,UNLOCK
2026-07-03T18:03:00Z,B1024,Samuel Tanaka,ROOM-F,UNLOCK
2026-07-03T18:04:00Z,B1024,Samuel Tanaka,ROOM-B,UNLOCK
2026-07-03T21:02:00Z,B1024,Samuel Tanaka,ROOM-A,UNLOCK
2026-07-03T21:02:00Z,B1024,Samuel Tanaka,ROOM-C,UNLOCK
2026-07-03T21:07:00Z,B1024,Samuel Tanaka,ROOM-C,UNLOCK
2026-07-03T21:08:00Z,B1024,Samuel Tanaka,ROOM-E,UNLOCK
2026-07-03T21:47:00Z,B1028,Maya Mensah,MAIN-ENTRANCE,IN
2026-07-03T21:49:00Z,B1024,Samuel Tanaka,MAIN-ENTRANCE,OUT
2026-07-03T21:57:00Z,B1009,Hana Tanaka,MAIN-ENTRANCE,IN
2026-07-04T02:55:00Z,B1009,Hana Tanaka,ROOM-C,UNLOCK
2026-07-04T03:12:00Z,B1009,Hana Tanaka,ROOM-E,UNLOCK
2026-07-04T05:51:00Z,B1009,Hana Tanaka,MAIN-ENTRANCE,OUT
2026-07-04T05:51:00Z,B1028,Maya Mensah,MAIN-ENTRANCE,OUT
