timestamp,panel,kwh_15min,panel_room_temp_c
2026-06-04T00:00:00Z,P1,1.951,12.6
2026-06-04T00:00:00Z,P2,1.686,12.6
2026-06-04T00:00:00Z,P3,2.092,12.6
2026-06-04T00:15:00Z,P1,1.912,12.5
2026-06-04T00:15:00Z,P2,1.728,12.5
2026-06-04T00:15:00Z,P3,2.105,12.5
2026-06-04T00:30:00Z,P1,1.602,12.4
2026-06-04T00:30:00Z,P2,1.706,12.4
2026-06-04T00:30:00Z,P3,2.108,12.4
2026-06-04T00:45:00Z,P1,1.780,12.6
2026-06-04T00:45:00Z,P2,1.965,12.6
2026-06-04T00:45:00Z,P3,2.079,12.6
2026-06-04T01:00:00Z,P1,1.894,12.3
2026-06-04T01:00:00Z,P2,2.083,12.3
2026-06-04T01:00:00Z,P3,2.146,12.3
2026-06-04T01:15:00Z,P1,0.362,12.7
2026-06-04T01:15:00Z,P2,1.603,12.7
2026-06-04T01:15:00Z,P3,2.119,12.7
2026-06-04T01:30:00Z,P1,0.336,12.3
2026-06-04T01:30:00Z,P2,1.654,12.3
2026-06-04T01:30:00Z,P3,1.172,12.3
2026-06-04T01:45:00Z,P1,1.846,11.8
2026-06-04T01:45:00Z,P2,1.533,11.8
2026-06-04T01:45:00Z,P3,0.365,11.8
2026-06-04T02:00:00Z,P1,1.541,12.7
2026-06-04T02:00:00Z,P2,1.950,12.7
2026-06-04T02:00:00Z,P3,0.339,12.7
2026-06-04T02:15:00Z,P1,1.593,12.2
2026-06-04T02:15:00Z,P2,1.539,12.2
2026-06-04T02:15:00Z,P3,0.312,12.2
2026-06-04T02:30:00Z,P1,2.960,12.0
2026-06-04T02:30:00Z,P2,1.696,12.0
2026-06-04T02:30:00Z,P3,0.341,12.0
2026-06-04T02:45:00Z,P1,0.428,12.5
2026-06-04T02:45:00Z,P2,1.768,12.5
2026-06-04T02:45:00Z,P3,0.383,12.5
2026-06-04T03:00:00Z,P1,0.346,12.4
2026-06-04T03:00:00Z,P2,2.437,12.4
2026-06-04T03:00:00Z,P3,0.331,12.4
2026-06-04T03:15:00Z,P1,1.349,12.4
2026-06-04T03:15:00Z,P2,1.075,12.4
2026-06-04T03:15:00Z,P3,0.367,12.4
2026-06-04T03:30:00Z,P1,1.444,12.5
2026-06-04T03:30:00Z,P2,1.705,12.5
2026-06-04T03:30:00Z,P3,0.312,12.5
2026-06-04T03:45:00Z,P1,1.663,13.1
2026-06-04T03:45:00Z,P2,1.667,13.1
2026-06-04T03:45:00Z,P3,0.399,13.1
2026-06-04T04:00:00Z,P1,2.018,13.0
2026-06-04T04:00:00Z,P2,2.518,13.0
2026-06-04T04:00:00Z,P3,0.331,13.0
2026-06-04T04:15:00Z,P1,2.520,13.1
2026-06-04T04:15:00Z,P2,1.610,13.1
2026-06-04T04:15:00Z,P3,0.361,13.1
2026-06-04T04:30:00Z,P1,0.337,12.9
2026-06-04T04:30:00Z,P2,1.664,12.9
2026-06-04T04:30:00Z,P3,0.343,12.9
2026-06-04T04:45:00Z,P1,0.354,13.3
2026-06-04T04:45:00Z,P2,1.737,13.3
2026-06-04T04:45:00Z,P3,0.369,13.3
2026-06-04T05:00:00Z,P1,1.639,13.1
2026-06-04T05:00:00Z,P2,1.677,13.1
2026-06-04T05:00:00Z,P3,0.392,13.1
2026-06-04T05:15:00Z,P1,0.803,13.0
2026-06-04T05:15:00Z,P2,2.004,13.0
2026-06-04T05:15:00Z,P3,0.310,13.0
2026-06-04T05:30:00Z,P1,1.101,13.4
2026-06-04T05:30:00Z,P2,1.714,13.4
2026-06-04T05:30:00Z,P3,0.351,13.4
2026-06-04T05:45:00Z,P1,2.866,13.5
2026-06-04T05:45:00Z,P2,2.069,13.5
2026-06-04T05:45:00Z,P3,0.366,13.5
2026-06-04T06:00:00Z,P1,2.321,14.1
2026-06-04T06:00:00Z,P2,4.282,14.1
2026-06-04T06:00:00Z,P3,1.711,14.1
2026-06-04T06:15:00Z,P1,2.493,14.1
2026-06-04T06:15:00Z,P2,2.621,14.1
2026-06-04T06:15:00Z,P3,2.089,14.1
2026-06-04T06:30:00Z,P1,2.050,14.4
2026-06-04T06:30:00Z,P2,1.723,14.4
2026-06-04T06:30:00Z,P3,2.054,14.4
2026-06-04T06:45:00Z,P1,2.264,14.4
2026-06-04T06:45:00Z,P2,2.998,14.4
2026-06-04T06:45:00Z,P3,2.099,14.4
2026-06-04T07:00:00Z,P1,3.230,14.7
2026-06-04T07:00:00Z,P2,3.297,14.7
2026-06-04T07:00:00Z,P3,2.115,14.7
2026-06-04T07:15:00Z,P1,3.198,14.6
2026-06-04T07:15:00Z,P2,2.837,14.6
2026-06-04T07:15:00Z,P3,2.053,14.6
2026-06-04T07:30:00Z,P1,3.250,15.2
2026-06-04T07:30:00Z,P2,3.847,15.2
2026-06-04T07:30:00Z,P3,2.128,15.2
2026-06-04T07:45:00Z,P1,1.532,15.2
2026-06-04T07:45:00Z,P2,3.846,15.2
2026-06-04T07:45:00Z,P3,1.136,15.2
2026-06-04T08:00:00Z,P1,0.345,15.3
2026-06-04T08:00:00Z,P2,1.708,15.3
2026-06-04T08:00:00Z,P3,0.335,15.3
2026-06-04T08:15:00Z,P1,0.656,15.5
2026-06-04T08:15:00Z,P2,1.749,15.5
2026-06-04T08:15:00Z,P3,0.366,15.5
2026-06-04T08:30:00Z,P1,2.309,15.9
2026-06-04T08:30:00Z,P2,2.717,15.9
2026-06-04T08:30:00Z,P3,0.379,15.9
2026-06-04T08:45:00Z,P1,2.585,16.1
2026-06-04T08:45:00Z,P2,3.829,16.1
2026-06-04T08:45:00Z,P3,0.376,16.1
2026-06-04T09:00:00Z,P1,1.978,16.0
2026-06-04T09:00:00Z,P2,3.248,16.0
2026-06-04T09:00:00Z,P3,0.332,16.0
2026-06-04T09:15:00Z,P1,3.207,16.1
2026-06-04T09:15:00Z,P2,3.531,16.1
2026-06-04T09:15:00Z,P3,1.033,16.1
2026-06-04T09:30:00Z,P1,1.955,16.6
2026-06-04T09:30:00Z,P2,3.840,16.6
2026-06-04T09:30:00Z,P3,2.075,16.6
2026-06-04T09:45:00Z,P1,2.285,16.7
2026-06-04T09:45:00Z,P2,3.848,16.7
2026-06-04T09:45:00Z,P3,2.153,16.7
2026-06-04T10:00:00Z,P1,3.185,16.8
2026-06-04T10:00:00Z,P2,3.830,16.8
2026-06-04T10:00:00Z,P3,3.852,16.8
2026-06-04T10:15:00Z,P1,2.860,17.1
2026-06-04T10:15:00Z,P2,3.863,17.1
2026-06-04T10:15:00Z,P3,4.168,17.1
2026-06-04T10:30:00Z,P1,1.611,17.0
2026-06-04T10:30:00Z,P2,3.852,17.0
2026-06-04T10:30:00Z,P3,4.110,17.0
2026-06-04T10:45:00Z,P1,2.159,17.2
2026-06-04T10:45:00Z,P2,3.873,17.2
2026-06-04T10:45:00Z,P3,4.141,17.2
2026-06-04T11:00:00Z,P1,2.997,17.6
2026-06-04T11:00:00Z,P2,3.647,17.6
2026-06-04T11:00:00Z,P3,4.100,17.6
2026-06-04T11:15:00Z,P1,1.578,17.2
2026-06-04T11:15:00Z,P2,1.685,17.2
2026-06-04T11:15:00Z,P3,3.735,17.2
2026-06-04T11:30:00Z,P1,2.345,17.9
2026-06-04T11:30:00Z,P2,1.760,17.9
2026-06-04T11:30:00Z,P3,2.140,17.9
2026-06-04T11:45:00Z,P1,2.760,18.2
2026-06-04T11:45:00Z,P2,1.971,18.2
2026-06-04T11:45:00Z,P3,2.122,18.2
2026-06-04T12:00:00Z,P1,0.340,18.2
2026-06-04T12:00:00Z,P2,3.677,18.2
2026-06-04T12:00:00Z,P3,2.101,18.2
2026-06-04T12:15:00Z,P1,0.749,18.1
2026-06-04T12:15:00Z,P2,1.410,18.1
2026-06-04T12:15:00Z,P3,2.099,18.1
2026-06-04T12:30:00Z,P1,1.918,17.8
2026-06-04T12:30:00Z,P2,0.601,17.8
2026-06-04T12:30:00Z,P3,2.098,17.8
2026-06-04T12:45:00Z,P1,0.412,18.3
2026-06-04T12:45:00Z,P2,1.673,18.3
2026-06-04T12:45:00Z,P3,2.063,18.3
2026-06-04T13:00:00Z,P1,2.048,18.1
2026-06-04T13:00:00Z,P2,3.309,18.1
2026-06-04T13:00:00Z,P3,2.157,18.1
2026-06-04T13:15:00Z,P1,3.083,18.4
2026-06-04T13:15:00Z,P2,2.401,18.4
2026-06-04T13:15:00Z,P3,2.069,18.4
2026-06-04T13:30:00Z,P1,1.611,18.5
2026-06-04T13:30:00Z,P2,0.424,18.5
2026-06-04T13:30:00Z,P3,2.111,18.5
2026-06-04T13:45:00Z,P1,1.674,18.5
2026-06-04T13:45:00Z,P2,1.717,18.5
2026-06-04T13:45:00Z,P3,2.125,18.5
2026-06-04T14:00:00Z,P1,1.510,18.5
2026-06-04T14:00:00Z,P2,3.704,18.5
2026-06-04T14:00:00Z,P3,2.082,18.5
2026-06-04T14:15:00Z,P1,0.337,18.5
2026-06-04T14:15:00Z,P2,2.456,18.5
2026-06-04T14:15:00Z,P3,2.097,18.5
2026-06-04T14:30:00Z,P1,0.866,18.5
2026-06-04T14:30:00Z,P2,0.728,18.5
2026-06-04T14:30:00Z,P3,2.113,18.5
2026-06-04T14:45:00Z,P1,3.165,18.2
2026-06-04T14:45:00Z,P2,2.145,18.2
2026-06-04T14:45:00Z,P3,2.091,18.2
2026-06-04T15:00:00Z,P1,2.850,18.7
2026-06-04T15:00:00Z,P2,4.207,18.7
2026-06-04T15:00:00Z,P3,3.642,18.7
2026-06-04T15:15:00Z,P1,3.198,18.2
2026-06-04T15:15:00Z,P2,4.412,18.2
2026-06-04T15:15:00Z,P3,4.115,18.2
2026-06-04T15:30:00Z,P1,2.905,18.1
2026-06-04T15:30:00Z,P2,2.322,18.1
2026-06-04T15:30:00Z,P3,4.201,18.1
2026-06-04T15:45:00Z,P1,1.957,17.6
2026-06-04T15:45:00Z,P2,1.777,17.6
2026-06-04T15:45:00Z,P3,4.211,17.6
2026-06-04T16:00:00Z,P1,2.192,17.6
2026-06-04T16:00:00Z,P2,1.869,17.6
2026-06-04T16:00:00Z,P3,4.084,17.6
2026-06-04T16:15:00Z,P1,3.230,18.2
2026-06-04T16:15:00Z,P2,3.925,18.2
2026-06-04T16:15:00Z,P3,4.023,18.2
2026-06-04T16:30:00Z,P1,3.233,17.4
2026-06-04T16:30:00Z,P2,2.876,17.4
2026-06-04T16:30:00Z,P3,3.985,17.4
2026-06-04T16:45:00Z,P1,3.162,17.9
2026-06-04T16:45:00Z,P2,1.679,17.9
2026-06-04T16:45:00Z,P3,4.165,17.9
2026-06-04T17:00:00Z,P1,1.991,17.3
2026-06-04T17:00:00Z,P2,1.824,17.3
2026-06-04T17:00:00Z,P3,4.133,17.3
2026-06-04T17:15:00Z,P1,1.971,17.1
2026-06-04T17:15:00Z,P2,3.886,17.1
2026-06-04T17:15:00Z,P3,4.112,17.1
2026-06-04T17:30:00Z,P1,1.944,17.0
2026-06-04T17:30:00Z,P2,2.800,17.0
2026-06-04T17:30:00Z,P3,4.153,17.0
2026-06-04T17:45:00Z,P1,2.281,17.0
2026-06-04T17:45:00Z,P2,1.696,17.0
2026-06-04T17:45:00Z,P3,4.095,17.0
2026-06-04T18:00:00Z,P1,2.589,17.0
2026-06-04T18:00:00Z,P2,1.637,17.0
2026-06-04T18:00:00Z,P3,4.088,17.0
2026-06-04T18:15:00Z,P1,2.211,16.9
2026-06-04T18:15:00Z,P2,3.799,16.9
2026-06-04T18:15:00Z,P3,4.192,16.9
2026-06-04T18:30:00Z,P1,3.264,16.7
2026-06-04T18:30:00Z,P2,3.916,16.7
2026-06-04T18:30:00Z,P3,4.121,16.7
2026-06-04T18:45:00Z,P1,3.135,16.3
2026-06-04T18:45:00Z,P2,1.845,16.3
2026-06-04T18:45:00Z,P3,4.114,16.3
2026-06-04T19:00:00Z,P1,0.751,16.3
2026-06-04T19:00:00Z,P2,1.650,16.3
2026-06-04T19:00:00Z,P3,4.131,16.3
2026-06-04T19:15:00Z,P1,0.349,16.3
2026-06-04T19:15:00Z,P2,2.666,16.3
2026-06-04T19:15:00Z,P3,4.122,16.3
2026-06-04T19:30:00Z,P1,1.808,15.3
2026-06-04T19:30:00Z,P2,3.728,15.3
2026-06-04T19:30:00Z,P3,4.093,15.3
2026-06-04T19:45:00Z,P1,0.665,15.7
2026-06-04T19:45:00Z,P2,1.733,15.7
2026-06-04T19:45:00Z,P3,4.077,15.7
2026-06-04T20:00:00Z,P1,2.288,15.6
2026-06-04T20:00:00Z,P2,1.657,15.6
2026-06-04T20:00:00Z,P3,3.302,15.6
2026-06-04T20:15:00Z,P1,3.588,15.3
2026-06-04T20:15:00Z,P2,2.493,15.3
2026-06-04T20:15:00Z,P3,2.103,15.3
2026-06-04T20:30:00Z,P1,2.035,14.9
2026-06-04T20:30:00Z,P2,3.574,14.9
2026-06-04T20:30:00Z,P3,2.105,14.9
2026-06-04T20:45:00Z,P1,1.604,14.9
2026-06-04T20:45:00Z,P2,4.186,14.9
2026-06-04T20:45:00Z,P3,0.898,14.9
2026-06-04T21:00:00Z,P1,2.511,14.3
2026-06-04T21:00:00Z,P2,4.210,14.3
2026-06-04T21:00:00Z,P3,0.374,14.3
2026-06-04T21:15:00Z,P1,2.542,14.3
2026-06-04T21:15:00Z,P2,3.917,14.3
2026-06-04T21:15:00Z,P3,0.372,14.3
2026-06-04T21:30:00Z,P1,1.616,14.3
2026-06-04T21:30:00Z,P2,3.883,14.3
2026-06-04T21:30:00Z,P3,0.401,14.3
2026-06-04T21:45:00Z,P1,2.431,14.0
2026-06-04T21:45:00Z,P2,3.905,14.0
2026-06-04T21:45:00Z,P3,0.331,14.0
2026-06-04T22:00:00Z,P1,2.563,13.7
2026-06-04T22:00:00Z,P2,3.866,13.7
2026-06-04T22:00:00Z,P3,0.366,13.7
2026-06-04T22:15:00Z,P1,1.641,13.9
2026-06-04T22:15:00Z,P2,2.986,13.9
2026-06-04T22:15:00Z,P3,0.270,13.9
2026-06-04T22:30:00Z,P1,2.571,13.3
2026-06-04T22:30:00Z,P2,1.731,13.3
2026-06-04T22:30:00Z,P3,0.381,13.3
2026-06-04T22:45:00Z,P1,2.295,13.4
2026-06-04T22:45:00Z,P2,1.673,13.4
2026-06-04T22:45:00Z,P3,0.368,13.4
2026-06-04T23:00:00Z,P1,0.356,13.4
2026-06-04T23:00:00Z,P2,3.174,13.4
2026-06-04T23:00:00Z,P3,0.363,13.4
2026-06-04T23:15:00Z,P1,1.289,13.2
2026-06-04T23:15:00Z,P2,3.131,13.2
2026-06-04T23:15:00Z,P3,1.418,13.2
2026-06-04T23:30:00Z,P1,0.978,13.2
2026-06-04T23:30:00Z,P2,1.708,13.2
2026-06-04T23:30:00Z,P3,2.099,13.2
2026-06-04T23:45:00Z,P1,0.308,13.0
2026-06-04T23:45:00Z,P2,1.696,13.0
2026-06-04T23:45:00Z,P3,2.089,13.0
2026-06-05T00:00:00Z,P1,1.514,12.9
2026-06-05T00:00:00Z,P2,2.614,12.9
2026-06-05T00:00:00Z,P3,2.123,12.9
2026-06-05T00:15:00Z,P1,2.702,12.6
2026-06-05T00:15:00Z,P2,3.872,12.6
2026-06-05T00:15:00Z,P3,2.059,12.6
2026-06-05T00:30:00Z,P1,1.626,12.4
2026-06-05T00:30:00Z,P2,0.311,12.4
2026-06-05T00:30:00Z,P3,0.896,12.4
2026-06-05T00:45:00Z,P1,1.378,12.3
2026-06-05T00:45:00Z,P2,0.305,12.3
2026-06-05T00:45:00Z,P3,0.392,12.3
2026-06-05T01:00:00Z,P1,1.420,12.7
2026-06-05T01:00:00Z,P2,2.553,12.7
2026-06-05T01:00:00Z,P3,0.308,12.7
2026-06-05T01:15:00Z,P1,0.375,12.6
2026-06-05T01:15:00Z,P2,3.454,12.6
2026-06-05T01:15:00Z,P3,0.357,12.6
2026-06-05T01:30:00Z,P1,1.104,12.4
2026-06-05T01:30:00Z,P2,1.477,12.4
2026-06-05T01:30:00Z,P3,0.368,12.4
2026-06-05T01:45:00Z,P1,1.614,12.4
2026-06-05T01:45:00Z,P2,0.424,12.4
2026-06-05T01:45:00Z,P3,0.315,12.4
2026-06-05T02:00:00Z,P1,1.660,12.5
2026-06-05T02:00:00Z,P2,1.346,12.5
2026-06-05T02:00:00Z,P3,0.405,12.5
2026-06-05T02:15:00Z,P1,2.090,12.2
2026-06-05T02:15:00Z,P2,3.316,12.2
2026-06-05T02:15:00Z,P3,0.358,12.2
2026-06-05T02:30:00Z,P1,3.071,12.8
2026-06-05T02:30:00Z,P2,1.667,12.8
2026-06-05T02:30:00Z,P3,0.384,12.8
2026-06-05T02:45:00Z,P1,0.467,12.6
2026-06-05T02:45:00Z,P2,1.619,12.6
2026-06-05T02:45:00Z,P3,0.389,12.6
2026-06-05T03:00:00Z,P1,0.331,12.6
2026-06-05T03:00:00Z,P2,2.364,12.6
2026-06-05T03:00:00Z,P3,0.352,12.6
2026-06-05T03:15:00Z,P1,1.612,12.4
2026-06-05T03:15:00Z,P2,1.250,12.4
2026-06-05T03:15:00Z,P3,0.357,12.4
2026-06-05T03:30:00Z,P1,0.863,12.3
2026-06-05T03:30:00Z,P2,1.357,12.3
2026-06-05T03:30:00Z,P3,0.360,12.3
2026-06-05T03:45:00Z,P1,1.364,13.1
2026-06-05T03:45:00Z,P2,1.720,13.1
2026-06-05T03:45:00Z,P3,0.362,13.1
2026-06-05T04:00:00Z,P1,3.219,12.9
2026-06-05T04:00:00Z,P2,2.325,12.9
2026-06-05T04:00:00Z,P3,0.295,12.9
2026-06-05T04:15:00Z,P1,1.969,13.2
2026-06-05T04:15:00Z,P2,1.795,13.2
2026-06-05T04:15:00Z,P3,0.328,13.2
2026-06-05T04:30:00Z,P1,0.426,13.1
2026-06-05T04:30:00Z,P2,0.740,13.1
2026-06-05T04:30:00Z,P3,2.003,13.1
2026-06-05T04:45:00Z,P1,1.638,13.3
2026-06-05T04:45:00Z,P2,1.719,13.3
2026-06-05T04:45:00Z,P3,2.124,13.3
2026-06-05T05:00:00Z,P1,1.176,13.2
2026-06-05T05:00:00Z,P2,3.367,13.2
2026-06-05T05:00:00Z,P3,2.088,13.2
2026-06-05T05:15:00Z,P1,0.538,13.9
2026-06-05T05:15:00Z,P2,1.464,13.9
2026-06-05T05:15:00Z,P3,1.908,13.9
2026-06-05T05:30:00Z,P1,1.596,13.7
2026-06-05T05:30:00Z,P2,0.879,13.7
2026-06-05T05:30:00Z,P3,0.372,13.7
2026-06-05T05:45:00Z,P1,3.689,13.6
2026-06-05T05:45:00Z,P2,1.668,13.6
2026-06-05T05:45:00Z,P3,0.322,13.6
2026-06-05T06:00:00Z,P1,2.419,14.1
2026-06-05T06:00:00Z,P2,2.927,14.1
2026-06-05T06:00:00Z,P3,0.719,14.1
2026-06-05T06:15:00Z,P1,1.611,13.8
2026-06-05T06:15:00Z,P2,2.122,13.8
2026-06-05T06:15:00Z,P3,2.225,13.8
2026-06-05T06:30:00Z,P1,3.032,14.3
2026-06-05T06:30:00Z,P2,1.388,14.3
2026-06-05T06:30:00Z,P3,2.068,14.3
2026-06-05T06:45:00Z,P1,2.374,14.5
2026-06-05T06:45:00Z,P2,2.191,14.5
2026-06-05T06:45:00Z,P3,2.115,14.5
2026-06-05T07:00:00Z,P1,3.445,14.8
2026-06-05T07:00:00Z,P2,3.026,14.8
2026-06-05T07:00:00Z,P3,2.134,14.8
2026-06-05T07:15:00Z,P1,3.376,14.7
2026-06-05T07:15:00Z,P2,3.625,14.7
2026-06-05T07:15:00Z,P3,2.112,14.7
2026-06-05T07:30:00Z,P1,3.242,15.2
2026-06-05T07:30:00Z,P2,2.444,15.2
2026-06-05T07:30:00Z,P3,2.085,15.2
2026-06-05T07:45:00Z,P1,3.223,15.3
2026-06-05T07:45:00Z,P2,3.881,15.3
2026-06-05T07:45:00Z,P3,2.110,15.3
2026-06-05T08:00:00Z,P1,3.187,15.4
2026-06-05T08:00:00Z,P2,3.886,15.4
2026-06-05T08:00:00Z,P3,2.132,15.4
2026-06-05T08:15:00Z,P1,3.231,15.6
2026-06-05T08:15:00Z,P2,3.339,15.6
2026-06-05T08:15:00Z,P3,2.085,15.6
2026-06-05T08:30:00Z,P1,3.256,16.1
2026-06-05T08:30:00Z,P2,2.573,16.1
2026-06-05T08:30:00Z,P3,2.068,16.1
2026-06-05T08:45:00Z,P1,3.178,16.2
2026-06-05T08:45:00Z,P2,3.537,16.2
2026-06-05T08:45:00Z,P3,2.172,16.2
2026-06-05T09:00:00Z,P1,2.899,16.2
2026-06-05T09:00:00Z,P2,3.917,16.2
2026-06-05T09:00:00Z,P3,2.122,16.2
2026-06-05T09:15:00Z,P1,0.600,16.6
2026-06-05T09:15:00Z,P2,3.850,16.6
2026-06-05T09:15:00Z,P3,2.225,16.6
2026-06-05T09:30:00Z,P1,1.518,16.0
2026-06-05T09:30:00Z,P2,3.909,16.0
2026-06-05T09:30:00Z,P3,4.120,16.0
2026-06-05T09:45:00Z,P1,1.841,17.2
2026-06-05T09:45:00Z,P2,3.883,17.2
2026-06-05T09:45:00Z,P3,4.149,17.2
2026-06-05T10:00:00Z,P1,0.336,16.8
2026-06-05T10:00:00Z,P2,3.904,16.8
2026-06-05T10:00:00Z,P3,4.136,16.8
2026-06-05T10:15:00Z,P1,1.691,16.6
2026-06-05T10:15:00Z,P2,3.610,16.6
2026-06-05T10:15:00Z,P3,4.087,16.6
2026-06-05T10:30:00Z,P1,3.189,17.2
2026-06-05T10:30:00Z,P2,1.677,17.2
2026-06-05T10:30:00Z,P3,4.115,17.2
2026-06-05T10:45:00Z,P1,1.754,17.7
2026-06-05T10:45:00Z,P2,1.695,17.7
2026-06-05T10:45:00Z,P3,2.509,17.7
2026-06-05T11:00:00Z,P1,1.551,17.6
2026-06-05T11:00:00Z,P2,2.893,17.6
2026-06-05T11:00:00Z,P3,2.122,17.6
2026-06-05T11:15:00Z,P1,1.895,17.8
2026-06-05T11:15:00Z,P2,3.464,17.8
2026-06-05T11:15:00Z,P3,2.138,17.8
2026-06-05T11:30:00Z,P1,0.759,17.9
2026-06-05T11:30:00Z,P2,1.693,17.9
2026-06-05T11:30:00Z,P3,2.069,17.9
2026-06-05T11:45:00Z,P1,0.311,17.8
2026-06-05T11:45:00Z,P2,1.638,17.8
2026-06-05T11:45:00Z,P3,2.080,17.8
2026-06-05T12:00:00Z,P1,2.366,17.7
2026-06-05T12:00:00Z,P2,3.891,17.7
2026-06-05T12:00:00Z,P3,2.085,17.7
2026-06-05T12:15:00Z,P1,2.592,18.5
2026-06-05T12:15:00Z,P2,3.013,18.5
2026-06-05T12:15:00Z,P3,2.076,18.5
2026-06-05T12:30:00Z,P1,1.675,18.1
2026-06-05T12:30:00Z,P2,1.702,18.1
2026-06-05T12:30:00Z,P3,0.918,18.1
2026-06-05T12:45:00Z,P1,2.017,18.2
2026-06-05T12:45:00Z,P2,1.715,18.2
2026-06-05T12:45:00Z,P3,0.319,18.2
2026-06-05T13:00:00Z,P1,1.425,18.4
2026-06-05T13:00:00Z,P2,3.465,18.4
2026-06-05T13:00:00Z,P3,0.383,18.4
2026-06-05T13:15:00Z,P1,0.310,18.5
2026-06-05T13:15:00Z,P2,2.913,18.5
2026-06-05T13:15:00Z,P3,0.351,18.5
2026-06-05T13:30:00Z,P1,1.392,18.3
2026-06-05T13:30:00Z,P2,1.673,18.3
2026-06-05T13:30:00Z,P3,0.328,18.3
2026-06-05T13:45:00Z,P1,2.699,18.4
2026-06-05T13:45:00Z,P2,2.278,18.4
2026-06-05T13:45:00Z,P3,0.354,18.4
2026-06-05T14:00:00Z,P1,1.603,18.3
2026-06-05T14:00:00Z,P2,3.853,18.3
2026-06-05T14:00:00Z,P3,0.330,18.3
2026-06-05T14:15:00Z,P1,2.505,18.4
2026-06-05T14:15:00Z,P2,2.174,18.4
2026-06-05T14:15:00Z,P3,1.868,18.4
2026-06-05T14:30:00Z,P1,1.099,18.7
2026-06-05T14:30:00Z,P2,1.558,18.7
2026-06-05T14:30:00Z,P3,2.094,18.7
2026-06-05T14:45:00Z,P1,0.323,18.5
2026-06-05T14:45:00Z,P2,2.525,18.5
2026-06-05T14:45:00Z,P3,2.004,18.5
2026-06-05T15:00:00Z,P1,2.456,18.3
2026-06-05T15:00:00Z,P2,3.711,18.3
2026-06-05T15:00:00Z,P3,2.097,18.3
2026-06-05T15:15:00Z,P1,3.088,18.4
2026-06-05T15:15:00Z,P2,1.667,18.4
2026-06-05T15:15:00Z,P3,2.104,18.4
2026-06-05T15:30:00Z,P1,1.698,18.3
2026-06-05T15:30:00Z,P2,1.656,18.3
2026-06-05T15:30:00Z,P3,2.157,18.3
2026-06-05T15:45:00Z,P1,3.216,18.0
2026-06-05T15:45:00Z,P2,2.767,18.0
2026-06-05T15:45:00Z,P3,2.161,18.0
2026-06-05T16:00:00Z,P1,2.254,17.8
2026-06-05T16:00:00Z,P2,4.402,17.8
2026-06-05T16:00:00Z,P3,2.351,17.8
2026-06-05T16:15:00Z,P1,1.594,17.9
2026-06-05T16:15:00Z,P2,2.147,17.9
2026-06-05T16:15:00Z,P3,4.069,17.9
2026-06-05T16:30:00Z,P1,3.006,18.2
2026-06-05T16:30:00Z,P2,1.675,18.2
2026-06-05T16:30:00Z,P3,3.975,18.2
2026-06-05T16:45:00Z,P1,2.036,17.8
2026-06-05T16:45:00Z,P2,2.747,17.8
2026-06-05T16:45:00Z,P3,4.079,17.8
2026-06-05T17:00:00Z,P1,2.968,17.6
2026-06-05T17:00:00Z,P2,3.866,17.6
2026-06-05T17:00:00Z,P3,4.123,17.6
2026-06-05T17:15:00Z,P1,2.470,17.3
2026-06-05T17:15:00Z,P2,2.093,17.3
2026-06-05T17:15:00Z,P3,4.155,17.3
2026-06-05T17:30:00Z,P1,1.554,17.4
2026-06-05T17:30:00Z,P2,1.713,17.4
2026-06-05T17:30:00Z,P3,4.134,17.4
2026-06-05T17:45:00Z,P1,2.556,16.8
2026-06-05T17:45:00Z,P2,2.948,16.8
2026-06-05T17:45:00Z,P3,4.048,16.8
2026-06-05T18:00:00Z,P1,2.625,17.1
2026-06-05T18:00:00Z,P2,3.596,17.1
2026-06-05T18:00:00Z,P3,4.096,17.1
2026-06-05T18:15:00Z,P1,0.711,16.8
2026-06-05T18:15:00Z,P2,1.669,16.8
2026-06-05T18:15:00Z,P3,4.131,16.8
2026-06-05T18:30:00Z,P1,1.015,16.8
2026-06-05T18:30:00Z,P2,1.710,16.8
2026-06-05T18:30:00Z,P3,4.113,16.8
2026-06-05T18:45:00Z,P1,1.714,16.9
2026-06-05T18:45:00Z,P2,2.849,16.9
2026-06-05T18:45:00Z,P3,4.184,16.9
2026-06-05T19:00:00Z,P1,0.649,16.2
2026-06-05T19:00:00Z,P2,3.925,16.2
2026-06-05T19:00:00Z,P3,4.154,16.2
2026-06-05T19:15:00Z,P1,2.042,16.3
2026-06-05T19:15:00Z,P2,1.854,16.3
2026-06-05T19:15:00Z,P3,4.165,16.3
2026-06-05T19:30:00Z,P1,2.987,16.0
2026-06-05T19:30:00Z,P2,1.708,16.0
2026-06-05T19:30:00Z,P3,4.117,16.0
2026-06-05T19:45:00Z,P1,0.864,15.3
2026-06-05T19:45:00Z,P2,1.882,15.3
2026-06-05T19:45:00Z,P3,3.455,15.3
2026-06-05T20:00:00Z,P1,2.186,15.7
2026-06-05T20:00:00Z,P2,3.901,15.7
2026-06-05T20:00:00Z,P3,0.831,15.7
2026-06-05T20:15:00Z,P1,2.079,15.3
2026-06-05T20:15:00Z,P2,3.309,15.3
2026-06-05T20:15:00Z,P3,0.351,15.3
2026-06-05T20:30:00Z,P1,1.930,15.1
2026-06-05T20:30:00Z,P2,3.535,15.1
2026-06-05T20:30:00Z,P3,0.384,15.1
2026-06-05T20:45:00Z,P1,3.025,14.9
2026-06-05T20:45:00Z,P2,3.812,14.9
2026-06-05T20:45:00Z,P3,0.352,14.9
2026-06-05T21:00:00Z,P1,3.206,14.6
2026-06-05T21:00:00Z,P2,3.889,14.6
2026-06-05T21:00:00Z,P3,0.304,14.6
2026-06-05T21:15:00Z,P1,3.183,14.3
2026-06-05T21:15:00Z,P2,4.239,14.3
2026-06-05T21:15:00Z,P3,0.392,14.3
2026-06-05T21:30:00Z,P1,3.238,14.5
2026-06-05T21:30:00Z,P2,4.315,14.5
2026-06-05T21:30:00Z,P3,0.424,14.5
2026-06-05T21:45:00Z,P1,2.238,14.1
2026-06-05T21:45:00Z,P2,3.902,14.1
2026-06-05T21:45:00Z,P3,0.374,14.1
2026-06-05T22:00:00Z,P1,0.347,13.9
2026-06-05T22:00:00Z,P2,3.886,13.9
2026-06-05T22:00:00Z,P3,1.053,13.9
2026-06-05T22:15:00Z,P1,0.787,13.7
2026-06-05T22:15:00Z,P2,2.421,13.7
2026-06-05T22:15:00Z,P3,2.131,13.7
2026-06-05T22:30:00Z,P1,1.953,13.7
2026-06-05T22:30:00Z,P2,1.743,13.7
2026-06-05T22:30:00Z,P3,2.073,13.7
2026-06-05T22:45:00Z,P1,0.893,13.5
2026-06-05T22:45:00Z,P2,1.695,13.5
2026-06-05T22:45:00Z,P3,2.080,13.5
2026-06-05T23:00:00Z,P1,1.640,13.3
2026-06-05T23:00:00Z,P2,2.938,13.3
2026-06-05T23:00:00Z,P3,2.060,13.3
2026-06-05T23:15:00Z,P1,2.884,13.3
2026-06-05T23:15:00Z,P2,3.105,13.3
2026-06-05T23:15:00Z,P3,2.043,13.3
2026-06-05T23:30:00Z,P1,1.134,13.4
2026-06-05T23:30:00Z,P2,1.717,13.4
2026-06-05T23:30:00Z,P3,1.277,13.4
2026-06-05T23:45:00Z,P1,0.369,13.2
2026-06-05T23:45:00Z,P2,1.717,13.2
2026-06-05T23:45:00Z,P3,0.370,13.2
2026-06-06T00:00:00Z,P1,1.856,12.9
2026-06-06T00:00:00Z,P2,1.858,12.9
2026-06-06T00:00:00Z,P3,0.363,12.9
2026-06-06T00:15:00Z,P1,0.517,12.9
2026-06-06T00:15:00Z,P2,3.933,12.9
2026-06-06T00:15:00Z,P3,0.353,12.9
2026-06-06T00:30:00Z,P1,1.454,12.6
2026-06-06T00:30:00Z,P2,2.877,12.6
2026-06-06T00:30:00Z,P3,0.352,12.6
2026-06-06T00:45:00Z,P1,3.016,12.8
2026-06-06T00:45:00Z,P2,0.302,12.8
2026-06-06T00:45:00Z,P3,0.353,12.8
2026-06-06T01:00:00Z,P1,1.844,12.8
2026-06-06T01:00:00Z,P2,0.781,12.8
2026-06-06T01:00:00Z,P3,0.308,12.8
2026-06-06T01:15:00Z,P1,0.929,12.6
2026-06-06T01:15:00Z,P2,2.168,12.6
2026-06-06T01:15:00Z,P3,0.316,12.6
2026-06-06T01:30:00Z,P1,1.640,12.6
2026-06-06T01:30:00Z,P2,3.652,12.6
2026-06-06T01:30:00Z,P3,0.315,12.6
2026-06-06T01:45:00Z,P1,0.829,12.7
2026-06-06T01:45:00Z,P2,0.786,12.7
2026-06-06T01:45:00Z,P3,0.325,12.7
2026-06-06T02:00:00Z,P1,0.350,12.4
2026-06-06T02:00:00Z,P2,1.000,12.4
2026-06-06T02:00:00Z,P3,0.325,12.4
2026-06-06T02:15:00Z,P1,1.131,12.7
2026-06-06T02:15:00Z,P2,2.737,12.7
2026-06-06T02:15:00Z,P3,1.325,12.7
2026-06-06T02:30:00Z,P1,3.195,12.5
2026-06-06T02:30:00Z,P2,3.377,12.5
2026-06-06T02:30:00Z,P3,2.057,12.5
2026-06-06T02:45:00Z,P1,1.723,12.7
2026-06-06T02:45:00Z,P2,0.326,12.7
2026-06-06T02:45:00Z,P3,2.042,12.7
2026-06-06T03:00:00Z,P1,0.565,12.6
2026-06-06T03:00:00Z,P2,0.762,12.6
2026-06-06T03:00:00Z,P3,2.139,12.6
2026-06-06T03:15:00Z,P1,1.254,12.8
2026-06-06T03:15:00Z,P2,2.202,12.8
2026-06-06T03:15:00Z,P3,2.117,12.8
2026-06-06T03:30:00Z,P1,1.182,12.9
2026-06-06T03:30:00Z,P2,3.763,12.9
2026-06-06T03:30:00Z,P3,0.548,12.9
2026-06-06T03:45:00Z,P1,0.314,12.8
2026-06-06T03:45:00Z,P2,0.771,12.8
2026-06-06T03:45:00Z,P3,0.307,12.8
2026-06-06T04:00:00Z,P1,1.042,12.9
2026-06-06T04:00:00Z,P2,0.372,12.9
2026-06-06T04:00:00Z,P3,0.336,12.9
2026-06-06T04:15:00Z,P1,3.164,13.3
2026-06-06T04:15:00Z,P2,2.017,13.3
2026-06-06T04:15:00Z,P3,0.343,13.3
2026-06-06T04:30:00Z,P1,1.667,13.1
2026-06-06T04:30:00Z,P2,3.877,13.1
2026-06-06T04:30:00Z,P3,0.346,13.1
2026-06-06T04:45:00Z,P1,1.172,12.9
2026-06-06T04:45:00Z,P2,1.275,12.9
2026-06-06T04:45:00Z,P3,0.368,12.9
2026-06-06T05:00:00Z,P1,1.975,13.2
2026-06-06T05:00:00Z,P2,0.370,13.2
2026-06-06T05:00:00Z,P3,0.384,13.2
2026-06-06T05:15:00Z,P1,0.441,13.4
2026-06-06T05:15:00Z,P2,0.965,13.4
2026-06-06T05:15:00Z,P3,0.324,13.4
2026-06-06T05:30:00Z,P1,0.358,13.6
2026-06-06T05:30:00Z,P2,2.706,13.6
2026-06-06T05:30:00Z,P3,0.333,13.6
2026-06-06T05:45:00Z,P1,3.347,13.9
2026-06-06T05:45:00Z,P2,3.390,13.9
2026-06-06T05:45:00Z,P3,0.360,13.9
2026-06-06T06:00:00Z,P1,2.322,14.4
2026-06-06T06:00:00Z,P2,0.329,14.4
2026-06-06T06:00:00Z,P3,0.775,14.4
2026-06-06T06:15:00Z,P1,1.746,14.0
2026-06-06T06:15:00Z,P2,0.523,14.0
2026-06-06T06:15:00Z,P3,2.243,14.0
2026-06-06T06:30:00Z,P1,3.186,14.6
2026-06-06T06:30:00Z,P2,1.963,14.6
2026-06-06T06:30:00Z,P3,2.139,14.6
2026-06-06T06:45:00Z,P1,1.940,14.7
2026-06-06T06:45:00Z,P2,4.371,14.7
2026-06-06T06:45:00Z,P3,2.134,14.7
2026-06-06T07:00:00Z,P1,1.727,14.7
2026-06-06T07:00:00Z,P2,2.719,14.7
2026-06-06T07:00:00Z,P3,2.129,14.7
2026-06-06T07:15:00Z,P1,3.223,14.7
2026-06-06T07:15:00Z,P2,1.697,14.7
2026-06-06T07:15:00Z,P3,2.115,14.7
2026-06-06T07:30:00Z,P1,3.214,14.9
2026-06-06T07:30:00Z,P2,2.168,14.9
2026-06-06T07:30:00Z,P3,2.144,14.9
2026-06-06T07:45:00Z,P1,3.241,15.4
2026-06-06T07:45:00Z,P2,3.927,15.4
2026-06-06T07:45:00Z,P3,2.113,15.4
2026-06-06T08:00:00Z,P1,2.147,15.0
2026-06-06T08:00:00Z,P2,2.249,15.0
2026-06-06T08:00:00Z,P3,2.076,15.0
2026-06-06T08:15:00Z,P1,1.651,15.7
2026-06-06T08:15:00Z,P2,1.686,15.7
2026-06-06T08:15:00Z,P3,2.049,15.7
2026-06-06T08:30:00Z,P1,2.865,15.7
2026-06-06T08:30:00Z,P2,2.150,15.7
2026-06-06T08:30:00Z,P3,2.096,15.7
2026-06-06T08:45:00Z,P1,2.379,16.3
2026-06-06T08:45:00Z,P2,3.836,16.3
2026-06-06T08:45:00Z,P3,2.066,16.3
2026-06-06T09:00:00Z,P1,1.920,16.0
2026-06-06T09:00:00Z,P2,3.583,16.0
2026-06-06T09:00:00Z,P3,2.065,16.0
2026-06-06T09:15:00Z,P1,1.902,16.3
2026-06-06T09:15:00Z,P2,3.745,16.3
2026-06-06T09:15:00Z,P3,2.120,16.3
2026-06-06T09:30:00Z,P1,1.971,16.5
2026-06-06T09:30:00Z,P2,3.865,16.5
2026-06-06T09:30:00Z,P3,2.109,16.5
2026-06-06T09:45:00Z,P1,2.939,17.0
2026-06-06T09:45:00Z,P2,3.822,17.0
2026-06-06T09:45:00Z,P3,2.107,17.0
2026-06-06T10:00:00Z,P1,3.189,16.9
2026-06-06T10:00:00Z,P2,3.903,16.9
2026-06-06T10:00:00Z,P3,2.098,16.9
2026-06-06T10:15:00Z,P1,2.901,17.2
2026-06-06T10:15:00Z,P2,3.902,17.2
2026-06-06T10:15:00Z,P3,2.106,17.2
2026-06-06T10:30:00Z,P1,0.837,17.5
2026-06-06T10:30:00Z,P2,3.851,17.5
2026-06-06T10:30:00Z,P3,2.078,17.5
2026-06-06T10:45:00Z,P1,0.877,17.7
2026-06-06T10:45:00Z,P2,2.986,17.7
2026-06-06T10:45:00Z,P3,2.070,17.7
2026-06-06T11:00:00Z,P1,1.825,18.1
2026-06-06T11:00:00Z,P2,0.739,18.1
2026-06-06T11:00:00Z,P3,2.047,18.1
2026-06-06T11:15:00Z,P1,0.458,18.0
2026-06-06T11:15:00Z,P2,0.357,18.0
2026-06-06T11:15:00Z,P3,2.124,18.0
2026-06-06T11:30:00Z,P1,2.275,17.9
2026-06-06T11:30:00Z,P2,2.866,17.9
2026-06-06T11:30:00Z,P3,2.145,17.9
2026-06-06T11:45:00Z,P1,2.994,18.1
2026-06-06T11:45:00Z,P2,3.191,18.1
2026-06-06T11:45:00Z,P3,2.155,18.1
2026-06-06T12:00:00Z,P1,1.647,18.2
2026-06-06T12:00:00Z,P2,0.606,18.2
2026-06-06T12:00:00Z,P3,1.023,18.2
2026-06-06T12:15:00Z,P1,0.654,18.1
2026-06-06T12:15:00Z,P2,1.515,18.1
2026-06-06T12:15:00Z,P3,1.928,18.1
2026-06-06T12:30:00Z,P1,1.946,18.4
2026-06-06T12:30:00Z,P2,3.515,18.4
2026-06-06T12:30:00Z,P3,2.450,18.4
2026-06-06T12:45:00Z,P1,0.417,18.4
2026-06-06T12:45:00Z,P2,2.325,18.4
2026-06-06T12:45:00Z,P3,2.336,18.4
2026-06-06T13:00:00Z,P1,1.442,18.5
2026-06-06T13:00:00Z,P2,1.649,18.5
2026-06-06T13:00:00Z,P3,2.396,18.5
2026-06-06T13:15:00Z,P1,3.232,18.3
2026-06-06T13:15:00Z,P2,2.419,18.3
2026-06-06T13:15:00Z,P3,2.344,18.3
2026-06-06T13:30:00Z,P1,1.609,18.5
2026-06-06T13:30:00Z,P2,3.849,18.5
2026-06-06T13:30:00Z,P3,2.378,18.5
2026-06-06T13:45:00Z,P1,1.503,18.4
2026-06-06T13:45:00Z,P2,1.509,18.4
2026-06-06T13:45:00Z,P3,2.056,18.4
2026-06-06T14:00:00Z,P1,1.929,18.7
2026-06-06T14:00:00Z,P2,1.673,18.7
2026-06-06T14:00:00Z,P3,2.113,18.7
2026-06-06T14:15:00Z,P1,0.895,18.5
2026-06-06T14:15:00Z,P2,2.887,18.5
2026-06-06T14:15:00Z,P3,2.127,18.5
2026-06-06T14:30:00Z,P1,0.337,18.6
2026-06-06T14:30:00Z,P2,3.612,18.6
2026-06-06T14:30:00Z,P3,2.082,18.6
2026-06-06T14:45:00Z,P1,2.344,18.6
2026-06-06T14:45:00Z,P2,1.723,18.6
2026-06-06T14:45:00Z,P3,2.113,18.6
2026-06-06T15:00:00Z,P1,2.725,18.6
2026-06-06T15:00:00Z,P2,1.699,18.6
2026-06-06T15:00:00Z,P3,2.103,18.6
2026-06-06T15:15:00Z,P1,2.157,18.4
2026-06-06T15:15:00Z,P2,3.176,18.4
2026-06-06T15:15:00Z,P3,2.114,18.4
2026-06-06T15:30:00Z,P1,3.161,18.6
2026-06-06T15:30:00Z,P2,3.267,18.6
2026-06-06T15:30:00Z,P3,2.170,18.6
2026-06-06T15:45:00Z,P1,2.331,18.2
2026-06-06T15:45:00Z,P2,1.820,18.2
2026-06-06T15:45:00Z,P3,2.170,18.2
2026-06-06T16:00:00Z,P1,1.597,18.3
2026-06-06T16:00:00Z,P2,2.229,18.3
2026-06-06T16:00:00Z,P3,2.133,18.3
2026-06-06T16:15:00Z,P1,2.547,18.1
2026-06-06T16:15:00Z,P2,3.554,18.1
2026-06-06T16:15:00Z,P3,2.059,18.1
2026-06-06T16:30:00Z,P1,2.819,18.3
2026-06-06T16:30:00Z,P2,3.318,18.3
2026-06-06T16:30:00Z,P3,2.139,18.3
2026-06-06T16:45:00Z,P1,1.638,17.8
2026-06-06T16:45:00Z,P2,1.713,17.8
2026-06-06T16:45:00Z,P3,2.101,17.8
2026-06-06T17:00:00Z,P1,2.447,18.0
2026-06-06T17:00:00Z,P2,1.716,18.0
2026-06-06T17:00:00Z,P3,2.118,18.0
2026-06-06T17:15:00Z,P1,2.504,17.7
2026-06-06T17:15:00Z,P2,3.547,17.7
2026-06-06T17:15:00Z,P3,2.105,17.7
2026-06-06T17:30:00Z,P1,1.616,17.8
2026-06-06T17:30:00Z,P2,2.790,17.8
2026-06-06T17:30:00Z,P3,2.097,17.8
2026-06-06T17:45:00Z,P1,2.850,17.4
2026-06-06T17:45:00Z,P2,1.741,17.4
2026-06-06T17:45:00Z,P3,2.122,17.4
2026-06-06T18:00:00Z,P1,2.152,17.0
2026-06-06T18:00:00Z,P2,1.638,17.0
2026-06-06T18:00:00Z,P3,2.075,17.0
2026-06-06T18:15:00Z,P1,0.537,17.0
2026-06-06T18:15:00Z,P2,3.546,17.0
2026-06-06T18:15:00Z,P3,2.159,17.0
2026-06-06T18:30:00Z,P1,1.763,16.7
2026-06-06T18:30:00Z,P2,3.122,16.7
2026-06-06T18:30:00Z,P3,2.102,16.7
2026-06-06T18:45:00Z,P1,1.065,16.5
2026-06-06T18:45:00Z,P2,1.656,16.5
2026-06-06T18:45:00Z,P3,2.048,16.5
2026-06-06T19:00:00Z,P1,0.505,16.5
2026-06-06T19:00:00Z,P2,1.707,16.5
2026-06-06T19:00:00Z,P3,2.091,16.5
2026-06-06T19:15:00Z,P1,2.664,16.1
2026-06-06T19:15:00Z,P2,3.592,16.1
2026-06-06T19:15:00Z,P3,2.147,16.1
2026-06-06T19:30:00Z,P1,2.386,15.9
2026-06-06T19:30:00Z,P2,2.544,15.9
2026-06-06T19:30:00Z,P3,2.095,15.9
2026-06-06T19:45:00Z,P1,1.325,15.8
2026-06-06T19:45:00Z,P2,1.737,15.8
2026-06-06T19:45:00Z,P3,1.367,15.8
2026-06-06T20:00:00Z,P1,2.180,15.4
2026-06-06T20:00:00Z,P2,1.847,15.4
2026-06-06T20:00:00Z,P3,0.337,15.4
2026-06-06T20:15:00Z,P1,2.064,15.1
2026-06-06T20:15:00Z,P2,3.828,15.1
2026-06-06T20:15:00Z,P3,0.336,15.1
2026-06-06T20:30:00Z,P1,1.992,15.2
2026-06-06T20:30:00Z,P2,3.583,15.2
2026-06-06T20:30:00Z,P3,0.342,15.2
2026-06-06T20:45:00Z,P1,3.225,14.7
2026-06-06T20:45:00Z,P2,3.604,14.7
2026-06-06T20:45:00Z,P3,0.351,14.7
2026-06-06T21:00:00Z,P1,3.183,14.7
2026-06-06T21:00:00Z,P2,3.858,14.7
2026-06-06T21:00:00Z,P3,0.359,14.7
2026-06-06T21:15:00Z,P1,2.629,14.7
2026-06-06T21:15:00Z,P2,4.260,14.7
2026-06-06T21:15:00Z,P3,0.347,14.7
2026-06-06T21:30:00Z,P1,1.967,14.5
2026-06-06T21:30:00Z,P2,4.383,14.5
2026-06-06T21:30:00Z,P3,0.335,14.5
2026-06-06T21:45:00Z,P1,0.818,14.1
2026-06-06T21:45:00Z,P2,3.868,14.1
2026-06-06T21:45:00Z,P3,0.372,14.1
2026-06-06T22:00:00Z,P1,0.353,14.0
2026-06-06T22:00:00Z,P2,3.872,14.0
2026-06-06T22:00:00Z,P3,1.062,14.0
2026-06-06T22:15:00Z,P1,3.101,14.1
2026-06-06T22:15:00Z,P2,3.015,14.1
2026-06-06T22:15:00Z,P3,2.098,14.1
2026-06-06T22:30:00Z,P1,2.134,13.6
2026-06-06T22:30:00Z,P2,1.686,13.6
2026-06-06T22:30:00Z,P3,2.116,13.6
2026-06-06T22:45:00Z,P1,1.652,13.6
2026-06-06T22:45:00Z,P2,1.663,13.6
2026-06-06T22:45:00Z,P3,2.105,13.6
2026-06-06T23:00:00Z,P1,1.876,13.4
2026-06-06T23:00:00Z,P2,3.432,13.4
2026-06-06T23:00:00Z,P3,2.050,13.4
2026-06-06T23:15:00Z,P1,0.931,13.0
2026-06-06T23:15:00Z,P2,2.700,13.0
2026-06-06T23:15:00Z,P3,1.533,13.0
2026-06-06T23:30:00Z,P1,0.451,13.4
2026-06-06T23:30:00Z,P2,1.700,13.4
2026-06-06T23:30:00Z,P3,0.344,13.4
2026-06-06T23:45:00Z,P1,1.970,13.4
2026-06-06T23:45:00Z,P2,1.722,13.4
2026-06-06T23:45:00Z,P3,0.355,13.4
2026-06-07T00:00:00Z,P1,0.326,12.9
2026-06-07T00:00:00Z,P2,3.037,12.9
2026-06-07T00:00:00Z,P3,0.327,12.9
2026-06-07T00:15:00Z,P1,1.143,12.7
2026-06-07T00:15:00Z,P2,2.801,12.7
2026-06-07T00:15:00Z,P3,0.310,12.7
2026-06-07T00:30:00Z,P1,3.167,12.7
2026-06-07T00:30:00Z,P2,0.314,12.7
2026-06-07T00:30:00Z,P3,0.344,12.7
2026-06-07T00:45:00Z,P1,2.137,12.8
2026-06-07T00:45:00Z,P2,0.331,12.8
2026-06-07T00:45:00Z,P3,0.327,12.8
2026-06-07T01:00:00Z,P1,0.363,12.8
2026-06-07T01:00:00Z,P2,3.347,12.8
2026-06-07T01:00:00Z,P3,0.403,12.8
2026-06-07T01:15:00Z,P1,1.185,12.4
2026-06-07T01:15:00Z,P2,2.697,12.4
2026-06-07T01:15:00Z,P3,0.393,12.4
2026-06-07T01:30:00Z,P1,1.489,12.8
2026-06-07T01:30:00Z,P2,1.463,12.8
2026-06-07T01:30:00Z,P3,0.372,12.8
2026-06-07T01:45:00Z,P1,0.432,12.6
2026-06-07T01:45:00Z,P2,1.309,12.6
2026-06-07T01:45:00Z,P3,0.386,12.6
2026-06-07T02:00:00Z,P1,1.698,12.9
2026-06-07T02:00:00Z,P2,3.603,12.9
2026-06-07T02:00:00Z,P3,0.329,12.9
2026-06-07T02:15:00Z,P1,3.198,12.5
2026-06-07T02:15:00Z,P2,1.668,12.5
2026-06-07T02:15:00Z,P3,0.366,12.5
2026-06-07T02:30:00Z,P1,1.617,12.7
2026-06-07T02:30:00Z,P2,0.284,12.7
2026-06-07T02:30:00Z,P3,1.268,12.7
2026-06-07T02:45:00Z,P1,0.780,12.6
2026-06-07T02:45:00Z,P2,0.357,12.6
2026-06-07T02:45:00Z,P3,2.093,12.6
2026-06-07T03:00:00Z,P1,1.949,12.8
2026-06-07T03:00:00Z,P2,2.142,12.8
2026-06-07T03:00:00Z,P3,2.050,12.8
2026-06-07T03:15:00Z,P1,0.332,12.9
2026-06-07T03:15:00Z,P2,3.461,12.9
2026-06-07T03:15:00Z,P3,2.108,12.9
2026-06-07T03:30:00Z,P1,0.439,12.6
2026-06-07T03:30:00Z,P2,1.375,12.6
2026-06-07T03:30:00Z,P3,2.105,12.6
2026-06-07T03:45:00Z,P1,2.619,12.8
2026-06-07T03:45:00Z,P2,0.344,12.8
2026-06-07T03:45:00Z,P3,2.122,12.8
2026-06-07T04:00:00Z,P1,1.710,13.1
2026-06-07T04:00:00Z,P2,1.167,13.1
2026-06-07T04:00:00Z,P3,0.941,13.1
2026-06-07T04:15:00Z,P1,1.590,13.1
2026-06-07T04:15:00Z,P2,3.885,13.1
2026-06-07T04:15:00Z,P3,0.321,13.1
2026-06-07T04:30:00Z,P1,2.407,13.1
2026-06-07T04:30:00Z,P2,1.712,13.1
2026-06-07T04:30:00Z,P3,0.382,13.1
2026-06-07T04:45:00Z,P1,0.711,13.5
2026-06-07T04:45:00Z,P2,0.550,13.5
2026-06-07T04:45:00Z,P3,0.335,13.5
2026-06-07T05:00:00Z,P1,0.305,13.4
2026-06-07T05:00:00Z,P2,1.096,13.4
2026-06-07T05:00:00Z,P3,0.361,13.4
2026-06-07T05:15:00Z,P1,1.808,13.7
2026-06-07T05:15:00Z,P2,3.076,13.7
2026-06-07T05:15:00Z,P3,0.344,13.7
2026-06-07T05:30:00Z,P1,1.406,13.9
2026-06-07T05:30:00Z,P2,1.699,13.9
2026-06-07T05:30:00Z,P3,0.371,13.9
2026-06-07T05:45:00Z,P1,2.088,13.9
2026-06-07T05:45:00Z,P2,1.681,13.9
2026-06-07T05:45:00Z,P3,0.349,13.9
2026-06-07T06:00:00Z,P1,3.321,14.4
2026-06-07T06:00:00Z,P2,1.614,14.4
2026-06-07T06:00:00Z,P3,0.741,14.4
2026-06-07T06:15:00Z,P1,2.147,14.3
2026-06-07T06:15:00Z,P2,2.103,14.3
2026-06-07T06:15:00Z,P3,2.220,14.3
2026-06-07T06:30:00Z,P1,1.648,14.7
2026-06-07T06:30:00Z,P2,1.481,14.7
2026-06-07T06:30:00Z,P3,2.135,14.7
2026-06-07T06:45:00Z,P1,2.898,14.7
2026-06-07T06:45:00Z,P2,2.247,14.7
2026-06-07T06:45:00Z,P3,2.110,14.7
2026-06-07T07:00:00Z,P1,2.448,14.9
2026-06-07T07:00:00Z,P2,3.597,14.9
2026-06-07T07:00:00Z,P3,2.134,14.9
2026-06-07T07:15:00Z,P1,1.637,15.1
2026-06-07T07:15:00Z,P2,3.166,15.1
2026-06-07T07:15:00Z,P3,2.034,15.1
2026-06-07T07:30:00Z,P1,2.338,15.3
2026-06-07T07:30:00Z,P2,1.741,15.3
2026-06-07T07:30:00Z,P3,2.062,15.3
2026-06-07T07:45:00Z,P1,2.730,15.4
2026-06-07T07:45:00Z,P2,1.672,15.4
2026-06-07T07:45:00Z,P3,2.149,15.4
2026-06-07T08:00:00Z,P1,1.620,15.6
2026-06-07T08:00:00Z,P2,3.467,15.6
2026-06-07T08:00:00Z,P3,2.100,15.6
2026-06-07T08:15:00Z,P1,2.109,15.8
2026-06-07T08:15:00Z,P2,2.954,15.8
2026-06-07T08:15:00Z,P3,2.104,15.8
2026-06-07T08:30:00Z,P1,3.127,15.9
2026-06-07T08:30:00Z,P2,1.761,15.9
2026-06-07T08:30:00Z,P3,2.080,15.9
2026-06-07T08:45:00Z,P1,2.174,16.3
2026-06-07T08:45:00Z,P2,1.657,16.3
2026-06-07T08:45:00Z,P3,2.122,16.3
2026-06-07T09:00:00Z,P1,1.931,16.4
2026-06-07T09:00:00Z,P2,3.835,16.4
2026-06-07T09:00:00Z,P3,2.118,16.4
2026-06-07T09:15:00Z,P1,1.932,16.4
2026-06-07T09:15:00Z,P2,3.522,16.4
2026-06-07T09:15:00Z,P3,2.088,16.4
2026-06-07T09:30:00Z,P1,2.546,16.7
2026-06-07T09:30:00Z,P2,3.776,16.7
2026-06-07T09:30:00Z,P3,2.100,16.7
2026-06-07T09:45:00Z,P1,3.114,16.8
2026-06-07T09:45:00Z,P2,3.867,16.8
2026-06-07T09:45:00Z,P3,2.137,16.8
2026-06-07T10:00:00Z,P1,3.175,16.9
2026-06-07T10:00:00Z,P2,3.868,16.9
2026-06-07T10:00:00Z,P3,2.125,16.9
2026-06-07T10:15:00Z,P1,1.037,17.1
2026-06-07T10:15:00Z,P2,3.541,17.1
2026-06-07T10:15:00Z,P3,2.043,17.1
2026-06-07T10:30:00Z,P1,0.349,17.5
2026-06-07T10:30:00Z,P2,2.532,17.5
2026-06-07T10:30:00Z,P3,2.016,17.5
2026-06-07T10:45:00Z,P1,1.513,17.9
2026-06-07T10:45:00Z,P2,2.934,17.9
2026-06-07T10:45:00Z,P3,0.338,17.9
2026-06-07T11:00:00Z,P1,0.362,17.6
2026-06-07T11:00:00Z,P2,0.372,17.6
2026-06-07T11:00:00Z,P3,0.304,17.6
2026-06-07T11:15:00Z,P1,1.256,17.5
2026-06-07T11:15:00Z,P2,1.552,17.5
2026-06-07T11:15:00Z,P3,0.283,17.5
2026-06-07T11:30:00Z,P1,3.230,18.4
2026-06-07T11:30:00Z,P2,3.838,18.4
2026-06-07T11:30:00Z,P3,0.337,18.4
2026-06-07T11:45:00Z,P1,3.178,18.2
2026-06-07T11:45:00Z,P2,2.393,18.2
2026-06-07T11:45:00Z,P3,2.254,18.2
2026-06-07T12:00:00Z,P1,2.381,18.3
2026-06-07T12:00:00Z,P2,1.709,18.3
2026-06-07T12:00:00Z,P3,3.165,18.3
2026-06-07T12:15:00Z,P1,1.632,18.4
2026-06-07T12:15:00Z,P2,2.253,18.4
2026-06-07T12:15:00Z,P3,4.128,18.4
2026-06-07T12:30:00Z,P1,1.987,18.4
2026-06-07T12:30:00Z,P2,3.872,18.4
2026-06-07T12:30:00Z,P3,4.121,18.4
2026-06-07T12:45:00Z,P1,1.295,18.4
2026-06-07T12:45:00Z,P2,1.870,18.4
2026-06-07T12:45:00Z,P3,4.119,18.4
2026-06-07T13:00:00Z,P1,0.354,18.9
2026-06-07T13:00:00Z,P2,1.715,18.9
2026-06-07T13:00:00Z,P3,4.100,18.9
2026-06-07T13:15:00Z,P1,1.794,18.5
2026-06-07T13:15:00Z,P2,2.886,18.5
2026-06-07T13:15:00Z,P3,4.119,18.5
2026-06-07T13:30:00Z,P1,1.506,18.8
2026-06-07T13:30:00Z,P2,1.522,18.8
2026-06-07T13:30:00Z,P3,2.963,18.8
2026-06-07T13:45:00Z,P1,1.949,18.8
2026-06-07T13:45:00Z,P2,0.541,18.8
2026-06-07T13:45:00Z,P3,0.887,18.8
2026-06-07T14:00:00Z,P1,3.158,18.5
2026-06-07T14:00:00Z,P2,1.834,18.5
2026-06-07T14:00:00Z,P3,0.357,18.5
2026-06-07T14:15:00Z,P1,0.841,18.6
2026-06-07T14:15:00Z,P2,3.895,18.6
2026-06-07T14:15:00Z,P3,0.292,18.6
2026-06-07T14:30:00Z,P1,0.731,18.7
2026-06-07T14:30:00Z,P2,1.958,18.7
2026-06-07T14:30:00Z,P3,0.341,18.7
2026-06-07T14:45:00Z,P1,1.876,18.6
2026-06-07T14:45:00Z,P2,0.514,18.6
2026-06-07T14:45:00Z,P3,0.340,18.6
2026-06-07T15:00:00Z,P1,1.218,18.5
2026-06-07T15:00:00Z,P2,1.698,18.5
2026-06-07T15:00:00Z,P3,0.349,18.5
2026-06-07T15:15:00Z,P1,2.172,18.7
2026-06-07T15:15:00Z,P2,3.961,18.7
2026-06-07T15:15:00Z,P3,1.587,18.7
2026-06-07T15:30:00Z,P1,3.190,18.3
2026-06-07T15:30:00Z,P2,1.360,18.3
2026-06-07T15:30:00Z,P3,2.178,18.3
2026-06-07T15:45:00Z,P1,2.120,18.1
2026-06-07T15:45:00Z,P2,0.773,18.1
2026-06-07T15:45:00Z,P3,2.649,18.1
2026-06-07T16:00:00Z,P1,1.597,18.4
2026-06-07T16:00:00Z,P2,2.168,18.4
2026-06-07T16:00:00Z,P3,3.930,18.4
2026-06-07T16:15:00Z,P1,3.012,18.3
2026-06-07T16:15:00Z,P2,4.232,18.3
2026-06-07T16:15:00Z,P3,4.052,18.3
2026-06-07T16:30:00Z,P1,2.284,17.9
2026-06-07T16:30:00Z,P2,2.916,17.9
2026-06-07T16:30:00Z,P3,4.175,17.9
2026-06-07T16:45:00Z,P1,1.634,18.1
2026-06-07T16:45:00Z,P2,1.698,18.1
2026-06-07T16:45:00Z,P3,4.123,18.1
2026-06-07T17:00:00Z,P1,2.884,17.6
2026-06-07T17:00:00Z,P2,3.342,17.6
2026-06-07T17:00:00Z,P3,4.133,17.6
2026-06-07T17:15:00Z,P1,2.564,17.5
2026-06-07T17:15:00Z,P2,3.406,17.5
2026-06-07T17:15:00Z,P3,4.105,17.5
2026-06-07T17:30:00Z,P1,1.652,17.5
2026-06-07T17:30:00Z,P2,1.686,17.5
2026-06-07T17:30:00Z,P3,4.134,17.5
2026-06-07T17:45:00Z,P1,2.800,17.3
2026-06-07T17:45:00Z,P2,1.736,17.3
2026-06-07T17:45:00Z,P3,4.167,17.3
2026-06-07T18:00:00Z,P1,2.247,17.1
2026-06-07T18:00:00Z,P2,3.018,17.1
2026-06-07T18:00:00Z,P3,4.052,17.1
2026-06-07T18:15:00Z,P1,0.330,17.2
2026-06-07T18:15:00Z,P2,3.861,17.2
2026-06-07T18:15:00Z,P3,4.096,17.2
2026-06-07T18:30:00Z,P1,0.886,16.7
2026-06-07T18:30:00Z,P2,1.746,16.7
2026-06-07T18:30:00Z,P3,4.134,16.7
2026-06-07T18:45:00Z,P1,1.844,16.8
2026-06-07T18:45:00Z,P2,1.657,16.8
2026-06-07T18:45:00Z,P3,4.129,16.8
2026-06-07T19:00:00Z,P1,1.649,16.5
2026-06-07T19:00:00Z,P2,1.691,16.5
2026-06-07T19:00:00Z,P3,4.134,16.5
2026-06-07T19:15:00Z,P1,1.607,16.1
2026-06-07T19:15:00Z,P2,3.885,16.1
2026-06-07T19:15:00Z,P3,4.112,16.1
2026-06-07T19:30:00Z,P1,3.062,16.3
2026-06-07T19:30:00Z,P2,2.724,16.3
2026-06-07T19:30:00Z,P3,3.879,16.3
2026-06-07T19:45:00Z,P1,2.314,16.0
2026-06-07T19:45:00Z,P2,1.623,16.0
2026-06-07T19:45:00Z,P3,2.140,16.0
2026-06-07T20:00:00Z,P1,3.322,15.5
2026-06-07T20:00:00Z,P2,3.760,15.5
2026-06-07T20:00:00Z,P3,2.118,15.5
2026-06-07T20:15:00Z,P1,2.153,15.5
2026-06-07T20:15:00Z,P2,1.643,15.5
2026-06-07T20:15:00Z,P3,2.072,15.5
2026-06-07T20:30:00Z,P1,1.935,15.3
2026-06-07T20:30:00Z,P2,2.513,15.3
2026-06-07T20:30:00Z,P3,2.142,15.3
2026-06-07T20:45:00Z,P1,1.892,15.1
2026-06-07T20:45:00Z,P2,3.814,15.1
2026-06-07T20:45:00Z,P3,2.115,15.1
2026-06-07T21:00:00Z,P1,2.883,14.6
2026-06-07T21:00:00Z,P2,3.882,14.6
2026-06-07T21:00:00Z,P3,2.191,14.6
2026-06-07T21:15:00Z,P1,3.247,14.6
2026-06-07T21:15:00Z,P2,2.701,14.6
2026-06-07T21:15:00Z,P3,2.137,14.6
2026-06-07T21:30:00Z,P1,2.326,14.7
2026-06-07T21:30:00Z,P2,2.624,14.7
2026-06-07T21:30:00Z,P3,2.058,14.7
2026-06-07T21:45:00Z,P1,0.756,14.0
2026-06-07T21:45:00Z,P2,3.840,14.0
2026-06-07T21:45:00Z,P3,2.077,14.0
2026-06-07T22:00:00Z,P1,1.500,14.3
2026-06-07T22:00:00Z,P2,3.844,14.3
2026-06-07T22:00:00Z,P3,2.043,14.3
2026-06-07T22:15:00Z,P1,1.102,13.8
2026-06-07T22:15:00Z,P2,0.990,13.8
2026-06-07T22:15:00Z,P3,2.080,13.8
2026-06-07T22:30:00Z,P1,0.286,13.5
2026-06-07T22:30:00Z,P2,0.305,13.5
2026-06-07T22:30:00Z,P3,2.142,13.5
2026-06-07T22:45:00Z,P1,1.604,13.4
2026-06-07T22:45:00Z,P2,1.674,13.4
2026-06-07T22:45:00Z,P3,2.107,13.4
2026-06-07T23:00:00Z,P1,2.730,13.5
2026-06-07T23:00:00Z,P2,3.952,13.5
2026-06-07T23:00:00Z,P3,2.158,13.5
2026-06-07T23:15:00Z,P1,1.641,13.4
2026-06-07T23:15:00Z,P2,1.615,13.4
2026-06-07T23:15:00Z,P3,2.062,13.4
2026-06-07T23:30:00Z,P1,1.111,13.2
2026-06-07T23:30:00Z,P2,0.348,13.2
2026-06-07T23:30:00Z,P3,2.102,13.2
2026-06-07T23:45:00Z,P1,1.829,13.1
2026-06-07T23:45:00Z,P2,0.666,13.1
2026-06-07T23:45:00Z,P3,2.070,13.1
2026-06-08T00:00:00Z,P1,0.319,13.1
2026-06-08T00:00:00Z,P2,3.571,13.1
2026-06-08T00:00:00Z,P3,2.142,13.1
2026-06-08T00:15:00Z,P1,0.808,13.1
2026-06-08T00:15:00Z,P2,1.977,13.1
2026-06-08T00:15:00Z,P3,2.092,13.1
2026-06-08T00:30:00Z,P1,2.382,13.1
2026-06-08T00:30:00Z,P2,0.385,13.1
2026-06-08T00:30:00Z,P3,2.071,13.1
2026-06-08T00:45:00Z,P1,1.638,12.9
2026-06-08T00:45:00Z,P2,1.704,12.9
2026-06-08T00:45:00Z,P3,1.630,12.9
2026-06-08T01:00:00Z,P1,2.119,12.7
2026-06-08T01:00:00Z,P2,3.883,12.7
2026-06-08T01:00:00Z,P3,0.337,12.7
2026-06-08T01:15:00Z,P1,1.950,12.5
2026-06-08T01:15:00Z,P2,1.641,12.5
2026-06-08T01:15:00Z,P3,0.330,12.5
2026-06-08T01:30:00Z,P1,0.342,12.9
2026-06-08T01:30:00Z,P2,0.363,12.9
2026-06-08T01:30:00Z,P3,0.385,12.9
2026-06-08T01:45:00Z,P1,0.799,12.5
2026-06-08T01:45:00Z,P2,1.055,12.5
2026-06-08T01:45:00Z,P3,0.377,12.5
2026-06-08T02:00:00Z,P1,1.747,12.5
2026-06-08T02:00:00Z,P2,3.915,12.5
2026-06-08T02:00:00Z,P3,0.317,12.5
2026-06-08T02:15:00Z,P1,0.321,12.6
2026-06-08T02:15:00Z,P2,2.427,12.6
2026-06-08T02:15:00Z,P3,0.347,12.6
2026-06-08T02:30:00Z,P1,1.667,12.6
2026-06-08T02:30:00Z,P2,1.103,12.6
2026-06-08T02:30:00Z,P3,0.355,12.6
2026-06-08T02:45:00Z,P1,3.032,12.8
2026-06-08T02:45:00Z,P2,0.342,12.8
2026-06-08T02:45:00Z,P3,0.347,12.8
2026-06-08T03:00:00Z,P1,1.750,12.5
2026-06-08T03:00:00Z,P2,2.487,12.5
2026-06-08T03:00:00Z,P3,0.318,12.5
2026-06-08T03:15:00Z,P1,0.356,12.9
2026-06-08T03:15:00Z,P2,3.577,12.9
2026-06-08T03:15:00Z,P3,0.377,12.9
2026-06-08T03:30:00Z,P1,0.301,13.0
2026-06-08T03:30:00Z,P2,1.446,13.0
2026-06-08T03:30:00Z,P3,1.340,13.0
2026-06-08T03:45:00Z,P1,1.870,12.9
2026-06-08T03:45:00Z,P2,0.365,12.9
2026-06-08T03:45:00Z,P3,2.077,12.9
2026-06-08T04:00:00Z,P1,1.036,13.1
2026-06-08T04:00:00Z,P2,1.465,13.1
2026-06-08T04:00:00Z,P3,2.046,13.1
2026-06-08T04:15:00Z,P1,1.697,13.1
2026-06-08T04:15:00Z,P2,3.866,13.1
2026-06-08T04:15:00Z,P3,2.113,13.1
2026-06-08T04:30:00Z,P1,2.959,13.1
2026-06-08T04:30:00Z,P2,1.940,13.1
2026-06-08T04:30:00Z,P3,2.075,13.1
2026-06-08T04:45:00Z,P1,1.442,13.3
2026-06-08T04:45:00Z,P2,0.329,13.3
2026-06-08T04:45:00Z,P3,1.184,13.3
2026-06-08T05:00:00Z,P1,0.351,13.6
2026-06-08T05:00:00Z,P2,0.391,13.6
2026-06-08T05:00:00Z,P3,0.321,13.6
2026-06-08T05:15:00Z,P1,1.734,13.6
2026-06-08T05:15:00Z,P2,3.007,13.6
2026-06-08T05:15:00Z,P3,0.311,13.6
2026-06-08T05:30:00Z,P1,0.870,13.7
2026-06-08T05:30:00Z,P2,2.479,13.7
2026-06-08T05:30:00Z,P3,0.322,13.7
2026-06-08T05:45:00Z,P1,1.853,14.1
2026-06-08T05:45:00Z,P2,1.683,14.1
2026-06-08T05:45:00Z,P3,0.338,14.1
2026-06-08T06:00:00Z,P1,3.135,14.2
2026-06-08T06:00:00Z,P2,0.847,14.2
2026-06-08T06:00:00Z,P3,0.361,14.2
2026-06-08T06:15:00Z,P1,2.486,14.2
2026-06-08T06:15:00Z,P2,3.781,14.2
2026-06-08T06:15:00Z,P3,0.332,14.2
2026-06-08T06:30:00Z,P1,1.583,14.5
2026-06-08T06:30:00Z,P2,3.341,14.5
2026-06-08T06:30:00Z,P3,0.366,14.5
2026-06-08T06:45:00Z,P1,2.653,14.9
2026-06-08T06:45:00Z,P2,1.695,14.9
2026-06-08T06:45:00Z,P3,0.329,14.9
2026-06-08T07:00:00Z,P1,2.346,15.1
2026-06-08T07:00:00Z,P2,1.689,15.1
2026-06-08T07:00:00Z,P3,0.334,15.1
2026-06-08T07:15:00Z,P1,1.671,14.9
2026-06-08T07:15:00Z,P2,3.025,14.9
2026-06-08T07:15:00Z,P3,0.590,14.9
2026-06-08T07:30:00Z,P1,2.110,15.2
2026-06-08T07:30:00Z,P2,3.845,15.2
2026-06-08T07:30:00Z,P3,2.148,15.2
2026-06-08T07:45:00Z,P1,3.125,15.4
2026-06-08T07:45:00Z,P2,3.174,15.4
2026-06-08T07:45:00Z,P3,1.649,15.4
2026-06-08T08:00:00Z,P1,1.583,15.8
2026-06-08T08:00:00Z,P2,1.653,15.8
2026-06-08T08:00:00Z,P3,2.120,15.8
2026-06-08T08:15:00Z,P1,2.296,15.8
2026-06-08T08:15:00Z,P2,1.728,15.8
2026-06-08T08:15:00Z,P3,2.075,15.8
2026-06-08T08:30:00Z,P1,2.707,16.5
2026-06-08T08:30:00Z,P2,2.464,16.5
2026-06-08T08:30:00Z,P3,2.135,16.5
2026-06-08T08:45:00Z,P1,0.974,16.1
2026-06-08T08:45:00Z,P2,3.843,16.1
2026-06-08T08:45:00Z,P3,2.193,16.1
2026-06-08T09:00:00Z,P1,0.970,16.4
2026-06-08T09:00:00Z,P2,3.566,16.4
2026-06-08T09:00:00Z,P3,2.089,16.4
2026-06-08T09:15:00Z,P1,2.065,16.7
2026-06-08T09:15:00Z,P2,3.696,16.7
2026-06-08T09:15:00Z,P3,2.103,16.7
2026-06-08T09:30:00Z,P1,2.795,17.2
2026-06-08T09:30:00Z,P2,3.908,17.2
2026-06-08T09:30:00Z,P3,2.134,17.2
2026-06-08T09:45:00Z,P1,3.306,17.0
2026-06-08T09:45:00Z,P2,3.923,17.0
2026-06-08T09:45:00Z,P3,2.130,17.0
2026-06-08T10:00:00Z,P1,3.161,17.2
2026-06-08T10:00:00Z,P2,3.890,17.2
2026-06-08T10:00:00Z,P3,2.072,17.2
2026-06-08T10:15:00Z,P1,2.721,17.2
2026-06-08T10:15:00Z,P2,3.905,17.2
2026-06-08T10:15:00Z,P3,2.150,17.2
2026-06-08T10:30:00Z,P1,2.745,17.4
2026-06-08T10:30:00Z,P2,3.856,17.4
2026-06-08T10:30:00Z,P3,3.828,17.4
2026-06-08T10:45:00Z,P1,3.177,17.7
2026-06-08T10:45:00Z,P2,3.888,17.7
2026-06-08T10:45:00Z,P3,4.120,17.7
2026-06-08T11:00:00Z,P1,3.243,18.1
2026-06-08T11:00:00Z,P2,3.920,18.1
2026-06-08T11:00:00Z,P3,4.106,18.1
2026-06-08T11:15:00Z,P1,3.037,18.0
2026-06-08T11:15:00Z,P2,3.884,18.0
2026-06-08T11:15:00Z,P3,4.141,18.0
2026-06-08T11:30:00Z,P1,2.526,18.3
2026-06-08T11:30:00Z,P2,3.862,18.3
2026-06-08T11:30:00Z,P3,4.126,18.3
2026-06-08T11:45:00Z,P1,3.243,17.8
2026-06-08T11:45:00Z,P2,2.871,17.8
2026-06-08T11:45:00Z,P3,4.147,17.8
2026-06-08T12:00:00Z,P1,3.242,18.6
2026-06-08T12:00:00Z,P2,1.720,18.6
2026-06-08T12:00:00Z,P3,4.099,18.6
2026-06-08T12:15:00Z,P1,2.984,18.3
2026-06-08T12:15:00Z,P2,1.659,18.3
2026-06-08T12:15:00Z,P3,4.090,18.3
2026-06-08T12:30:00Z,P1,1.101,18.4
2026-06-08T12:30:00Z,P2,3.880,18.4
2026-06-08T12:30:00Z,P3,2.899,18.4
2026-06-08T12:45:00Z,P1,0.957,18.4
2026-06-08T12:45:00Z,P2,3.156,18.4
2026-06-08T12:45:00Z,P3,2.080,18.4
2026-06-08T13:00:00Z,P1,2.608,18.8
2026-06-08T13:00:00Z,P2,0.973,18.8
2026-06-08T13:00:00Z,P3,1.630,18.8
2026-06-08T13:15:00Z,P1,2.173,18.7
2026-06-08T13:15:00Z,P2,1.705,18.7
2026-06-08T13:15:00Z,P3,2.068,18.7
2026-06-08T13:30:00Z,P1,1.621,19.2
2026-06-08T13:30:00Z,P2,2.241,19.2
2026-06-08T13:30:00Z,P3,2.107,19.2
2026-06-08T13:45:00Z,P1,1.955,18.6
2026-06-08T13:45:00Z,P2,3.754,18.6
2026-06-08T13:45:00Z,P3,2.111,18.6
2026-06-08T14:00:00Z,P1,1.114,18.9
2026-06-08T14:00:00Z,P2,1.710,18.9
2026-06-08T14:00:00Z,P3,2.066,18.9
2026-06-08T14:15:00Z,P1,0.329,18.5
2026-06-08T14:15:00Z,P2,1.714,18.5
2026-06-08T14:15:00Z,P3,2.121,18.5
2026-06-08T14:30:00Z,P1,1.377,18.8
2026-06-08T14:30:00Z,P2,3.451,18.8
2026-06-08T14:30:00Z,P3,2.125,18.8
2026-06-08T14:45:00Z,P1,2.744,18.4
2026-06-08T14:45:00Z,P2,3.328,18.4
2026-06-08T14:45:00Z,P3,3.686,18.4
2026-06-08T15:00:00Z,P1,1.881,18.5
2026-06-08T15:00:00Z,P2,1.692,18.5
2026-06-08T15:00:00Z,P3,4.115,18.5
2026-06-08T15:15:00Z,P1,2.920,18.7
2026-06-08T15:15:00Z,P2,1.701,18.7
2026-06-08T15:15:00Z,P3,4.102,18.7
2026-06-08T15:30:00Z,P1,3.024,18.7
2026-06-08T15:30:00Z,P2,3.045,18.7
2026-06-08T15:30:00Z,P3,4.207,18.7
2026-06-08T15:45:00Z,P1,1.615,18.4
2026-06-08T15:45:00Z,P2,3.579,18.4
2026-06-08T15:45:00Z,P3,4.125,18.4
2026-06-08T16:00:00Z,P1,2.250,18.3
2026-06-08T16:00:00Z,P2,1.707,18.3
2026-06-08T16:00:00Z,P3,3.977,18.3
2026-06-08T16:15:00Z,P1,2.794,18.2
2026-06-08T16:15:00Z,P2,2.069,18.2
2026-06-08T16:15:00Z,P3,4.087,18.2
2026-06-08T16:30:00Z,P1,1.502,18.3
2026-06-08T16:30:00Z,P2,3.868,18.3
2026-06-08T16:30:00Z,P3,4.108,18.3
2026-06-08T16:45:00Z,P1,2.771,18.0
2026-06-08T16:45:00Z,P2,3.706,18.0
2026-06-08T16:45:00Z,P3,4.130,18.0
2026-06-08T17:00:00Z,P1,2.525,18.0
2026-06-08T17:00:00Z,P2,1.701,18.0
2026-06-08T17:00:00Z,P3,4.160,18.0
2026-06-08T17:15:00Z,P1,1.686,17.7
2026-06-08T17:15:00Z,P2,1.689,17.7
2026-06-08T17:15:00Z,P3,4.109,17.7
2026-06-08T17:30:00Z,P1,2.551,17.5
2026-06-08T17:30:00Z,P2,3.114,17.5
2026-06-08T17:30:00Z,P3,4.077,17.5
2026-06-08T17:45:00Z,P1,1.738,17.2
2026-06-08T17:45:00Z,P2,3.465,17.2
2026-06-08T17:45:00Z,P3,4.177,17.2
2026-06-08T18:00:00Z,P1,1.698,17.0
2026-06-08T18:00:00Z,P2,1.702,17.0
2026-06-08T18:00:00Z,P3,4.118,17.0
2026-06-08T18:15:00Z,P1,0.807,17.2
2026-06-08T18:15:00Z,P2,2.279,17.2
2026-06-08T18:15:00Z,P3,4.090,17.2
2026-06-08T18:30:00Z,P1,0.340,16.9
2026-06-08T18:30:00Z,P2,3.838,16.9
2026-06-08T18:30:00Z,P3,4.111,16.9
2026-06-08T18:45:00Z,P1,2.403,16.6
2026-06-08T18:45:00Z,P2,2.285,16.6
2026-06-08T18:45:00Z,P3,4.150,16.6
2026-06-08T19:00:00Z,P1,2.012,16.8
2026-06-08T19:00:00Z,P2,1.634,16.8
2026-06-08T19:00:00Z,P3,2.766,16.8
2026-06-08T19:15:00Z,P1,1.851,16.1
2026-06-08T19:15:00Z,P2,1.694,16.1
2026-06-08T19:15:00Z,P3,2.126,16.1
2026-06-08T19:30:00Z,P1,2.686,16.1
2026-06-08T19:30:00Z,P2,3.577,16.1
2026-06-08T19:30:00Z,P3,2.079,16.1
2026-06-08T19:45:00Z,P1,0.707,15.8
2026-06-08T19:45:00Z,P2,2.725,15.8
2026-06-08T19:45:00Z,P3,2.132,15.8
2026-06-08T20:00:00Z,P1,0.342,16.1
2026-06-08T20:00:00Z,P2,3.563,16.1
2026-06-08T20:00:00Z,P3,2.078,16.1
2026-06-08T20:15:00Z,P1,1.848,15.6
2026-06-08T20:15:00Z,P2,2.917,15.6
2026-06-08T20:15:00Z,P3,2.175,15.6
2026-06-08T20:30:00Z,P1,2.820,14.9
2026-06-08T20:30:00Z,P2,3.224,14.9
2026-06-08T20:30:00Z,P3,2.142,14.9
2026-06-08T20:45:00Z,P1,3.257,14.9
2026-06-08T20:45:00Z,P2,3.799,14.9
2026-06-08T20:45:00Z,P3,2.053,14.9
2026-06-08T21:00:00Z,P1,3.220,15.0
2026-06-08T21:00:00Z,P2,3.884,15.0
2026-06-08T21:00:00Z,P3,2.240,15.0
2026-06-08T21:15:00Z,P1,2.512,14.5
2026-06-08T21:15:00Z,P2,2.788,14.5
2026-06-08T21:15:00Z,P3,2.147,14.5
2026-06-08T21:30:00Z,P1,1.930,14.6
2026-06-08T21:30:00Z,P2,2.485,14.6
2026-06-08T21:30:00Z,P3,2.163,14.6
2026-06-08T21:45:00Z,P1,1.907,14.4
2026-06-08T21:45:00Z,P2,3.540,14.4
2026-06-08T21:45:00Z,P3,2.095,14.4
2026-06-08T22:00:00Z,P1,1.921,14.7
2026-06-08T22:00:00Z,P2,1.865,14.7
2026-06-08T22:00:00Z,P3,2.123,14.7
2026-06-08T22:15:00Z,P1,0.850,13.8
2026-06-08T22:15:00Z,P2,1.512,13.8
2026-06-08T22:15:00Z,P3,2.086,13.8
2026-06-08T22:30:00Z,P1,1.606,14.0
2026-06-08T22:30:00Z,P2,0.293,14.0
2026-06-08T22:30:00Z,P3,2.098,14.0
2026-06-08T22:45:00Z,P1,3.106,13.8
2026-06-08T22:45:00Z,P2,2.343,13.8
2026-06-08T22:45:00Z,P3,2.106,13.8
2026-06-08T23:00:00Z,P1,1.610,14.0
2026-06-08T23:00:00Z,P2,3.117,14.0
2026-06-08T23:00:00Z,P3,2.054,14.0
2026-06-08T23:15:00Z,P1,0.343,13.4
2026-06-08T23:15:00Z,P2,1.062,13.4
2026-06-08T23:15:00Z,P3,2.033,13.4
2026-06-08T23:30:00Z,P1,1.499,13.4
2026-06-08T23:30:00Z,P2,0.334,13.4
2026-06-08T23:30:00Z,P3,2.041,13.4
2026-06-08T23:45:00Z,P1,1.412,13.3
2026-06-08T23:45:00Z,P2,2.837,13.3
2026-06-08T23:45:00Z,P3,2.078,13.3
2026-06-09T00:00:00Z,P1,0.710,13.3
2026-06-09T00:00:00Z,P2,3.480,13.3
2026-06-09T00:00:00Z,P3,2.129,13.3
2026-06-09T00:15:00Z,P1,2.143,13.2
2026-06-09T00:15:00Z,P2,0.994,13.2
2026-06-09T00:15:00Z,P3,2.105,13.2
2026-06-09T00:30:00Z,P1,3.025,13.2
2026-06-09T00:30:00Z,P2,0.344,13.2
2026-06-09T00:30:00Z,P3,2.116,13.2
2026-06-09T00:45:00Z,P1,1.272,12.6
2026-06-09T00:45:00Z,P2,0.960,12.6
2026-06-09T00:45:00Z,P3,2.051,12.6
2026-06-09T01:00:00Z,P1,0.792,12.7
2026-06-09T01:00:00Z,P2,3.753,12.7
2026-06-09T01:00:00Z,P3,2.081,12.7
2026-06-09T01:15:00Z,P1,1.833,12.4
2026-06-09T01:15:00Z,P2,2.442,12.4
2026-06-09T01:15:00Z,P3,2.078,12.4
2026-06-09T01:30:00Z,P1,0.437,12.9
2026-06-09T01:30:00Z,P2,0.318,12.9
2026-06-09T01:30:00Z,P3,0.832,12.9
2026-06-09T01:45:00Z,P1,0.663,12.9
2026-06-09T01:45:00Z,P2,1.386,12.9
2026-06-09T01:45:00Z,P3,0.276,12.9
2026-06-09T02:00:00Z,P1,3.198,12.7
2026-06-09T02:00:00Z,P2,3.872,12.7
2026-06-09T02:00:00Z,P3,0.387,12.7
2026-06-09T02:15:00Z,P1,1.840,13.0
2026-06-09T02:15:00Z,P2,1.572,13.0
2026-06-09T02:15:00Z,P3,0.315,13.0
2026-06-09T02:30:00Z,P1,1.140,13.0
2026-06-09T02:30:00Z,P2,0.374,13.0
2026-06-09T02:30:00Z,P3,0.289,13.0
2026-06-09T02:45:00Z,P1,1.515,12.7
2026-06-09T02:45:00Z,P2,2.689,12.7
2026-06-09T02:45:00Z,P3,0.330,12.7
2026-06-09T03:00:00Z,P1,0.798,12.9
2026-06-09T03:00:00Z,P2,3.349,12.9
2026-06-09T03:00:00Z,P3,0.375,12.9
2026-06-09T03:15:00Z,P1,0.300,13.1
2026-06-09T03:15:00Z,P2,0.747,13.1
2026-06-09T03:15:00Z,P3,0.320,13.1
2026-06-09T03:30:00Z,P1,1.931,12.7
2026-06-09T03:30:00Z,P2,0.430,12.7
2026-06-09T03:30:00Z,P3,0.396,12.7
2026-06-09T03:45:00Z,P1,2.056,13.2
2026-06-09T03:45:00Z,P2,2.755,13.2
2026-06-09T03:45:00Z,P3,0.364,13.2
2026-06-09T04:00:00Z,P1,1.580,13.2
2026-06-09T04:00:00Z,P2,3.464,13.2
2026-06-09T04:00:00Z,P3,0.359,13.2
2026-06-09T04:15:00Z,P1,2.426,13.4
2026-06-09T04:15:00Z,P2,0.432,13.4
2026-06-09T04:15:00Z,P3,0.355,13.4
2026-06-09T04:30:00Z,P1,0.929,13.5
2026-06-09T04:30:00Z,P2,0.337,13.5
2026-06-09T04:30:00Z,P3,2.129,13.5
2026-06-09T04:45:00Z,P1,0.375,13.6
2026-06-09T04:45:00Z,P2,3.211,13.6
2026-06-09T04:45:00Z,P3,2.081,13.6
2026-06-09T05:00:00Z,P1,1.376,13.9
2026-06-09T05:00:00Z,P2,2.946,13.9
2026-06-09T05:00:00Z,P3,2.140,13.9
2026-06-09T05:15:00Z,P1,1.957,14.0
2026-06-09T05:15:00Z,P2,0.346,14.0
2026-06-09T05:15:00Z,P3,2.134,14.0
2026-06-09T05:30:00Z,P1,1.676,14.1
2026-06-09T05:30:00Z,P2,0.860,14.1
2026-06-09T05:30:00Z,P3,2.103,14.1
2026-06-09T05:45:00Z,P1,2.704,14.4
2026-06-09T05:45:00Z,P2,2.144,14.4
2026-06-09T05:45:00Z,P3,0.896,14.4
2026-06-09T06:00:00Z,P1,3.475,14.0
2026-06-09T06:00:00Z,P2,3.258,14.0
2026-06-09T06:00:00Z,P3,0.727,14.0
2026-06-09T06:15:00Z,P1,1.656,14.4
2026-06-09T06:15:00Z,P2,0.900,14.4
2026-06-09T06:15:00Z,P3,2.211,14.4
2026-06-09T06:30:00Z,P1,1.902,15.0
2026-06-09T06:30:00Z,P2,1.532,15.0
2026-06-09T06:30:00Z,P3,2.083,15.0
2026-06-09T06:45:00Z,P1,3.239,14.5
2026-06-09T06:45:00Z,P2,2.184,14.5
2026-06-09T06:45:00Z,P3,2.127,14.5
2026-06-09T07:00:00Z,P1,1.719,14.9
2026-06-09T07:00:00Z,P2,3.552,14.9
2026-06-09T07:00:00Z,P3,2.034,14.9
2026-06-09T07:15:00Z,P1,1.751,15.3
2026-06-09T07:15:00Z,P2,3.030,15.3
2026-06-09T07:15:00Z,P3,2.092,15.3
2026-06-09T07:30:00Z,P1,3.244,15.4
2026-06-09T07:30:00Z,P2,1.662,15.4
2026-06-09T07:30:00Z,P3,2.095,15.4
2026-06-09T07:45:00Z,P1,2.178,15.2
2026-06-09T07:45:00Z,P2,1.682,15.2
2026-06-09T07:45:00Z,P3,2.050,15.2
2026-06-09T08:00:00Z,P1,1.654,15.7
2026-06-09T08:00:00Z,P2,3.037,15.7
2026-06-09T08:00:00Z,P3,2.076,15.7
2026-06-09T08:15:00Z,P1,2.187,16.1
2026-06-09T08:15:00Z,P2,3.381,16.1
2026-06-09T08:15:00Z,P3,2.057,16.1
2026-06-09T08:30:00Z,P1,1.899,16.0
2026-06-09T08:30:00Z,P2,2.945,16.0
2026-06-09T08:30:00Z,P3,2.148,16.0
2026-06-09T08:45:00Z,P1,1.900,16.3
2026-06-09T08:45:00Z,P2,3.557,16.3
2026-06-09T08:45:00Z,P3,3.634,16.3
2026-06-09T09:00:00Z,P1,2.216,16.6
2026-06-09T09:00:00Z,P2,3.895,16.6
2026-06-09T09:00:00Z,P3,4.122,16.6
2026-06-09T09:15:00Z,P1,2.765,16.8
2026-06-09T09:15:00Z,P2,3.897,16.8
2026-06-09T09:15:00Z,P3,4.129,16.8
2026-06-09T09:30:00Z,P1,3.157,17.1
2026-06-09T09:30:00Z,P2,3.835,17.1
2026-06-09T09:30:00Z,P3,4.130,17.1
2026-06-09T09:45:00Z,P1,3.207,17.3
2026-06-09T09:45:00Z,P2,3.898,17.3
2026-06-09T09:45:00Z,P3,4.160,17.3
2026-06-09T10:00:00Z,P1,3.194,17.4
2026-06-09T10:00:00Z,P2,3.886,17.4
2026-06-09T10:00:00Z,P3,4.133,17.4
2026-06-09T10:15:00Z,P1,1.931,17.3
2026-06-09T10:15:00Z,P2,3.869,17.3
2026-06-09T10:15:00Z,P3,4.121,17.3
2026-06-09T10:30:00Z,P1,1.907,18.0
2026-06-09T10:30:00Z,P2,3.897,18.0
2026-06-09T10:30:00Z,P3,4.100,18.0
2026-06-09T10:45:00Z,P1,1.546,17.8
2026-06-09T10:45:00Z,P2,3.544,17.8
2026-06-09T10:45:00Z,P3,4.145,17.8
2026-06-09T11:00:00Z,P1,0.632,18.0
2026-06-09T11:00:00Z,P2,1.726,18.0
2026-06-09T11:00:00Z,P3,3.404,18.0
2026-06-09T11:15:00Z,P1,2.048,18.0
2026-06-09T11:15:00Z,P2,1.658,18.0
2026-06-09T11:15:00Z,P3,2.103,18.0
2026-06-09T11:30:00Z,P1,3.202,18.2
2026-06-09T11:30:00Z,P2,3.163,18.2
2026-06-09T11:30:00Z,P3,2.143,18.2
2026-06-09T11:45:00Z,P1,1.829,18.2
2026-06-09T11:45:00Z,P2,3.310,18.2
2026-06-09T11:45:00Z,P3,0.356,18.2
2026-06-09T12:00:00Z,P1,1.143,18.2
2026-06-09T12:00:00Z,P2,1.313,18.2
2026-06-09T12:00:00Z,P3,0.347,18.2
2026-06-09T12:15:00Z,P1,1.977,18.2
2026-06-09T12:15:00Z,P2,1.689,18.2
2026-06-09T12:15:00Z,P3,0.369,18.2
2026-06-09T12:30:00Z,P1,0.666,18.4
2026-06-09T12:30:00Z,P2,3.431,18.4
2026-06-09T12:30:00Z,P3,0.381,18.4
2026-06-09T12:45:00Z,P1,1.631,18.5
2026-06-09T12:45:00Z,P2,3.306,18.5
2026-06-09T12:45:00Z,P3,0.250,18.5
2026-06-09T13:00:00Z,P1,2.931,18.8
2026-06-09T13:00:00Z,P2,1.754,18.8
2026-06-09T13:00:00Z,P3,0.387,18.8
2026-06-09T13:15:00Z,P1,2.283,19.0
2026-06-09T13:15:00Z,P2,1.725,19.0
2026-06-09T13:15:00Z,P3,2.062,19.0
2026-06-09T13:30:00Z,P1,0.580,18.7
2026-06-09T13:30:00Z,P2,3.033,18.7
2026-06-09T13:30:00Z,P3,2.135,18.7
2026-06-09T13:45:00Z,P1,1.712,18.9
2026-06-09T13:45:00Z,P2,3.847,18.9
2026-06-09T13:45:00Z,P3,2.135,18.9
2026-06-09T14:00:00Z,P1,0.852,18.8
2026-06-09T14:00:00Z,P2,1.657,18.8
2026-06-09T14:00:00Z,P3,2.063,18.8
2026-06-09T14:15:00Z,P1,1.050,18.9
2026-06-09T14:15:00Z,P2,1.702,18.9
2026-06-09T14:15:00Z,P3,2.147,18.9
2026-06-09T14:30:00Z,P1,3.212,18.6
2026-06-09T14:30:00Z,P2,2.287,18.6
2026-06-09T14:30:00Z,P3,2.118,18.6
2026-06-09T14:45:00Z,P1,1.631,18.8
2026-06-09T14:45:00Z,P2,2.092,18.8
2026-06-09T14:45:00Z,P3,2.078,18.8
2026-06-09T15:00:00Z,P1,2.528,18.6
2026-06-09T15:00:00Z,P2,3.297,18.6
2026-06-09T15:00:00Z,P3,4.138,18.6
2026-06-09T15:15:00Z,P1,3.577,18.3
2026-06-09T15:15:00Z,P2,3.329,18.3
2026-06-09T15:15:00Z,P3,3.241,18.3
2026-06-09T15:30:00Z,P1,1.656,18.9
2026-06-09T15:30:00Z,P2,3.850,18.9
2026-06-09T15:30:00Z,P3,3.987,18.9
2026-06-09T15:45:00Z,P1,2.810,18.6
2026-06-09T15:45:00Z,P2,3.913,18.6
2026-06-09T15:45:00Z,P3,4.106,18.6
2026-06-09T16:00:00Z,P1,3.238,18.4
2026-06-09T16:00:00Z,P2,3.862,18.4
2026-06-09T16:00:00Z,P3,3.878,18.4
2026-06-09T16:15:00Z,P1,3.225,18.3
2026-06-09T16:15:00Z,P2,4.208,18.3
2026-06-09T16:15:00Z,P3,4.059,18.3
2026-06-09T16:30:00Z,P1,3.200,18.0
2026-06-09T16:30:00Z,P2,4.347,18.0
2026-06-09T16:30:00Z,P3,4.087,18.0
2026-06-09T16:45:00Z,P1,3.210,17.7
2026-06-09T16:45:00Z,P2,3.906,17.7
2026-06-09T16:45:00Z,P3,4.126,17.7
2026-06-09T17:00:00Z,P1,2.355,18.1
2026-06-09T17:00:00Z,P2,3.821,18.1
2026-06-09T17:00:00Z,P3,4.123,18.1
2026-06-09T17:15:00Z,P1,1.640,17.4
2026-06-09T17:15:00Z,P2,3.843,17.4
2026-06-09T17:15:00Z,P3,4.134,17.4
2026-06-09T17:30:00Z,P1,2.694,17.8
2026-06-09T17:30:00Z,P2,3.863,17.8
2026-06-09T17:30:00Z,P3,4.090,17.8
2026-06-09T17:45:00Z,P1,2.478,17.3
2026-06-09T17:45:00Z,P2,3.856,17.3
2026-06-09T17:45:00Z,P3,4.101,17.3
2026-06-09T18:00:00Z,P1,1.606,17.6
2026-06-09T18:00:00Z,P2,1.986,17.6
2026-06-09T18:00:00Z,P3,4.092,17.6
2026-06-09T18:15:00Z,P1,2.236,17.2
2026-06-09T18:15:00Z,P2,1.765,17.2
2026-06-09T18:15:00Z,P3,4.128,17.2
2026-06-09T18:30:00Z,P1,1.415,16.9
2026-06-09T18:30:00Z,P2,2.722,16.9
2026-06-09T18:30:00Z,P3,4.114,16.9
2026-06-09T18:45:00Z,P1,0.344,16.6
2026-06-09T18:45:00Z,P2,3.898,16.6
2026-06-09T18:45:00Z,P3,4.146,16.6
2026-06-09T19:00:00Z,P1,1.697,16.0
2026-06-09T19:00:00Z,P2,2.287,16.0
2026-06-09T19:00:00Z,P3,4.098,16.0
2026-06-09T19:15:00Z,P1,1.356,16.5
2026-06-09T19:15:00Z,P2,1.722,16.5
2026-06-09T19:15:00Z,P3,4.103,16.5
2026-06-09T19:30:00Z,P1,1.818,16.3
2026-06-09T19:30:00Z,P2,2.853,16.3
2026-06-09T19:30:00Z,P3,4.200,16.3
2026-06-09T19:45:00Z,P1,3.184,16.1
2026-06-09T19:45:00Z,P2,3.448,16.1
2026-06-09T19:45:00Z,P3,4.127,16.1
2026-06-09T20:00:00Z,P1,1.076,15.8
2026-06-09T20:00:00Z,P2,3.557,15.8
2026-06-09T20:00:00Z,P3,2.470,15.8
2026-06-09T20:15:00Z,P1,1.115,15.2
2026-06-09T20:15:00Z,P2,3.665,15.2
2026-06-09T20:15:00Z,P3,2.115,15.2
2026-06-09T20:30:00Z,P1,2.197,15.6
2026-06-09T20:30:00Z,P2,3.879,15.6
2026-06-09T20:30:00Z,P3,2.140,15.6
2026-06-09T20:45:00Z,P1,2.039,15.1
2026-06-09T20:45:00Z,P2,3.917,15.1
2026-06-09T20:45:00Z,P3,2.130,15.1
2026-06-09T21:00:00Z,P1,3.131,15.1
2026-06-09T21:00:00Z,P2,3.714,15.1
2026-06-09T21:00:00Z,P3,2.204,15.1
2026-06-09T21:15:00Z,P1,3.132,14.5
2026-06-09T21:15:00Z,P2,2.477,14.5
2026-06-09T21:15:00Z,P3,2.117,14.5
2026-06-09T21:30:00Z,P1,3.125,14.9
2026-06-09T21:30:00Z,P2,2.650,14.9
2026-06-09T21:30:00Z,P3,2.147,14.9
2026-06-09T21:45:00Z,P1,1.892,14.5
2026-06-09T21:45:00Z,P2,2.461,14.5
2026-06-09T21:45:00Z,P3,2.181,14.5
2026-06-09T22:00:00Z,P1,1.567,14.1
2026-06-09T22:00:00Z,P2,1.720,14.1
2026-06-09T22:00:00Z,P3,2.116,14.1
2026-06-09T22:15:00Z,P1,0.358,14.3
2026-06-09T22:15:00Z,P2,0.875,14.3
2026-06-09T22:15:00Z,P3,2.093,14.3
2026-06-09T22:30:00Z,P1,0.730,14.0
2026-06-09T22:30:00Z,P2,1.431,14.0
2026-06-09T22:30:00Z,P3,2.071,14.0
2026-06-09T22:45:00Z,P1,2.377,13.6
2026-06-09T22:45:00Z,P2,3.080,13.6
2026-06-09T22:45:00Z,P3,2.071,13.6
2026-06-09T23:00:00Z,P1,1.622,13.4
2026-06-09T23:00:00Z,P2,1.700,13.4
2026-06-09T23:00:00Z,P3,2.144,13.4
2026-06-09T23:15:00Z,P1,1.620,13.6
2026-06-09T23:15:00Z,P2,1.678,13.6
2026-06-09T23:15:00Z,P3,2.091,13.6
2026-06-09T23:30:00Z,P1,2.493,13.1
2026-06-09T23:30:00Z,P2,1.374,13.1
2026-06-09T23:30:00Z,P3,2.131,13.1
2026-06-09T23:45:00Z,P1,1.182,13.3
2026-06-09T23:45:00Z,P2,2.712,13.3
2026-06-09T23:45:00Z,P3,2.112,13.3
2026-06-10T00:00:00Z,P1,0.367,13.3
2026-06-10T00:00:00Z,P2,1.648,13.3
2026-06-10T00:00:00Z,P3,2.109,13.3
2026-06-10T00:15:00Z,P1,0.913,13.4
2026-06-10T00:15:00Z,P2,1.712,13.4
2026-06-10T00:15:00Z,P3,2.157,13.4
2026-06-10T00:30:00Z,P1,1.918,13.0
2026-06-10T00:30:00Z,P2,1.164,13.0
2026-06-10T00:30:00Z,P3,2.084,13.0
2026-06-10T00:45:00Z,P1,1.652,12.8
2026-06-10T00:45:00Z,P2,2.502,12.8
2026-06-10T00:45:00Z,P3,1.621,12.8
2026-06-10T01:00:00Z,P1,2.024,13.1
2026-06-10T01:00:00Z,P2,1.359,13.1
2026-06-10T01:00:00Z,P3,0.337,13.1
2026-06-10T01:15:00Z,P1,2.194,12.7
2026-06-10T01:15:00Z,P2,1.622,12.7
2026-06-10T01:15:00Z,P3,0.390,12.7
2026-06-10T01:30:00Z,P1,0.319,12.8
2026-06-10T01:30:00Z,P2,0.667,12.8
2026-06-10T01:30:00Z,P3,0.367,12.8
2026-06-10T01:45:00Z,P1,0.704,12.7
2026-06-10T01:45:00Z,P2,2.515,12.7
2026-06-10T01:45:00Z,P3,0.360,12.7
2026-06-10T02:00:00Z,P1,1.879,12.8
2026-06-10T02:00:00Z,P2,1.835,12.8
2026-06-10T02:00:00Z,P3,0.309,12.8
2026-06-10T02:15:00Z,P1,0.770,12.6
2026-06-10T02:15:00Z,P2,1.660,12.6
2026-06-10T02:15:00Z,P3,0.341,12.6
2026-06-10T02:30:00Z,P1,1.634,12.8
2026-06-10T02:30:00Z,P2,1.273,12.8
2026-06-10T02:30:00Z,P3,0.415,12.8
2026-06-10T02:45:00Z,P1,3.069,12.7
2026-06-10T02:45:00Z,P2,1.858,12.7
2026-06-10T02:45:00Z,P3,0.355,12.7
2026-06-10T03:00:00Z,P1,1.469,12.9
2026-06-10T03:00:00Z,P2,1.940,12.9
2026-06-10T03:00:00Z,P3,0.365,12.9
2026-06-10T03:15:00Z,P1,0.388,13.0
2026-06-10T03:15:00Z,P2,1.730,13.0
2026-06-10T03:15:00Z,P3,0.396,13.0
2026-06-10T03:30:00Z,P1,0.460,12.8
2026-06-10T03:30:00Z,P2,1.675,12.8
2026-06-10T03:30:00Z,P3,0.314,12.8
2026-06-10T03:45:00Z,P1,1.944,13.1
2026-06-10T03:45:00Z,P2,2.265,13.1
2026-06-10T03:45:00Z,P3,0.342,13.1
2026-06-10T04:00:00Z,P1,0.725,13.4
2026-06-10T04:00:00Z,P2,1.677,13.4
2026-06-10T04:00:00Z,P3,0.355,13.4
2026-06-10T04:15:00Z,P1,1.663,13.6
2026-06-10T04:15:00Z,P2,0.704,13.6
2026-06-10T04:15:00Z,P3,0.354,13.6
2026-06-10T04:30:00Z,P1,2.888,13.6
2026-06-10T04:30:00Z,P2,1.668,13.6
2026-06-10T04:30:00Z,P3,0.456,13.6
2026-06-10T04:45:00Z,P1,1.709,13.4
2026-06-10T04:45:00Z,P2,2.482,13.4
2026-06-10T04:45:00Z,P3,2.099,13.4
2026-06-10T05:00:00Z,P1,0.382,14.1
2026-06-10T05:00:00Z,P2,2.539,14.1
2026-06-10T05:00:00Z,P3,2.142,14.1
2026-06-10T05:15:00Z,P1,1.655,14.1
2026-06-10T05:15:00Z,P2,0.954,14.1
2026-06-10T05:15:00Z,P3,2.118,14.1
2026-06-10T05:30:00Z,P1,0.972,14.1
2026-06-10T05:30:00Z,P2,1.673,14.1
2026-06-10T05:30:00Z,P3,2.128,14.1
2026-06-10T05:45:00Z,P1,1.862,13.7
2026-06-10T05:45:00Z,P2,1.506,13.7
2026-06-10T05:45:00Z,P3,2.120,13.7
2026-06-10T06:00:00Z,P1,3.306,14.4
2026-06-10T06:00:00Z,P2,2.650,14.4
2026-06-10T06:00:00Z,P3,0.834,14.4
2026-06-10T06:15:00Z,P1,2.377,14.8
2026-06-10T06:15:00Z,P2,3.679,14.8
2026-06-10T06:15:00Z,P3,0.351,14.8
2026-06-10T06:30:00Z,P1,1.573,14.6
2026-06-10T06:30:00Z,P2,1.889,14.6
2026-06-10T06:30:00Z,P3,0.349,14.6
2026-06-10T06:45:00Z,P1,2.610,15.0
2026-06-10T06:45:00Z,P2,1.716,15.0
2026-06-10T06:45:00Z,P3,0.382,15.0
2026-06-10T07:00:00Z,P1,2.475,14.7
2026-06-10T07:00:00Z,P2,3.263,14.7
2026-06-10T07:00:00Z,P3,0.374,14.7
2026-06-10T07:15:00Z,P1,1.645,15.3
2026-06-10T07:15:00Z,P2,2.554,15.3
2026-06-10T07:15:00Z,P3,0.371,15.3
2026-06-10T07:30:00Z,P1,2.042,15.1
2026-06-10T07:30:00Z,P2,1.733,15.1
2026-06-10T07:30:00Z,P3,0.365,15.1
2026-06-10T07:45:00Z,P1,3.237,15.8
2026-06-10T07:45:00Z,P2,1.979,15.8
2026-06-10T07:45:00Z,P3,0.386,15.8
2026-06-10T08:00:00Z,P1,1.642,15.9
2026-06-10T08:00:00Z,P2,3.951,15.9
2026-06-10T08:00:00Z,P3,0.374,15.9
2026-06-10T08:15:00Z,P1,1.856,16.1
2026-06-10T08:15:00Z,P2,2.262,16.1
2026-06-10T08:15:00Z,P3,0.969,16.1
2026-06-10T08:30:00Z,P1,3.176,16.1
2026-06-10T08:30:00Z,P2,1.697,16.1
2026-06-10T08:30:00Z,P3,2.227,16.1
2026-06-10T08:45:00Z,P1,2.395,16.2
2026-06-10T08:45:00Z,P2,1.658,16.2
2026-06-10T08:45:00Z,P3,2.224,16.2
2026-06-10T09:00:00Z,P1,2.570,16.8
2026-06-10T09:00:00Z,P2,3.593,16.8
2026-06-10T09:00:00Z,P3,2.117,16.8
2026-06-10T09:15:00Z,P1,2.078,17.1
2026-06-10T09:15:00Z,P2,3.367,17.1
2026-06-10T09:15:00Z,P3,2.101,17.1
2026-06-10T09:30:00Z,P1,1.942,16.6
2026-06-10T09:30:00Z,P2,3.528,16.6
2026-06-10T09:30:00Z,P3,2.113,16.6
2026-06-10T09:45:00Z,P1,2.937,16.9
2026-06-10T09:45:00Z,P2,3.801,16.9
2026-06-10T09:45:00Z,P3,2.105,16.9
2026-06-10T10:00:00Z,P1,3.235,17.1
2026-06-10T10:00:00Z,P2,3.813,17.1
2026-06-10T10:00:00Z,P3,2.094,17.1
2026-06-10T10:15:00Z,P1,3.149,17.5
2026-06-10T10:15:00Z,P2,3.875,17.5
2026-06-10T10:15:00Z,P3,2.091,17.5
2026-06-10T10:30:00Z,P1,1.424,17.5
2026-06-10T10:30:00Z,P2,3.860,17.5
2026-06-10T10:30:00Z,P3,2.103,17.5
2026-06-10T10:45:00Z,P1,0.328,18.0
2026-06-10T10:45:00Z,P2,3.923,18.0
2026-06-10T10:45:00Z,P3,2.096,18.0
2026-06-10T11:00:00Z,P1,1.645,18.0
2026-06-10T11:00:00Z,P2,3.879,18.0
2026-06-10T11:00:00Z,P3,2.092,18.0
2026-06-10T11:15:00Z,P1,1.329,18.1
2026-06-10T11:15:00Z,P2,3.791,18.1
2026-06-10T11:15:00Z,P3,2.100,18.1
2026-06-10T11:30:00Z,P1,1.942,18.0
2026-06-10T11:30:00Z,P2,1.065,18.0
2026-06-10T11:30:00Z,P3,2.120,18.0
2026-06-10T11:45:00Z,P1,3.173,18.6
2026-06-10T11:45:00Z,P2,2.570,18.6
2026-06-10T11:45:00Z,P3,1.706,18.6
2026-06-10T12:00:00Z,P1,3.176,18.1
2026-06-10T12:00:00Z,P2,3.215,18.1
2026-06-10T12:00:00Z,P3,2.135,18.1
2026-06-10T12:15:00Z,P1,1.842,18.7
2026-06-10T12:15:00Z,P2,2.902,18.7
2026-06-10T12:15:00Z,P3,3.692,18.7
2026-06-10T12:30:00Z,P1,1.160,18.3
2026-06-10T12:30:00Z,P2,2.427,18.3
2026-06-10T12:30:00Z,P3,4.147,18.3
2026-06-10T12:45:00Z,P1,1.929,18.5
2026-06-10T12:45:00Z,P2,2.518,18.5
2026-06-10T12:45:00Z,P3,4.085,18.5
2026-06-10T13:00:00Z,P1,0.337,18.9
2026-06-10T13:00:00Z,P2,3.888,18.9
2026-06-10T13:00:00Z,P3,4.123,18.9
2026-06-10T13:15:00Z,P1,0.750,18.8
2026-06-10T13:15:00Z,P2,3.842,18.8
2026-06-10T13:15:00Z,P3,4.120,18.8
2026-06-10T13:30:00Z,P1,3.057,18.8
2026-06-10T13:30:00Z,P2,2.586,18.8
2026-06-10T13:30:00Z,P3,4.069,18.8
2026-06-10T13:45:00Z,P1,1.611,18.9
2026-06-10T13:45:00Z,P2,0.379,18.9
2026-06-10T13:45:00Z,P3,4.133,18.9
2026-06-10T14:00:00Z,P1,1.943,18.9
2026-06-10T14:00:00Z,P2,0.959,18.9
2026-06-10T14:00:00Z,P3,3.594,18.9
2026-06-10T14:15:00Z,P1,2.500,18.8
2026-06-10T14:15:00Z,P2,3.616,18.8
2026-06-10T14:15:00Z,P3,2.147,18.8
2026-06-10T14:30:00Z,P1,0.328,18.5
2026-06-10T14:30:00Z,P2,2.810,18.5
2026-06-10T14:30:00Z,P3,2.103,18.5
2026-06-10T14:45:00Z,P1,0.664,18.6
2026-06-10T14:45:00Z,P2,1.433,18.6
2026-06-10T14:45:00Z,P3,2.129,18.6
2026-06-10T15:00:00Z,P1,2.727,18.4
2026-06-10T15:00:00Z,P2,0.354,18.4
2026-06-10T15:00:00Z,P3,2.117,18.4
2026-06-10T15:15:00Z,P1,2.113,18.8
2026-06-10T15:15:00Z,P2,2.742,18.8
2026-06-10T15:15:00Z,P3,2.141,18.8
2026-06-10T15:30:00Z,P1,2.420,18.6
2026-06-10T15:30:00Z,P2,2.679,18.6
2026-06-10T15:30:00Z,P3,2.117,18.6
2026-06-10T15:45:00Z,P1,3.130,18.6
2026-06-10T15:45:00Z,P2,1.321,18.6
2026-06-10T15:45:00Z,P3,2.624,18.6
2026-06-10T16:00:00Z,P1,1.576,18.3
2026-06-10T16:00:00Z,P2,1.952,18.3
2026-06-10T16:00:00Z,P3,3.972,18.3
2026-06-10T16:15:00Z,P1,2.356,18.1
2026-06-10T16:15:00Z,P2,4.165,18.1
2026-06-10T16:15:00Z,P3,4.068,18.1
2026-06-10T16:30:00Z,P1,2.993,18.3
2026-06-10T16:30:00Z,P2,3.177,18.3
2026-06-10T16:30:00Z,P3,4.148,18.3
2026-06-10T16:45:00Z,P1,1.662,18.2
2026-06-10T16:45:00Z,P2,1.710,18.2
2026-06-10T16:45:00Z,P3,4.104,18.2
2026-06-10T17:00:00Z,P1,2.082,17.8
2026-06-10T17:00:00Z,P2,2.145,17.8
2026-06-10T17:00:00Z,P3,4.122,17.8
2026-06-10T17:15:00Z,P1,2.843,17.8
2026-06-10T17:15:00Z,P2,3.891,17.8
2026-06-10T17:15:00Z,P3,4.140,17.8
2026-06-10T17:30:00Z,P1,1.659,17.2
2026-06-10T17:30:00Z,P2,2.157,17.2
2026-06-10T17:30:00Z,P3,4.148,17.2
2026-06-10T17:45:00Z,P1,2.705,17.5
2026-06-10T17:45:00Z,P2,1.724,17.5
2026-06-10T17:45:00Z,P3,4.087,17.5
2026-06-10T18:00:00Z,P1,2.557,17.5
2026-06-10T18:00:00Z,P2,2.587,17.5
2026-06-10T18:00:00Z,P3,4.121,17.5
2026-06-10T18:15:00Z,P1,0.751,16.7
2026-06-10T18:15:00Z,P2,3.883,16.7
2026-06-10T18:15:00Z,P3,4.174,16.7
2026-06-10T18:30:00Z,P1,1.282,16.9
2026-06-10T18:30:00Z,P2,1.857,16.9
2026-06-10T18:30:00Z,P3,4.107,16.9
2026-06-10T18:45:00Z,P1,2.516,16.4
2026-06-10T18:45:00Z,P2,2.525,16.4
2026-06-10T18:45:00Z,P3,4.107,16.4
2026-06-10T19:00:00Z,P1,1.573,16.9
2026-06-10T19:00:00Z,P2,3.849,16.9
2026-06-10T19:00:00Z,P3,4.147,16.9
2026-06-10T19:15:00Z,P1,2.577,16.3
2026-06-10T19:15:00Z,P2,2.276,16.3
2026-06-10T19:15:00Z,P3,4.142,16.3
2026-06-10T19:30:00Z,P1,2.309,16.1
2026-06-10T19:30:00Z,P2,1.742,16.1
2026-06-10T19:30:00Z,P3,4.152,16.1
2026-06-10T19:45:00Z,P1,1.762,16.1
2026-06-10T19:45:00Z,P2,3.302,16.1
2026-06-10T19:45:00Z,P3,4.142,16.1
2026-06-10T20:00:00Z,P1,2.295,16.2
2026-06-10T20:00:00Z,P2,3.596,16.2
2026-06-10T20:00:00Z,P3,3.435,16.2
2026-06-10T20:15:00Z,P1,2.562,15.7
2026-06-10T20:15:00Z,P2,3.658,15.7
2026-06-10T20:15:00Z,P3,0.460,15.7
2026-06-10T20:30:00Z,P1,3.439,15.1
2026-06-10T20:30:00Z,P2,3.856,15.1
2026-06-10T20:30:00Z,P3,0.323,15.1
2026-06-10T20:45:00Z,P1,3.219,15.1
2026-06-10T20:45:00Z,P2,3.885,15.1
2026-06-10T20:45:00Z,P3,0.343,15.1
2026-06-10T21:00:00Z,P1,3.214,15.0
2026-06-10T21:00:00Z,P2,3.860,15.0
2026-06-10T21:00:00Z,P3,0.344,15.0
2026-06-10T21:15:00Z,P1,3.353,14.8
2026-06-10T21:15:00Z,P2,3.886,14.8
2026-06-10T21:15:00Z,P3,1.495,14.8
2026-06-10T21:30:00Z,P1,3.738,14.8
2026-06-10T21:30:00Z,P2,3.913,14.8
2026-06-10T21:30:00Z,P3,2.147,14.8
2026-06-10T21:45:00Z,P1,3.434,14.6
2026-06-10T21:45:00Z,P2,3.861,14.6
2026-06-10T21:45:00Z,P3,2.114,14.6
2026-06-10T22:00:00Z,P1,3.118,14.6
2026-06-10T22:00:00Z,P2,3.866,14.6
2026-06-10T22:00:00Z,P3,2.133,14.6
2026-06-10T22:15:00Z,P1,1.586,14.0
2026-06-10T22:15:00Z,P2,2.600,14.0
2026-06-10T22:15:00Z,P3,2.090,14.0
2026-06-10T22:30:00Z,P1,1.914,14.2
2026-06-10T22:30:00Z,P2,0.376,14.2
2026-06-10T22:30:00Z,P3,0.780,14.2
2026-06-10T22:45:00Z,P1,3.006,13.8
2026-06-10T22:45:00Z,P2,1.642,13.8
2026-06-10T22:45:00Z,P3,0.322,13.8
2026-06-10T23:00:00Z,P1,1.575,13.4
2026-06-10T23:00:00Z,P2,2.174,13.4
2026-06-10T23:00:00Z,P3,0.347,13.4
2026-06-10T23:15:00Z,P1,2.026,13.6
2026-06-10T23:15:00Z,P2,3.412,13.6
2026-06-10T23:15:00Z,P3,0.284,13.6
2026-06-10T23:30:00Z,P1,2.852,13.4
2026-06-10T23:30:00Z,P2,1.060,13.4
2026-06-10T23:30:00Z,P3,0.366,13.4
2026-06-10T23:45:00Z,P1,0.906,13.3
2026-06-10T23:45:00Z,P2,0.381,13.3
2026-06-10T23:45:00Z,P3,0.364,13.3
2026-06-11T00:00:00Z,P1,0.360,13.1
2026-06-11T00:00:00Z,P2,1.328,13.1
2026-06-11T00:00:00Z,P3,0.364,13.1
2026-06-11T00:15:00Z,P1,1.897,13.2
2026-06-11T00:15:00Z,P2,3.918,13.2
2026-06-11T00:15:00Z,P3,0.366,13.2
2026-06-11T00:30:00Z,P1,0.507,13.0
2026-06-11T00:30:00Z,P2,2.256,13.0
2026-06-11T00:30:00Z,P3,0.348,13.0
2026-06-11T00:45:00Z,P1,1.008,13.0
2026-06-11T00:45:00Z,P2,0.359,13.0
2026-06-11T00:45:00Z,P3,0.314,13.0
2026-06-11T01:00:00Z,P1,3.141,13.1
2026-06-11T01:00:00Z,P2,0.346,13.1
2026-06-11T01:00:00Z,P3,0.341,13.1
2026-06-11T01:15:00Z,P1,1.947,12.8
2026-06-11T01:15:00Z,P2,2.490,12.8
2026-06-11T01:15:00Z,P3,0.391,12.8
2026-06-11T01:30:00Z,P1,0.636,12.9
2026-06-11T01:30:00Z,P2,3.237,12.9
2026-06-11T01:30:00Z,P3,0.335,12.9
2026-06-11T01:45:00Z,P1,1.754,13.1
2026-06-11T01:45:00Z,P2,0.939,13.1
2026-06-11T01:45:00Z,P3,0.489,13.1
2026-06-11T02:00:00Z,P1,0.798,12.8
2026-06-11T02:00:00Z,P2,0.315,12.8
2026-06-11T02:00:00Z,P3,2.073,12.8
2026-06-11T02:15:00Z,P1,0.330,13.0
2026-06-11T02:15:00Z,P2,0.897,13.0
2026-06-11T02:15:00Z,P3,2.133,13.0
2026-06-11T02:30:00Z,P1,2.859,13.0
2026-06-11T02:30:00Z,P2,3.872,13.0
2026-06-11T02:30:00Z,P3,2.103,13.0
2026-06-11T02:45:00Z,P1,2.389,12.6
2026-06-11T02:45:00Z,P2,1.852,12.6
2026-06-11T02:45:00Z,P3,2.117,12.6
2026-06-11T03:00:00Z,P1,1.311,12.8
2026-06-11T03:00:00Z,P2,0.327,12.8
2026-06-11T03:00:00Z,P3,2.025,12.8
2026-06-11T03:15:00Z,P1,0.545,13.3
2026-06-11T03:15:00Z,P2,0.301,13.3
2026-06-11T03:15:00Z,P3,0.337,13.3
2026-06-11T03:30:00Z,P1,1.956,12.9
2026-06-11T03:30:00Z,P2,3.356,12.9
2026-06-11T03:30:00Z,P3,0.390,12.9
2026-06-11T03:45:00Z,P1,0.629,13.0
2026-06-11T03:45:00Z,P2,2.698,13.0
2026-06-11T03:45:00Z,P3,0.350,13.0
2026-06-11T04:00:00Z,P1,0.330,13.1
2026-06-11T04:00:00Z,P2,1.358,13.1
2026-06-11T04:00:00Z,P3,0.379,13.1
2026-06-11T04:15:00Z,P1,2.932,13.6
2026-06-11T04:15:00Z,P2,0.680,13.6
2026-06-11T04:15:00Z,P3,0.368,13.6
2026-06-11T04:30:00Z,P1,2.027,13.4
2026-06-11T04:30:00Z,P2,3.103,13.4
2026-06-11T04:30:00Z,P3,0.363,13.4
2026-06-11T04:45:00Z,P1,1.523,13.3
2026-06-11T04:45:00Z,P2,2.171,13.3
2026-06-11T04:45:00Z,P3,0.379,13.3
2026-06-11T05:00:00Z,P1,1.597,14.0
2026-06-11T05:00:00Z,P2,1.521,14.0
2026-06-11T05:00:00Z,P3,0.332,14.0
2026-06-11T05:15:00Z,P1,0.856,13.6
2026-06-11T05:15:00Z,P2,0.328,13.6
2026-06-11T05:15:00Z,P3,0.324,13.6
2026-06-11T05:30:00Z,P1,0.338,13.6
2026-06-11T05:30:00Z,P2,1.911,13.6
2026-06-11T05:30:00Z,P3,0.351,13.6
2026-06-11T05:45:00Z,P1,1.279,14.2
2026-06-11T05:45:00Z,P2,3.416,14.2
2026-06-11T05:45:00Z,P3,1.886,14.2
2026-06-11T06:00:00Z,P1,2.358,14.0
2026-06-11T06:00:00Z,P2,1.812,14.0
2026-06-11T06:00:00Z,P3,2.209,14.0
2026-06-11T06:15:00Z,P1,1.641,14.4
2026-06-11T06:15:00Z,P2,2.218,14.4
2026-06-11T06:15:00Z,P3,2.134,14.4
2026-06-11T06:30:00Z,P1,2.382,14.6
2026-06-11T06:30:00Z,P2,2.500,14.6
2026-06-11T06:30:00Z,P3,2.081,14.6
2026-06-11T06:45:00Z,P1,2.617,14.9
2026-06-11T06:45:00Z,P2,3.909,14.9
2026-06-11T06:45:00Z,P3,2.110,14.9
2026-06-11T07:00:00Z,P1,0.360,15.3
2026-06-11T07:00:00Z,P2,2.395,15.3
2026-06-11T07:00:00Z,P3,2.107,15.3
2026-06-11T07:15:00Z,P1,0.559,14.9
2026-06-11T07:15:00Z,P2,1.689,14.9
2026-06-11T07:15:00Z,P3,2.112,14.9
2026-06-11T07:30:00Z,P1,2.142,15.1
2026-06-11T07:30:00Z,P2,1.722,15.1
2026-06-11T07:30:00Z,P3,2.062,15.1
2026-06-11T07:45:00Z,P1,2.236,15.8
2026-06-11T07:45:00Z,P2,3.863,15.8
2026-06-11T07:45:00Z,P3,2.061,15.8
2026-06-11T08:00:00Z,P1,1.609,15.7
2026-06-11T08:00:00Z,P2,2.967,15.7
2026-06-11T08:00:00Z,P3,2.089,15.7
2026-06-11T08:15:00Z,P1,2.334,15.8
2026-06-11T08:15:00Z,P2,1.666,15.8
2026-06-11T08:15:00Z,P3,2.118,15.8
2026-06-11T08:30:00Z,P1,2.900,16.2
2026-06-11T08:30:00Z,P2,1.725,16.2
2026-06-11T08:30:00Z,P3,2.067,16.2
2026-06-11T08:45:00Z,P1,2.113,16.7
2026-06-11T08:45:00Z,P2,3.128,16.7
2026-06-11T08:45:00Z,P3,2.093,16.7
2026-06-11T09:00:00Z,P1,2.610,16.5
2026-06-11T09:00:00Z,P2,3.564,16.5
2026-06-11T09:00:00Z,P3,2.072,16.5
2026-06-11T09:15:00Z,P1,3.325,17.1
2026-06-11T09:15:00Z,P2,3.555,17.1
2026-06-11T09:15:00Z,P3,2.102,17.1
2026-06-11T09:30:00Z,P1,3.481,16.7
2026-06-11T09:30:00Z,P2,3.524,16.7
2026-06-11T09:30:00Z,P3,2.128,16.7
2026-06-11T09:45:00Z,P1,3.222,17.3
2026-06-11T09:45:00Z,P2,3.460,17.3
2026-06-11T09:45:00Z,P3,2.079,17.3
2026-06-11T10:00:00Z,P1,3.224,17.3
2026-06-11T10:00:00Z,P2,3.391,17.3
2026-06-11T10:00:00Z,P3,2.068,17.3
2026-06-11T10:15:00Z,P1,3.214,17.5
2026-06-11T10:15:00Z,P2,2.483,17.5
2026-06-11T10:15:00Z,P3,2.070,17.5
2026-06-11T10:30:00Z,P1,3.162,17.6
2026-06-11T10:30:00Z,P2,2.524,17.6
2026-06-11T10:30:00Z,P3,2.088,17.6
2026-06-11T10:45:00Z,P1,3.230,17.9
2026-06-11T10:45:00Z,P2,2.295,17.9
2026-06-11T10:45:00Z,P3,2.108,17.9
2026-06-11T11:00:00Z,P1,3.124,17.7
2026-06-11T11:00:00Z,P2,0.374,17.7
2026-06-11T11:00:00Z,P3,2.538,17.7
2026-06-11T11:15:00Z,P1,3.195,18.2
2026-06-11T11:15:00Z,P2,0.510,18.2
2026-06-11T11:15:00Z,P3,4.124,18.2
2026-06-11T11:30:00Z,P1,2.823,18.4
2026-06-11T11:30:00Z,P2,2.785,18.4
2026-06-11T11:30:00Z,P3,4.133,18.4
2026-06-11T11:45:00Z,P1,2.687,18.5
2026-06-11T11:45:00Z,P2,2.541,18.5
2026-06-11T11:45:00Z,P3,4.144,18.5
2026-06-11T12:00:00Z,P1,2.656,18.2
2026-06-11T12:00:00Z,P2,2.545,18.2
2026-06-11T12:00:00Z,P3,4.150,18.2
2026-06-11T12:15:00Z,P1,1.685,18.5
2026-06-11T12:15:00Z,P2,3.828,18.5
2026-06-11T12:15:00Z,P3,4.150,18.5
2026-06-11T12:30:00Z,P1,2.337,19.2
2026-06-11T12:30:00Z,P2,2.148,19.2
2026-06-11T12:30:00Z,P3,4.106,19.2
2026-06-11T12:45:00Z,P1,0.859,18.5
2026-06-11T12:45:00Z,P2,1.688,18.5
2026-06-11T12:45:00Z,P3,2.406,18.5
2026-06-11T13:00:00Z,P1,0.420,18.7
2026-06-11T13:00:00Z,P2,2.276,18.7
2026-06-11T13:00:00Z,P3,2.091,18.7
2026-06-11T13:15:00Z,P1,1.986,19.0
2026-06-11T13:15:00Z,P2,3.849,19.0
2026-06-11T13:15:00Z,P3,1.397,19.0
2026-06-11T13:30:00Z,P1,1.644,18.7
2026-06-11T13:30:00Z,P2,2.123,18.7
2026-06-11T13:30:00Z,P3,0.382,18.7
2026-06-11T13:45:00Z,P1,2.349,18.6
2026-06-11T13:45:00Z,P2,1.673,18.6
2026-06-11T13:45:00Z,P3,0.362,18.6
2026-06-11T14:00:00Z,P1,2.939,18.8
2026-06-11T14:00:00Z,P2,2.519,18.8
2026-06-11T14:00:00Z,P3,0.370,18.8
2026-06-11T14:15:00Z,P1,0.462,18.8
2026-06-11T14:15:00Z,P2,3.925,18.8
2026-06-11T14:15:00Z,P3,0.324,18.8
2026-06-11T14:30:00Z,P1,0.978,18.9
2026-06-11T14:30:00Z,P2,3.908,18.9
2026-06-11T14:30:00Z,P3,0.365,18.9
2026-06-11T14:45:00Z,P1,1.976,19.0
2026-06-11T14:45:00Z,P2,3.869,19.0
2026-06-11T14:45:00Z,P3,1.422,19.0
2026-06-11T15:00:00Z,P1,1.607,18.9
2026-06-11T15:00:00Z,P2,2.277,18.9
2026-06-11T15:00:00Z,P3,4.191,18.9
2026-06-11T15:15:00Z,P1,2.289,18.7
2026-06-11T15:15:00Z,P2,1.708,18.7
2026-06-11T15:15:00Z,P3,4.216,18.7
2026-06-11T15:30:00Z,P1,3.699,18.7
2026-06-11T15:30:00Z,P2,2.447,18.7
2026-06-11T15:30:00Z,P3,4.097,18.7
2026-06-11T15:45:00Z,P1,1.976,18.7
2026-06-11T15:45:00Z,P2,3.894,18.7
2026-06-11T15:45:00Z,P3,4.092,18.7
2026-06-11T16:00:00Z,P1,2.215,18.0
2026-06-11T16:00:00Z,P2,1.907,18.0
2026-06-11T16:00:00Z,P3,3.953,18.0
2026-06-11T16:15:00Z,P1,2.998,18.5
2026-06-11T16:15:00Z,P2,2.053,18.5
2026-06-11T16:15:00Z,P3,4.064,18.5
2026-06-11T16:30:00Z,P1,1.602,18.2
2026-06-11T16:30:00Z,P2,2.874,18.2
2026-06-11T16:30:00Z,P3,4.131,18.2
2026-06-11T16:45:00Z,P1,2.377,18.2
2026-06-11T16:45:00Z,P2,3.883,18.2
2026-06-11T16:45:00Z,P3,4.143,18.2
2026-06-11T17:00:00Z,P1,2.770,18.0
2026-06-11T17:00:00Z,P2,2.715,18.0
2026-06-11T17:00:00Z,P3,4.089,18.0
2026-06-11T17:15:00Z,P1,1.697,17.8
2026-06-11T17:15:00Z,P2,1.695,17.8
2026-06-11T17:15:00Z,P3,4.172,17.8
2026-06-11T17:30:00Z,P1,3.187,17.6
2026-06-11T17:30:00Z,P2,3.092,17.6
2026-06-11T17:30:00Z,P3,4.161,17.6
2026-06-11T17:45:00Z,P1,2.649,17.6
2026-06-11T17:45:00Z,P2,3.571,17.6
2026-06-11T17:45:00Z,P3,4.114,17.6
2026-06-11T18:00:00Z,P1,1.641,17.4
2026-06-11T18:00:00Z,P2,1.686,17.4
2026-06-11T18:00:00Z,P3,4.132,17.4
2026-06-11T18:15:00Z,P1,2.207,16.8
2026-06-11T18:15:00Z,P2,1.683,16.8
2026-06-11T18:15:00Z,P3,4.094,16.8
2026-06-11T18:30:00Z,P1,2.869,16.9
2026-06-11T18:30:00Z,P2,3.848,16.9
2026-06-11T18:30:00Z,P3,4.109,16.9
2026-06-11T18:45:00Z,P1,1.631,17.2
2026-06-11T18:45:00Z,P2,2.821,17.2
2026-06-11T18:45:00Z,P3,4.089,17.2
2026-06-11T19:00:00Z,P1,1.957,16.3
2026-06-11T19:00:00Z,P2,1.732,16.3
2026-06-11T19:00:00Z,P3,4.183,16.3
2026-06-11T19:15:00Z,P1,3.085,16.1
2026-06-11T19:15:00Z,P2,1.687,16.1
2026-06-11T19:15:00Z,P3,4.156,16.1
2026-06-11T19:30:00Z,P1,1.676,16.3
2026-06-11T19:30:00Z,P2,2.967,16.3
2026-06-11T19:30:00Z,P3,4.123,16.3
2026-06-11T19:45:00Z,P1,1.089,15.8
2026-06-11T19:45:00Z,P2,3.427,15.8
2026-06-11T19:45:00Z,P3,2.639,15.8
2026-06-11T20:00:00Z,P1,1.927,15.6
2026-06-11T20:00:00Z,P2,3.588,15.6
2026-06-11T20:00:00Z,P3,2.099,15.6
2026-06-11T20:15:00Z,P1,1.078,16.0
2026-06-11T20:15:00Z,P2,3.670,16.0
2026-06-11T20:15:00Z,P3,2.151,16.0
2026-06-11T20:30:00Z,P1,2.152,15.1
2026-06-11T20:30:00Z,P2,3.943,15.1
2026-06-11T20:30:00Z,P3,2.098,15.1
2026-06-11T20:45:00Z,P1,2.998,15.0
2026-06-11T20:45:00Z,P2,3.913,15.0
2026-06-11T20:45:00Z,P3,2.158,15.0
2026-06-11T21:00:00Z,P1,3.241,14.9
2026-06-11T21:00:00Z,P2,3.846,14.9
2026-06-11T21:00:00Z,P3,2.172,14.9
2026-06-11T21:15:00Z,P1,3.180,14.6
2026-06-11T21:15:00Z,P2,3.873,14.6
2026-06-11T21:15:00Z,P3,2.133,14.6
2026-06-11T21:30:00Z,P1,2.442,14.5
2026-06-11T21:30:00Z,P2,3.893,14.5
2026-06-11T21:30:00Z,P3,2.143,14.5
2026-06-11T21:45:00Z,P1,1.873,14.4
2026-06-11T21:45:00Z,P2,1.708,14.4
2026-06-11T21:45:00Z,P3,2.121,14.4
2026-06-11T22:00:00Z,P1,0.974,14.3
2026-06-11T22:00:00Z,P2,1.339,14.3
2026-06-11T22:00:00Z,P3,2.080,14.3
2026-06-11T22:15:00Z,P1,0.319,13.9
2026-06-11T22:15:00Z,P2,0.353,13.9
2026-06-11T22:15:00Z,P3,2.147,13.9
2026-06-11T22:30:00Z,P1,1.943,14.2
2026-06-11T22:30:00Z,P2,2.199,14.2
2026-06-11T22:30:00Z,P3,2.064,14.2
2026-06-11T22:45:00Z,P1,2.560,13.9
2026-06-11T22:45:00Z,P2,3.482,13.9
2026-06-11T22:45:00Z,P3,2.085,13.9
2026-06-11T23:00:00Z,P1,1.599,14.2
2026-06-11T23:00:00Z,P2,1.721,14.2
2026-06-11T23:00:00Z,P3,2.109,14.2
2026-06-11T23:15:00Z,P1,1.545,13.8
2026-06-11T23:15:00Z,P2,0.778,13.8
2026-06-11T23:15:00Z,P3,2.095,13.8
2026-06-11T23:30:00Z,P1,1.908,13.3
2026-06-11T23:30:00Z,P2,1.202,13.3
2026-06-11T23:30:00Z,P3,2.128,13.3
2026-06-11T23:45:00Z,P1,0.340,13.2
2026-06-11T23:45:00Z,P2,2.993,13.2
2026-06-11T23:45:00Z,P3,2.095,13.2
2026-06-12T00:00:00Z,P1,0.820,13.4
2026-06-12T00:00:00Z,P2,1.698,13.4
2026-06-12T00:00:00Z,P3,2.060,13.4
2026-06-12T00:15:00Z,P1,2.895,13.1
2026-06-12T00:15:00Z,P2,1.061,13.1
2026-06-12T00:15:00Z,P3,2.059,13.1
2026-06-12T00:30:00Z,P1,2.806,13.0
2026-06-12T00:30:00Z,P2,0.947,13.0
2026-06-12T00:30:00Z,P3,2.120,13.0
2026-06-12T00:45:00Z,P1,3.178,13.4
2026-06-12T00:45:00Z,P2,3.423,13.4
2026-06-12T00:45:00Z,P3,1.213,13.4
2026-06-12T01:00:00Z,P1,1.963,13.1
2026-06-12T01:00:00Z,P2,1.993,13.1
2026-06-12T01:00:00Z,P3,0.323,13.1
2026-06-12T01:15:00Z,P1,1.980,12.9
2026-06-12T01:15:00Z,P2,0.814,12.9
2026-06-12T01:15:00Z,P3,0.388,12.9
2026-06-12T01:30:00Z,P1,1.972,12.9
2026-06-12T01:30:00Z,P2,0.321,12.9
2026-06-12T01:30:00Z,P3,0.366,12.9
2026-06-12T01:45:00Z,P1,0.847,12.9
2026-06-12T01:45:00Z,P2,3.406,12.9
2026-06-12T01:45:00Z,P3,0.331,12.9
2026-06-12T02:00:00Z,P1,1.344,12.6
2026-06-12T02:00:00Z,P2,3.033,12.6
2026-06-12T02:00:00Z,P3,0.376,12.6
2026-06-12T02:15:00Z,P1,2.790,12.7
2026-06-12T02:15:00Z,P2,0.508,12.7
2026-06-12T02:15:00Z,P3,0.370,12.7
2026-06-12T02:30:00Z,P1,2.474,12.8
2026-06-12T02:30:00Z,P2,0.789,12.8
2026-06-12T02:30:00Z,P3,0.370,12.8
2026-06-12T02:45:00Z,P1,0.683,12.3
2026-06-12T02:45:00Z,P2,3.162,12.3
2026-06-12T02:45:00Z,P3,0.339,12.3
2026-06-12T03:00:00Z,P1,1.294,12.9
2026-06-12T03:00:00Z,P2,2.148,12.9
2026-06-12T03:00:00Z,P3,0.359,12.9
2026-06-12T03:15:00Z,P1,1.158,13.2
2026-06-12T03:15:00Z,P2,0.971,13.2
2026-06-12T03:15:00Z,P3,0.357,13.2
2026-06-12T03:30:00Z,P1,0.356,12.8
2026-06-12T03:30:00Z,P2,0.887,12.8
2026-06-12T03:30:00Z,P3,0.323,12.8
2026-06-12T03:45:00Z,P1,2.048,13.2
2026-06-12T03:45:00Z,P2,2.798,13.2
2026-06-12T03:45:00Z,P3,0.940,13.2
2026-06-12T04:00:00Z,P1,3.125,13.0
2026-06-12T04:00:00Z,P2,2.305,13.0
2026-06-12T04:00:00Z,P3,2.100,13.0
2026-06-12T04:15:00Z,P1,1.113,13.3
2026-06-12T04:15:00Z,P2,1.610,13.3
2026-06-12T04:15:00Z,P3,2.115,13.3
2026-06-12T04:30:00Z,P1,0.350,13.4
2026-06-12T04:30:00Z,P2,0.671,13.4
2026-06-12T04:30:00Z,P3,2.054,13.4
2026-06-12T04:45:00Z,P1,1.565,13.4
2026-06-12T04:45:00Z,P2,2.638,13.4
2026-06-12T04:45:00Z,P3,2.094,13.4
2026-06-12T05:00:00Z,P1,1.100,13.6
2026-06-12T05:00:00Z,P2,2.455,13.6
2026-06-12T05:00:00Z,P3,0.961,13.6
2026-06-12T05:15:00Z,P1,0.400,13.9
2026-06-12T05:15:00Z,P2,1.729,13.9
2026-06-12T05:15:00Z,P3,0.367,13.9
2026-06-12T05:30:00Z,P1,1.967,13.9
2026-06-12T05:30:00Z,P2,0.456,13.9
2026-06-12T05:30:00Z,P3,0.363,13.9
2026-06-12T05:45:00Z,P1,2.905,14.4
2026-06-12T05:45:00Z,P2,2.400,14.4
2026-06-12T05:45:00Z,P3,0.397,14.4
2026-06-12T06:00:00Z,P1,2.070,14.1
2026-06-12T06:00:00Z,P2,2.056,14.1
2026-06-12T06:00:00Z,P3,0.328,14.1
2026-06-12T06:15:00Z,P1,2.423,14.7
2026-06-12T06:15:00Z,P2,2.171,14.7
2026-06-12T06:15:00Z,P3,0.305,14.7
2026-06-12T06:30:00Z,P1,3.342,14.8
2026-06-12T06:30:00Z,P2,2.313,14.8
2026-06-12T06:30:00Z,P3,0.385,14.8
2026-06-12T06:45:00Z,P1,3.510,15.2
2026-06-12T06:45:00Z,P2,3.921,15.2
2026-06-12T06:45:00Z,P3,0.396,15.2
2026-06-12T07:00:00Z,P1,3.143,14.9
2026-06-12T07:00:00Z,P2,2.107,14.9
2026-06-12T07:00:00Z,P3,0.397,14.9
2026-06-12T07:15:00Z,P1,3.212,15.2
2026-06-12T07:15:00Z,P2,1.688,15.2
2026-06-12T07:15:00Z,P3,0.646,15.2
2026-06-12T07:30:00Z,P1,3.211,15.4
2026-06-12T07:30:00Z,P2,1.697,15.4
2026-06-12T07:30:00Z,P3,2.080,15.4
2026-06-12T07:45:00Z,P1,3.236,15.7
2026-06-12T07:45:00Z,P2,3.857,15.7
2026-06-12T07:45:00Z,P3,2.056,15.7
2026-06-12T08:00:00Z,P1,3.165,15.7
2026-06-12T08:00:00Z,P2,3.876,15.7
2026-06-12T08:00:00Z,P3,2.093,15.7
2026-06-12T08:15:00Z,P1,3.208,15.9
2026-06-12T08:15:00Z,P2,3.850,15.9
2026-06-12T08:15:00Z,P3,3.947,15.9
2026-06-12T08:30:00Z,P1,3.228,16.6
2026-06-12T08:30:00Z,P2,3.895,16.6
2026-06-12T08:30:00Z,P3,4.231,16.6
2026-06-12T08:45:00Z,P1,3.196,16.3
2026-06-12T08:45:00Z,P2,2.818,16.3
2026-06-12T08:45:00Z,P3,4.218,16.3
2026-06-12T09:00:00Z,P1,1.257,16.7
2026-06-12T09:00:00Z,P2,3.546,16.7
2026-06-12T09:00:00Z,P3,4.157,16.7
2026-06-12T09:15:00Z,P1,0.316,17.1
2026-06-12T09:15:00Z,P2,3.702,17.1
2026-06-12T09:15:00Z,P3,4.122,17.1
2026-06-12T09:30:00Z,P1,1.631,17.1
2026-06-12T09:30:00Z,P2,3.901,17.1
2026-06-12T09:30:00Z,P3,4.141,17.1
2026-06-12T09:45:00Z,P1,1.133,17.0
2026-06-12T09:45:00Z,P2,3.902,17.0
2026-06-12T09:45:00Z,P3,3.948,17.0
2026-06-12T10:00:00Z,P1,1.628,17.2
2026-06-12T10:00:00Z,P2,3.894,17.2
2026-06-12T10:00:00Z,P3,3.993,17.2
2026-06-12T10:15:00Z,P1,2.989,17.1
2026-06-12T10:15:00Z,P2,3.909,17.1
2026-06-12T10:15:00Z,P3,4.098,17.1
2026-06-12T10:30:00Z,P1,2.780,17.6
2026-06-12T10:30:00Z,P2,3.867,17.6
2026-06-12T10:30:00Z,P3,4.151,17.6
2026-06-12T10:45:00Z,P1,0.923,17.6
2026-06-12T10:45:00Z,P2,2.766,17.6
2026-06-12T10:45:00Z,P3,4.149,17.6
2026-06-12T11:00:00Z,P1,1.094,18.0
2026-06-12T11:00:00Z,P2,1.719,18.0
2026-06-12T11:00:00Z,P3,4.107,18.0
2026-06-12T11:15:00Z,P1,1.547,17.9
2026-06-12T11:15:00Z,P2,0.846,17.9
2026-06-12T11:15:00Z,P3,4.148,17.9
2026-06-12T11:30:00Z,P1,0.367,18.3
2026-06-12T11:30:00Z,P2,2.492,18.3
2026-06-12T11:30:00Z,P3,4.148,18.3
2026-06-12T11:45:00Z,P1,2.013,18.2
2026-06-12T11:45:00Z,P2,1.805,18.2
2026-06-12T11:45:00Z,P3,4.140,18.2
2026-06-12T12:00:00Z,P1,2.424,18.2
2026-06-12T12:00:00Z,P2,3.275,18.2
2026-06-12T12:00:00Z,P3,4.154,18.2
2026-06-12T12:15:00Z,P1,1.593,18.5
2026-06-12T12:15:00Z,P2,3.086,18.5
2026-06-12T12:15:00Z,P3,4.162,18.5
2026-06-12T12:30:00Z,P1,2.598,18.5
2026-06-12T12:30:00Z,P2,2.537,18.5
2026-06-12T12:30:00Z,P3,4.124,18.5
2026-06-12T12:45:00Z,P1,1.933,18.4
2026-06-12T12:45:00Z,P2,3.354,18.4
2026-06-12T12:45:00Z,P3,4.120,18.4
2026-06-12T13:00:00Z,P1,0.987,18.9
2026-06-12T13:00:00Z,P2,3.878,18.9
2026-06-12T13:00:00Z,P3,4.171,18.9
2026-06-12T13:15:00Z,P1,0.301,18.9
2026-06-12T13:15:00Z,P2,3.865,18.9
2026-06-12T13:15:00Z,P3,4.135,18.9
2026-06-12T13:30:00Z,P1,2.569,18.4
2026-06-12T13:30:00Z,P2,2.586,18.4
2026-06-12T13:30:00Z,P3,4.040,18.4
2026-06-12T13:45:00Z,P1,2.745,18.4
2026-06-12T13:45:00Z,P2,3.078,18.4
2026-06-12T13:45:00Z,P3,4.097,18.4
2026-06-12T14:00:00Z,P1,1.621,18.9
2026-06-12T14:00:00Z,P2,3.852,18.9
2026-06-12T14:00:00Z,P3,4.134,18.9
2026-06-12T14:15:00Z,P1,1.193,19.0
2026-06-12T14:15:00Z,P2,3.126,19.0
2026-06-12T14:15:00Z,P3,3.000,19.0
2026-06-12T14:30:00Z,P1,1.720,18.8
2026-06-12T14:30:00Z,P2,0.685,18.8
2026-06-12T14:30:00Z,P3,2.131,18.8
2026-06-12T14:45:00Z,P1,1.218,18.5
2026-06-12T14:45:00Z,P2,0.918,18.5
2026-06-12T14:45:00Z,P3,2.069,18.5
2026-06-12T15:00:00Z,P1,3.502,18.3
2026-06-12T15:00:00Z,P2,3.829,18.3
2026-06-12T15:00:00Z,P3,2.074,18.3
2026-06-12T15:15:00Z,P1,3.702,18.5
2026-06-12T15:15:00Z,P2,3.938,18.5
2026-06-12T15:15:00Z,P3,2.152,18.5
2026-06-12T15:30:00Z,P1,2.720,18.6
2026-06-12T15:30:00Z,P2,1.401,18.6
2026-06-12T15:30:00Z,P3,2.195,18.6
2026-06-12T15:45:00Z,P1,1.602,18.6
2026-06-12T15:45:00Z,P2,0.919,18.6
2026-06-12T15:45:00Z,P3,2.155,18.6
2026-06-12T16:00:00Z,P1,2.408,18.1
2026-06-12T16:00:00Z,P2,2.787,18.1
2026-06-12T16:00:00Z,P3,2.084,18.1
2026-06-12T16:15:00Z,P1,3.384,18.0
2026-06-12T16:15:00Z,P2,4.042,18.0
2026-06-12T16:15:00Z,P3,2.094,18.0
2026-06-12T16:30:00Z,P1,3.462,18.4
2026-06-12T16:30:00Z,P2,2.855,18.4
2026-06-12T16:30:00Z,P3,2.053,18.4
2026-06-12T16:45:00Z,P1,3.203,18.1
2026-06-12T16:45:00Z,P2,1.693,18.1
2026-06-12T16:45:00Z,P3,2.108,18.1
2026-06-12T17:00:00Z,P1,3.216,17.6
2026-06-12T17:00:00Z,P2,2.433,17.6
2026-06-12T17:00:00Z,P3,2.137,17.6
2026-06-12T17:15:00Z,P1,3.203,17.9
2026-06-12T17:15:00Z,P2,3.872,17.9
2026-06-12T17:15:00Z,P3,2.050,17.9
2026-06-12T17:30:00Z,P1,3.178,17.4
2026-06-12T17:30:00Z,P2,1.875,17.4
2026-06-12T17:30:00Z,P3,2.114,17.4
2026-06-12T17:45:00Z,P1,3.207,17.4
2026-06-12T17:45:00Z,P2,1.724,17.4
2026-06-12T17:45:00Z,P3,2.168,17.4
2026-06-12T18:00:00Z,P1,1.616,17.2
2026-06-12T18:00:00Z,P2,3.132,17.2
2026-06-12T18:00:00Z,P3,2.551,17.2
2026-06-12T18:15:00Z,P1,1.613,17.0
2026-06-12T18:15:00Z,P2,3.899,17.0
2026-06-12T18:15:00Z,P3,4.103,17.0
2026-06-12T18:30:00Z,P1,3.246,17.1
2026-06-12T18:30:00Z,P2,3.881,17.1
2026-06-12T18:30:00Z,P3,4.140,17.1
2026-06-12T18:45:00Z,P1,1.861,17.1
2026-06-12T18:45:00Z,P2,1.803,17.1
2026-06-12T18:45:00Z,P3,4.152,17.1
2026-06-12T19:00:00Z,P1,0.349,16.9
2026-06-12T19:00:00Z,P2,1.708,16.9
2026-06-12T19:00:00Z,P3,4.082,16.9
2026-06-12T19:15:00Z,P1,1.412,16.5
2026-06-12T19:15:00Z,P2,2.288,16.5
2026-06-12T19:15:00Z,P3,4.128,16.5
2026-06-12T19:30:00Z,P1,1.007,16.2
2026-06-12T19:30:00Z,P2,3.890,16.2
2026-06-12T19:30:00Z,P3,4.125,16.2
2026-06-12T19:45:00Z,P1,0.551,16.0
2026-06-12T19:45:00Z,P2,2.100,16.0
2026-06-12T19:45:00Z,P3,2.490,16.0
2026-06-12T20:00:00Z,P1,2.596,15.7
2026-06-12T20:00:00Z,P2,1.717,15.7
2026-06-12T20:00:00Z,P3,3.943,15.7
2026-06-12T20:15:00Z,P1,2.419,15.4
2026-06-12T20:15:00Z,P2,2.414,15.4
2026-06-12T20:15:00Z,P3,3.976,15.4
2026-06-12T20:30:00Z,P1,2.838,15.2
2026-06-12T20:30:00Z,P2,3.574,15.2
2026-06-12T20:30:00Z,P3,3.504,15.2
2026-06-12T20:45:00Z,P1,3.160,15.2
2026-06-12T20:45:00Z,P2,3.775,15.2
2026-06-12T20:45:00Z,P3,2.355,15.2
2026-06-12T21:00:00Z,P1,2.029,15.1
2026-06-12T21:00:00Z,P2,2.740,15.1
2026-06-12T21:00:00Z,P3,2.350,15.1
2026-06-12T21:15:00Z,P1,0.316,14.7
2026-06-12T21:15:00Z,P2,3.264,14.7
2026-06-12T21:15:00Z,P3,2.364,14.7
2026-06-12T21:30:00Z,P1,0.739,14.0
2026-06-12T21:30:00Z,P2,3.859,14.0
2026-06-12T21:30:00Z,P3,2.396,14.0
2026-06-12T21:45:00Z,P1,2.415,14.2
2026-06-12T21:45:00Z,P2,3.875,14.2
2026-06-12T21:45:00Z,P3,2.788,14.2
2026-06-12T22:00:00Z,P1,1.590,14.4
2026-06-12T22:00:00Z,P2,3.895,14.4
2026-06-12T22:00:00Z,P3,4.095,14.4
2026-06-12T22:15:00Z,P1,1.642,14.4
2026-06-12T22:15:00Z,P2,3.882,14.4
2026-06-12T22:15:00Z,P3,4.130,14.4
2026-06-12T22:30:00Z,P1,2.239,13.6
2026-06-12T22:30:00Z,P2,3.900,13.6
2026-06-12T22:30:00Z,P3,4.078,13.6
2026-06-12T22:45:00Z,P1,0.592,14.0
2026-06-12T22:45:00Z,P2,2.494,14.0
2026-06-12T22:45:00Z,P3,4.139,14.0
2026-06-12T23:00:00Z,P1,0.308,13.7
2026-06-12T23:00:00Z,P2,0.366,13.7
2026-06-12T23:00:00Z,P3,3.840,13.7
2026-06-12T23:15:00Z,P1,1.389,13.6
2026-06-12T23:15:00Z,P2,1.101,13.6
2026-06-12T23:15:00Z,P3,1.442,13.6
2026-06-12T23:30:00Z,P1,2.321,13.5
2026-06-12T23:30:00Z,P2,1.718,13.5
2026-06-12T23:30:00Z,P3,0.362,13.5
2026-06-12T23:45:00Z,P1,1.648,13.5
2026-06-12T23:45:00Z,P2,3.038,13.5
2026-06-12T23:45:00Z,P3,0.314,13.5
2026-06-13T00:00:00Z,P1,1.568,13.5
2026-06-13T00:00:00Z,P2,1.103,13.5
2026-06-13T00:00:00Z,P3,0.373,13.5
2026-06-13T00:15:00Z,P1,1.953,13.2
2026-06-13T00:15:00Z,P2,1.524,13.2
2026-06-13T00:15:00Z,P3,0.334,13.2
2026-06-13T00:30:00Z,P1,1.429,12.9
2026-06-13T00:30:00Z,P2,1.691,12.9
2026-06-13T00:30:00Z,P3,0.367,12.9
2026-06-13T00:45:00Z,P1,1.934,13.3
2026-06-13T00:45:00Z,P2,2.859,13.3
2026-06-13T00:45:00Z,P3,0.382,13.3
2026-06-13T01:00:00Z,P1,1.909,12.7
2026-06-13T01:00:00Z,P2,1.269,12.7
2026-06-13T01:00:00Z,P3,0.315,12.7
2026-06-13T01:15:00Z,P1,3.281,12.4
2026-06-13T01:15:00Z,P2,0.530,12.4
2026-06-13T01:15:00Z,P3,0.326,12.4
2026-06-13T01:30:00Z,P1,1.837,12.4
2026-06-13T01:30:00Z,P2,2.185,12.4
2026-06-13T01:30:00Z,P3,0.355,12.4
2026-06-13T01:45:00Z,P1,1.574,13.1
2026-06-13T01:45:00Z,P2,3.812,13.1
2026-06-13T01:45:00Z,P3,0.351,13.1
2026-06-13T02:00:00Z,P1,1.005,12.9
2026-06-13T02:00:00Z,P2,0.643,12.9
2026-06-13T02:00:00Z,P3,0.322,12.9
2026-06-13T02:15:00Z,P1,1.524,12.9
2026-06-13T02:15:00Z,P2,0.483,12.9
2026-06-13T02:15:00Z,P3,0.302,12.9
2026-06-13T02:30:00Z,P1,0.370,13.1
2026-06-13T02:30:00Z,P2,1.698,13.1
2026-06-13T02:30:00Z,P3,2.108,13.1
2026-06-13T02:45:00Z,P1,0.974,12.7
2026-06-13T02:45:00Z,P2,2.756,12.7
2026-06-13T02:45:00Z,P3,2.063,12.7
2026-06-13T03:00:00Z,P1,1.983,13.1
2026-06-13T03:00:00Z,P2,1.991,13.1
2026-06-13T03:00:00Z,P3,2.120,13.1
2026-06-13T03:15:00Z,P1,1.607,12.8
2026-06-13T03:15:00Z,P2,0.917,12.8
2026-06-13T03:15:00Z,P3,2.125,12.8
2026-06-13T03:30:00Z,P1,1.644,12.8
2026-06-13T03:30:00Z,P2,1.728,12.8
2026-06-13T03:30:00Z,P3,1.181,12.8
2026-06-13T03:45:00Z,P1,2.749,13.1
2026-06-13T03:45:00Z,P2,1.949,13.1
2026-06-13T03:45:00Z,P3,0.373,13.1
2026-06-13T04:00:00Z,P1,0.462,13.1
2026-06-13T04:00:00Z,P2,2.537,13.1
2026-06-13T04:00:00Z,P3,0.356,13.1
2026-06-13T04:15:00Z,P1,0.325,13.3
2026-06-13T04:15:00Z,P2,1.456,13.3
2026-06-13T04:15:00Z,P3,0.387,13.3
2026-06-13T04:30:00Z,P1,1.930,13.7
2026-06-13T04:30:00Z,P2,1.676,13.7
2026-06-13T04:30:00Z,P3,0.335,13.7
2026-06-13T04:45:00Z,P1,0.521,14.0
2026-06-13T04:45:00Z,P2,1.138,14.0
2026-06-13T04:45:00Z,P3,0.408,14.0
2026-06-13T05:00:00Z,P1,1.592,13.2
2026-06-13T05:00:00Z,P2,1.906,13.2
2026-06-13T05:00:00Z,P3,0.405,13.2
2026-06-13T05:15:00Z,P1,2.728,13.8
2026-06-13T05:15:00Z,P2,2.463,13.8
2026-06-13T05:15:00Z,P3,0.355,13.8
2026-06-13T05:30:00Z,P1,2.380,14.1
2026-06-13T05:30:00Z,P2,1.708,14.1
2026-06-13T05:30:00Z,P3,0.381,14.1
2026-06-13T05:45:00Z,P1,1.852,14.2
2026-06-13T05:45:00Z,P2,1.676,14.2
2026-06-13T05:45:00Z,P3,0.306,14.2
2026-06-13T06:00:00Z,P1,3.322,14.4
2026-06-13T06:00:00Z,P2,0.969,14.4
2026-06-13T06:00:00Z,P3,1.560,14.4
2026-06-13T06:15:00Z,P1,2.292,14.1
2026-06-13T06:15:00Z,P2,2.582,14.1
2026-06-13T06:15:00Z,P3,2.204,14.1
2026-06-13T06:30:00Z,P1,1.653,14.7
2026-06-13T06:30:00Z,P2,2.297,14.7
2026-06-13T06:30:00Z,P3,2.136,14.7
2026-06-13T06:45:00Z,P1,2.942,14.8
2026-06-13T06:45:00Z,P2,2.239,14.8
2026-06-13T06:45:00Z,P3,2.099,14.8
2026-06-13T07:00:00Z,P1,3.484,15.0
2026-06-13T07:00:00Z,P2,1.670,15.0
2026-06-13T07:00:00Z,P3,2.074,15.0
2026-06-13T07:15:00Z,P1,3.366,14.9
2026-06-13T07:15:00Z,P2,3.833,14.9
2026-06-13T07:15:00Z,P3,2.147,14.9
2026-06-13T07:30:00Z,P1,3.168,15.4
2026-06-13T07:30:00Z,P2,2.833,15.4
2026-06-13T07:30:00Z,P3,2.176,15.4
2026-06-13T07:45:00Z,P1,3.181,15.6
2026-06-13T07:45:00Z,P2,1.692,15.6
2026-06-13T07:45:00Z,P3,2.070,15.6
2026-06-13T08:00:00Z,P1,3.136,15.8
2026-06-13T08:00:00Z,P2,1.653,15.8
2026-06-13T08:00:00Z,P3,2.088,15.8
2026-06-13T08:15:00Z,P1,1.860,16.2
2026-06-13T08:15:00Z,P2,2.452,16.2
2026-06-13T08:15:00Z,P3,2.100,16.2
2026-06-13T08:30:00Z,P1,1.863,16.3
2026-06-13T08:30:00Z,P2,3.711,16.3
2026-06-13T08:30:00Z,P3,2.111,16.3
2026-06-13T08:45:00Z,P1,0.371,16.5
2026-06-13T08:45:00Z,P2,3.600,16.5
2026-06-13T08:45:00Z,P3,2.051,16.5
2026-06-13T09:00:00Z,P1,1.094,16.9
2026-06-13T09:00:00Z,P2,3.894,16.9
2026-06-13T09:00:00Z,P3,2.119,16.9
2026-06-13T09:15:00Z,P1,3.215,16.6
2026-06-13T09:15:00Z,P2,3.875,16.6
2026-06-13T09:15:00Z,P3,2.082,16.6
2026-06-13T09:30:00Z,P1,1.963,16.6
2026-06-13T09:30:00Z,P2,3.904,16.6
2026-06-13T09:30:00Z,P3,2.120,16.6
2026-06-13T09:45:00Z,P1,1.516,17.3
2026-06-13T09:45:00Z,P2,3.916,17.3
2026-06-13T09:45:00Z,P3,2.126,17.3
2026-06-13T10:00:00Z,P1,1.965,17.5
2026-06-13T10:00:00Z,P2,3.798,17.5
2026-06-13T10:00:00Z,P3,2.099,17.5
2026-06-13T10:15:00Z,P1,0.578,17.4
2026-06-13T10:15:00Z,P2,3.063,17.4
2026-06-13T10:15:00Z,P3,2.080,17.4
2026-06-13T10:30:00Z,P1,0.778,17.3
2026-06-13T10:30:00Z,P2,2.495,17.3
2026-06-13T10:30:00Z,P3,2.126,17.3
2026-06-13T10:45:00Z,P1,1.866,17.8
2026-06-13T10:45:00Z,P2,2.245,17.8
2026-06-13T10:45:00Z,P3,2.124,17.8
2026-06-13T11:00:00Z,P1,1.620,18.0
2026-06-13T11:00:00Z,P2,1.674,18.0
2026-06-13T11:00:00Z,P3,2.053,18.0
2026-06-13T11:15:00Z,P1,2.005,17.9
2026-06-13T11:15:00Z,P2,2.428,17.9
2026-06-13T11:15:00Z,P3,2.101,17.9
2026-06-13T11:30:00Z,P1,2.981,17.9
2026-06-13T11:30:00Z,P2,3.398,17.9
2026-06-13T11:30:00Z,P3,2.099,17.9
2026-06-13T11:45:00Z,P1,0.700,18.2
2026-06-13T11:45:00Z,P2,1.355,18.2
2026-06-13T11:45:00Z,P3,2.153,18.2
2026-06-13T12:00:00Z,P1,1.723,18.4
2026-06-13T12:00:00Z,P2,1.333,18.4
2026-06-13T12:00:00Z,P3,2.072,18.4
2026-06-13T12:15:00Z,P1,2.329,18.4
2026-06-13T12:15:00Z,P2,2.726,18.4
2026-06-13T12:15:00Z,P3,2.118,18.4
2026-06-13T12:30:00Z,P1,2.182,18.5
2026-06-13T12:30:00Z,P2,3.845,18.5
2026-06-13T12:30:00Z,P3,2.147,18.5
2026-06-13T12:45:00Z,P1,1.645,18.7
2026-06-13T12:45:00Z,P2,1.690,18.7
2026-06-13T12:45:00Z,P3,2.031,18.7
2026-06-13T13:00:00Z,P1,2.896,18.8
2026-06-13T13:00:00Z,P2,1.649,18.8
2026-06-13T13:00:00Z,P3,2.092,18.8
2026-06-13T13:15:00Z,P1,1.857,18.8
2026-06-13T13:15:00Z,P2,2.264,18.8
2026-06-13T13:15:00Z,P3,3.156,18.8
2026-06-13T13:30:00Z,P1,0.329,18.6
2026-06-13T13:30:00Z,P2,3.900,18.6
2026-06-13T13:30:00Z,P3,2.358,18.6
2026-06-13T13:45:00Z,P1,1.117,18.6
2026-06-13T13:45:00Z,P2,2.440,18.6
2026-06-13T13:45:00Z,P3,2.388,18.6
2026-06-13T14:00:00Z,P1,2.038,18.6
2026-06-13T14:00:00Z,P2,1.681,18.6
2026-06-13T14:00:00Z,P3,2.355,18.6
2026-06-13T14:15:00Z,P1,1.662,18.5
2026-06-13T14:15:00Z,P2,1.711,18.5
2026-06-13T14:15:00Z,P3,2.406,18.5
2026-06-13T14:30:00Z,P1,2.212,18.9
2026-06-13T14:30:00Z,P2,2.218,18.9
2026-06-13T14:30:00Z,P3,0.952,18.9
2026-06-13T14:45:00Z,P1,2.371,18.7
2026-06-13T14:45:00Z,P2,1.929,18.7
2026-06-13T14:45:00Z,P3,0.370,18.7
2026-06-13T15:00:00Z,P1,1.248,18.3
2026-06-13T15:00:00Z,P2,1.393,18.3
2026-06-13T15:00:00Z,P3,0.709,18.3
2026-06-13T15:15:00Z,P1,2.812,18.3
2026-06-13T15:15:00Z,P2,1.663,18.3
2026-06-13T15:15:00Z,P3,2.097,18.3
2026-06-13T15:30:00Z,P1,2.964,18.9
2026-06-13T15:30:00Z,P2,1.985,18.9
2026-06-13T15:30:00Z,P3,2.176,18.9
2026-06-13T15:45:00Z,P1,1.628,18.5
2026-06-13T15:45:00Z,P2,2.373,18.5
2026-06-13T15:45:00Z,P3,2.191,18.5
2026-06-13T16:00:00Z,P1,2.485,18.4
2026-06-13T16:00:00Z,P2,3.806,18.4
2026-06-13T16:00:00Z,P3,2.075,18.4
2026-06-13T16:15:00Z,P1,2.793,18.5
2026-06-13T16:15:00Z,P2,3.412,18.5
2026-06-13T16:15:00Z,P3,2.066,18.5
2026-06-13T16:30:00Z,P1,1.634,18.5
2026-06-13T16:30:00Z,P2,3.887,18.5
2026-06-13T16:30:00Z,P3,2.095,18.5
2026-06-13T16:45:00Z,P1,2.242,18.0
2026-06-13T16:45:00Z,P2,3.879,18.0
2026-06-13T16:45:00Z,P3,2.081,18.0
2026-06-13T17:00:00Z,P1,3.130,18.0
2026-06-13T17:00:00Z,P2,3.889,18.0
2026-06-13T17:00:00Z,P3,2.047,18.0
2026-06-13T17:15:00Z,P1,1.574,17.9
2026-06-13T17:15:00Z,P2,3.848,17.9
2026-06-13T17:15:00Z,P3,2.121,17.9
2026-06-13T17:30:00Z,P1,1.773,17.5
2026-06-13T17:30:00Z,P2,3.916,17.5
2026-06-13T17:30:00Z,P3,2.140,17.5
2026-06-13T17:45:00Z,P1,2.333,17.2
2026-06-13T17:45:00Z,P2,3.854,17.2
2026-06-13T17:45:00Z,P3,2.078,17.2
2026-06-13T18:00:00Z,P1,0.303,17.4
2026-06-13T18:00:00Z,P2,3.909,17.4
2026-06-13T18:00:00Z,P3,2.134,17.4
2026-06-13T18:15:00Z,P1,0.673,17.0
2026-06-13T18:15:00Z,P2,3.891,17.0
2026-06-13T18:15:00Z,P3,2.130,17.0
2026-06-13T18:30:00Z,P1,1.964,17.1
2026-06-13T18:30:00Z,P2,2.595,17.1
2026-06-13T18:30:00Z,P3,2.155,17.1
2026-06-13T18:45:00Z,P1,1.534,16.9
2026-06-13T18:45:00Z,P2,1.759,16.9
2026-06-13T18:45:00Z,P3,2.098,16.9
2026-06-13T19:00:00Z,P1,1.988,16.4
2026-06-13T19:00:00Z,P2,2.555,16.4
2026-06-13T19:00:00Z,P3,2.075,16.4
2026-06-13T19:15:00Z,P1,3.179,16.4
2026-06-13T19:15:00Z,P2,3.849,16.4
2026-06-13T19:15:00Z,P3,2.138,16.4
2026-06-13T19:30:00Z,P1,3.231,16.2
2026-06-13T19:30:00Z,P2,3.853,16.2
2026-06-13T19:30:00Z,P3,2.105,16.2
2026-06-13T19:45:00Z,P1,1.167,16.1
2026-06-13T19:45:00Z,P2,2.276,16.1
2026-06-13T19:45:00Z,P3,2.117,16.1
2026-06-13T20:00:00Z,P1,0.292,15.8
2026-06-13T20:00:00Z,P2,2.995,15.8
2026-06-13T20:00:00Z,P3,2.081,15.8
2026-06-13T20:15:00Z,P1,2.065,15.5
2026-06-13T20:15:00Z,P2,2.333,15.5
2026-06-13T20:15:00Z,P3,2.101,15.5
2026-06-13T20:30:00Z,P1,2.141,15.6
2026-06-13T20:30:00Z,P2,3.269,15.6
2026-06-13T20:30:00Z,P3,2.067,15.6
2026-06-13T20:45:00Z,P1,2.897,15.2
2026-06-13T20:45:00Z,P2,3.890,15.2
2026-06-13T20:45:00Z,P3,2.157,15.2
2026-06-13T21:00:00Z,P1,3.255,15.3
2026-06-13T21:00:00Z,P2,3.183,15.3
2026-06-13T21:00:00Z,P3,2.164,15.3
2026-06-13T21:15:00Z,P1,3.187,15.0
2026-06-13T21:15:00Z,P2,2.473,15.0
2026-06-13T21:15:00Z,P3,2.137,15.0
2026-06-13T21:30:00Z,P1,2.274,14.3
2026-06-13T21:30:00Z,P2,3.607,14.3
2026-06-13T21:30:00Z,P3,2.119,14.3
2026-06-13T21:45:00Z,P1,1.921,14.4
2026-06-13T21:45:00Z,P2,2.247,14.4
2026-06-13T21:45:00Z,P3,2.131,14.4
2026-06-13T22:00:00Z,P1,1.266,13.8
2026-06-13T22:00:00Z,P2,0.836,13.8
2026-06-13T22:00:00Z,P3,2.150,13.8
2026-06-13T22:15:00Z,P1,0.363,14.2
2026-06-13T22:15:00Z,P2,0.364,14.2
2026-06-13T22:15:00Z,P3,2.090,14.2
2026-06-13T22:30:00Z,P1,2.073,14.2
2026-06-13T22:30:00Z,P2,3.438,14.2
2026-06-13T22:30:00Z,P3,2.115,14.2
2026-06-13T22:45:00Z,P1,2.539,13.6
2026-06-13T22:45:00Z,P2,2.872,13.6
2026-06-13T22:45:00Z,P3,2.081,13.6
2026-06-13T23:00:00Z,P1,1.590,13.6
2026-06-13T23:00:00Z,P2,1.396,13.6
2026-06-13T23:00:00Z,P3,2.086,13.6
2026-06-13T23:15:00Z,P1,1.704,13.8
2026-06-13T23:15:00Z,P2,0.388,13.8
2026-06-13T23:15:00Z,P3,2.065,13.8
2026-06-13T23:30:00Z,P1,1.023,13.7
2026-06-13T23:30:00Z,P2,2.536,13.7
2026-06-13T23:30:00Z,P3,2.136,13.7
2026-06-13T23:45:00Z,P1,0.311,13.0
2026-06-13T23:45:00Z,P2,2.986,13.0
2026-06-13T23:45:00Z,P3,2.073,13.0
2026-06-14T00:00:00Z,P1,1.061,13.0
2026-06-14T00:00:00Z,P2,1.714,13.0
2026-06-14T00:00:00Z,P3,2.089,13.0
2026-06-14T00:15:00Z,P1,2.027,13.2
2026-06-14T00:15:00Z,P2,0.470,13.2
2026-06-14T00:15:00Z,P3,2.111,13.2
2026-06-14T00:30:00Z,P1,1.674,12.8
2026-06-14T00:30:00Z,P2,0.349,12.8
2026-06-14T00:30:00Z,P3,2.126,12.8
2026-06-14T00:45:00Z,P1,2.494,13.1
2026-06-14T00:45:00Z,P2,3.582,13.1
2026-06-14T00:45:00Z,P3,2.052,13.1
2026-06-14T01:00:00Z,P1,1.947,12.4
2026-06-14T01:00:00Z,P2,2.365,12.4
2026-06-14T01:00:00Z,P3,2.128,12.4
2026-06-14T01:15:00Z,P1,1.509,13.0
2026-06-14T01:15:00Z,P2,1.304,13.0
2026-06-14T01:15:00Z,P3,1.692,13.0
2026-06-14T01:30:00Z,P1,1.963,13.3
2026-06-14T01:30:00Z,P2,0.396,13.3
2026-06-14T01:30:00Z,P3,0.331,13.3
2026-06-14T01:45:00Z,P1,1.934,12.5
2026-06-14T01:45:00Z,P2,2.333,12.5
2026-06-14T01:45:00Z,P3,0.355,12.5
2026-06-14T02:00:00Z,P1,2.370,13.3
2026-06-14T02:00:00Z,P2,3.438,13.3
2026-06-14T02:00:00Z,P3,0.355,13.3
2026-06-14T02:15:00Z,P1,3.229,12.6
2026-06-14T02:15:00Z,P2,1.255,12.6
2026-06-14T02:15:00Z,P3,0.353,12.6
2026-06-14T02:30:00Z,P1,3.165,12.4
2026-06-14T02:30:00Z,P2,0.342,12.4
2026-06-14T02:30:00Z,P3,0.345,12.4
2026-06-14T02:45:00Z,P1,2.244,12.6
2026-06-14T02:45:00Z,P2,2.704,12.6
2026-06-14T02:45:00Z,P3,0.350,12.6
2026-06-14T03:00:00Z,P1,1.130,12.9
2026-06-14T03:00:00Z,P2,3.192,12.9
2026-06-14T03:00:00Z,P3,0.381,12.9
2026-06-14T03:15:00Z,P1,0.332,12.9
2026-06-14T03:15:00Z,P2,1.191,12.9
2026-06-14T03:15:00Z,P3,0.335,12.9
2026-06-14T03:30:00Z,P1,1.389,13.2
2026-06-14T03:30:00Z,P2,0.417,13.2
2026-06-14T03:30:00Z,P3,0.392,13.2
2026-06-14T03:45:00Z,P1,1.857,13.1
2026-06-14T03:45:00Z,P2,2.006,13.1
2026-06-14T03:45:00Z,P3,0.342,13.1
2026-06-14T04:00:00Z,P1,1.600,13.0
2026-06-14T04:00:00Z,P2,3.589,13.0
2026-06-14T04:00:00Z,P3,1.038,13.0
2026-06-14T04:15:00Z,P1,1.859,13.1
2026-06-14T04:15:00Z,P2,1.527,13.1
2026-06-14T04:15:00Z,P3,2.092,13.1
2026-06-14T04:30:00Z,P1,2.175,13.1
2026-06-14T04:30:00Z,P2,0.295,13.1
2026-06-14T04:30:00Z,P3,2.093,13.1
2026-06-14T04:45:00Z,P1,0.283,13.6
2026-06-14T04:45:00Z,P2,0.661,13.6
2026-06-14T04:45:00Z,P3,2.065,13.6
2026-06-14T05:00:00Z,P1,0.335,13.5
2026-06-14T05:00:00Z,P2,3.903,13.5
2026-06-14T05:00:00Z,P3,2.146,13.5
2026-06-14T05:15:00Z,P1,1.774,13.9
2026-06-14T05:15:00Z,P2,2.578,13.9
2026-06-14T05:15:00Z,P3,0.964,13.9
2026-06-14T05:30:00Z,P1,1.564,14.4
2026-06-14T05:30:00Z,P2,0.329,14.4
2026-06-14T05:30:00Z,P3,0.361,14.4
2026-06-14T05:45:00Z,P1,2.067,14.1
2026-06-14T05:45:00Z,P2,0.355,14.1
2026-06-14T05:45:00Z,P3,0.382,14.1
2026-06-14T06:00:00Z,P1,3.610,14.2
2026-06-14T06:00:00Z,P2,2.664,14.2
2026-06-14T06:00:00Z,P3,0.692,14.2
2026-06-14T06:15:00Z,P1,2.257,14.7
2026-06-14T06:15:00Z,P2,3.573,14.7
2026-06-14T06:15:00Z,P3,2.216,14.7
2026-06-14T06:30:00Z,P1,1.588,14.7
2026-06-14T06:30:00Z,P2,1.938,14.7
2026-06-14T06:30:00Z,P3,2.140,14.7
2026-06-14T06:45:00Z,P1,3.066,14.8
2026-06-14T06:45:00Z,P2,2.202,14.8
2026-06-14T06:45:00Z,P3,2.094,14.8
2026-06-14T07:00:00Z,P1,3.498,14.9
2026-06-14T07:00:00Z,P2,2.718,14.9
2026-06-14T07:00:00Z,P3,2.113,14.9
2026-06-14T07:15:00Z,P1,3.372,15.4
2026-06-14T07:15:00Z,P2,3.600,15.4
2026-06-14T07:15:00Z,P3,2.079,15.4
2026-06-14T07:30:00Z,P1,3.200,15.2
2026-06-14T07:30:00Z,P2,1.734,15.2
2026-06-14T07:30:00Z,P3,2.105,15.2
2026-06-14T07:45:00Z,P1,3.234,15.5
2026-06-14T07:45:00Z,P2,1.688,15.5
2026-06-14T07:45:00Z,P3,2.056,15.5
2026-06-14T08:00:00Z,P1,3.213,15.8
2026-06-14T08:00:00Z,P2,3.119,15.8
2026-06-14T08:00:00Z,P3,2.142,15.8
2026-06-14T08:15:00Z,P1,3.143,16.0
2026-06-14T08:15:00Z,P2,3.309,16.0
2026-06-14T08:15:00Z,P3,2.070,16.0
2026-06-14T08:30:00Z,P1,1.896,16.0
2026-06-14T08:30:00Z,P2,1.719,16.0
2026-06-14T08:30:00Z,P3,2.078,16.0
2026-06-14T08:45:00Z,P1,0.354,15.9
2026-06-14T08:45:00Z,P2,1.692,15.9
2026-06-14T08:45:00Z,P3,2.057,15.9
2026-06-14T09:00:00Z,P1,1.097,16.6
2026-06-14T09:00:00Z,P2,3.646,16.6
2026-06-14T09:00:00Z,P3,2.107,16.6
2026-06-14T09:15:00Z,P1,3.175,16.5
2026-06-14T09:15:00Z,P2,3.622,16.5
2026-06-14T09:15:00Z,P3,2.095,16.5
2026-06-14T09:30:00Z,P1,1.661,16.8
2026-06-14T09:30:00Z,P2,3.880,16.8
2026-06-14T09:30:00Z,P3,2.115,16.8
2026-06-14T09:45:00Z,P1,1.919,17.2
2026-06-14T09:45:00Z,P2,3.881,17.2
2026-06-14T09:45:00Z,P3,2.073,17.2
2026-06-14T10:00:00Z,P1,2.140,17.4
2026-06-14T10:00:00Z,P2,3.871,17.4
2026-06-14T10:00:00Z,P3,2.109,17.4
2026-06-14T10:15:00Z,P1,0.534,17.4
2026-06-14T10:15:00Z,P2,3.846,17.4
2026-06-14T10:15:00Z,P3,2.075,17.4
2026-06-14T10:30:00Z,P1,0.372,17.6
2026-06-14T10:30:00Z,P2,3.922,17.6
2026-06-14T10:30:00Z,P3,2.132,17.6
2026-06-14T10:45:00Z,P1,2.409,17.5
2026-06-14T10:45:00Z,P2,2.658,17.5
2026-06-14T10:45:00Z,P3,2.094,17.5
2026-06-14T11:00:00Z,P1,3.193,18.1
2026-06-14T11:00:00Z,P2,3.893,18.1
2026-06-14T11:00:00Z,P3,2.135,18.1
2026-06-14T11:15:00Z,P1,3.146,18.1
2026-06-14T11:15:00Z,P2,1.891,18.1
2026-06-14T11:15:00Z,P3,2.084,18.1
2026-06-14T11:30:00Z,P1,1.655,18.3
2026-06-14T11:30:00Z,P2,1.323,18.3
2026-06-14T11:30:00Z,P3,2.311,18.3
2026-06-14T11:45:00Z,P1,1.473,18.3
2026-06-14T11:45:00Z,P2,1.788,18.3
2026-06-14T11:45:00Z,P3,2.384,18.3
2026-06-14T12:00:00Z,P1,1.953,18.1
2026-06-14T12:00:00Z,P2,2.710,18.1
2026-06-14T12:00:00Z,P3,2.404,18.1
2026-06-14T12:15:00Z,P1,0.703,18.3
2026-06-14T12:15:00Z,P2,1.711,18.3
2026-06-14T12:15:00Z,P3,2.415,18.3
2026-06-14T12:30:00Z,P1,0.320,18.4
2026-06-14T12:30:00Z,P2,1.617,18.4
2026-06-14T12:30:00Z,P3,2.367,18.4
2026-06-14T12:45:00Z,P1,2.548,18.2
2026-06-14T12:45:00Z,P2,3.157,18.2
2026-06-14T12:45:00Z,P3,0.758,18.2
2026-06-14T13:00:00Z,P1,2.164,18.5
2026-06-14T13:00:00Z,P2,2.274,18.5
2026-06-14T13:00:00Z,P3,0.556,18.5
2026-06-14T13:15:00Z,P1,1.670,18.8
2026-06-14T13:15:00Z,P2,0.404,18.8
2026-06-14T13:15:00Z,P3,2.167,18.8
2026-06-14T13:30:00Z,P1,2.168,18.8
2026-06-14T13:30:00Z,P2,1.692,18.8
2026-06-14T13:30:00Z,P3,2.087,18.8
2026-06-14T13:45:00Z,P1,0.955,18.6
2026-06-14T13:45:00Z,P2,3.441,18.6
2026-06-14T13:45:00Z,P3,2.057,18.6
2026-06-14T14:00:00Z,P1,0.306,19.1
2026-06-14T14:00:00Z,P2,3.028,19.1
2026-06-14T14:00:00Z,P3,2.080,19.1
2026-06-14T14:15:00Z,P1,1.719,18.8
2026-06-14T14:15:00Z,P2,0.373,18.8
2026-06-14T14:15:00Z,P3,2.109,18.8
2026-06-14T14:30:00Z,P1,1.434,18.7
2026-06-14T14:30:00Z,P2,1.218,18.7
2026-06-14T14:30:00Z,P3,2.130,18.7
2026-06-14T14:45:00Z,P1,1.685,18.9
2026-06-14T14:45:00Z,P2,3.200,18.9
2026-06-14T14:45:00Z,P3,2.129,18.9
2026-06-14T15:00:00Z,P1,3.153,18.5
2026-06-14T15:00:00Z,P2,3.425,18.5
2026-06-14T15:00:00Z,P3,2.104,18.5
2026-06-14T15:15:00Z,P1,2.829,18.6
2026-06-14T15:15:00Z,P2,0.479,18.6
2026-06-14T15:15:00Z,P3,0.674,18.6
2026-06-14T15:30:00Z,P1,2.578,18.4
2026-06-14T15:30:00Z,P2,1.868,18.4
2026-06-14T15:30:00Z,P3,1.980,18.4
2026-06-14T15:45:00Z,P1,3.119,18.4
2026-06-14T15:45:00Z,P2,3.892,18.4
2026-06-14T15:45:00Z,P3,2.680,18.4
2026-06-14T16:00:00Z,P1,1.654,18.2
2026-06-14T16:00:00Z,P2,3.417,18.2
2026-06-14T16:00:00Z,P3,3.910,18.2
2026-06-14T16:15:00Z,P1,2.341,18.2
2026-06-14T16:15:00Z,P2,2.003,18.2
2026-06-14T16:15:00Z,P3,4.106,18.2
2026-06-14T16:30:00Z,P1,2.934,17.9
2026-06-14T16:30:00Z,P2,2.144,17.9
2026-06-14T16:30:00Z,P3,4.123,17.9
2026-06-14T16:45:00Z,P1,1.686,17.9
2026-06-14T16:45:00Z,P2,3.574,17.9
2026-06-14T16:45:00Z,P3,4.164,17.9
2026-06-14T17:00:00Z,P1,2.169,18.0
2026-06-14T17:00:00Z,P2,3.291,18.0
2026-06-14T17:00:00Z,P3,4.174,18.0
2026-06-14T17:15:00Z,P1,3.027,17.4
2026-06-14T17:15:00Z,P2,1.723,17.4
2026-06-14T17:15:00Z,P3,4.111,17.4
2026-06-14T17:30:00Z,P1,1.639,17.7
2026-06-14T17:30:00Z,P2,1.717,17.7
2026-06-14T17:30:00Z,P3,4.109,17.7
2026-06-14T17:45:00Z,P1,2.462,17.5
2026-06-14T17:45:00Z,P2,3.613,17.5
2026-06-14T17:45:00Z,P3,4.109,17.5
2026-06-14T18:00:00Z,P1,1.778,17.2
2026-06-14T18:00:00Z,P2,3.098,17.2
2026-06-14T18:00:00Z,P3,4.127,17.2
2026-06-14T18:15:00Z,P1,0.376,16.9
2026-06-14T18:15:00Z,P2,1.706,16.9
2026-06-14T18:15:00Z,P3,4.104,16.9
2026-06-14T18:30:00Z,P1,1.210,16.9
2026-06-14T18:30:00Z,P2,1.660,16.9
2026-06-14T18:30:00Z,P3,4.141,16.9
2026-06-14T18:45:00Z,P1,1.792,16.9
2026-06-14T18:45:00Z,P2,3.144,16.9
2026-06-14T18:45:00Z,P3,4.100,16.9
2026-06-14T19:00:00Z,P1,1.568,16.5
2026-06-14T19:00:00Z,P2,3.121,16.5
2026-06-14T19:00:00Z,P3,4.181,16.5
2026-06-14T19:15:00Z,P1,2.316,16.7
2026-06-14T19:15:00Z,P2,1.688,16.7
2026-06-14T19:15:00Z,P3,4.082,16.7
2026-06-14T19:30:00Z,P1,2.389,16.2
2026-06-14T19:30:00Z,P2,1.737,16.2
2026-06-14T19:30:00Z,P3,2.633,16.2
2026-06-14T19:45:00Z,P1,0.337,15.9
2026-06-14T19:45:00Z,P2,3.273,15.9
2026-06-14T19:45:00Z,P3,2.106,15.9
2026-06-14T20:00:00Z,P1,0.836,15.6
2026-06-14T20:00:00Z,P2,3.535,15.6
2026-06-14T20:00:00Z,P3,1.986,15.6
2026-06-14T20:15:00Z,P1,2.016,15.6
2026-06-14T20:15:00Z,P2,2.551,15.6
2026-06-14T20:15:00Z,P3,0.354,15.6
2026-06-14T20:30:00Z,P1,2.740,15.0
2026-06-14T20:30:00Z,P2,2.783,15.0
2026-06-14T20:30:00Z,P3,0.399,15.0
2026-06-14T20:45:00Z,P1,3.231,15.0
2026-06-14T20:45:00Z,P2,3.862,15.0
2026-06-14T20:45:00Z,P3,0.343,15.0
2026-06-14T21:00:00Z,P1,3.211,14.7
2026-06-14T21:00:00Z,P2,3.744,14.7
2026-06-14T21:00:00Z,P3,0.364,14.7
2026-06-14T21:15:00Z,P1,2.626,14.5
2026-06-14T21:15:00Z,P2,2.550,14.5
2026-06-14T21:15:00Z,P3,0.308,14.5
2026-06-14T21:30:00Z,P1,1.950,14.9
2026-06-14T21:30:00Z,P2,2.551,14.9
2026-06-14T21:30:00Z,P3,0.344,14.9
2026-06-14T21:45:00Z,P1,1.885,14.1
2026-06-14T21:45:00Z,P2,1.923,14.1
2026-06-14T21:45:00Z,P3,0.360,14.1
2026-06-14T22:00:00Z,P1,0.701,14.0
2026-06-14T22:00:00Z,P2,1.675,14.0
2026-06-14T22:00:00Z,P3,0.321,14.0
2026-06-14T22:15:00Z,P1,1.175,14.4
2026-06-14T22:15:00Z,P2,1.596,14.4
2026-06-14T22:15:00Z,P3,0.345,14.4
2026-06-14T22:30:00Z,P1,2.807,13.9
2026-06-14T22:30:00Z,P2,2.486,13.9
2026-06-14T22:30:00Z,P3,0.360,13.9
2026-06-14T22:45:00Z,P1,2.267,13.4
2026-06-14T22:45:00Z,P2,1.982,13.4
2026-06-14T22:45:00Z,P3,0.349,13.4
2026-06-14T23:00:00Z,P1,0.553,13.4
2026-06-14T23:00:00Z,P2,1.713,13.4
2026-06-14T23:00:00Z,P3,0.326,13.4
2026-06-14T23:15:00Z,P1,1.466,13.3
2026-06-14T23:15:00Z,P2,1.771,13.3
2026-06-14T23:15:00Z,P3,2.104,13.3
2026-06-14T23:30:00Z,P1,0.849,13.1
2026-06-14T23:30:00Z,P2,2.538,13.1
2026-06-14T23:30:00Z,P3,2.086,13.1
2026-06-14T23:45:00Z,P1,0.384,13.1
2026-06-14T23:45:00Z,P2,1.664,13.1
2026-06-14T23:45:00Z,P3,2.121,13.1
2026-06-15T00:00:00Z,P1,2.667,13.1
2026-06-15T00:00:00Z,P2,1.644,13.1
2026-06-15T00:00:00Z,P3,2.099,13.1
2026-06-15T00:15:00Z,P1,2.020,13.0
2026-06-15T00:15:00Z,P2,1.675,13.0
2026-06-15T00:15:00Z,P3,2.093,13.0
2026-06-15T00:30:00Z,P1,1.588,12.5
2026-06-15T00:30:00Z,P2,2.961,12.5
2026-06-15T00:30:00Z,P3,0.473,12.5
2026-06-15T00:45:00Z,P1,2.030,13.4
2026-06-15T00:45:00Z,P2,1.782,13.4
2026-06-15T00:45:00Z,P3,0.287,13.4
2026-06-15T01:00:00Z,P1,1.006,12.6
2026-06-15T01:00:00Z,P2,1.283,12.6
2026-06-15T01:00:00Z,P3,0.382,12.6
2026-06-15T01:15:00Z,P1,0.321,12.3
2026-06-15T01:15:00Z,P2,1.662,12.3
2026-06-15T01:15:00Z,P3,0.346,12.3
2026-06-15T01:30:00Z,P1,1.273,12.4
2026-06-15T01:30:00Z,P2,2.329,12.4
2026-06-15T01:30:00Z,P3,0.359,12.4
2026-06-15T01:45:00Z,P1,2.105,12.9
2026-06-15T01:45:00Z,P2,1.654,12.9
2026-06-15T01:45:00Z,P3,0.369,12.9
2026-06-15T02:00:00Z,P1,1.572,12.5
2026-06-15T02:00:00Z,P2,1.762,12.5
2026-06-15T02:00:00Z,P3,0.369,12.5
2026-06-15T02:15:00Z,P1,1.977,12.5
2026-06-15T02:15:00Z,P2,1.500,12.5
2026-06-15T02:15:00Z,P3,0.384,12.5
2026-06-15T02:30:00Z,P1,1.900,12.9
2026-06-15T02:30:00Z,P2,2.571,12.9
2026-06-15T02:30:00Z,P3,0.464,12.9
2026-06-15T02:45:00Z,P1,0.322,12.8
2026-06-15T02:45:00Z,P2,1.828,12.8
2026-06-15T02:45:00Z,P3,2.150,12.8
2026-06-15T03:00:00Z,P1,0.384,12.8
2026-06-15T03:00:00Z,P2,1.716,12.8
2026-06-15T03:00:00Z,P3,2.074,12.8
2026-06-15T03:15:00Z,P1,2.148,12.7
2026-06-15T03:15:00Z,P2,0.842,12.7
2026-06-15T03:15:00Z,P3,2.116,12.7
2026-06-15T03:30:00Z,P1,2.147,13.0
2026-06-15T03:30:00Z,P2,2.559,13.0
2026-06-15T03:30:00Z,P3,2.115,13.0
2026-06-15T03:45:00Z,P1,1.685,12.9
2026-06-15T03:45:00Z,P2,1.818,12.9
2026-06-15T03:45:00Z,P3,0.454,12.9
2026-06-15T04:00:00Z,P1,2.028,12.9
2026-06-15T04:00:00Z,P2,1.731,12.9
2026-06-15T04:00:00Z,P3,0.325,12.9
2026-06-15T04:15:00Z,P1,0.850,13.0
2026-06-15T04:15:00Z,P2,0.737,13.0
2026-06-15T04:15:00Z,P3,0.349,13.0
2026-06-15T04:30:00Z,P1,0.404,13.1
2026-06-15T04:30:00Z,P2,1.877,13.1
2026-06-15T04:30:00Z,P3,0.373,13.1
2026-06-15T04:45:00Z,P1,1.605,13.6
2026-06-15T04:45:00Z,P2,3.484,13.6
2026-06-15T04:45:00Z,P3,0.375,13.6
2026-06-15T05:00:00Z,P1,1.276,13.4
2026-06-15T05:00:00Z,P2,1.653,13.4
2026-06-15T05:00:00Z,P3,0.347,13.4
2026-06-15T05:15:00Z,P1,1.607,13.7
2026-06-15T05:15:00Z,P2,0.363,13.7
2026-06-15T05:15:00Z,P3,0.360,13.7
2026-06-15T05:30:00Z,P1,3.064,13.5
2026-06-15T05:30:00Z,P2,0.610,13.5
2026-06-15T05:30:00Z,P3,0.353,13.5
2026-06-15T05:45:00Z,P1,2.570,14.0
2026-06-15T05:45:00Z,P2,3.463,14.0
2026-06-15T05:45:00Z,P3,0.359,14.0
2026-06-15T06:00:00Z,P1,2.215,14.2
2026-06-15T06:00:00Z,P2,2.245,14.2
2026-06-15T06:00:00Z,P3,0.759,14.2
2026-06-15T06:15:00Z,P1,3.178,14.5
2026-06-15T06:15:00Z,P2,1.651,14.5
2026-06-15T06:15:00Z,P3,2.163,14.5
2026-06-15T06:30:00Z,P1,1.823,14.2
2026-06-15T06:30:00Z,P2,1.447,14.2
2026-06-15T06:30:00Z,P3,2.128,14.2
2026-06-15T06:45:00Z,P1,1.595,14.5
2026-06-15T06:45:00Z,P2,4.413,14.5
2026-06-15T06:45:00Z,P3,2.075,14.5
2026-06-15T07:00:00Z,P1,2.588,15.1
2026-06-15T07:00:00Z,P2,2.454,15.1
2026-06-15T07:00:00Z,P3,2.165,15.1
2026-06-15T07:15:00Z,P1,2.570,15.1
2026-06-15T07:15:00Z,P2,1.684,15.1
2026-06-15T07:15:00Z,P3,2.062,15.1
2026-06-15T07:30:00Z,P1,1.618,15.2
2026-06-15T07:30:00Z,P2,2.120,15.2
2026-06-15T07:30:00Z,P3,2.096,15.2
2026-06-15T07:45:00Z,P1,2.335,15.2
2026-06-15T07:45:00Z,P2,3.892,15.2
2026-06-15T07:45:00Z,P3,2.106,15.2
2026-06-15T08:00:00Z,P1,2.630,16.1
2026-06-15T08:00:00Z,P2,2.130,16.1
2026-06-15T08:00:00Z,P3,2.011,16.1
2026-06-15T08:15:00Z,P1,0.623,15.6
2026-06-15T08:15:00Z,P2,1.700,15.6
2026-06-15T08:15:00Z,P3,2.051,15.6
2026-06-15T08:30:00Z,P1,1.265,16.4
2026-06-15T08:30:00Z,P2,2.709,16.4
2026-06-15T08:30:00Z,P3,2.083,16.4
2026-06-15T08:45:00Z,P1,2.861,16.3
2026-06-15T08:45:00Z,P2,3.474,16.3
2026-06-15T08:45:00Z,P3,2.074,16.3
2026-06-15T09:00:00Z,P1,3.300,16.5
2026-06-15T09:00:00Z,P2,3.076,16.5
2026-06-15T09:00:00Z,P3,2.101,16.5
2026-06-15T09:15:00Z,P1,3.148,16.4
2026-06-15T09:15:00Z,P2,3.188,16.4
2026-06-15T09:15:00Z,P3,3.724,16.4
2026-06-15T09:30:00Z,P1,3.246,17.4
2026-06-15T09:30:00Z,P2,3.864,17.4
2026-06-15T09:30:00Z,P3,4.159,17.4
2026-06-15T09:45:00Z,P1,3.252,16.8
2026-06-15T09:45:00Z,P2,3.887,16.8
2026-06-15T09:45:00Z,P3,4.151,16.8
2026-06-15T10:00:00Z,P1,3.150,17.4
2026-06-15T10:00:00Z,P2,3.889,17.4
2026-06-15T10:00:00Z,P3,4.117,17.4
2026-06-15T10:15:00Z,P1,2.053,17.5
2026-06-15T10:15:00Z,P2,3.462,17.5
2026-06-15T10:15:00Z,P3,4.077,17.5
2026-06-15T10:30:00Z,P1,1.857,17.6
2026-06-15T10:30:00Z,P2,3.903,17.6
2026-06-15T10:30:00Z,P3,3.701,17.6
2026-06-15T10:45:00Z,P1,2.193,17.8
2026-06-15T10:45:00Z,P2,3.879,17.8
2026-06-15T10:45:00Z,P3,2.068,17.8
2026-06-15T11:00:00Z,P1,2.893,17.6
2026-06-15T11:00:00Z,P2,3.911,17.6
2026-06-15T11:00:00Z,P3,2.084,17.6
2026-06-15T11:15:00Z,P1,2.632,17.9
2026-06-15T11:15:00Z,P2,3.810,17.9
2026-06-15T11:15:00Z,P3,2.147,17.9
2026-06-15T11:30:00Z,P1,3.159,17.5
2026-06-15T11:30:00Z,P2,3.872,17.5
2026-06-15T11:30:00Z,P3,2.103,17.5
2026-06-15T11:45:00Z,P1,1.724,18.3
2026-06-15T11:45:00Z,P2,2.813,18.3
2026-06-15T11:45:00Z,P3,2.154,18.3
2026-06-15T12:00:00Z,P1,1.173,17.8
2026-06-15T12:00:00Z,P2,1.644,17.8
2026-06-15T12:00:00Z,P3,2.108,17.8
2026-06-15T12:15:00Z,P1,1.928,18.2
2026-06-15T12:15:00Z,P2,1.734,18.2
2026-06-15T12:15:00Z,P3,2.098,18.2
2026-06-15T12:30:00Z,P1,0.675,18.6
2026-06-15T12:30:00Z,P2,3.717,18.6
2026-06-15T12:30:00Z,P3,2.119,18.6
2026-06-15T12:45:00Z,P1,0.826,18.7
2026-06-15T12:45:00Z,P2,2.885,18.7
2026-06-15T12:45:00Z,P3,2.363,18.7
2026-06-15T13:00:00Z,P1,3.067,18.7
2026-06-15T13:00:00Z,P2,1.656,18.7
2026-06-15T13:00:00Z,P3,4.155,18.7
2026-06-15T13:15:00Z,P1,1.658,18.5
2026-06-15T13:15:00Z,P2,1.985,18.5
2026-06-15T13:15:00Z,P3,4.072,18.5
2026-06-15T13:30:00Z,P1,1.384,18.3
2026-06-15T13:30:00Z,P2,3.859,18.3
2026-06-15T13:30:00Z,P3,2.478,18.3
2026-06-15T13:45:00Z,P1,1.881,18.5
2026-06-15T13:45:00Z,P2,2.518,18.5
2026-06-15T13:45:00Z,P3,2.358,18.5
2026-06-15T14:00:00Z,P1,0.622,18.7
2026-06-15T14:00:00Z,P2,1.752,18.7
2026-06-15T14:00:00Z,P3,2.331,18.7
2026-06-15T14:15:00Z,P1,0.733,18.9
2026-06-15T14:15:00Z,P2,1.697,18.9
2026-06-15T14:15:00Z,P3,1.296,18.9
2026-06-15T14:30:00Z,P1,3.226,18.5
2026-06-15T14:30:00Z,P2,3.313,18.5
2026-06-15T14:30:00Z,P3,0.373,18.5
2026-06-15T14:45:00Z,P1,1.595,18.2
2026-06-15T14:45:00Z,P2,3.709,18.2
2026-06-15T14:45:00Z,P3,0.407,18.2
2026-06-15T15:00:00Z,P1,2.149,18.3
2026-06-15T15:00:00Z,P2,1.698,18.3
2026-06-15T15:00:00Z,P3,0.378,18.3
2026-06-15T15:15:00Z,P1,3.779,18.5
2026-06-15T15:15:00Z,P2,1.628,18.5
2026-06-15T15:15:00Z,P3,0.385,18.5
2026-06-15T15:30:00Z,P1,1.848,18.2
2026-06-15T15:30:00Z,P2,1.848,18.2
2026-06-15T15:30:00Z,P3,1.928,18.2
2026-06-15T15:45:00Z,P1,2.422,18.2
2026-06-15T15:45:00Z,P2,3.884,18.2
2026-06-15T15:45:00Z,P3,2.678,18.2
2026-06-15T16:00:00Z,P1,2.828,18.4
2026-06-15T16:00:00Z,P2,2.614,18.4
2026-06-15T16:00:00Z,P3,3.910,18.4
2026-06-15T16:15:00Z,P1,1.661,18.0
2026-06-15T16:15:00Z,P2,2.010,18.0
2026-06-15T16:15:00Z,P3,4.107,18.0
2026-06-15T16:30:00Z,P1,2.502,18.1
2026-06-15T16:30:00Z,P2,2.500,18.1
2026-06-15T16:30:00Z,P3,4.123,18.1
2026-06-15T16:45:00Z,P1,3.185,17.9
2026-06-15T16:45:00Z,P2,3.888,17.9
2026-06-15T16:45:00Z,P3,4.117,17.9
2026-06-15T17:00:00Z,P1,3.235,18.0
2026-06-15T17:00:00Z,P2,3.850,18.0
2026-06-15T17:00:00Z,P3,4.175,18.0
2026-06-15T17:15:00Z,P1,3.210,17.8
2026-06-15T17:15:00Z,P2,3.043,17.8
2026-06-15T17:15:00Z,P3,4.104,17.8
2026-06-15T17:30:00Z,P1,3.119,17.3
2026-06-15T17:30:00Z,P2,1.692,17.3
2026-06-15T17:30:00Z,P3,4.164,17.3
2026-06-15T17:45:00Z,P1,1.652,17.6
2026-06-15T17:45:00Z,P2,1.694,17.6
2026-06-15T17:45:00Z,P3,4.139,17.6
2026-06-15T18:00:00Z,P1,2.025,17.0
2026-06-15T18:00:00Z,P2,2.917,17.0
2026-06-15T18:00:00Z,P3,4.130,17.0
2026-06-15T18:15:00Z,P1,2.994,17.2
2026-06-15T18:15:00Z,P2,3.465,17.2
2026-06-15T18:15:00Z,P3,4.133,17.2
2026-06-15T18:30:00Z,P1,1.626,17.1
2026-06-15T18:30:00Z,P2,1.763,17.1
2026-06-15T18:30:00Z,P3,4.106,17.1
2026-06-15T18:45:00Z,P1,1.861,16.4
2026-06-15T18:45:00Z,P2,1.701,16.4
2026-06-15T18:45:00Z,P3,4.136,16.4
2026-06-15T19:00:00Z,P1,1.611,16.6
2026-06-15T19:00:00Z,P2,3.263,16.6
2026-06-15T19:00:00Z,P3,4.125,16.6
2026-06-15T19:15:00Z,P1,0.389,16.5
2026-06-15T19:15:00Z,P2,3.008,16.5
2026-06-15T19:15:00Z,P3,4.157,16.5
2026-06-15T19:30:00Z,P1,1.139,15.9
2026-06-15T19:30:00Z,P2,1.713,15.9
2026-06-15T19:30:00Z,P3,4.117,15.9
2026-06-15T19:45:00Z,P1,2.874,16.0
2026-06-15T19:45:00Z,P2,1.708,16.0
2026-06-15T19:45:00Z,P3,3.706,16.0
2026-06-15T20:00:00Z,P1,1.611,15.3
2026-06-15T20:00:00Z,P2,3.558,15.3
2026-06-15T20:00:00Z,P3,2.107,15.3
2026-06-15T20:15:00Z,P1,1.853,15.4
2026-06-15T20:15:00Z,P2,3.698,15.4
2026-06-15T20:15:00Z,P3,2.102,15.4
2026-06-15T20:30:00Z,P1,2.195,15.3
2026-06-15T20:30:00Z,P2,3.852,15.3
2026-06-15T20:30:00Z,P3,2.134,15.3
2026-06-15T20:45:00Z,P1,1.943,15.4
2026-06-15T20:45:00Z,P2,3.898,15.4
2026-06-15T20:45:00Z,P3,2.148,15.4
2026-06-15T21:00:00Z,P1,1.922,14.7
2026-06-15T21:00:00Z,P2,3.827,14.7
2026-06-15T21:00:00Z,P3,2.172,14.7
2026-06-15T21:15:00Z,P1,1.960,14.5
2026-06-15T21:15:00Z,P2,3.819,14.5
2026-06-15T21:15:00Z,P3,2.135,14.5
2026-06-15T21:30:00Z,P1,2.912,14.6
2026-06-15T21:30:00Z,P2,3.835,14.6
2026-06-15T21:30:00Z,P3,2.070,14.6
2026-06-15T21:45:00Z,P1,3.196,14.1
2026-06-15T21:45:00Z,P2,3.855,14.1
2026-06-15T21:45:00Z,P3,2.087,14.1
2026-06-15T22:00:00Z,P1,2.438,14.4
2026-06-15T22:00:00Z,P2,1.851,14.4
2026-06-15T22:00:00Z,P3,2.052,14.4
2026-06-15T22:15:00Z,P1,0.782,13.9
2026-06-15T22:15:00Z,P2,1.738,13.9
2026-06-15T22:15:00Z,P3,2.085,13.9
2026-06-15T22:30:00Z,P1,1.209,13.7
2026-06-15T22:30:00Z,P2,1.953,13.7
2026-06-15T22:30:00Z,P3,2.112,13.7
2026-06-15T22:45:00Z,P1,1.270,13.5
2026-06-15T22:45:00Z,P2,3.892,13.5
2026-06-15T22:45:00Z,P3,2.079,13.5
2026-06-15T23:00:00Z,P1,0.324,13.5
2026-06-15T23:00:00Z,P2,1.995,13.5
2026-06-15T23:00:00Z,P3,2.120,13.5
2026-06-15T23:15:00Z,P1,1.700,13.4
2026-06-15T23:15:00Z,P2,0.619,13.4
2026-06-15T23:15:00Z,P3,2.131,13.4
2026-06-15T23:30:00Z,P1,2.498,13.0
2026-06-15T23:30:00Z,P2,0.516,13.0
2026-06-15T23:30:00Z,P3,2.131,13.0
2026-06-15T23:45:00Z,P1,1.643,13.3
2026-06-15T23:45:00Z,P2,3.588,13.3
2026-06-15T23:45:00Z,P3,2.094,13.3
2026-06-16T00:00:00Z,P1,2.044,12.8
2026-06-16T00:00:00Z,P2,2.395,12.8
2026-06-16T00:00:00Z,P3,2.124,12.8
2026-06-16T00:15:00Z,P1,1.335,13.1
2026-06-16T00:15:00Z,P2,0.953,13.1
2026-06-16T00:15:00Z,P3,2.054,13.1
2026-06-16T00:30:00Z,P1,0.387,12.8
2026-06-16T00:30:00Z,P2,1.201,12.8
2026-06-16T00:30:00Z,P3,2.089,12.8
2026-06-16T00:45:00Z,P1,0.661,12.6
2026-06-16T00:45:00Z,P2,3.255,12.6
2026-06-16T00:45:00Z,P3,1.409,12.6
2026-06-16T01:00:00Z,P1,2.107,13.0
2026-06-16T01:00:00Z,P2,1.716,13.0
2026-06-16T01:00:00Z,P3,0.360,13.0
2026-06-16T01:15:00Z,P1,1.652,12.8
2026-06-16T01:15:00Z,P2,1.168,12.8
2026-06-16T01:15:00Z,P3,0.376,12.8
2026-06-16T01:30:00Z,P1,1.646,12.7
2026-06-16T01:30:00Z,P2,0.479,12.7
2026-06-16T01:30:00Z,P3,0.388,12.7
2026-06-16T01:45:00Z,P1,2.636,12.6
2026-06-16T01:45:00Z,P2,3.144,12.6
2026-06-16T01:45:00Z,P3,0.392,12.6
2026-06-16T02:00:00Z,P1,0.763,12.6
2026-06-16T02:00:00Z,P2,2.567,12.6
2026-06-16T02:00:00Z,P3,0.333,12.6
2026-06-16T02:15:00Z,P1,0.392,12.2
2026-06-16T02:15:00Z,P2,1.124,12.2
2026-06-16T02:15:00Z,P3,0.326,12.2
2026-06-16T02:30:00Z,P1,1.620,12.4
2026-06-16T02:30:00Z,P2,0.271,12.4
2026-06-16T02:30:00Z,P3,0.328,12.4
2026-06-16T02:45:00Z,P1,0.877,12.6
2026-06-16T02:45:00Z,P2,1.900,12.6
2026-06-16T02:45:00Z,P3,0.361,12.6
2026-06-16T03:00:00Z,P1,1.415,12.7
2026-06-16T03:00:00Z,P2,3.884,12.7
2026-06-16T03:00:00Z,P3,0.377,12.7
2026-06-16T03:15:00Z,P1,2.476,13.1
2026-06-16T03:15:00Z,P2,1.804,13.1
2026-06-16T03:15:00Z,P3,0.343,13.1
2026-06-16T03:30:00Z,P1,2.686,12.7
2026-06-16T03:30:00Z,P2,0.441,12.7
2026-06-16T03:30:00Z,P3,0.349,12.7
2026-06-16T03:45:00Z,P1,0.344,12.9
2026-06-16T03:45:00Z,P2,0.819,12.9
2026-06-16T03:45:00Z,P3,1.342,12.9
2026-06-16T04:00:00Z,P1,0.739,13.4
2026-06-16T04:00:00Z,P2,3.847,13.4
2026-06-16T04:00:00Z,P3,2.204,13.4
2026-06-16T04:15:00Z,P1,1.739,13.0
2026-06-16T04:15:00Z,P2,2.436,13.0
2026-06-16T04:15:00Z,P3,2.085,13.0
2026-06-16T04:30:00Z,P1,0.356,13.1
2026-06-16T04:30:00Z,P2,0.574,13.1
2026-06-16T04:30:00Z,P3,2.068,13.1
2026-06-16T04:45:00Z,P1,1.083,13.6
2026-06-16T04:45:00Z,P2,0.358,13.6
2026-06-16T04:45:00Z,P3,2.093,13.6
2026-06-16T05:00:00Z,P1,3.239,13.5
2026-06-16T05:00:00Z,P2,2.058,13.5
2026-06-16T05:00:00Z,P3,2.132,13.5
2026-06-16T05:15:00Z,P1,1.634,13.5
2026-06-16T05:15:00Z,P2,3.867,13.5
2026-06-16T05:15:00Z,P3,0.799,13.5
2026-06-16T05:30:00Z,P1,0.771,13.8
2026-06-16T05:30:00Z,P2,1.157,13.8
2026-06-16T05:30:00Z,P3,0.354,13.8
2026-06-16T05:45:00Z,P1,3.409,13.7
2026-06-16T05:45:00Z,P2,0.379,13.7
2026-06-16T05:45:00Z,P3,0.315,13.7
2026-06-16T06:00:00Z,P1,2.373,13.8
2026-06-16T06:00:00Z,P2,1.580,13.8
2026-06-16T06:00:00Z,P3,0.755,13.8
2026-06-16T06:15:00Z,P1,1.628,13.7
2026-06-16T06:15:00Z,P2,3.839,13.7
2026-06-16T06:15:00Z,P3,2.216,13.7
2026-06-16T06:30:00Z,P1,2.740,14.1
2026-06-16T06:30:00Z,P2,2.437,14.1
2026-06-16T06:30:00Z,P3,2.152,14.1
2026-06-16T06:45:00Z,P1,2.606,14.6
2026-06-16T06:45:00Z,P2,2.166,14.6
2026-06-16T06:45:00Z,P3,2.148,14.6
2026-06-16T07:00:00Z,P1,1.598,14.8
2026-06-16T07:00:00Z,P2,1.743,14.8
2026-06-16T07:00:00Z,P3,2.106,14.8
2026-06-16T07:15:00Z,P1,2.690,14.9
2026-06-16T07:15:00Z,P2,3.711,14.9
2026-06-16T07:15:00Z,P3,2.095,14.9
2026-06-16T07:30:00Z,P1,2.760,15.1
2026-06-16T07:30:00Z,P2,3.315,15.1
2026-06-16T07:30:00Z,P3,2.069,15.1
2026-06-16T07:45:00Z,P1,1.662,15.6
2026-06-16T07:45:00Z,P2,3.887,15.6
2026-06-16T07:45:00Z,P3,2.092,15.6
2026-06-16T08:00:00Z,P1,2.017,15.9
2026-06-16T08:00:00Z,P2,3.899,15.9
2026-06-16T08:00:00Z,P3,2.154,15.9
2026-06-16T08:15:00Z,P1,2.386,15.9
2026-06-16T08:15:00Z,P2,3.717,15.9
2026-06-16T08:15:00Z,P3,2.144,15.9
2026-06-16T08:30:00Z,P1,0.367,15.6
2026-06-16T08:30:00Z,P2,2.943,15.6
2026-06-16T08:30:00Z,P3,2.075,15.6
2026-06-16T08:45:00Z,P1,0.508,16.2
2026-06-16T08:45:00Z,P2,3.544,16.2
2026-06-16T08:45:00Z,P3,2.056,16.2
2026-06-16T09:00:00Z,P1,2.188,16.3
2026-06-16T09:00:00Z,P2,3.894,16.3
2026-06-16T09:00:00Z,P3,2.116,16.3
2026-06-16T09:15:00Z,P1,2.581,16.5
2026-06-16T09:15:00Z,P2,3.857,16.5
2026-06-16T09:15:00Z,P3,2.121,16.5
2026-06-16T09:30:00Z,P1,3.162,16.9
2026-06-16T09:30:00Z,P2,3.817,16.9
2026-06-16T09:30:00Z,P3,2.138,16.9
2026-06-16T09:45:00Z,P1,3.162,16.7
2026-06-16T09:45:00Z,P2,3.874,16.7
2026-06-16T09:45:00Z,P3,2.112,16.7
2026-06-16T10:00:00Z,P1,3.205,17.4
2026-06-16T10:00:00Z,P2,3.878,17.4
2026-06-16T10:00:00Z,P3,2.163,17.4
2026-06-16T10:15:00Z,P1,3.121,17.4
2026-06-16T10:15:00Z,P2,2.288,17.4
2026-06-16T10:15:00Z,P3,2.114,17.4
2026-06-16T10:30:00Z,P1,2.458,17.4
2026-06-16T10:30:00Z,P2,2.555,17.4
2026-06-16T10:30:00Z,P3,2.143,17.4
2026-06-16T10:45:00Z,P1,1.779,17.7
2026-06-16T10:45:00Z,P2,3.865,17.7
2026-06-16T10:45:00Z,P3,2.087,17.7
2026-06-16T11:00:00Z,P1,0.348,17.6
2026-06-16T11:00:00Z,P2,3.897,17.6
2026-06-16T11:00:00Z,P3,2.139,17.6
2026-06-16T11:15:00Z,P1,1.186,17.5
2026-06-16T11:15:00Z,P2,2.885,17.5
2026-06-16T11:15:00Z,P3,2.113,17.5
2026-06-16T11:30:00Z,P1,2.564,17.7
2026-06-16T11:30:00Z,P2,1.460,17.7
2026-06-16T11:30:00Z,P3,2.077,17.7
2026-06-16T11:45:00Z,P1,1.645,17.8
2026-06-16T11:45:00Z,P2,1.899,17.8
2026-06-16T11:45:00Z,P3,2.095,17.8
2026-06-16T12:00:00Z,P1,2.656,18.1
2026-06-16T12:00:00Z,P2,2.655,18.1
2026-06-16T12:00:00Z,P3,3.065,18.1
2026-06-16T12:15:00Z,P1,2.591,18.2
2026-06-16T12:15:00Z,P2,3.274,18.2
2026-06-16T12:15:00Z,P3,4.119,18.2
2026-06-16T12:30:00Z,P1,0.738,18.1
2026-06-16T12:30:00Z,P2,3.280,18.1
2026-06-16T12:30:00Z,P3,3.447,18.1
2026-06-16T12:45:00Z,P1,1.488,18.3
2026-06-16T12:45:00Z,P2,3.901,18.3
2026-06-16T12:45:00Z,P3,2.346,18.3
2026-06-16T13:00:00Z,P1,1.230,18.5
2026-06-16T13:00:00Z,P2,3.847,18.5
2026-06-16T13:00:00Z,P3,2.318,18.5
2026-06-16T13:15:00Z,P1,0.358,18.6
2026-06-16T13:15:00Z,P2,3.449,18.6
2026-06-16T13:15:00Z,P3,2.444,18.6
2026-06-16T13:30:00Z,P1,2.491,18.5
2026-06-16T13:30:00Z,P2,1.928,18.5
2026-06-16T13:30:00Z,P3,2.377,18.5
2026-06-16T13:45:00Z,P1,2.257,18.3
2026-06-16T13:45:00Z,P2,3.495,18.3
2026-06-16T13:45:00Z,P3,0.874,18.3
2026-06-16T14:00:00Z,P1,1.643,18.4
2026-06-16T14:00:00Z,P2,3.875,18.4
2026-06-16T14:00:00Z,P3,0.344,18.4
2026-06-16T14:15:00Z,P1,1.396,18.5
2026-06-16T14:15:00Z,P2,3.874,18.5
2026-06-16T14:15:00Z,P3,1.573,18.5
2026-06-16T14:30:00Z,P1,1.187,18.6
2026-06-16T14:30:00Z,P2,2.799,18.6
2026-06-16T14:30:00Z,P3,2.138,18.6
2026-06-16T14:45:00Z,P1,0.375,18.2
2026-06-16T14:45:00Z,P2,2.497,18.2
2026-06-16T14:45:00Z,P3,2.124,18.2
2026-06-16T15:00:00Z,P1,2.372,18.6
2026-06-16T15:00:00Z,P2,1.940,18.6
2026-06-16T15:00:00Z,P3,2.125,18.6
2026-06-16T15:15:00Z,P1,2.916,18.3
2026-06-16T15:15:00Z,P2,1.734,18.3
2026-06-16T15:15:00Z,P3,2.127,18.3
2026-06-16T15:30:00Z,P1,1.717,17.9
2026-06-16T15:30:00Z,P2,2.018,17.9
2026-06-16T15:30:00Z,P3,2.147,17.9
2026-06-16T15:45:00Z,P1,2.759,18.6
2026-06-16T15:45:00Z,P2,2.579,18.6
2026-06-16T15:45:00Z,P3,2.691,18.6
2026-06-16T16:00:00Z,P1,2.240,17.7
2026-06-16T16:00:00Z,P2,0.905,17.7
2026-06-16T16:00:00Z,P3,3.951,17.7
2026-06-16T16:15:00Z,P1,1.651,18.0
2026-06-16T16:15:00Z,P2,2.947,18.0
2026-06-16T16:15:00Z,P3,4.054,18.0
2026-06-16T16:30:00Z,P1,3.015,17.8
2026-06-16T16:30:00Z,P2,3.585,17.8
2026-06-16T16:30:00Z,P3,4.078,17.8
2026-06-16T16:45:00Z,P1,2.160,18.1
2026-06-16T16:45:00Z,P2,2.615,18.1
2026-06-16T16:45:00Z,P3,4.102,18.1
2026-06-16T17:00:00Z,P1,1.640,17.8
2026-06-16T17:00:00Z,P2,3.053,17.8
2026-06-16T17:00:00Z,P3,4.162,17.8
2026-06-16T17:15:00Z,P1,2.651,17.8
2026-06-16T17:15:00Z,P2,3.907,17.8
2026-06-16T17:15:00Z,P3,4.112,17.8
2026-06-16T17:30:00Z,P1,2.464,17.4
2026-06-16T17:30:00Z,P2,3.818,17.4
2026-06-16T17:30:00Z,P3,4.141,17.4
2026-06-16T17:45:00Z,P1,1.562,17.2
2026-06-16T17:45:00Z,P2,3.863,17.2
2026-06-16T17:45:00Z,P3,4.091,17.2
2026-06-16T18:00:00Z,P1,1.622,17.1
2026-06-16T18:00:00Z,P2,3.912,17.1
2026-06-16T18:00:00Z,P3,4.181,17.1
2026-06-16T18:15:00Z,P1,1.472,17.1
2026-06-16T18:15:00Z,P2,2.661,17.1
2026-06-16T18:15:00Z,P3,4.124,17.1
2026-06-16T18:30:00Z,P1,0.343,16.6
2026-06-16T18:30:00Z,P2,0.918,16.6
2026-06-16T18:30:00Z,P3,4.076,16.6
2026-06-16T18:45:00Z,P1,0.937,16.3
2026-06-16T18:45:00Z,P2,1.716,16.3
2026-06-16T18:45:00Z,P3,4.144,16.3
2026-06-16T19:00:00Z,P1,3.096,15.9
2026-06-16T19:00:00Z,P2,2.051,15.9
2026-06-16T19:00:00Z,P3,4.135,15.9
2026-06-16T19:15:00Z,P1,1.584,16.1
2026-06-16T19:15:00Z,P2,2.506,16.1
2026-06-16T19:15:00Z,P3,4.136,16.1
2026-06-16T19:30:00Z,P1,1.585,16.0
2026-06-16T19:30:00Z,P2,0.539,16.0
2026-06-16T19:30:00Z,P3,4.103,16.0
2026-06-16T19:45:00Z,P1,1.716,15.6
2026-06-16T19:45:00Z,P2,1.690,15.6
2026-06-16T19:45:00Z,P3,2.069,15.6
2026-06-16T20:00:00Z,P1,0.376,15.7
2026-06-16T20:00:00Z,P2,3.426,15.7
2026-06-16T20:00:00Z,P3,1.954,15.7
2026-06-16T20:15:00Z,P1,1.112,15.6
2026-06-16T20:15:00Z,P2,4.143,15.6
2026-06-16T20:15:00Z,P3,0.403,15.6
2026-06-16T20:30:00Z,P1,3.237,15.0
2026-06-16T20:30:00Z,P2,1.705,15.0
2026-06-16T20:30:00Z,P3,0.324,15.0
2026-06-16T20:45:00Z,P1,3.259,14.7
2026-06-16T20:45:00Z,P2,1.700,14.7
2026-06-16T20:45:00Z,P3,0.335,14.7
2026-06-16T21:00:00Z,P1,3.192,15.2
2026-06-16T21:00:00Z,P2,3.578,15.2
2026-06-16T21:00:00Z,P3,0.359,15.2
2026-06-16T21:15:00Z,P1,3.193,15.0
2026-06-16T21:15:00Z,P2,3.856,15.0
2026-06-16T21:15:00Z,P3,0.312,15.0
2026-06-16T21:30:00Z,P1,2.361,14.1
2026-06-16T21:30:00Z,P2,2.612,14.1
2026-06-16T21:30:00Z,P3,0.329,14.1
2026-06-16T21:45:00Z,P1,1.958,13.7
2026-06-16T21:45:00Z,P2,1.700,13.7
2026-06-16T21:45:00Z,P3,2.172,13.7
2026-06-16T22:00:00Z,P1,1.964,14.1
2026-06-16T22:00:00Z,P2,1.732,14.1
2026-06-16T22:00:00Z,P3,2.114,14.1
2026-06-16T22:15:00Z,P1,1.949,13.7
2026-06-16T22:15:00Z,P2,3.469,13.7
2026-06-16T22:15:00Z,P3,2.102,13.7
2026-06-16T22:30:00Z,P1,1.195,13.6
2026-06-16T22:30:00Z,P2,3.304,13.6
2026-06-16T22:30:00Z,P3,2.082,13.6
2026-06-16T22:45:00Z,P1,1.654,13.3
2026-06-16T22:45:00Z,P2,1.666,13.3
2026-06-16T22:45:00Z,P3,1.534,13.3
2026-06-16T23:00:00Z,P1,3.045,13.6
2026-06-16T23:00:00Z,P2,1.692,13.6
2026-06-16T23:00:00Z,P3,0.350,13.6
2026-06-16T23:15:00Z,P1,1.626,13.3
2026-06-16T23:15:00Z,P2,3.328,13.3
2026-06-16T23:15:00Z,P3,0.348,13.3
2026-06-16T23:30:00Z,P1,0.387,13.3
2026-06-16T23:30:00Z,P2,3.301,13.3
2026-06-16T23:30:00Z,P3,0.346,13.3
2026-06-16T23:45:00Z,P1,1.962,12.9
2026-06-16T23:45:00Z,P2,1.692,12.9
2026-06-16T23:45:00Z,P3,0.414,12.9
2026-06-17T00:00:00Z,P1,0.544,13.4
2026-06-17T00:00:00Z,P2,1.203,13.4
2026-06-17T00:00:00Z,P3,0.323,13.4
2026-06-17T00:15:00Z,P1,1.393,13.0
2026-06-17T00:15:00Z,P2,0.298,13.0
2026-06-17T00:15:00Z,P3,0.348,13.0
2026-06-17T00:30:00Z,P1,3.205,13.0
2026-06-17T00:30:00Z,P2,2.872,13.0
2026-06-17T00:30:00Z,P3,0.325,13.0
2026-06-17T00:45:00Z,P1,1.753,12.6
2026-06-17T00:45:00Z,P2,2.761,12.6
2026-06-17T00:45:00Z,P3,0.346,12.6
2026-06-17T01:00:00Z,P1,0.335,12.6
2026-06-17T01:00:00Z,P2,0.941,12.6
2026-06-17T01:00:00Z,P3,0.332,12.6
2026-06-17T01:15:00Z,P1,1.615,12.4
2026-06-17T01:15:00Z,P2,0.371,12.4
2026-06-17T01:15:00Z,P3,0.336,12.4
2026-06-17T01:30:00Z,P1,0.750,12.5
2026-06-17T01:30:00Z,P2,2.987,12.5
2026-06-17T01:30:00Z,P3,0.776,12.5
2026-06-17T01:45:00Z,P1,0.356,12.4
2026-06-17T01:45:00Z,P2,3.294,12.4
2026-06-17T01:45:00Z,P3,2.065,12.4
2026-06-17T02:00:00Z,P1,2.099,12.7
2026-06-17T02:00:00Z,P2,1.152,12.7
2026-06-17T02:00:00Z,P3,2.094,12.7
2026-06-17T02:15:00Z,P1,2.724,12.8
2026-06-17T02:15:00Z,P2,0.356,12.8
2026-06-17T02:15:00Z,P3,2.129,12.8
2026-06-17T02:30:00Z,P1,1.600,12.2
2026-06-17T02:30:00Z,P2,1.986,12.2
2026-06-17T02:30:00Z,P3,2.087,12.2
2026-06-17T02:45:00Z,P1,0.854,12.5
2026-06-17T02:45:00Z,P2,3.395,12.5
2026-06-17T02:45:00Z,P3,1.614,12.5
2026-06-17T03:00:00Z,P1,1.548,12.4
2026-06-17T03:00:00Z,P2,1.678,12.4
2026-06-17T03:00:00Z,P3,0.364,12.4
2026-06-17T03:15:00Z,P1,0.344,12.4
2026-06-17T03:15:00Z,P2,0.436,12.4
2026-06-17T03:15:00Z,P3,0.368,12.4
2026-06-17T03:30:00Z,P1,0.488,12.8
2026-06-17T03:30:00Z,P2,0.509,12.8
2026-06-17T03:30:00Z,P3,0.373,12.8
2026-06-17T03:45:00Z,P1,3.205,13.1
2026-06-17T03:45:00Z,P2,3.380,13.1
2026-06-17T03:45:00Z,P3,0.394,13.1
2026-06-17T04:00:00Z,P1,1.913,13.1
2026-06-17T04:00:00Z,P2,2.852,13.1
2026-06-17T04:00:00Z,P3,0.350,13.1
2026-06-17T04:15:00Z,P1,1.615,13.2
2026-06-17T04:15:00Z,P2,0.403,13.2
2026-06-17T04:15:00Z,P3,0.389,13.2
2026-06-17T04:30:00Z,P1,1.768,13.2
2026-06-17T04:30:00Z,P2,0.333,13.2
2026-06-17T04:30:00Z,P3,0.367,13.2
2026-06-17T04:45:00Z,P1,1.071,13.1
2026-06-17T04:45:00Z,P2,1.904,13.1
2026-06-17T04:45:00Z,P3,0.423,13.1
2026-06-17T05:00:00Z,P1,0.380,13.3
2026-06-17T05:00:00Z,P2,3.896,13.3
2026-06-17T05:00:00Z,P3,0.377,13.3
2026-06-17T05:15:00Z,P1,0.946,13.2
2026-06-17T05:15:00Z,P2,0.935,13.2
2026-06-17T05:15:00Z,P3,0.319,13.2
2026-06-17T05:30:00Z,P1,2.014,13.6
2026-06-17T05:30:00Z,P2,0.512,13.6
2026-06-17T05:30:00Z,P3,0.371,13.6
2026-06-17T05:45:00Z,P1,2.150,13.8
2026-06-17T05:45:00Z,P2,1.716,13.8
2026-06-17T05:45:00Z,P3,0.299,13.8
2026-06-17T06:00:00Z,P1,2.599,14.2
2026-06-17T06:00:00Z,P2,2.209,14.2
2026-06-17T06:00:00Z,P3,1.166,14.2
2026-06-17T06:15:00Z,P1,2.974,14.2
2026-06-17T06:15:00Z,P2,2.518,14.2
2026-06-17T06:15:00Z,P3,2.201,14.2
2026-06-17T06:30:00Z,P1,1.605,14.3
2026-06-17T06:30:00Z,P2,2.222,14.3
2026-06-17T06:30:00Z,P3,2.091,14.3
2026-06-17T06:45:00Z,P1,1.916,14.3
2026-06-17T06:45:00Z,P2,3.579,14.3
2026-06-17T06:45:00Z,P3,2.064,14.3
2026-06-17T07:00:00Z,P1,3.115,14.3
2026-06-17T07:00:00Z,P2,4.348,14.3
2026-06-17T07:00:00Z,P3,2.123,14.3
2026-06-17T07:15:00Z,P1,1.619,14.8
2026-06-17T07:15:00Z,P2,4.198,14.8
2026-06-17T07:15:00Z,P3,2.121,14.8
2026-06-17T07:30:00Z,P1,1.918,15.1
2026-06-17T07:30:00Z,P2,3.705,15.1
2026-06-17T07:30:00Z,P3,2.079,15.1
2026-06-17T07:45:00Z,P1,3.187,15.4
2026-06-17T07:45:00Z,P2,3.761,15.4
2026-06-17T07:45:00Z,P3,2.116,15.4
2026-06-17T08:00:00Z,P1,1.653,15.1
2026-06-17T08:00:00Z,P2,3.900,15.1
2026-06-17T08:00:00Z,P3,2.110,15.1
2026-06-17T08:15:00Z,P1,2.569,15.6
2026-06-17T08:15:00Z,P2,3.305,15.6
2026-06-17T08:15:00Z,P3,2.051,15.6
2026-06-17T08:30:00Z,P1,3.435,15.8
2026-06-17T08:30:00Z,P2,1.702,15.8
2026-06-17T08:30:00Z,P3,2.120,15.8
2026-06-17T08:45:00Z,P1,3.473,16.0
2026-06-17T08:45:00Z,P2,1.699,16.0
2026-06-17T08:45:00Z,P3,2.100,16.0
2026-06-17T09:00:00Z,P1,3.247,15.9
2026-06-17T09:00:00Z,P2,3.466,15.9
2026-06-17T09:00:00Z,P3,2.068,15.9
2026-06-17T09:15:00Z,P1,2.991,16.5
2026-06-17T09:15:00Z,P2,3.176,16.5
2026-06-17T09:15:00Z,P3,2.075,16.5
2026-06-17T09:30:00Z,P1,1.963,16.7
2026-06-17T09:30:00Z,P2,1.698,16.7
2026-06-17T09:30:00Z,P3,2.089,16.7
2026-06-17T09:45:00Z,P1,1.911,16.5
2026-06-17T09:45:00Z,P2,1.734,16.5
2026-06-17T09:45:00Z,P3,2.104,16.5
2026-06-17T10:00:00Z,P1,1.978,16.7
2026-06-17T10:00:00Z,P2,2.994,16.7
2026-06-17T10:00:00Z,P3,2.084,16.7
2026-06-17T10:15:00Z,P1,2.093,17.1
2026-06-17T10:15:00Z,P2,3.472,17.1
2026-06-17T10:15:00Z,P3,2.094,17.1
2026-06-17T10:30:00Z,P1,1.638,17.2
2026-06-17T10:30:00Z,P2,1.735,17.2
2026-06-17T10:30:00Z,P3,2.069,17.2
2026-06-17T10:45:00Z,P1,2.358,17.6
2026-06-17T10:45:00Z,P2,1.704,17.6
2026-06-17T10:45:00Z,P3,2.105,17.6
2026-06-17T11:00:00Z,P1,2.548,17.7
2026-06-17T11:00:00Z,P2,2.418,17.7
2026-06-17T11:00:00Z,P3,2.116,17.7
2026-06-17T11:15:00Z,P1,0.323,18.0
2026-06-17T11:15:00Z,P2,3.858,18.0
2026-06-17T11:15:00Z,P3,2.120,18.0
2026-06-17T11:30:00Z,P1,0.476,17.8
2026-06-17T11:30:00Z,P2,2.040,17.8
2026-06-17T11:30:00Z,P3,2.103,17.8
2026-06-17T11:45:00Z,P1,1.953,17.8
2026-06-17T11:45:00Z,P2,1.692,17.8
2026-06-17T11:45:00Z,P3,1.031,17.8
2026-06-17T12:00:00Z,P1,1.307,17.9
2026-06-17T12:00:00Z,P2,3.156,17.9
2026-06-17T12:00:00Z,P3,1.272,17.9
2026-06-17T12:15:00Z,P1,3.140,18.2
2026-06-17T12:15:00Z,P2,3.867,18.2
2026-06-17T12:15:00Z,P3,2.390,18.2
2026-06-17T12:30:00Z,P1,2.155,18.5
2026-06-17T12:30:00Z,P2,3.873,18.5
2026-06-17T12:30:00Z,P3,2.387,18.5
2026-06-17T12:45:00Z,P1,1.602,18.3
2026-06-17T12:45:00Z,P2,3.863,18.3
2026-06-17T12:45:00Z,P3,2.354,18.3
2026-06-17T13:00:00Z,P1,3.000,18.2
2026-06-17T13:00:00Z,P2,3.864,18.2
2026-06-17T13:00:00Z,P3,2.830,18.2
2026-06-17T13:15:00Z,P1,3.194,18.5
2026-06-17T13:15:00Z,P2,3.877,18.5
2026-06-17T13:15:00Z,P3,4.156,18.5
2026-06-17T13:30:00Z,P1,2.529,18.5
2026-06-17T13:30:00Z,P2,1.870,18.5
2026-06-17T13:30:00Z,P3,4.144,18.5
2026-06-17T13:45:00Z,P1,1.662,18.5
2026-06-17T13:45:00Z,P2,1.726,18.5
2026-06-17T13:45:00Z,P3,4.160,18.5
2026-06-17T14:00:00Z,P1,2.039,18.7
2026-06-17T14:00:00Z,P2,2.138,18.7
2026-06-17T14:00:00Z,P3,4.122,18.7
2026-06-17T14:15:00Z,P1,1.795,18.7
2026-06-17T14:15:00Z,P2,2.575,18.7
2026-06-17T14:15:00Z,P3,4.135,18.7
2026-06-17T14:30:00Z,P1,0.327,18.3
2026-06-17T14:30:00Z,P2,1.051,18.3
2026-06-17T14:30:00Z,P3,4.120,18.3
2026-06-17T14:45:00Z,P1,0.704,18.5
2026-06-17T14:45:00Z,P2,1.739,18.5
2026-06-17T14:45:00Z,P3,0.736,18.5
2026-06-17T15:00:00Z,P1,2.859,18.8
2026-06-17T15:00:00Z,P2,3.118,18.8
2026-06-17T15:00:00Z,P3,0.369,18.8
2026-06-17T15:15:00Z,P1,2.381,18.1
2026-06-17T15:15:00Z,P2,1.865,18.1
2026-06-17T15:15:00Z,P3,0.344,18.1
2026-06-17T15:30:00Z,P1,1.882,18.3
2026-06-17T15:30:00Z,P2,1.247,18.3
2026-06-17T15:30:00Z,P3,1.937,18.3
2026-06-17T15:45:00Z,P1,3.247,18.3
2026-06-17T15:45:00Z,P2,1.648,18.3
2026-06-17T15:45:00Z,P3,2.684,18.3
2026-06-17T16:00:00Z,P1,1.816,18.2
2026-06-17T16:00:00Z,P2,2.444,18.2
2026-06-17T16:00:00Z,P3,3.927,18.2
2026-06-17T16:15:00Z,P1,1.830,17.8
2026-06-17T16:15:00Z,P2,3.200,17.8
2026-06-17T16:15:00Z,P3,4.091,17.8
2026-06-17T16:30:00Z,P1,3.170,17.8
2026-06-17T16:30:00Z,P2,2.113,17.8
2026-06-17T16:30:00Z,P3,4.109,17.8
2026-06-17T16:45:00Z,P1,1.845,17.7
2026-06-17T16:45:00Z,P2,1.690,17.7
2026-06-17T16:45:00Z,P3,4.139,17.7
2026-06-17T17:00:00Z,P1,1.588,17.5
2026-06-17T17:00:00Z,P2,2.903,17.5
2026-06-17T17:00:00Z,P3,4.128,17.5
2026-06-17T17:15:00Z,P1,3.220,17.2
2026-06-17T17:15:00Z,P2,3.585,17.2
2026-06-17T17:15:00Z,P3,4.097,17.2
2026-06-17T17:30:00Z,P1,2.032,17.7
2026-06-17T17:30:00Z,P2,1.693,17.7
2026-06-17T17:30:00Z,P3,4.167,17.7
2026-06-17T17:45:00Z,P1,1.638,17.0
2026-06-17T17:45:00Z,P2,1.853,17.0
2026-06-17T17:45:00Z,P3,4.117,17.0
2026-06-17T18:00:00Z,P1,2.550,17.0
2026-06-17T18:00:00Z,P2,3.861,17.0
2026-06-17T18:00:00Z,P3,4.111,17.0
2026-06-17T18:15:00Z,P1,1.929,16.8
2026-06-17T18:15:00Z,P2,3.887,16.8
2026-06-17T18:15:00Z,P3,4.061,16.8
2026-06-17T18:30:00Z,P1,1.893,16.2
2026-06-17T18:30:00Z,P2,3.908,16.2
2026-06-17T18:30:00Z,P3,4.120,16.2
2026-06-17T18:45:00Z,P1,1.156,16.4
2026-06-17T18:45:00Z,P2,3.863,16.4
2026-06-17T18:45:00Z,P3,4.089,16.4
2026-06-17T19:00:00Z,P1,1.534,16.4
2026-06-17T19:00:00Z,P2,2.096,16.4
2026-06-17T19:00:00Z,P3,4.047,16.4
2026-06-17T19:15:00Z,P1,2.507,16.2
2026-06-17T19:15:00Z,P2,1.680,16.2
2026-06-17T19:15:00Z,P3,4.107,16.2
2026-06-17T19:30:00Z,P1,2.680,16.3
2026-06-17T19:30:00Z,P2,1.710,16.3
2026-06-17T19:30:00Z,P3,4.157,16.3
2026-06-17T19:45:00Z,P1,0.350,15.6
2026-06-17T19:45:00Z,P2,3.929,15.6
2026-06-17T19:45:00Z,P3,4.098,15.6
2026-06-17T20:00:00Z,P1,0.650,15.8
2026-06-17T20:00:00Z,P2,3.570,15.8
2026-06-17T20:00:00Z,P3,3.765,15.8
2026-06-17T20:15:00Z,P1,2.033,15.0
2026-06-17T20:15:00Z,P2,3.698,15.0
2026-06-17T20:15:00Z,P3,0.386,15.0
2026-06-17T20:30:00Z,P1,2.184,14.9
2026-06-17T20:30:00Z,P2,3.887,14.9
2026-06-17T20:30:00Z,P3,0.371,14.9
2026-06-17T20:45:00Z,P1,2.658,14.8
2026-06-17T20:45:00Z,P2,3.865,14.8
2026-06-17T20:45:00Z,P3,0.416,14.8
2026-06-17T21:00:00Z,P1,3.239,14.9
2026-06-17T21:00:00Z,P2,3.831,14.9
2026-06-17T21:00:00Z,P3,0.384,14.9
2026-06-17T21:15:00Z,P1,3.237,14.3
2026-06-17T21:15:00Z,P2,3.857,14.3
2026-06-17T21:15:00Z,P3,0.931,14.3
2026-06-17T21:30:00Z,P1,3.196,14.6
2026-06-17T21:30:00Z,P2,3.911,14.6
2026-06-17T21:30:00Z,P3,2.165,14.6
2026-06-17T21:45:00Z,P1,2.471,14.0
2026-06-17T21:45:00Z,P2,3.846,14.0
2026-06-17T21:45:00Z,P3,2.074,14.0
2026-06-17T22:00:00Z,P1,0.287,13.7
2026-06-17T22:00:00Z,P2,2.867,13.7
2026-06-17T22:00:00Z,P3,2.087,13.7
2026-06-17T22:15:00Z,P1,0.363,13.6
2026-06-17T22:15:00Z,P2,0.328,13.6
2026-06-17T22:15:00Z,P3,2.069,13.6
2026-06-17T22:30:00Z,P1,1.709,13.7
2026-06-17T22:30:00Z,P2,1.480,13.7
2026-06-17T22:30:00Z,P3,1.846,13.7
2026-06-17T22:45:00Z,P1,1.198,13.3
2026-06-17T22:45:00Z,P2,2.867,13.3
2026-06-17T22:45:00Z,P3,0.331,13.3
2026-06-17T23:00:00Z,P1,1.590,13.3
2026-06-17T23:00:00Z,P2,2.579,13.3
2026-06-17T23:00:00Z,P3,0.309,13.3
2026-06-17T23:15:00Z,P1,2.256,13.5
2026-06-17T23:15:00Z,P2,0.350,13.5
2026-06-17T23:15:00Z,P3,0.348,13.5
2026-06-17T23:30:00Z,P1,2.303,12.9
2026-06-17T23:30:00Z,P2,1.531,12.9
2026-06-17T23:30:00Z,P3,0.357,12.9
2026-06-17T23:45:00Z,P1,0.394,12.6
2026-06-17T23:45:00Z,P2,3.010,12.6
2026-06-17T23:45:00Z,P3,0.375,12.6
2026-06-18T00:00:00Z,P1,0.673,12.7
2026-06-18T00:00:00Z,P2,3.003,12.7
2026-06-18T00:00:00Z,P3,0.299,12.7
2026-06-18T00:15:00Z,P1,1.936,12.8
2026-06-18T00:15:00Z,P2,0.335,12.8
2026-06-18T00:15:00Z,P3,0.273,12.8
2026-06-18T00:30:00Z,P1,0.555,12.6
2026-06-18T00:30:00Z,P2,0.342,12.6
2026-06-18T00:30:00Z,P3,0.318,12.6
2026-06-18T00:45:00Z,P1,0.327,12.4
2026-06-18T00:45:00Z,P2,1.509,12.4
2026-06-18T00:45:00Z,P3,0.315,12.4
2026-06-18T01:00:00Z,P1,2.852,12.6
2026-06-18T01:00:00Z,P2,3.594,12.6
2026-06-18T01:00:00Z,P3,0.398,12.6
2026-06-18T01:15:00Z,P1,2.025,12.4
2026-06-18T01:15:00Z,P2,2.969,12.4
2026-06-18T01:15:00Z,P3,0.373,12.4
2026-06-18T01:30:00Z,P1,1.083,12.6
2026-06-18T01:30:00Z,P2,0.386,12.6
2026-06-18T01:30:00Z,P3,0.346,12.6
2026-06-18T01:45:00Z,P1,1.173,12.5
2026-06-18T01:45:00Z,P2,1.054,12.5
2026-06-18T01:45:00Z,P3,1.796,12.5
2026-06-18T02:00:00Z,P1,1.423,12.2
2026-06-18T02:00:00Z,P2,2.286,12.2
2026-06-18T02:00:00Z,P3,2.132,12.2
2026-06-18T02:15:00Z,P1,0.301,12.6
2026-06-18T02:15:00Z,P2,3.286,12.6
2026-06-18T02:15:00Z,P3,2.129,12.6
2026-06-18T02:30:00Z,P1,1.104,12.6
2026-06-18T02:30:00Z,P2,0.777,12.6
2026-06-18T02:30:00Z,P3,2.124,12.6
2026-06-18T02:45:00Z,P1,2.261,12.5
2026-06-18T02:45:00Z,P2,1.292,12.5
2026-06-18T02:45:00Z,P3,2.113,12.5
2026-06-18T03:00:00Z,P1,1.629,12.8
2026-06-18T03:00:00Z,P2,1.870,12.8
2026-06-18T03:00:00Z,P3,0.907,12.8
2026-06-18T03:15:00Z,P1,1.586,12.8
2026-06-18T03:15:00Z,P2,3.870,12.8
2026-06-18T03:15:00Z,P3,0.318,12.8
2026-06-18T03:30:00Z,P1,1.814,12.5
2026-06-18T03:30:00Z,P2,1.144,12.5
2026-06-18T03:30:00Z,P3,0.368,12.5
2026-06-18T03:45:00Z,P1,0.588,12.7
2026-06-18T03:45:00Z,P2,0.372,12.7
2026-06-18T03:45:00Z,P3,0.323,12.7
2026-06-18T04:00:00Z,P1,0.346,12.5
2026-06-18T04:00:00Z,P2,1.360,12.5
2026-06-18T04:00:00Z,P3,0.344,12.5
2026-06-18T04:15:00Z,P1,1.312,12.8
2026-06-18T04:15:00Z,P2,3.167,12.8
2026-06-18T04:15:00Z,P3,0.364,12.8
2026-06-18T04:30:00Z,P1,1.999,13.0
2026-06-18T04:30:00Z,P2,2.599,13.0
2026-06-18T04:30:00Z,P3,0.340,13.0
2026-06-18T04:45:00Z,P1,1.609,13.0
2026-06-18T04:45:00Z,P2,0.313,13.0
2026-06-18T04:45:00Z,P3,0.326,13.0
2026-06-18T05:00:00Z,P1,1.618,13.3
2026-06-18T05:00:00Z,P2,0.910,13.3
2026-06-18T05:00:00Z,P3,0.367,13.3
2026-06-18T05:15:00Z,P1,2.432,13.2
2026-06-18T05:15:00Z,P2,3.323,13.2
2026-06-18T05:15:00Z,P3,0.337,13.2
2026-06-18T05:30:00Z,P1,0.338,13.1
2026-06-18T05:30:00Z,P2,2.980,13.1
2026-06-18T05:30:00Z,P3,0.246,13.1
2026-06-18T05:45:00Z,P1,1.854,13.6
2026-06-18T05:45:00Z,P2,0.457,13.6
2026-06-18T05:45:00Z,P3,0.361,13.6
2026-06-18T06:00:00Z,P1,3.460,14.0
2026-06-18T06:00:00Z,P2,0.473,14.0
2026-06-18T06:00:00Z,P3,0.719,14.0
2026-06-18T06:15:00Z,P1,2.195,14.2
2026-06-18T06:15:00Z,P2,1.668,14.2
2026-06-18T06:15:00Z,P3,2.208,14.2
2026-06-18T06:30:00Z,P1,1.602,14.2
2026-06-18T06:30:00Z,P2,4.179,14.2
2026-06-18T06:30:00Z,P3,2.139,14.2
2026-06-18T06:45:00Z,P1,3.104,14.8
2026-06-18T06:45:00Z,P2,2.711,14.8
2026-06-18T06:45:00Z,P3,2.095,14.8
2026-06-18T07:00:00Z,P1,2.115,14.8
2026-06-18T07:00:00Z,P2,1.680,14.8
2026-06-18T07:00:00Z,P3,2.082,14.8
2026-06-18T07:15:00Z,P1,1.578,14.7
2026-06-18T07:15:00Z,P2,1.721,14.7
2026-06-18T07:15:00Z,P3,2.103,14.7
2026-06-18T07:30:00Z,P1,2.946,15.0
2026-06-18T07:30:00Z,P2,3.597,15.0
2026-06-18T07:30:00Z,P3,2.120,15.0
2026-06-18T07:45:00Z,P1,2.309,15.2
2026-06-18T07:45:00Z,P2,2.619,15.2
2026-06-18T07:45:00Z,P3,2.088,15.2
2026-06-18T08:00:00Z,P1,1.626,15.6
2026-06-18T08:00:00Z,P2,1.738,15.6
2026-06-18T08:00:00Z,P3,2.125,15.6
2026-06-18T08:15:00Z,P1,2.384,15.8
2026-06-18T08:15:00Z,P2,1.990,15.8
2026-06-18T08:15:00Z,P3,2.109,15.8
2026-06-18T08:30:00Z,P1,3.199,15.7
2026-06-18T08:30:00Z,P2,3.637,15.7
2026-06-18T08:30:00Z,P3,2.104,15.7
2026-06-18T08:45:00Z,P1,3.221,16.1
2026-06-18T08:45:00Z,P2,3.550,16.1
2026-06-18T08:45:00Z,P3,2.032,16.1
2026-06-18T09:00:00Z,P1,3.422,16.2
2026-06-18T09:00:00Z,P2,3.910,16.2
2026-06-18T09:00:00Z,P3,2.122,16.2
2026-06-18T09:15:00Z,P1,3.366,16.2
2026-06-18T09:15:00Z,P2,3.907,16.2
2026-06-18T09:15:00Z,P3,2.100,16.2
2026-06-18T09:30:00Z,P1,1.940,16.5
2026-06-18T09:30:00Z,P2,3.877,16.5
2026-06-18T09:30:00Z,P3,2.121,16.5
2026-06-18T09:45:00Z,P1,1.936,16.3
2026-06-18T09:45:00Z,P2,3.849,16.3
2026-06-18T09:45:00Z,P3,2.084,16.3
2026-06-18T10:00:00Z,P1,3.024,17.0
2026-06-18T10:00:00Z,P2,3.911,17.0
2026-06-18T10:00:00Z,P3,2.135,17.0
2026-06-18T10:15:00Z,P1,3.214,17.0
2026-06-18T10:15:00Z,P2,3.892,17.0
2026-06-18T10:15:00Z,P3,2.098,17.0
2026-06-18T10:30:00Z,P1,3.180,17.1
2026-06-18T10:30:00Z,P2,3.895,17.1
2026-06-18T10:30:00Z,P3,2.164,17.1
2026-06-18T10:45:00Z,P1,3.183,17.4
2026-06-18T10:45:00Z,P2,3.882,17.4
2026-06-18T10:45:00Z,P3,2.074,17.4
2026-06-18T11:00:00Z,P1,2.169,17.2
2026-06-18T11:00:00Z,P2,1.833,17.2
2026-06-18T11:00:00Z,P3,2.075,17.2
2026-06-18T11:15:00Z,P1,1.909,17.2
2026-06-18T11:15:00Z,P2,3.727,17.2
2026-06-18T11:15:00Z,P3,2.106,17.2
2026-06-18T11:30:00Z,P1,1.269,17.6
2026-06-18T11:30:00Z,P2,3.013,17.6
2026-06-18T11:30:00Z,P3,2.138,17.6
2026-06-18T11:45:00Z,P1,0.356,17.7
2026-06-18T11:45:00Z,P2,1.681,17.7
2026-06-18T11:45:00Z,P3,2.159,17.7
2026-06-18T12:00:00Z,P1,2.359,18.2
2026-06-18T12:00:00Z,P2,0.956,18.2
2026-06-18T12:00:00Z,P3,2.114,18.2
2026-06-18T12:15:00Z,P1,2.556,17.9
2026-06-18T12:15:00Z,P2,1.693,17.9
2026-06-18T12:15:00Z,P3,0.340,17.9
2026-06-18T12:30:00Z,P1,1.667,18.3
2026-06-18T12:30:00Z,P2,2.955,18.3
2026-06-18T12:30:00Z,P3,0.340,18.3
2026-06-18T12:45:00Z,P1,1.287,18.3
2026-06-18T12:45:00Z,P2,1.713,18.3
2026-06-18T12:45:00Z,P3,0.330,18.3
2026-06-18T13:00:00Z,P1,1.940,18.2
2026-06-18T13:00:00Z,P2,1.615,18.2
2026-06-18T13:00:00Z,P3,0.392,18.2
2026-06-18T13:15:00Z,P1,0.354,18.3
2026-06-18T13:15:00Z,P2,1.374,18.3
2026-06-18T13:15:00Z,P3,0.390,18.3
2026-06-18T13:30:00Z,P1,0.640,18.3
2026-06-18T13:30:00Z,P2,3.125,18.3
2026-06-18T13:30:00Z,P3,0.331,18.3
2026-06-18T13:45:00Z,P1,2.434,18.3
2026-06-18T13:45:00Z,P2,1.715,18.3
2026-06-18T13:45:00Z,P3,0.362,18.3
2026-06-18T14:00:00Z,P1,1.736,18.0
2026-06-18T14:00:00Z,P2,1.301,18.0
2026-06-18T14:00:00Z,P3,0.342,18.0
2026-06-18T14:15:00Z,P1,1.726,18.4
2026-06-18T14:15:00Z,P2,1.953,18.4
2026-06-18T14:15:00Z,P3,1.695,18.4
2026-06-18T14:30:00Z,P1,2.542,18.1
2026-06-18T14:30:00Z,P2,3.686,18.1
2026-06-18T14:30:00Z,P3,2.095,18.1
2026-06-18T14:45:00Z,P1,0.565,17.9
2026-06-18T14:45:00Z,P2,3.883,17.9
2026-06-18T14:45:00Z,P3,2.111,17.9
2026-06-18T15:00:00Z,P1,1.857,18.4
2026-06-18T15:00:00Z,P2,3.858,18.4
2026-06-18T15:00:00Z,P3,2.098,18.4
2026-06-18T15:15:00Z,P1,3.479,18.2
2026-06-18T15:15:00Z,P2,3.887,18.2
2026-06-18T15:15:00Z,P3,2.091,18.2
2026-06-18T15:30:00Z,P1,1.724,18.0
2026-06-18T15:30:00Z,P2,3.912,18.0
2026-06-18T15:30:00Z,P3,2.191,18.0
2026-06-18T15:45:00Z,P1,2.233,18.2
2026-06-18T15:45:00Z,P2,3.124,18.2
2026-06-18T15:45:00Z,P3,2.296,18.2
2026-06-18T16:00:00Z,P1,3.069,17.7
2026-06-18T16:00:00Z,P2,2.375,17.7
2026-06-18T16:00:00Z,P3,4.139,17.7
2026-06-18T16:15:00Z,P1,1.931,17.9
2026-06-18T16:15:00Z,P2,3.181,17.9
2026-06-18T16:15:00Z,P3,4.160,17.9
2026-06-18T16:30:00Z,P1,3.224,17.8
2026-06-18T16:30:00Z,P2,3.577,17.8
2026-06-18T16:30:00Z,P3,4.092,17.8
2026-06-18T16:45:00Z,P1,2.179,17.5
2026-06-18T16:45:00Z,P2,3.608,17.5
2026-06-18T16:45:00Z,P3,4.161,17.5
2026-06-18T17:00:00Z,P1,1.599,17.3
2026-06-18T17:00:00Z,P2,3.874,17.3
2026-06-18T17:00:00Z,P3,4.083,17.3
2026-06-18T17:15:00Z,P1,3.104,17.0
2026-06-18T17:15:00Z,P2,3.853,17.0
2026-06-18T17:15:00Z,P3,4.086,17.0
2026-06-18T17:30:00Z,P1,3.194,17.4
2026-06-18T17:30:00Z,P2,3.856,17.4
2026-06-18T17:30:00Z,P3,4.144,17.4
2026-06-18T17:45:00Z,P1,3.238,17.0
2026-06-18T17:45:00Z,P2,3.867,17.0
2026-06-18T17:45:00Z,P3,3.839,17.0
2026-06-18T18:00:00Z,P1,2.739,16.5
2026-06-18T18:00:00Z,P2,3.888,16.5
2026-06-18T18:00:00Z,P3,2.121,16.5
2026-06-18T18:15:00Z,P1,1.643,16.6
2026-06-18T18:15:00Z,P2,3.904,16.6
2026-06-18T18:15:00Z,P3,2.152,16.6
2026-06-18T18:30:00Z,P1,2.589,16.6
2026-06-18T18:30:00Z,P2,3.898,16.6
2026-06-18T18:30:00Z,P3,2.095,16.6
2026-06-18T18:45:00Z,P1,1.442,16.3
2026-06-18T18:45:00Z,P2,2.829,16.3
2026-06-18T18:45:00Z,P3,2.113,16.3
2026-06-18T19:00:00Z,P1,0.331,16.2
2026-06-18T19:00:00Z,P2,1.743,16.2
2026-06-18T19:00:00Z,P3,2.113,16.2
2026-06-18T19:15:00Z,P1,1.449,15.9
2026-06-18T19:15:00Z,P2,1.722,15.9
2026-06-18T19:15:00Z,P3,2.100,15.9
2026-06-18T19:30:00Z,P1,1.511,15.9
2026-06-18T19:30:00Z,P2,1.744,15.9
2026-06-18T19:30:00Z,P3,2.113,15.9
2026-06-18T19:45:00Z,P1,1.644,15.7
2026-06-18T19:45:00Z,P2,3.714,15.7
2026-06-18T19:45:00Z,P3,2.059,15.7
2026-06-18T20:00:00Z,P1,2.654,15.4
2026-06-18T20:00:00Z,P2,2.548,15.4
2026-06-18T20:00:00Z,P3,4.000,15.4
2026-06-18T20:15:00Z,P1,2.405,15.2
2026-06-18T20:15:00Z,P2,1.667,15.2
2026-06-18T20:15:00Z,P3,4.029,15.2
2026-06-18T20:30:00Z,P1,2.187,14.9
2026-06-18T20:30:00Z,P2,1.647,14.9
2026-06-18T20:30:00Z,P3,4.124,14.9
2026-06-18T20:45:00Z,P1,1.972,14.2
2026-06-18T20:45:00Z,P2,3.319,14.2
2026-06-18T20:45:00Z,P3,4.175,14.2
2026-06-18T21:00:00Z,P1,1.901,14.5
2026-06-18T21:00:00Z,P2,2.036,14.5
2026-06-18T21:00:00Z,P3,4.199,14.5
2026-06-18T21:15:00Z,P1,2.414,14.2
2026-06-18T21:15:00Z,P2,0.432,14.2
2026-06-18T21:15:00Z,P3,4.132,14.2
2026-06-18T21:30:00Z,P1,3.192,14.1
2026-06-18T21:30:00Z,P2,1.744,14.1
2026-06-18T21:30:00Z,P3,4.132,14.1
2026-06-18T21:45:00Z,P1,2.849,13.9
2026-06-18T21:45:00Z,P2,3.902,13.9
2026-06-18T21:45:00Z,P3,4.085,13.9
2026-06-18T22:00:00Z,P1,0.696,13.6
2026-06-18T22:00:00Z,P2,2.224,13.6
2026-06-18T22:00:00Z,P3,4.155,13.6
2026-06-18T22:15:00Z,P1,0.602,13.6
2026-06-18T22:15:00Z,P2,0.303,13.6
2026-06-18T22:15:00Z,P3,4.115,13.6
2026-06-18T22:30:00Z,P1,1.797,13.9
2026-06-18T22:30:00Z,P2,0.813,13.9
2026-06-18T22:30:00Z,P3,4.124,13.9
2026-06-18T22:45:00Z,P1,0.316,13.6
2026-06-18T22:45:00Z,P2,3.281,13.6
2026-06-18T22:45:00Z,P3,3.070,13.6
2026-06-18T23:00:00Z,P1,1.737,13.0
2026-06-18T23:00:00Z,P2,2.999,13.0
2026-06-18T23:00:00Z,P3,2.114,13.0
2026-06-18T23:15:00Z,P1,3.074,13.1
2026-06-18T23:15:00Z,P2,1.400,13.1
2026-06-18T23:15:00Z,P3,2.087,13.1
2026-06-18T23:30:00Z,P1,1.611,12.7
2026-06-18T23:30:00Z,P2,0.665,12.7
2026-06-18T23:30:00Z,P3,2.100,12.7
2026-06-18T23:45:00Z,P1,0.824,12.8
2026-06-18T23:45:00Z,P2,2.843,12.8
2026-06-18T23:45:00Z,P3,2.014,12.8
2026-06-19T00:00:00Z,P1,1.755,12.7
2026-06-19T00:00:00Z,P2,2.169,12.7
2026-06-19T00:00:00Z,P3,2.123,12.7
2026-06-19T00:15:00Z,P1,0.300,12.3
2026-06-19T00:15:00Z,P2,1.069,12.3
2026-06-19T00:15:00Z,P3,2.060,12.3
2026-06-19T00:30:00Z,P1,0.360,12.3
2026-06-19T00:30:00Z,P2,0.360,12.3
2026-06-19T00:30:00Z,P3,0.824,12.3
2026-06-19T00:45:00Z,P1,1.892,12.8
2026-06-19T00:45:00Z,P2,3.216,12.8
2026-06-19T00:45:00Z,P3,0.341,12.8
2026-06-19T01:00:00Z,P1,2.289,12.4
2026-06-19T01:00:00Z,P2,2.778,12.4
2026-06-19T01:00:00Z,P3,0.341,12.4
2026-06-19T01:15:00Z,P1,2.765,12.5
2026-06-19T01:15:00Z,P2,1.694,12.5
2026-06-19T01:15:00Z,P3,0.375,12.5
2026-06-19T01:30:00Z,P1,1.909,11.8
2026-06-19T01:30:00Z,P2,0.401,11.8
2026-06-19T01:30:00Z,P3,0.332,11.8
2026-06-19T01:45:00Z,P1,1.845,12.3
2026-06-19T01:45:00Z,P2,2.220,12.3
2026-06-19T01:45:00Z,P3,0.374,12.3
2026-06-19T02:00:00Z,P1,1.905,12.3
2026-06-19T02:00:00Z,P2,2.663,12.3
2026-06-19T02:00:00Z,P3,0.383,12.3
2026-06-19T02:15:00Z,P1,1.922,11.9
2026-06-19T02:15:00Z,P2,1.693,11.9
2026-06-19T02:15:00Z,P3,0.307,11.9
2026-06-19T02:30:00Z,P1,2.426,12.2
2026-06-19T02:30:00Z,P2,1.424,12.2
2026-06-19T02:30:00Z,P3,0.281,12.2
2026-06-19T02:45:00Z,P1,3.246,12.4
2026-06-19T02:45:00Z,P2,1.665,12.4
2026-06-19T02:45:00Z,P3,0.367,12.4
2026-06-19T03:00:00Z,P1,3.062,12.0
2026-06-19T03:00:00Z,P2,2.298,12.0
2026-06-19T03:00:00Z,P3,0.298,12.0
2026-06-19T03:15:00Z,P1,0.544,12.6
2026-06-19T03:15:00Z,P2,1.680,12.6
2026-06-19T03:15:00Z,P3,0.360,12.6
2026-06-19T03:30:00Z,P1,0.558,12.7
2026-06-19T03:30:00Z,P2,0.846,12.7
2026-06-19T03:30:00Z,P3,0.334,12.7
2026-06-19T03:45:00Z,P1,1.696,12.9
2026-06-19T03:45:00Z,P2,2.493,12.9
2026-06-19T03:45:00Z,P3,0.376,12.9
2026-06-19T04:00:00Z,P1,0.409,12.6
2026-06-19T04:00:00Z,P2,1.951,12.6
2026-06-19T04:00:00Z,P3,2.071,12.6
2026-06-19T04:15:00Z,P1,1.614,12.7
2026-06-19T04:15:00Z,P2,1.656,12.7
2026-06-19T04:15:00Z,P3,2.067,12.7
2026-06-19T04:30:00Z,P1,3.165,12.9
2026-06-19T04:30:00Z,P2,0.869,12.9
2026-06-19T04:30:00Z,P3,2.109,12.9
2026-06-19T04:45:00Z,P1,1.780,12.9
2026-06-19T04:45:00Z,P2,1.893,12.9
2026-06-19T04:45:00Z,P3,2.091,12.9
2026-06-19T05:00:00Z,P1,0.268,12.9
2026-06-19T05:00:00Z,P2,2.711,12.9
2026-06-19T05:00:00Z,P3,1.003,12.9
2026-06-19T05:15:00Z,P1,1.494,13.6
2026-06-19T05:15:00Z,P2,1.738,13.6
2026-06-19T05:15:00Z,P3,0.389,13.6
2026-06-19T05:30:00Z,P1,0.839,13.9
2026-06-19T05:30:00Z,P2,0.980,13.9
2026-06-19T05:30:00Z,P3,0.323,13.9
2026-06-19T05:45:00Z,P1,1.874,13.5
2026-06-19T05:45:00Z,P2,0.843,13.5
2026-06-19T05:45:00Z,P3,0.352,13.5
2026-06-19T06:00:00Z,P1,3.429,13.7
2026-06-19T06:00:00Z,P2,3.521,13.7
2026-06-19T06:00:00Z,P3,0.365,13.7
2026-06-19T06:15:00Z,P1,2.165,13.8
2026-06-19T06:15:00Z,P2,3.611,13.8
2026-06-19T06:15:00Z,P3,0.367,13.8
2026-06-19T06:30:00Z,P1,2.696,14.2
2026-06-19T06:30:00Z,P2,4.070,14.2
2026-06-19T06:30:00Z,P3,0.337,14.2
2026-06-19T06:45:00Z,P1,2.367,14.0
2026-06-19T06:45:00Z,P2,4.347,14.0
2026-06-19T06:45:00Z,P3,0.350,14.0
2026-06-19T07:00:00Z,P1,3.485,14.4
2026-06-19T07:00:00Z,P2,3.889,14.4
2026-06-19T07:00:00Z,P3,0.424,14.4
2026-06-19T07:15:00Z,P1,3.379,14.6
2026-06-19T07:15:00Z,P2,3.910,14.6
2026-06-19T07:15:00Z,P3,0.369,14.6
2026-06-19T07:30:00Z,P1,3.224,14.8
2026-06-19T07:30:00Z,P2,3.877,14.8
2026-06-19T07:30:00Z,P3,0.397,14.8
2026-06-19T07:45:00Z,P1,3.212,15.0
2026-06-19T07:45:00Z,P2,3.300,15.0
2026-06-19T07:45:00Z,P3,0.378,15.0
2026-06-19T08:00:00Z,P1,3.244,15.1
2026-06-19T08:00:00Z,P2,1.721,15.1
2026-06-19T08:00:00Z,P3,0.314,15.1
2026-06-19T08:15:00Z,P1,3.176,15.5
2026-06-19T08:15:00Z,P2,3.722,15.5
2026-06-19T08:15:00Z,P3,0.346,15.5
2026-06-19T08:30:00Z,P1,2.281,15.8
2026-06-19T08:30:00Z,P2,2.598,15.8
2026-06-19T08:30:00Z,P3,1.841,15.8
2026-06-19T08:45:00Z,P1,0.600,15.8
2026-06-19T08:45:00Z,P2,1.658,15.8
2026-06-19T08:45:00Z,P3,2.092,15.8
2026-06-19T09:00:00Z,P1,1.380,16.1
2026-06-19T09:00:00Z,P2,3.878,16.1
2026-06-19T09:00:00Z,P3,2.123,16.1
2026-06-19T09:15:00Z,P1,1.439,16.3
2026-06-19T09:15:00Z,P2,3.858,16.3
2026-06-19T09:15:00Z,P3,2.189,16.3
2026-06-19T09:30:00Z,P1,1.824,16.5
2026-06-19T09:30:00Z,P2,3.532,16.5
2026-06-19T09:30:00Z,P3,2.175,16.5
2026-06-19T09:45:00Z,P1,3.152,16.5
2026-06-19T09:45:00Z,P2,3.861,16.5
2026-06-19T09:45:00Z,P3,2.620,16.5
2026-06-19T10:00:00Z,P1,1.541,16.8
2026-06-19T10:00:00Z,P2,3.599,16.8
2026-06-19T10:00:00Z,P3,4.141,16.8
2026-06-19T10:15:00Z,P1,0.341,16.9
2026-06-19T10:15:00Z,P2,1.624,16.9
2026-06-19T10:15:00Z,P3,4.139,16.9
2026-06-19T10:30:00Z,P1,1.800,17.1
2026-06-19T10:30:00Z,P2,1.721,17.1
2026-06-19T10:30:00Z,P3,4.065,17.1
2026-06-19T10:45:00Z,P1,0.757,17.1
2026-06-19T10:45:00Z,P2,2.994,17.1
2026-06-19T10:45:00Z,P3,4.123,17.1
2026-06-19T11:00:00Z,P1,1.270,17.4
2026-06-19T11:00:00Z,P2,3.158,17.4
2026-06-19T11:00:00Z,P3,4.158,17.4
2026-06-19T11:15:00Z,P1,3.243,17.7
2026-06-19T11:15:00Z,P2,1.732,17.7
2026-06-19T11:15:00Z,P3,2.380,17.7
2026-06-19T11:30:00Z,P1,1.827,17.8
2026-06-19T11:30:00Z,P2,2.021,17.8
2026-06-19T11:30:00Z,P3,2.075,17.8
2026-06-19T11:45:00Z,P1,1.025,17.5
2026-06-19T11:45:00Z,P2,3.799,17.5
2026-06-19T11:45:00Z,P3,2.150,17.5
2026-06-19T12:00:00Z,P1,1.900,17.7
2026-06-19T12:00:00Z,P2,2.088,17.7
2026-06-19T12:00:00Z,P3,2.093,17.7
2026-06-19T12:15:00Z,P1,0.466,17.7
2026-06-19T12:15:00Z,P2,1.640,17.7
2026-06-19T12:15:00Z,P3,2.090,17.7
2026-06-19T12:30:00Z,P1,0.859,18.0
2026-06-19T12:30:00Z,P2,2.265,18.0
2026-06-19T12:30:00Z,P3,2.085,18.0
2026-06-19T12:45:00Z,P1,2.060,18.4
2026-06-19T12:45:00Z,P2,3.229,18.4
2026-06-19T12:45:00Z,P3,2.137,18.4
2026-06-19T13:00:00Z,P1,1.675,18.3
2026-06-19T13:00:00Z,P2,1.764,18.3
2026-06-19T13:00:00Z,P3,2.052,18.3
2026-06-19T13:15:00Z,P1,1.887,17.9
2026-06-19T13:15:00Z,P2,1.713,17.9
2026-06-19T13:15:00Z,P3,2.107,17.9
2026-06-19T13:30:00Z,P1,3.055,17.9
2026-06-19T13:30:00Z,P2,2.527,17.9
2026-06-19T13:30:00Z,P3,2.076,17.9
2026-06-19T13:45:00Z,P1,0.581,18.2
2026-06-19T13:45:00Z,P2,3.873,18.2
2026-06-19T13:45:00Z,P3,2.052,18.2
2026-06-19T14:00:00Z,P1,0.504,18.4
2026-06-19T14:00:00Z,P2,1.840,18.4
2026-06-19T14:00:00Z,P3,2.130,18.4
2026-06-19T14:15:00Z,P1,1.916,18.4
2026-06-19T14:15:00Z,P2,1.728,18.4
2026-06-19T14:15:00Z,P3,2.113,18.4
2026-06-19T14:30:00Z,P1,1.437,18.1
2026-06-19T14:30:00Z,P2,2.704,18.1
2026-06-19T14:30:00Z,P3,2.152,18.1
2026-06-19T14:45:00Z,P1,1.740,18.2
2026-06-19T14:45:00Z,P2,3.638,18.2
2026-06-19T14:45:00Z,P3,2.076,18.2
2026-06-19T15:00:00Z,P1,3.535,18.3
2026-06-19T15:00:00Z,P2,1.709,18.3
2026-06-19T15:00:00Z,P3,3.417,18.3
2026-06-19T15:15:00Z,P1,3.801,18.0
2026-06-19T15:15:00Z,P2,1.730,18.0
2026-06-19T15:15:00Z,P3,4.132,18.0
2026-06-19T15:30:00Z,P1,2.729,17.9
2026-06-19T15:30:00Z,P2,2.753,17.9
2026-06-19T15:30:00Z,P3,4.211,17.9
2026-06-19T15:45:00Z,P1,2.320,17.9
2026-06-19T15:45:00Z,P2,3.394,17.9
2026-06-19T15:45:00Z,P3,4.205,17.9
2026-06-19T16:00:00Z,P1,3.210,17.7
2026-06-19T16:00:00Z,P2,4.382,17.7
2026-06-19T16:00:00Z,P3,4.156,17.7
2026-06-19T16:15:00Z,P1,3.141,17.7
2026-06-19T16:15:00Z,P2,4.019,17.7
2026-06-19T16:15:00Z,P3,4.025,17.7
2026-06-19T16:30:00Z,P1,1.983,17.8
2026-06-19T16:30:00Z,P2,3.840,17.8
2026-06-19T16:30:00Z,P3,3.941,17.8
2026-06-19T16:45:00Z,P1,1.655,17.4
2026-06-19T16:45:00Z,P2,3.877,17.4
2026-06-19T16:45:00Z,P3,4.153,17.4
2026-06-19T17:00:00Z,P1,3.071,17.4
2026-06-19T17:00:00Z,P2,3.835,17.4
2026-06-19T17:00:00Z,P3,4.113,17.4
2026-06-19T17:15:00Z,P1,2.035,17.2
2026-06-19T17:15:00Z,P2,2.112,17.2
2026-06-19T17:15:00Z,P3,4.142,17.2
2026-06-19T17:30:00Z,P1,1.834,16.9
2026-06-19T17:30:00Z,P2,1.665,16.9
2026-06-19T17:30:00Z,P3,4.061,16.9
2026-06-19T17:45:00Z,P1,3.136,16.8
2026-06-19T17:45:00Z,P2,2.176,16.8
2026-06-19T17:45:00Z,P3,4.152,16.8
2026-06-19T18:00:00Z,P1,1.954,16.9
2026-06-19T18:00:00Z,P2,3.855,16.9
2026-06-19T18:00:00Z,P3,4.128,16.9
2026-06-19T18:15:00Z,P1,1.244,16.3
2026-06-19T18:15:00Z,P2,2.437,16.3
2026-06-19T18:15:00Z,P3,4.154,16.3
2026-06-19T18:30:00Z,P1,1.603,16.0
2026-06-19T18:30:00Z,P2,1.682,16.0
2026-06-19T18:30:00Z,P3,4.148,16.0
2026-06-19T18:45:00Z,P1,1.038,16.0
2026-06-19T18:45:00Z,P2,1.672,16.0
2026-06-19T18:45:00Z,P3,4.113,16.0
2026-06-19T19:00:00Z,P1,0.351,15.7
2026-06-19T19:00:00Z,P2,2.142,15.7
2026-06-19T19:00:00Z,P3,4.138,15.7
2026-06-19T19:15:00Z,P1,2.211,15.8
2026-06-19T19:15:00Z,P2,3.722,15.8
2026-06-19T19:15:00Z,P3,4.124,15.8
2026-06-19T19:30:00Z,P1,2.254,15.5
2026-06-19T19:30:00Z,P2,1.732,15.5
2026-06-19T19:30:00Z,P3,4.099,15.5
2026-06-19T19:45:00Z,P1,1.672,15.6
2026-06-19T19:45:00Z,P2,1.725,15.6
2026-06-19T19:45:00Z,P3,3.073,15.6
2026-06-19T20:00:00Z,P1,2.390,15.2
2026-06-19T20:00:00Z,P2,3.566,15.2
2026-06-19T20:00:00Z,P3,2.064,15.2
2026-06-19T20:15:00Z,P1,1.703,15.2
2026-06-19T20:15:00Z,P2,3.677,15.2
2026-06-19T20:15:00Z,P3,2.136,15.2
2026-06-19T20:30:00Z,P1,2.246,14.8
2026-06-19T20:30:00Z,P2,3.906,14.8
2026-06-19T20:30:00Z,P3,2.094,14.8
2026-06-19T20:45:00Z,P1,1.978,14.8
2026-06-19T20:45:00Z,P2,3.119,14.8
2026-06-19T20:45:00Z,P3,2.165,14.8
2026-06-19T21:00:00Z,P1,1.905,14.3
2026-06-19T21:00:00Z,P2,2.509,14.3
2026-06-19T21:00:00Z,P3,2.217,14.3
2026-06-19T21:15:00Z,P1,3.097,14.5
2026-06-19T21:15:00Z,P2,3.893,14.5
2026-06-19T21:15:00Z,P3,2.099,14.5
2026-06-19T21:30:00Z,P1,3.186,14.1
2026-06-19T21:30:00Z,P2,3.880,14.1
2026-06-19T21:30:00Z,P3,2.065,14.1
2026-06-19T21:45:00Z,P1,3.008,13.8
2026-06-19T21:45:00Z,P2,3.141,13.8
2026-06-19T21:45:00Z,P3,2.050,13.8
2026-06-19T22:00:00Z,P1,0.333,13.4
2026-06-19T22:00:00Z,P2,0.372,13.4
2026-06-19T22:00:00Z,P3,2.098,13.4
2026-06-19T22:15:00Z,P1,0.670,13.4
2026-06-19T22:15:00Z,P2,1.200,13.4
2026-06-19T22:15:00Z,P3,2.101,13.4
2026-06-19T22:30:00Z,P1,1.925,13.2
2026-06-19T22:30:00Z,P2,1.745,13.2
2026-06-19T22:30:00Z,P3,2.091,13.2
2026-06-19T22:45:00Z,P1,0.406,13.4
2026-06-19T22:45:00Z,P2,2.304,13.4
2026-06-19T22:45:00Z,P3,2.095,13.4
2026-06-19T23:00:00Z,P1,0.823,13.2
2026-06-19T23:00:00Z,P2,2.493,13.2
2026-06-19T23:00:00Z,P3,2.145,13.2
2026-06-19T23:15:00Z,P1,2.964,13.0
2026-06-19T23:15:00Z,P2,0.478,13.0
2026-06-19T23:15:00Z,P3,2.085,13.0
2026-06-19T23:30:00Z,P1,1.827,12.7
2026-06-19T23:30:00Z,P2,1.224,12.7
2026-06-19T23:30:00Z,P3,2.116,12.7
2026-06-19T23:45:00Z,P1,0.745,12.7
2026-06-19T23:45:00Z,P2,2.319,12.7
2026-06-19T23:45:00Z,P3,2.084,12.7
2026-06-20T00:00:00Z,P1,1.690,12.3
2026-06-20T00:00:00Z,P2,3.429,12.3
2026-06-20T00:00:00Z,P3,2.104,12.3
2026-06-20T00:15:00Z,P1,0.642,12.5
2026-06-20T00:15:00Z,P2,0.353,12.5
2026-06-20T00:15:00Z,P3,2.139,12.5
2026-06-20T00:30:00Z,P1,1.018,12.4
2026-06-20T00:30:00Z,P2,0.837,12.4
2026-06-20T00:30:00Z,P3,0.835,12.4
2026-06-20T00:45:00Z,P1,2.033,12.6
2026-06-20T00:45:00Z,P2,1.768,12.6
2026-06-20T00:45:00Z,P3,0.373,12.6
2026-06-20T01:00:00Z,P1,2.794,12.6
2026-06-20T01:00:00Z,P2,3.508,12.6
2026-06-20T01:00:00Z,P3,0.276,12.6
2026-06-20T01:15:00Z,P1,2.776,12.3
2026-06-20T01:15:00Z,P2,1.855,12.3
2026-06-20T01:15:00Z,P3,0.344,12.3
2026-06-20T01:30:00Z,P1,1.456,12.1
2026-06-20T01:30:00Z,P2,1.138,12.1
2026-06-20T01:30:00Z,P3,0.339,12.1
2026-06-20T01:45:00Z,P1,0.274,12.1
2026-06-20T01:45:00Z,P2,1.700,12.1
2026-06-20T01:45:00Z,P3,0.366,12.1
2026-06-20T02:00:00Z,P1,0.342,12.2
2026-06-20T02:00:00Z,P2,1.747,12.2
2026-06-20T02:00:00Z,P3,0.307,12.2
2026-06-20T02:15:00Z,P1,0.358,12.0
2026-06-20T02:15:00Z,P2,2.412,12.0
2026-06-20T02:15:00Z,P3,0.350,12.0
2026-06-20T02:30:00Z,P1,1.468,12.3
2026-06-20T02:30:00Z,P2,0.690,12.3
2026-06-20T02:30:00Z,P3,0.377,12.3
2026-06-20T02:45:00Z,P1,1.564,12.0
2026-06-20T02:45:00Z,P2,1.735,12.0
2026-06-20T02:45:00Z,P3,2.063,12.0
2026-06-20T03:00:00Z,P1,2.792,12.3
2026-06-20T03:00:00Z,P2,1.299,12.3
2026-06-20T03:00:00Z,P3,2.149,12.3
2026-06-20T03:15:00Z,P1,1.627,12.7
2026-06-20T03:15:00Z,P2,2.265,12.7
2026-06-20T03:15:00Z,P3,2.103,12.7
2026-06-20T03:30:00Z,P1,1.467,12.4
2026-06-20T03:30:00Z,P2,1.676,12.4
2026-06-20T03:30:00Z,P3,2.115,12.4
2026-06-20T03:45:00Z,P1,1.416,12.6
2026-06-20T03:45:00Z,P2,1.666,12.6
2026-06-20T03:45:00Z,P3,2.109,12.6
2026-06-20T04:00:00Z,P1,1.225,12.5
2026-06-20T04:00:00Z,P2,1.669,12.5
2026-06-20T04:00:00Z,P3,1.590,12.5
2026-06-20T04:15:00Z,P1,1.600,12.6
2026-06-20T04:15:00Z,P2,2.207,12.6
2026-06-20T04:15:00Z,P3,0.294,12.6
2026-06-20T04:30:00Z,P1,1.632,12.9
2026-06-20T04:30:00Z,P2,2.049,12.9
2026-06-20T04:30:00Z,P3,0.427,12.9
2026-06-20T04:45:00Z,P1,1.437,13.2
2026-06-20T04:45:00Z,P2,1.694,13.2
2026-06-20T04:45:00Z,P3,0.372,13.2
2026-06-20T05:00:00Z,P1,0.375,13.0
2026-06-20T05:00:00Z,P2,1.693,13.0
2026-06-20T05:00:00Z,P3,0.338,13.0
2026-06-20T05:15:00Z,P1,0.454,13.5
2026-06-20T05:15:00Z,P2,1.646,13.5
2026-06-20T05:15:00Z,P3,0.317,13.5
2026-06-20T05:30:00Z,P1,1.946,13.5
2026-06-20T05:30:00Z,P2,2.397,13.5
2026-06-20T05:30:00Z,P3,0.322,13.5
2026-06-20T05:45:00Z,P1,3.431,13.6
2026-06-20T05:45:00Z,P2,1.189,13.6
2026-06-20T05:45:00Z,P3,1.477,13.6
2026-06-20T06:00:00Z,P1,3.681,13.7
2026-06-20T06:00:00Z,P2,1.672,13.7
2026-06-20T06:00:00Z,P3,2.138,13.7
2026-06-20T06:15:00Z,P1,3.222,13.9
2026-06-20T06:15:00Z,P2,1.291,13.9
2026-06-20T06:15:00Z,P3,2.199,13.9
2026-06-20T06:30:00Z,P1,3.146,14.2
2026-06-20T06:30:00Z,P2,3.878,14.2
2026-06-20T06:30:00Z,P3,2.161,14.2
2026-06-20T06:45:00Z,P1,3.248,14.1
2026-06-20T06:45:00Z,P2,3.489,14.1
2026-06-20T06:45:00Z,P3,2.087,14.1
2026-06-20T07:00:00Z,P1,3.413,14.4
2026-06-20T07:00:00Z,P2,1.690,14.4
2026-06-20T07:00:00Z,P3,2.156,14.4
2026-06-20T07:15:00Z,P1,3.410,14.5
2026-06-20T07:15:00Z,P2,1.664,14.5
2026-06-20T07:15:00Z,P3,2.097,14.5
2026-06-20T07:30:00Z,P1,3.176,14.5
2026-06-20T07:30:00Z,P2,2.973,14.5
2026-06-20T07:30:00Z,P3,2.115,14.5
2026-06-20T07:45:00Z,P1,3.195,15.3
2026-06-20T07:45:00Z,P2,3.025,15.3
2026-06-20T07:45:00Z,P3,2.111,15.3
2026-06-20T08:00:00Z,P1,3.205,15.2
2026-06-20T08:00:00Z,P2,1.687,15.2
2026-06-20T08:00:00Z,P3,2.116,15.2
2026-06-20T08:15:00Z,P1,3.163,15.3
2026-06-20T08:15:00Z,P2,1.698,15.3
2026-06-20T08:15:00Z,P3,2.144,15.3
2026-06-20T08:30:00Z,P1,3.203,15.4
2026-06-20T08:30:00Z,P2,3.617,15.4
2026-06-20T08:30:00Z,P3,2.111,15.4
2026-06-20T08:45:00Z,P1,3.133,15.6
2026-06-20T08:45:00Z,P2,3.667,15.6
2026-06-20T08:45:00Z,P3,2.056,15.6
2026-06-20T09:00:00Z,P1,2.885,15.9
2026-06-20T09:00:00Z,P2,3.537,15.9
2026-06-20T09:00:00Z,P3,2.108,15.9
2026-06-20T09:15:00Z,P1,1.906,16.1
2026-06-20T09:15:00Z,P2,3.862,16.1
2026-06-20T09:15:00Z,P3,2.112,16.1
2026-06-20T09:30:00Z,P1,1.903,16.2
2026-06-20T09:30:00Z,P2,3.864,16.2
2026-06-20T09:30:00Z,P3,2.061,16.2
2026-06-20T09:45:00Z,P1,1.926,16.4
2026-06-20T09:45:00Z,P2,3.875,16.4
2026-06-20T09:45:00Z,P3,2.077,16.4
2026-06-20T10:00:00Z,P1,1.957,16.8
2026-06-20T10:00:00Z,P2,3.911,16.8
2026-06-20T10:00:00Z,P3,2.104,16.8
2026-06-20T10:15:00Z,P1,3.208,17.0
2026-06-20T10:15:00Z,P2,3.877,17.0
2026-06-20T10:15:00Z,P3,2.140,17.0
2026-06-20T10:30:00Z,P1,3.255,17.3
2026-06-20T10:30:00Z,P2,2.233,17.3
2026-06-20T10:30:00Z,P3,2.125,17.3
2026-06-20T10:45:00Z,P1,3.185,17.0
2026-06-20T10:45:00Z,P2,0.324,17.0
2026-06-20T10:45:00Z,P3,2.072,17.0
2026-06-20T11:00:00Z,P1,2.258,17.4
2026-06-20T11:00:00Z,P2,1.562,17.4
2026-06-20T11:00:00Z,P3,2.105,17.4
2026-06-20T11:15:00Z,P1,1.715,17.4
2026-06-20T11:15:00Z,P2,3.880,17.4
2026-06-20T11:15:00Z,P3,2.086,17.4
2026-06-20T11:30:00Z,P1,0.315,17.7
2026-06-20T11:30:00Z,P2,2.196,17.7
2026-06-20T11:30:00Z,P3,2.143,17.7
2026-06-20T11:45:00Z,P1,1.140,17.7
2026-06-20T11:45:00Z,P2,0.790,17.7
2026-06-20T11:45:00Z,P3,2.139,17.7
2026-06-20T12:00:00Z,P1,3.259,17.6
2026-06-20T12:00:00Z,P2,0.486,17.6
2026-06-20T12:00:00Z,P3,2.097,17.6
2026-06-20T12:15:00Z,P1,1.596,17.8
2026-06-20T12:15:00Z,P2,3.694,17.8
2026-06-20T12:15:00Z,P3,0.936,17.8
2026-06-20T12:30:00Z,P1,1.457,17.7
2026-06-20T12:30:00Z,P2,2.703,17.7
2026-06-20T12:30:00Z,P3,0.326,17.7
2026-06-20T12:45:00Z,P1,1.814,18.0
2026-06-20T12:45:00Z,P2,0.814,18.0
2026-06-20T12:45:00Z,P3,0.332,18.0
2026-06-20T13:00:00Z,P1,0.302,18.1
2026-06-20T13:00:00Z,P2,0.368,18.1
2026-06-20T13:00:00Z,P3,0.327,18.1
2026-06-20T13:15:00Z,P1,0.551,18.2
2026-06-20T13:15:00Z,P2,3.695,18.2
2026-06-20T13:15:00Z,P3,0.360,18.2
2026-06-20T13:30:00Z,P1,3.113,18.1
2026-06-20T13:30:00Z,P2,2.195,18.1
2026-06-20T13:30:00Z,P3,0.360,18.1
2026-06-20T13:45:00Z,P1,1.883,18.7
2026-06-20T13:45:00Z,P2,1.417,18.7
2026-06-20T13:45:00Z,P3,1.268,18.7
2026-06-20T14:00:00Z,P1,1.842,18.1
2026-06-20T14:00:00Z,P2,0.770,18.1
2026-06-20T14:00:00Z,P3,2.101,18.1
2026-06-20T14:15:00Z,P1,2.139,18.2
2026-06-20T14:15:00Z,P2,2.703,18.2
2026-06-20T14:15:00Z,P3,3.906,18.2
2026-06-20T14:30:00Z,P1,0.570,17.9
2026-06-20T14:30:00Z,P2,2.352,17.9
2026-06-20T14:30:00Z,P3,4.150,17.9
2026-06-20T14:45:00Z,P1,0.739,18.3
2026-06-20T14:45:00Z,P2,1.764,18.3
2026-06-20T14:45:00Z,P3,4.111,18.3
2026-06-20T15:00:00Z,P1,2.823,17.8
2026-06-20T15:00:00Z,P2,2.340,17.8
2026-06-20T15:00:00Z,P3,4.082,17.8
2026-06-20T15:15:00Z,P1,2.205,18.3
2026-06-20T15:15:00Z,P2,2.735,18.3
2026-06-20T15:15:00Z,P3,2.526,18.3
2026-06-20T15:30:00Z,P1,2.369,18.1
2026-06-20T15:30:00Z,P2,0.814,18.1
2026-06-20T15:30:00Z,P3,2.353,18.1
2026-06-20T15:45:00Z,P1,3.147,17.8
2026-06-20T15:45:00Z,P2,1.621,17.8
2026-06-20T15:45:00Z,P3,2.163,17.8
2026-06-20T16:00:00Z,P1,1.603,17.8
2026-06-20T16:00:00Z,P2,2.842,17.8
2026-06-20T16:00:00Z,P3,2.052,17.8
2026-06-20T16:15:00Z,P1,2.877,17.6
2026-06-20T16:15:00Z,P2,4.076,17.6
2026-06-20T16:15:00Z,P3,2.107,17.6
2026-06-20T16:30:00Z,P1,3.483,17.7
2026-06-20T16:30:00Z,P2,1.720,17.7
2026-06-20T16:30:00Z,P3,2.068,17.7
2026-06-20T16:45:00Z,P1,3.212,17.3
2026-06-20T16:45:00Z,P2,1.662,17.3
2026-06-20T16:45:00Z,P3,2.120,17.3
2026-06-20T17:00:00Z,P1,3.208,17.3
2026-06-20T17:00:00Z,P2,1.824,17.3
2026-06-20T17:00:00Z,P3,2.116,17.3
2026-06-20T17:15:00Z,P1,3.186,17.1
2026-06-20T17:15:00Z,P2,3.871,17.1
2026-06-20T17:15:00Z,P3,2.081,17.1
2026-06-20T17:30:00Z,P1,3.231,17.0
2026-06-20T17:30:00Z,P2,2.570,17.0
2026-06-20T17:30:00Z,P3,2.092,17.0
2026-06-20T17:45:00Z,P1,3.213,16.6
2026-06-20T17:45:00Z,P2,1.705,16.6
2026-06-20T17:45:00Z,P3,2.155,16.6
2026-06-20T18:00:00Z,P1,2.471,16.4
2026-06-20T18:00:00Z,P2,1.727,16.4
2026-06-20T18:00:00Z,P3,2.092,16.4
2026-06-20T18:15:00Z,P1,0.368,16.3
2026-06-20T18:15:00Z,P2,3.466,16.3
2026-06-20T18:15:00Z,P3,2.102,16.3
2026-06-20T18:30:00Z,P1,0.609,16.5
2026-06-20T18:30:00Z,P2,2.858,16.5
2026-06-20T18:30:00Z,P3,2.096,16.5
2026-06-20T18:45:00Z,P1,1.968,16.1
2026-06-20T18:45:00Z,P2,1.684,16.1
2026-06-20T18:45:00Z,P3,2.113,16.1
2026-06-20T19:00:00Z,P1,2.778,16.0
2026-06-20T19:00:00Z,P2,1.862,16.0
2026-06-20T19:00:00Z,P3,2.056,16.0
2026-06-20T19:15:00Z,P1,3.195,16.3
2026-06-20T19:15:00Z,P2,3.852,16.3
2026-06-20T19:15:00Z,P3,2.139,16.3
2026-06-20T19:30:00Z,P1,3.202,15.5
2026-06-20T19:30:00Z,P2,2.838,15.5
2026-06-20T19:30:00Z,P3,2.101,15.5
2026-06-20T19:45:00Z,P1,1.718,15.4
2026-06-20T19:45:00Z,P2,1.710,15.4
2026-06-20T19:45:00Z,P3,2.114,15.4
2026-06-20T20:00:00Z,P1,1.118,15.0
2026-06-20T20:00:00Z,P2,1.702,15.0
2026-06-20T20:00:00Z,P3,2.167,15.0
2026-06-20T20:15:00Z,P1,1.849,14.6
2026-06-20T20:15:00Z,P2,2.250,14.6
2026-06-20T20:15:00Z,P3,2.109,14.6
2026-06-20T20:30:00Z,P1,0.423,14.5
2026-06-20T20:30:00Z,P2,3.882,14.5
2026-06-20T20:30:00Z,P3,1.279,14.5
2026-06-20T20:45:00Z,P1,0.408,14.3
2026-06-20T20:45:00Z,P2,1.633,14.3
2026-06-20T20:45:00Z,P3,0.306,14.3
2026-06-20T21:00:00Z,P1,2.520,14.4
2026-06-20T21:00:00Z,P2,0.373,14.4
2026-06-20T21:00:00Z,P3,0.357,14.4
2026-06-20T21:15:00Z,P1,2.141,14.0
2026-06-20T21:15:00Z,P2,1.181,14.0
2026-06-20T21:15:00Z,P3,0.331,14.0
2026-06-20T21:30:00Z,P1,1.603,14.2
2026-06-20T21:30:00Z,P2,3.856,14.2
2026-06-20T21:30:00Z,P3,0.341,14.2
2026-06-20T21:45:00Z,P1,1.765,13.8
2026-06-20T21:45:00Z,P2,0.751,13.8
2026-06-20T21:45:00Z,P3,0.347,13.8
2026-06-20T22:00:00Z,P1,0.866,13.6
2026-06-20T22:00:00Z,P2,0.393,13.6
2026-06-20T22:00:00Z,P3,0.339,13.6
2026-06-20T22:15:00Z,P1,0.371,13.1
2026-06-20T22:15:00Z,P2,1.724,13.1
2026-06-20T22:15:00Z,P3,0.382,13.1
2026-06-20T22:30:00Z,P1,1.615,13.6
2026-06-20T22:30:00Z,P2,3.507,13.6
2026-06-20T22:30:00Z,P3,0.414,13.6
2026-06-20T22:45:00Z,P1,2.496,13.0
2026-06-20T22:45:00Z,P2,1.508,13.0
2026-06-20T22:45:00Z,P3,0.344,13.0
2026-06-20T23:00:00Z,P1,1.614,13.1
2026-06-20T23:00:00Z,P2,0.375,13.1
2026-06-20T23:00:00Z,P3,1.881,13.1
2026-06-20T23:15:00Z,P1,1.725,12.8
2026-06-20T23:15:00Z,P2,1.515,12.8
2026-06-20T23:15:00Z,P3,2.112,12.8
2026-06-20T23:30:00Z,P1,1.633,12.6
2026-06-20T23:30:00Z,P2,3.608,12.6
2026-06-20T23:30:00Z,P3,2.060,12.6
2026-06-20T23:45:00Z,P1,0.309,13.0
2026-06-20T23:45:00Z,P2,2.258,13.0
2026-06-20T23:45:00Z,P3,2.156,13.0
2026-06-21T00:00:00Z,P1,0.683,12.6
2026-06-21T00:00:00Z,P2,0.292,12.6
2026-06-21T00:00:00Z,P3,2.117,12.6
2026-06-21T00:15:00Z,P1,1.529,12.4
2026-06-21T00:15:00Z,P2,0.356,12.4
2026-06-21T00:15:00Z,P3,0.953,12.4
2026-06-21T00:30:00Z,P1,2.588,12.3
2026-06-21T00:30:00Z,P2,3.628,12.3
2026-06-21T00:30:00Z,P3,0.307,12.3
2026-06-21T00:45:00Z,P1,3.173,12.3
2026-06-21T00:45:00Z,P2,2.132,12.3
2026-06-21T00:45:00Z,P3,0.387,12.3
2026-06-21T01:00:00Z,P1,3.149,12.5
2026-06-21T01:00:00Z,P2,1.723,12.5
2026-06-21T01:00:00Z,P3,0.331,12.5
2026-06-21T01:15:00Z,P1,1.909,11.8
2026-06-21T01:15:00Z,P2,1.988,11.8
2026-06-21T01:15:00Z,P3,0.382,11.8
2026-06-21T01:30:00Z,P1,1.993,12.3
2026-06-21T01:30:00Z,P2,1.805,12.3
2026-06-21T01:30:00Z,P3,0.310,12.3
2026-06-21T01:45:00Z,P1,1.934,11.8
2026-06-21T01:45:00Z,P2,0.942,11.8
2026-06-21T01:45:00Z,P3,0.347,11.8
2026-06-21T02:00:00Z,P1,1.872,11.9
2026-06-21T02:00:00Z,P2,1.705,11.9
2026-06-21T02:00:00Z,P3,0.371,11.9
2026-06-21T02:15:00Z,P1,1.115,11.7
2026-06-21T02:15:00Z,P2,2.176,11.7
2026-06-21T02:15:00Z,P3,0.349,11.7
2026-06-21T02:30:00Z,P1,1.658,11.9
2026-06-21T02:30:00Z,P2,2.545,11.9
2026-06-21T02:30:00Z,P3,0.306,11.9
2026-06-21T02:45:00Z,P1,2.881,12.0
2026-06-21T02:45:00Z,P2,0.292,12.0
2026-06-21T02:45:00Z,P3,0.392,12.0
2026-06-21T03:00:00Z,P1,1.479,12.2
2026-06-21T03:00:00Z,P2,1.743,12.2
2026-06-21T03:00:00Z,P3,0.355,12.2
2026-06-21T03:15:00Z,P1,0.372,12.0
2026-06-21T03:15:00Z,P2,1.731,12.0
2026-06-21T03:15:00Z,P3,0.344,12.0
2026-06-21T03:30:00Z,P1,1.161,12.2
2026-06-21T03:30:00Z,P2,2.514,12.2
2026-06-21T03:30:00Z,P3,0.316,12.2
2026-06-21T03:45:00Z,P1,1.195,12.6
2026-06-21T03:45:00Z,P2,0.928,12.6
2026-06-21T03:45:00Z,P3,1.045,12.6
2026-06-21T04:00:00Z,P1,0.530,12.3
2026-06-21T04:00:00Z,P2,1.608,12.3
2026-06-21T04:00:00Z,P3,2.087,12.3
2026-06-21T04:15:00Z,P1,2.241,12.1
2026-06-21T04:15:00Z,P2,1.697,12.1
2026-06-21T04:15:00Z,P3,2.115,12.1
2026-06-21T04:30:00Z,P1,2.675,12.6
2026-06-21T04:30:00Z,P2,2.925,12.6
2026-06-21T04:30:00Z,P3,2.123,12.6
2026-06-21T04:45:00Z,P1,1.135,13.0
2026-06-21T04:45:00Z,P2,1.651,13.0
2026-06-21T04:45:00Z,P3,2.173,13.0
2026-06-21T05:00:00Z,P1,0.360,12.7
2026-06-21T05:00:00Z,P2,1.132,12.7
2026-06-21T05:00:00Z,P3,2.089,12.7
2026-06-21T05:15:00Z,P1,1.949,13.3
2026-06-21T05:15:00Z,P2,1.708,13.3
2026-06-21T05:15:00Z,P3,0.368,13.3
2026-06-21T05:30:00Z,P1,0.441,13.5
2026-06-21T05:30:00Z,P2,2.565,13.5
2026-06-21T05:30:00Z,P3,0.375,13.5
2026-06-21T05:45:00Z,P1,1.835,13.3
2026-06-21T05:45:00Z,P2,1.378,13.3
2026-06-21T05:45:00Z,P3,0.355,13.3
2026-06-21T06:00:00Z,P1,3.479,13.4
2026-06-21T06:00:00Z,P2,1.217,13.4
2026-06-21T06:00:00Z,P3,0.745,13.4
2026-06-21T06:15:00Z,P1,1.910,13.9
2026-06-21T06:15:00Z,P2,1.711,13.9
2026-06-21T06:15:00Z,P3,2.225,13.9
2026-06-21T06:30:00Z,P1,1.644,13.6
2026-06-21T06:30:00Z,P2,3.230,13.6
2026-06-21T06:30:00Z,P3,2.092,13.6
2026-06-21T06:45:00Z,P1,3.092,13.9
2026-06-21T06:45:00Z,P2,2.372,13.9
2026-06-21T06:45:00Z,P3,2.129,13.9
2026-06-21T07:00:00Z,P1,1.835,14.3
2026-06-21T07:00:00Z,P2,4.371,14.3
2026-06-21T07:00:00Z,P3,2.122,14.3
2026-06-21T07:15:00Z,P1,1.640,14.8
2026-06-21T07:15:00Z,P2,4.153,14.8
2026-06-21T07:15:00Z,P3,2.161,14.8
2026-06-21T07:30:00Z,P1,2.760,14.9
2026-06-21T07:30:00Z,P2,3.844,14.9
2026-06-21T07:30:00Z,P3,2.096,14.9
2026-06-21T07:45:00Z,P1,2.521,14.9
2026-06-21T07:45:00Z,P2,3.898,14.9
2026-06-21T07:45:00Z,P3,2.123,14.9
2026-06-21T08:00:00Z,P1,1.591,15.2
2026-06-21T08:00:00Z,P2,3.875,15.2
2026-06-21T08:00:00Z,P3,2.097,15.2
2026-06-21T08:15:00Z,P1,2.578,15.1
2026-06-21T08:15:00Z,P2,3.884,15.1
2026-06-21T08:15:00Z,P3,2.089,15.1
2026-06-21T08:30:00Z,P1,3.375,15.3
2026-06-21T08:30:00Z,P2,2.719,15.3
2026-06-21T08:30:00Z,P3,2.037,15.3
2026-06-21T08:45:00Z,P1,2.273,15.6
2026-06-21T08:45:00Z,P2,1.690,15.6
2026-06-21T08:45:00Z,P3,2.076,15.6
2026-06-21T09:00:00Z,P1,1.925,15.4
2026-06-21T09:00:00Z,P2,1.849,15.4
2026-06-21T09:00:00Z,P3,2.101,15.4
2026-06-21T09:15:00Z,P1,1.898,16.0
2026-06-21T09:15:00Z,P2,3.885,16.0
2026-06-21T09:15:00Z,P3,2.067,16.0
2026-06-21T09:30:00Z,P1,1.891,16.3
2026-06-21T09:30:00Z,P2,2.094,16.3
2026-06-21T09:30:00Z,P3,2.110,16.3
2026-06-21T09:45:00Z,P1,3.218,16.4
2026-06-21T09:45:00Z,P2,1.667,16.4
2026-06-21T09:45:00Z,P3,2.105,16.4
2026-06-21T10:00:00Z,P1,3.102,16.1
2026-06-21T10:00:00Z,P2,2.399,16.1
2026-06-21T10:00:00Z,P3,2.129,16.1
2026-06-21T10:15:00Z,P1,1.597,17.0
2026-06-21T10:15:00Z,P2,3.896,17.0
2026-06-21T10:15:00Z,P3,2.054,17.0
2026-06-21T10:30:00Z,P1,0.840,16.5
2026-06-21T10:30:00Z,P2,1.405,16.5
2026-06-21T10:30:00Z,P3,2.112,16.5
2026-06-21T10:45:00Z,P1,1.737,16.9
2026-06-21T10:45:00Z,P2,0.308,16.9
2026-06-21T10:45:00Z,P3,2.114,16.9
2026-06-21T11:00:00Z,P1,0.330,17.2
2026-06-21T11:00:00Z,P2,1.842,17.2
2026-06-21T11:00:00Z,P3,0.318,17.2
2026-06-21T11:15:00Z,P1,1.513,17.5
2026-06-21T11:15:00Z,P2,3.802,17.5
2026-06-21T11:15:00Z,P3,0.342,17.5
2026-06-21T11:30:00Z,P1,2.773,17.3
2026-06-21T11:30:00Z,P2,2.107,17.3
2026-06-21T11:30:00Z,P3,0.374,17.3
2026-06-21T11:45:00Z,P1,1.584,17.4
2026-06-21T11:45:00Z,P2,0.556,17.4
2026-06-21T11:45:00Z,P3,0.362,17.4
2026-06-21T12:00:00Z,P1,1.720,17.8
2026-06-21T12:00:00Z,P2,1.072,17.8
2026-06-21T12:00:00Z,P3,0.318,17.8
2026-06-21T12:15:00Z,P1,1.729,17.5
2026-06-21T12:15:00Z,P2,3.841,17.5
2026-06-21T12:15:00Z,P3,0.360,17.5
2026-06-21T12:30:00Z,P1,0.372,17.9
2026-06-21T12:30:00Z,P2,2.289,17.9
2026-06-21T12:30:00Z,P3,0.517,17.9
2026-06-21T12:45:00Z,P1,2.871,17.9
2026-06-21T12:45:00Z,P2,2.702,17.9
2026-06-21T12:45:00Z,P3,2.123,17.9
2026-06-21T13:00:00Z,P1,2.795,17.8
2026-06-21T13:00:00Z,P2,2.679,17.8
2026-06-21T13:00:00Z,P3,2.139,17.8
2026-06-21T13:15:00Z,P1,1.629,18.3
2026-06-21T13:15:00Z,P2,0.874,18.3
2026-06-21T13:15:00Z,P3,2.153,18.3
2026-06-21T13:30:00Z,P1,1.459,17.9
2026-06-21T13:30:00Z,P2,1.702,17.9
2026-06-21T13:30:00Z,P3,2.044,17.9
2026-06-21T13:45:00Z,P1,1.251,18.1
2026-06-21T13:45:00Z,P2,2.351,18.1
2026-06-21T13:45:00Z,P3,2.049,18.1
2026-06-21T14:00:00Z,P1,0.318,18.1
2026-06-21T14:00:00Z,P2,3.388,18.1
2026-06-21T14:00:00Z,P3,2.100,18.1
2026-06-21T14:15:00Z,P1,1.478,18.0
2026-06-21T14:15:00Z,P2,0.347,18.0
2026-06-21T14:15:00Z,P3,1.758,18.0
2026-06-21T14:30:00Z,P1,1.913,17.8
2026-06-21T14:30:00Z,P2,1.406,17.8
2026-06-21T14:30:00Z,P3,1.082,17.8
2026-06-21T14:45:00Z,P1,1.626,18.1
2026-06-21T14:45:00Z,P2,3.314,18.1
2026-06-21T14:45:00Z,P3,2.362,18.1
2026-06-21T15:00:00Z,P1,2.328,18.1
2026-06-21T15:00:00Z,P2,3.493,18.1
2026-06-21T15:00:00Z,P3,2.351,18.1
2026-06-21T15:15:00Z,P1,3.644,17.6
2026-06-21T15:15:00Z,P2,0.636,17.6
2026-06-21T15:15:00Z,P3,2.365,17.6
2026-06-21T15:30:00Z,P1,1.695,17.9
2026-06-21T15:30:00Z,P2,0.379,17.9
2026-06-21T15:30:00Z,P3,3.967,17.9
2026-06-21T15:45:00Z,P1,2.084,17.3
2026-06-21T15:45:00Z,P2,3.852,17.3
2026-06-21T15:45:00Z,P3,3.895,17.3
2026-06-21T16:00:00Z,P1,3.185,17.7
2026-06-21T16:00:00Z,P2,2.903,17.7
2026-06-21T16:00:00Z,P3,3.955,17.7
2026-06-21T16:15:00Z,P1,1.645,17.6
2026-06-21T16:15:00Z,P2,1.842,17.6
2026-06-21T16:15:00Z,P3,4.080,17.6
2026-06-21T16:30:00Z,P1,2.363,17.5
2026-06-21T16:30:00Z,P2,2.111,17.5
2026-06-21T16:30:00Z,P3,4.113,17.5
2026-06-21T16:45:00Z,P1,2.550,16.9
2026-06-21T16:45:00Z,P2,3.152,16.9
2026-06-21T16:45:00Z,P3,4.097,16.9
2026-06-21T17:00:00Z,P1,1.689,17.4
2026-06-21T17:00:00Z,P2,3.438,17.4
2026-06-21T17:00:00Z,P3,4.116,17.4
2026-06-21T17:15:00Z,P1,2.624,17.0
2026-06-21T17:15:00Z,P2,1.666,17.0
2026-06-21T17:15:00Z,P3,4.090,17.0
2026-06-21T17:30:00Z,P1,2.256,17.0
2026-06-21T17:30:00Z,P2,1.677,17.0
2026-06-21T17:30:00Z,P3,4.144,17.0
2026-06-21T17:45:00Z,P1,1.316,17.0
2026-06-21T17:45:00Z,P2,2.416,17.0
2026-06-21T17:45:00Z,P3,4.106,17.0
2026-06-21T18:00:00Z,P1,1.908,16.6
2026-06-21T18:00:00Z,P2,3.579,16.6
2026-06-21T18:00:00Z,P3,4.141,16.6
2026-06-21T18:15:00Z,P1,0.411,16.2
2026-06-21T18:15:00Z,P2,1.719,16.2
2026-06-21T18:15:00Z,P3,4.117,16.2
2026-06-21T18:30:00Z,P1,0.333,16.2
2026-06-21T18:30:00Z,P2,1.718,16.2
2026-06-21T18:30:00Z,P3,4.093,16.2
2026-06-21T18:45:00Z,P1,2.830,16.0
2026-06-21T18:45:00Z,P2,3.843,16.0
2026-06-21T18:45:00Z,P3,4.139,16.0
2026-06-21T19:00:00Z,P1,1.970,15.6
2026-06-21T19:00:00Z,P2,2.572,15.6
2026-06-21T19:00:00Z,P3,2.499,15.6
2026-06-21T19:15:00Z,P1,1.624,15.5
2026-06-21T19:15:00Z,P2,1.716,15.5
2026-06-21T19:15:00Z,P3,2.106,15.5
2026-06-21T19:30:00Z,P1,1.948,15.4
2026-06-21T19:30:00Z,P2,1.703,15.4
2026-06-21T19:30:00Z,P3,2.073,15.4
2026-06-21T19:45:00Z,P1,0.592,15.0
2026-06-21T19:45:00Z,P2,3.431,15.0
2026-06-21T19:45:00Z,P3,2.079,15.0
2026-06-21T20:00:00Z,P1,0.327,15.0
2026-06-21T20:00:00Z,P2,3.005,15.0
2026-06-21T20:00:00Z,P3,2.095,15.0
2026-06-21T20:15:00Z,P1,2.040,14.7
2026-06-21T20:15:00Z,P2,2.330,14.7
2026-06-21T20:15:00Z,P3,0.357,14.7
2026-06-21T20:30:00Z,P1,3.218,14.4
2026-06-21T20:30:00Z,P2,3.690,14.4
2026-06-21T20:30:00Z,P3,0.372,14.4
2026-06-21T20:45:00Z,P1,3.266,14.7
2026-06-21T20:45:00Z,P2,3.862,14.7
2026-06-21T20:45:00Z,P3,0.343,14.7
2026-06-21T21:00:00Z,P1,3.243,14.1
2026-06-21T21:00:00Z,P2,3.444,14.1
2026-06-21T21:00:00Z,P3,0.357,14.1
2026-06-21T21:15:00Z,P1,1.979,14.3
2026-06-21T21:15:00Z,P2,2.567,14.3
2026-06-21T21:15:00Z,P3,0.354,14.3
2026-06-21T21:30:00Z,P1,1.876,13.9
2026-06-21T21:30:00Z,P2,3.166,13.9
2026-06-21T21:30:00Z,P3,0.307,13.9
2026-06-21T21:45:00Z,P1,1.944,13.5
2026-06-21T21:45:00Z,P2,2.998,13.5
2026-06-21T21:45:00Z,P3,0.362,13.5
2026-06-21T22:00:00Z,P1,1.231,13.5
2026-06-21T22:00:00Z,P2,1.686,13.5
2026-06-21T22:00:00Z,P3,0.400,13.5
2026-06-21T22:15:00Z,P1,1.690,13.1
2026-06-21T22:15:00Z,P2,0.971,13.1
2026-06-21T22:15:00Z,P3,0.325,13.1
2026-06-21T22:30:00Z,P1,2.774,13.3
2026-06-21T22:30:00Z,P2,2.103,13.3
2026-06-21T22:30:00Z,P3,0.364,13.3
2026-06-21T22:45:00Z,P1,1.437,13.1
2026-06-21T22:45:00Z,P2,2.471,13.1
2026-06-21T22:45:00Z,P3,0.369,13.1
2026-06-21T23:00:00Z,P1,0.342,12.9
2026-06-21T23:00:00Z,P2,1.671,12.9
2026-06-21T23:00:00Z,P3,0.311,12.9
2026-06-21T23:15:00Z,P1,1.478,12.7
2026-06-21T23:15:00Z,P2,0.988,12.7
2026-06-21T23:15:00Z,P3,0.356,12.7
2026-06-21T23:30:00Z,P1,1.206,12.4
2026-06-21T23:30:00Z,P2,1.094,12.4
2026-06-21T23:30:00Z,P3,0.327,12.4
2026-06-21T23:45:00Z,P1,0.484,12.5
2026-06-21T23:45:00Z,P2,3.570,12.5
2026-06-21T23:45:00Z,P3,0.355,12.5
2026-06-22T00:00:00Z,P1,2.333,12.6
2026-06-22T00:00:00Z,P2,1.676,12.6
2026-06-22T00:00:00Z,P3,0.356,12.6
2026-06-22T00:15:00Z,P1,2.900,12.4
2026-06-22T00:15:00Z,P2,0.386,12.4
2026-06-22T00:15:00Z,P3,0.333,12.4
2026-06-22T00:30:00Z,P1,0.785,12.1
2026-06-22T00:30:00Z,P2,0.777,12.1
2026-06-22T00:30:00Z,P3,1.741,12.1
2026-06-22T00:45:00Z,P1,1.538,12.0
2026-06-22T00:45:00Z,P2,1.965,12.0
2026-06-22T00:45:00Z,P3,2.122,12.0
2026-06-22T01:00:00Z,P1,1.611,11.9
2026-06-22T01:00:00Z,P2,3.585,11.9
2026-06-22T01:00:00Z,P3,2.085,11.9
2026-06-22T01:15:00Z,P1,1.900,12.2
2026-06-22T01:15:00Z,P2,0.915,12.2
2026-06-22T01:15:00Z,P3,2.087,12.2
2026-06-22T01:30:00Z,P1,2.891,11.8
2026-06-22T01:30:00Z,P2,1.068,11.8
2026-06-22T01:30:00Z,P3,2.098,11.8
2026-06-22T01:45:00Z,P1,3.209,11.9
2026-06-22T01:45:00Z,P2,1.728,11.9
2026-06-22T01:45:00Z,P3,0.564,11.9
2026-06-22T02:00:00Z,P1,3.081,12.1
2026-06-22T02:00:00Z,P2,3.213,12.1
2026-06-22T02:00:00Z,P3,0.326,12.1
2026-06-22T02:15:00Z,P1,0.475,12.0
2026-06-22T02:15:00Z,P2,1.495,12.0
2026-06-22T02:15:00Z,P3,0.352,12.0
2026-06-22T02:30:00Z,P1,0.318,11.7
2026-06-22T02:30:00Z,P2,0.835,11.7
2026-06-22T02:30:00Z,P3,0.334,11.7
2026-06-22T02:45:00Z,P1,1.199,11.9
2026-06-22T02:45:00Z,P2,1.637,11.9
2026-06-22T02:45:00Z,P3,0.337,11.9
2026-06-22T03:00:00Z,P1,1.289,12.2
2026-06-22T03:00:00Z,P2,3.103,12.2
2026-06-22T03:00:00Z,P3,0.370,12.2
2026-06-22T03:15:00Z,P1,1.607,12.1
2026-06-22T03:15:00Z,P2,1.667,12.1
2026-06-22T03:15:00Z,P3,0.343,12.1
2026-06-22T03:30:00Z,P1,2.584,12.1
2026-06-22T03:30:00Z,P2,0.687,12.1
2026-06-22T03:30:00Z,P3,0.334,12.1
2026-06-22T03:45:00Z,P1,2.302,12.3
2026-06-22T03:45:00Z,P2,1.685,12.3
2026-06-22T03:45:00Z,P3,0.370,12.3
2026-06-22T04:00:00Z,P1,0.372,12.4
2026-06-22T04:00:00Z,P2,2.702,12.4
2026-06-22T04:00:00Z,P3,0.361,12.4
2026-06-22T04:15:00Z,P1,1.067,12.3
2026-06-22T04:15:00Z,P2,1.921,12.3
2026-06-22T04:15:00Z,P3,0.345,12.3
2026-06-22T04:30:00Z,P1,1.405,12.5
2026-06-22T04:30:00Z,P2,0.592,12.5
2026-06-22T04:30:00Z,P3,0.358,12.5
2026-06-22T04:45:00Z,P1,0.353,12.9
2026-06-22T04:45:00Z,P2,1.697,12.9
2026-06-22T04:45:00Z,P3,0.401,12.9
2026-06-22T05:00:00Z,P1,2.481,12.6
2026-06-22T05:00:00Z,P2,2.599,12.6
2026-06-22T05:00:00Z,P3,1.494,12.6
2026-06-22T05:15:00Z,P1,2.505,13.1
2026-06-22T05:15:00Z,P2,2.725,13.1
2026-06-22T05:15:00Z,P3,2.154,13.1
2026-06-22T05:30:00Z,P1,1.334,13.1
2026-06-22T05:30:00Z,P2,0.381,13.1
2026-06-22T05:30:00Z,P3,2.154,13.1
2026-06-22T05:45:00Z,P1,2.452,13.5
2026-06-22T05:45:00Z,P2,1.744,13.5
2026-06-22T05:45:00Z,P3,2.141,13.5
2026-06-22T06:00:00Z,P1,3.304,13.6
2026-06-22T06:00:00Z,P2,1.753,13.6
2026-06-22T06:00:00Z,P3,1.758,13.6
2026-06-22T06:15:00Z,P1,2.184,13.3
2026-06-22T06:15:00Z,P2,3.116,13.3
2026-06-22T06:15:00Z,P3,2.200,13.3
2026-06-22T06:30:00Z,P1,3.197,13.7
2026-06-22T06:30:00Z,P2,4.011,13.7
2026-06-22T06:30:00Z,P3,2.179,13.7
2026-06-22T06:45:00Z,P1,1.723,14.0
2026-06-22T06:45:00Z,P2,2.500,14.0
2026-06-22T06:45:00Z,P3,2.087,14.0
2026-06-22T07:00:00Z,P1,3.458,14.1
2026-06-22T07:00:00Z,P2,1.717,14.1
2026-06-22T07:00:00Z,P3,2.110,14.1
2026-06-22T07:15:00Z,P1,3.321,14.7
2026-06-22T07:15:00Z,P2,2.656,14.7
2026-06-22T07:15:00Z,P3,2.077,14.7
2026-06-22T07:30:00Z,P1,3.187,14.6
2026-06-22T07:30:00Z,P2,3.824,14.6
2026-06-22T07:30:00Z,P3,2.115,14.6
2026-06-22T07:45:00Z,P1,3.198,14.7
2026-06-22T07:45:00Z,P2,3.884,14.7
2026-06-22T07:45:00Z,P3,2.084,14.7
2026-06-22T08:00:00Z,P1,3.237,15.2
2026-06-22T08:00:00Z,P2,3.231,15.2
2026-06-22T08:00:00Z,P3,2.084,15.2
2026-06-22T08:15:00Z,P1,3.253,15.3
2026-06-22T08:15:00Z,P2,3.847,15.3
2026-06-22T08:15:00Z,P3,2.032,15.3
2026-06-22T08:30:00Z,P1,3.101,15.1
2026-06-22T08:30:00Z,P2,3.601,15.1
2026-06-22T08:30:00Z,P3,2.129,15.1
2026-06-22T08:45:00Z,P1,1.556,15.6
2026-06-22T08:45:00Z,P2,3.594,15.6
2026-06-22T08:45:00Z,P3,2.088,15.6
2026-06-22T09:00:00Z,P1,1.312,15.6
2026-06-22T09:00:00Z,P2,3.891,15.6
2026-06-22T09:00:00Z,P3,2.050,15.6
2026-06-22T09:15:00Z,P1,1.302,15.7
2026-06-22T09:15:00Z,P2,3.867,15.7
2026-06-22T09:15:00Z,P3,2.138,15.7
2026-06-22T09:30:00Z,P1,0.363,16.2
2026-06-22T09:30:00Z,P2,3.830,16.2
2026-06-22T09:30:00Z,P3,2.104,16.2
2026-06-22T09:45:00Z,P1,1.866,16.5
2026-06-22T09:45:00Z,P2,3.861,16.5
2026-06-22T09:45:00Z,P3,2.115,16.5
2026-06-22T10:00:00Z,P1,2.693,16.4
2026-06-22T10:00:00Z,P2,3.916,16.4
2026-06-22T10:00:00Z,P3,2.133,16.4
2026-06-22T10:15:00Z,P1,1.643,16.5
2026-06-22T10:15:00Z,P2,2.474,16.5
2026-06-22T10:15:00Z,P3,2.063,16.5
2026-06-22T10:30:00Z,P1,2.247,16.8
2026-06-22T10:30:00Z,P2,1.702,16.8
2026-06-22T10:30:00Z,P3,0.322,16.8
2026-06-22T10:45:00Z,P1,1.181,17.2
2026-06-22T10:45:00Z,P2,2.661,17.2
2026-06-22T10:45:00Z,P3,0.355,17.2
2026-06-22T11:00:00Z,P1,0.341,16.9
2026-06-22T11:00:00Z,P2,2.885,16.9
2026-06-22T11:00:00Z,P3,0.373,16.9
2026-06-22T11:15:00Z,P1,2.212,17.2
2026-06-22T11:15:00Z,P2,1.826,17.2
2026-06-22T11:15:00Z,P3,1.414,17.2
2026-06-22T11:30:00Z,P1,3.023,17.4
2026-06-22T11:30:00Z,P2,3.909,17.4
2026-06-22T11:30:00Z,P3,2.108,17.4
2026-06-22T11:45:00Z,P1,1.741,17.4
2026-06-22T11:45:00Z,P2,1.999,17.4
2026-06-22T11:45:00Z,P3,2.076,17.4
2026-06-22T12:00:00Z,P1,3.209,17.4
2026-06-22T12:00:00Z,P2,3.761,17.4
2026-06-22T12:00:00Z,P3,2.115,17.4
2026-06-22T12:15:00Z,P1,3.229,17.9
2026-06-22T12:15:00Z,P2,2.533,17.9
2026-06-22T12:15:00Z,P3,2.133,17.9
2026-06-22T12:30:00Z,P1,1.585,18.1
2026-06-22T12:30:00Z,P2,1.739,18.1
2026-06-22T12:30:00Z,P3,2.086,18.1
2026-06-22T12:45:00Z,P1,0.355,17.5
2026-06-22T12:45:00Z,P2,1.672,17.5
2026-06-22T12:45:00Z,P3,2.040,17.5
2026-06-22T13:00:00Z,P1,1.892,18.0
2026-06-22T13:00:00Z,P2,3.155,18.0
2026-06-22T13:00:00Z,P3,0.586,18.0
2026-06-22T13:15:00Z,P1,0.523,18.0
2026-06-22T13:15:00Z,P2,3.302,18.0
2026-06-22T13:15:00Z,P3,0.385,18.0
2026-06-22T13:30:00Z,P1,1.108,17.8
2026-06-22T13:30:00Z,P2,1.727,17.8
2026-06-22T13:30:00Z,P3,0.371,17.8
2026-06-22T13:45:00Z,P1,3.202,17.7
2026-06-22T13:45:00Z,P2,1.710,17.7
2026-06-22T13:45:00Z,P3,0.397,17.7
2026-06-22T14:00:00Z,P1,1.874,18.0
2026-06-22T14:00:00Z,P2,3.557,18.0
2026-06-22T14:00:00Z,P3,0.367,18.0
2026-06-22T14:15:00Z,P1,1.728,17.8
2026-06-22T14:15:00Z,P2,2.988,17.8
2026-06-22T14:15:00Z,P3,1.254,17.8
2026-06-22T14:30:00Z,P1,1.934,17.5
2026-06-22T14:30:00Z,P2,1.689,17.5
2026-06-22T14:30:00Z,P3,2.116,17.5
2026-06-22T14:45:00Z,P1,0.688,17.7
2026-06-22T14:45:00Z,P2,1.171,17.7
2026-06-22T14:45:00Z,P3,2.087,17.7
2026-06-22T15:00:00Z,P1,1.151,17.7
2026-06-22T15:00:00Z,P2,2.068,17.7
2026-06-22T15:00:00Z,P3,2.072,17.7
2026-06-22T15:15:00Z,P1,3.579,17.5
2026-06-22T15:15:00Z,P2,3.398,17.5
2026-06-22T15:15:00Z,P3,2.099,17.5
2026-06-22T15:30:00Z,P1,2.320,17.8
2026-06-22T15:30:00Z,P2,1.755,17.8
2026-06-22T15:30:00Z,P3,3.021,17.8
2026-06-22T15:45:00Z,P1,1.721,17.6
2026-06-22T15:45:00Z,P2,1.800,17.6
2026-06-22T15:45:00Z,P3,4.178,17.6
2026-06-22T16:00:00Z,P1,2.647,17.3
2026-06-22T16:00:00Z,P2,3.806,17.3
2026-06-22T16:00:00Z,P3,4.115,17.3
2026-06-22T16:15:00Z,P1,2.756,17.3
2026-06-22T16:15:00Z,P2,3.440,17.3
2026-06-22T16:15:00Z,P3,4.174,17.3
2026-06-22T16:30:00Z,P1,1.634,17.2
2026-06-22T16:30:00Z,P2,1.703,17.2
2026-06-22T16:30:00Z,P3,4.093,17.2
2026-06-22T16:45:00Z,P1,2.283,17.4
2026-06-22T16:45:00Z,P2,1.726,17.4
2026-06-22T16:45:00Z,P3,4.134,17.4
2026-06-22T17:00:00Z,P1,2.860,17.2
2026-06-22T17:00:00Z,P2,3.125,17.2
2026-06-22T17:00:00Z,P3,2.218,17.2
2026-06-22T17:15:00Z,P1,1.633,16.7
2026-06-22T17:15:00Z,P2,3.606,16.7
2026-06-22T17:15:00Z,P3,2.140,16.7
2026-06-22T17:30:00Z,P1,2.111,16.8
2026-06-22T17:30:00Z,P2,1.702,16.8
2026-06-22T17:30:00Z,P3,2.056,16.8
2026-06-22T17:45:00Z,P1,3.034,16.8
2026-06-22T17:45:00Z,P2,1.841,16.8
2026-06-22T17:45:00Z,P3,2.047,16.8
2026-06-22T18:00:00Z,P1,2.457,16.5
2026-06-22T18:00:00Z,P2,3.889,16.5
2026-06-22T18:00:00Z,P3,2.120,16.5
2026-06-22T18:15:00Z,P1,1.833,16.5
2026-06-22T18:15:00Z,P2,3.043,16.5
2026-06-22T18:15:00Z,P3,2.063,16.5
2026-06-22T18:30:00Z,P1,1.584,16.1
2026-06-22T18:30:00Z,P2,1.690,16.1
2026-06-22T18:30:00Z,P3,2.119,16.1
2026-06-22T18:45:00Z,P1,2.677,15.9
2026-06-22T18:45:00Z,P2,1.684,15.9
2026-06-22T18:45:00Z,P3,2.141,15.9
2026-06-22T19:00:00Z,P1,1.155,15.8
2026-06-22T19:00:00Z,P2,3.861,15.8
2026-06-22T19:00:00Z,P3,2.026,15.8
2026-06-22T19:15:00Z,P1,1.128,15.8
2026-06-22T19:15:00Z,P2,3.906,15.8
2026-06-22T19:15:00Z,P3,2.128,15.8
2026-06-22T19:30:00Z,P1,2.089,15.7
2026-06-22T19:30:00Z,P2,1.894,15.7
2026-06-22T19:30:00Z,P3,2.080,15.7
2026-06-22T19:45:00Z,P1,3.159,14.9
2026-06-22T19:45:00Z,P2,1.706,14.9
2026-06-22T19:45:00Z,P3,2.146,14.9
2026-06-22T20:00:00Z,P1,2.678,15.0
2026-06-22T20:00:00Z,P2,3.544,15.0
2026-06-22T20:00:00Z,P3,1.853,15.0
2026-06-22T20:15:00Z,P1,2.378,14.7
2026-06-22T20:15:00Z,P2,3.689,14.7
2026-06-22T20:15:00Z,P3,0.362,14.7
2026-06-22T20:30:00Z,P1,2.221,14.6
2026-06-22T20:30:00Z,P2,3.830,14.6
2026-06-22T20:30:00Z,P3,0.356,14.6
2026-06-22T20:45:00Z,P1,1.944,14.4
2026-06-22T20:45:00Z,P2,3.954,14.4
2026-06-22T20:45:00Z,P3,0.350,14.4
2026-06-22T21:00:00Z,P1,1.962,14.2
2026-06-22T21:00:00Z,P2,3.861,14.2
2026-06-22T21:00:00Z,P3,0.409,14.2
2026-06-22T21:15:00Z,P1,2.536,14.2
2026-06-22T21:15:00Z,P2,4.256,14.2
2026-06-22T21:15:00Z,P3,0.419,14.2
2026-06-22T21:30:00Z,P1,2.792,13.8
2026-06-22T21:30:00Z,P2,4.327,13.8
2026-06-22T21:30:00Z,P3,0.347,13.8
2026-06-22T21:45:00Z,P1,3.184,14.4
2026-06-22T21:45:00Z,P2,3.868,14.4
2026-06-22T21:45:00Z,P3,0.391,14.4
2026-06-22T22:00:00Z,P1,3.179,13.5
2026-06-22T22:00:00Z,P2,3.888,13.5
2026-06-22T22:00:00Z,P3,0.826,13.5
2026-06-22T22:15:00Z,P1,3.167,13.3
2026-06-22T22:15:00Z,P2,3.290,13.3
2026-06-22T22:15:00Z,P3,2.081,13.3
2026-06-22T22:30:00Z,P1,1.992,13.4
2026-06-22T22:30:00Z,P2,1.739,13.4
2026-06-22T22:30:00Z,P3,2.103,13.4
2026-06-22T22:45:00Z,P1,0.294,12.9
2026-06-22T22:45:00Z,P2,1.723,12.9
2026-06-22T22:45:00Z,P3,2.074,12.9
2026-06-22T23:00:00Z,P1,0.328,13.2
2026-06-22T23:00:00Z,P2,3.100,13.2
2026-06-22T23:00:00Z,P3,2.099,13.2
2026-06-22T23:15:00Z,P1,1.969,12.6
2026-06-22T23:15:00Z,P2,3.295,12.6
2026-06-22T23:15:00Z,P3,0.415,12.6
2026-06-22T23:30:00Z,P1,1.067,12.2
2026-06-22T23:30:00Z,P2,1.724,12.2
2026-06-22T23:30:00Z,P3,0.389,12.2
2026-06-22T23:45:00Z,P1,1.654,12.4
2026-06-22T23:45:00Z,P2,1.742,12.4
2026-06-22T23:45:00Z,P3,0.342,12.4
2026-06-23T00:00:00Z,P1,2.954,12.8
2026-06-23T00:00:00Z,P2,3.622,12.8
2026-06-23T00:00:00Z,P3,0.386,12.8
2026-06-23T00:15:00Z,P1,0.630,12.1
2026-06-23T00:15:00Z,P2,3.180,12.1
2026-06-23T00:15:00Z,P3,0.319,12.1
2026-06-23T00:30:00Z,P1,0.433,12.6
2026-06-23T00:30:00Z,P2,1.723,12.6
2026-06-23T00:30:00Z,P3,0.398,12.6
2026-06-23T00:45:00Z,P1,1.900,12.1
2026-06-23T00:45:00Z,P2,1.707,12.1
2026-06-23T00:45:00Z,P3,0.393,12.1
2026-06-23T01:00:00Z,P1,0.438,11.9
2026-06-23T01:00:00Z,P2,2.825,11.9
2026-06-23T01:00:00Z,P3,0.376,11.9
2026-06-23T01:15:00Z,P1,1.489,12.2
2026-06-23T01:15:00Z,P2,3.583,12.2
2026-06-23T01:15:00Z,P3,0.325,12.2
2026-06-23T01:30:00Z,P1,3.201,11.7
2026-06-23T01:30:00Z,P2,1.687,11.7
2026-06-23T01:30:00Z,P3,0.389,11.7
2026-06-23T01:45:00Z,P1,1.601,11.7
2026-06-23T01:45:00Z,P2,2.153,11.7
2026-06-23T01:45:00Z,P3,0.294,11.7
2026-06-23T02:00:00Z,P1,0.347,11.9
2026-06-23T02:00:00Z,P2,3.895,11.9
2026-06-23T02:00:00Z,P3,0.369,11.9
2026-06-23T02:15:00Z,P1,1.518,12.1
2026-06-23T02:15:00Z,P2,1.669,12.1
2026-06-23T02:15:00Z,P3,0.346,12.1
2026-06-23T02:30:00Z,P1,0.865,12.2
2026-06-23T02:30:00Z,P2,0.331,12.2
2026-06-23T02:30:00Z,P3,0.610,12.2
2026-06-23T02:45:00Z,P1,0.338,12.0
2026-06-23T02:45:00Z,P2,0.292,12.0
2026-06-23T02:45:00Z,P3,2.088,12.0
2026-06-23T03:00:00Z,P1,1.563,11.6
2026-06-23T03:00:00Z,P2,2.689,11.6
2026-06-23T03:00:00Z,P3,2.112,11.6
2026-06-23T03:15:00Z,P1,2.601,12.3
2026-06-23T03:15:00Z,P2,3.617,12.3
2026-06-23T03:15:00Z,P3,2.081,12.3
2026-06-23T03:30:00Z,P1,1.641,12.3
2026-06-23T03:30:00Z,P2,1.720,12.3
2026-06-23T03:30:00Z,P3,2.068,12.3
2026-06-23T03:45:00Z,P1,1.395,12.3
2026-06-23T03:45:00Z,P2,0.389,12.3
2026-06-23T03:45:00Z,P3,0.954,12.3
2026-06-23T04:00:00Z,P1,1.479,12.3
2026-06-23T04:00:00Z,P2,1.910,12.3
2026-06-23T04:00:00Z,P3,0.338,12.3
2026-06-23T04:15:00Z,P1,0.270,12.5
2026-06-23T04:15:00Z,P2,3.274,12.5
2026-06-23T04:15:00Z,P3,0.325,12.5
2026-06-23T04:30:00Z,P1,0.467,12.2
2026-06-23T04:30:00Z,P2,1.258,12.2
2026-06-23T04:30:00Z,P3,0.347,12.2
2026-06-23T04:45:00Z,P1,2.731,12.6
2026-06-23T04:45:00Z,P2,0.289,12.6
2026-06-23T04:45:00Z,P3,0.350,12.6
2026-06-23T05:00:00Z,P1,1.842,12.9
2026-06-23T05:00:00Z,P2,2.709,12.9
2026-06-23T05:00:00Z,P3,0.317,12.9
2026-06-23T05:15:00Z,P1,1.620,12.8
2026-06-23T05:15:00Z,P2,2.693,12.8
2026-06-23T05:15:00Z,P3,0.407,12.8
2026-06-23T05:30:00Z,P1,2.088,12.8
2026-06-23T05:30:00Z,P2,0.923,12.8
2026-06-23T05:30:00Z,P3,0.354,12.8
2026-06-23T05:45:00Z,P1,2.200,13.2
2026-06-23T05:45:00Z,P2,0.358,13.2
2026-06-23T05:45:00Z,P3,0.366,13.2
2026-06-23T06:00:00Z,P1,2.066,12.9
2026-06-23T06:00:00Z,P2,3.594,12.9
2026-06-23T06:00:00Z,P3,0.685,12.9
2026-06-23T06:15:00Z,P1,3.065,13.6
2026-06-23T06:15:00Z,P2,2.711,13.6
2026-06-23T06:15:00Z,P3,2.174,13.6
2026-06-23T06:30:00Z,P1,2.034,13.9
2026-06-23T06:30:00Z,P2,2.010,13.9
2026-06-23T06:30:00Z,P3,2.128,13.9
2026-06-23T06:45:00Z,P1,1.676,14.0
2026-06-23T06:45:00Z,P2,2.207,14.0
2026-06-23T06:45:00Z,P3,2.042,14.0
2026-06-23T07:00:00Z,P1,2.340,14.0
2026-06-23T07:00:00Z,P2,3.683,14.0
2026-06-23T07:00:00Z,P3,2.065,14.0
2026-06-23T07:15:00Z,P1,2.780,14.4
2026-06-23T07:15:00Z,P2,3.528,14.4
2026-06-23T07:15:00Z,P3,2.089,14.4
2026-06-23T07:30:00Z,P1,1.698,14.7
2026-06-23T07:30:00Z,P2,3.688,14.7
2026-06-23T07:30:00Z,P3,2.092,14.7
2026-06-23T07:45:00Z,P1,2.092,14.9
2026-06-23T07:45:00Z,P2,3.874,14.9
2026-06-23T07:45:00Z,P3,2.075,14.9
2026-06-23T08:00:00Z,P1,2.783,15.1
2026-06-23T08:00:00Z,P2,3.860,15.1
2026-06-23T08:00:00Z,P3,2.108,15.1
2026-06-23T08:15:00Z,P1,0.369,14.8
2026-06-23T08:15:00Z,P2,3.909,14.8
2026-06-23T08:15:00Z,P3,2.084,14.8
2026-06-23T08:30:00Z,P1,1.558,15.1
2026-06-23T08:30:00Z,P2,3.889,15.1
2026-06-23T08:30:00Z,P3,2.135,15.1
2026-06-23T08:45:00Z,P1,2.147,15.5
2026-06-23T08:45:00Z,P2,3.889,15.5
2026-06-23T08:45:00Z,P3,2.074,15.5
2026-06-23T09:00:00Z,P1,2.724,15.9
2026-06-23T09:00:00Z,P2,2.198,15.9
2026-06-23T09:00:00Z,P3,2.112,15.9
2026-06-23T09:15:00Z,P1,3.177,16.3
2026-06-23T09:15:00Z,P2,1.401,16.3
2026-06-23T09:15:00Z,P3,2.127,16.3
2026-06-23T09:30:00Z,P1,3.241,16.0
2026-06-23T09:30:00Z,P2,2.125,16.0
2026-06-23T09:30:00Z,P3,2.139,16.0
2026-06-23T09:45:00Z,P1,2.951,16.1
2026-06-23T09:45:00Z,P2,3.888,16.1
2026-06-23T09:45:00Z,P3,2.099,16.1
2026-06-23T10:00:00Z,P1,1.967,16.5
2026-06-23T10:00:00Z,P2,2.148,16.5
2026-06-23T10:00:00Z,P3,2.093,16.5
2026-06-23T10:15:00Z,P1,1.440,16.4
2026-06-23T10:15:00Z,P2,1.738,16.4
2026-06-23T10:15:00Z,P3,2.085,16.4
2026-06-23T10:30:00Z,P1,0.742,16.8
2026-06-23T10:30:00Z,P2,2.165,16.8
2026-06-23T10:30:00Z,P3,2.081,16.8
2026-06-23T10:45:00Z,P1,2.790,17.2
2026-06-23T10:45:00Z,P2,3.838,17.2
2026-06-23T10:45:00Z,P3,2.146,17.2
2026-06-23T11:00:00Z,P1,1.625,17.3
2026-06-23T11:00:00Z,P2,3.874,17.3
2026-06-23T11:00:00Z,P3,2.032,17.3
2026-06-23T11:15:00Z,P1,2.670,16.8
2026-06-23T11:15:00Z,P2,2.009,16.8
2026-06-23T11:15:00Z,P3,2.076,16.8
2026-06-23T11:30:00Z,P1,1.897,17.0
2026-06-23T11:30:00Z,P2,1.705,17.0
2026-06-23T11:30:00Z,P3,2.070,17.0
2026-06-23T11:45:00Z,P1,0.364,17.1
2026-06-23T11:45:00Z,P2,2.698,17.1
2026-06-23T11:45:00Z,P3,2.123,17.1
2026-06-23T12:00:00Z,P1,1.283,17.4
2026-06-23T12:00:00Z,P2,3.307,17.4
2026-06-23T12:00:00Z,P3,1.048,17.4
2026-06-23T12:15:00Z,P1,3.033,17.9
2026-06-23T12:15:00Z,P2,3.317,17.9
2026-06-23T12:15:00Z,P3,2.355,17.9
2026-06-23T12:30:00Z,P1,3.219,17.4
2026-06-23T12:30:00Z,P2,3.312,17.4
2026-06-23T12:30:00Z,P3,2.365,17.4
2026-06-23T12:45:00Z,P1,3.006,17.8
2026-06-23T12:45:00Z,P2,3.917,17.8
2026-06-23T12:45:00Z,P3,2.419,17.8
2026-06-23T13:00:00Z,P1,1.343,17.8
2026-06-23T13:00:00Z,P2,3.852,17.8
2026-06-23T13:00:00Z,P3,2.317,17.8
2026-06-23T13:15:00Z,P1,1.000,17.8
2026-06-23T13:15:00Z,P2,3.875,17.8
2026-06-23T13:15:00Z,P3,3.933,17.8
2026-06-23T13:30:00Z,P1,1.489,17.6
2026-06-23T13:30:00Z,P2,3.967,17.6
2026-06-23T13:30:00Z,P3,2.618,17.6
2026-06-23T13:45:00Z,P1,0.335,17.7
2026-06-23T13:45:00Z,P2,3.897,17.7
2026-06-23T13:45:00Z,P3,2.063,17.7
2026-06-23T14:00:00Z,P1,1.596,17.9
2026-06-23T14:00:00Z,P2,3.851,17.9
2026-06-23T14:00:00Z,P3,2.120,17.9
2026-06-23T14:15:00Z,P1,2.882,18.0
2026-06-23T14:15:00Z,P2,3.655,18.0
2026-06-23T14:15:00Z,P3,2.099,18.0
2026-06-23T14:30:00Z,P1,1.634,18.0
2026-06-23T14:30:00Z,P2,0.288,18.0
2026-06-23T14:30:00Z,P3,2.082,18.0
2026-06-23T14:45:00Z,P1,1.664,17.9
2026-06-23T14:45:00Z,P2,0.527,17.9
2026-06-23T14:45:00Z,P3,1.763,17.9
2026-06-23T15:00:00Z,P1,2.589,17.7
2026-06-23T15:00:00Z,P2,2.594,17.7
2026-06-23T15:00:00Z,P3,0.323,17.7
2026-06-23T15:15:00Z,P1,2.182,17.6
2026-06-23T15:15:00Z,P2,3.847,17.6
2026-06-23T15:15:00Z,P3,0.312,17.6
2026-06-23T15:30:00Z,P1,2.422,17.4
2026-06-23T15:30:00Z,P2,3.851,17.4
2026-06-23T15:30:00Z,P3,1.897,17.4
2026-06-23T15:45:00Z,P1,3.069,17.5
2026-06-23T15:45:00Z,P2,1.838,17.5
2026-06-23T15:45:00Z,P3,2.683,17.5
2026-06-23T16:00:00Z,P1,1.660,17.5
2026-06-23T16:00:00Z,P2,1.702,17.5
2026-06-23T16:00:00Z,P3,3.925,17.5
2026-06-23T16:15:00Z,P1,1.691,17.4
2026-06-23T16:15:00Z,P2,2.900,17.4
2026-06-23T16:15:00Z,P3,4.084,17.4
2026-06-23T16:30:00Z,P1,3.196,17.4
2026-06-23T16:30:00Z,P2,3.590,17.4
2026-06-23T16:30:00Z,P3,4.143,17.4
2026-06-23T16:45:00Z,P1,1.832,17.1
2026-06-23T16:45:00Z,P2,3.272,17.1
2026-06-23T16:45:00Z,P3,4.084,17.1
2026-06-23T17:00:00Z,P1,1.627,16.8
2026-06-23T17:00:00Z,P2,2.537,16.8
2026-06-23T17:00:00Z,P3,4.079,16.8
2026-06-23T17:15:00Z,P1,3.139,16.9
2026-06-23T17:15:00Z,P2,3.453,16.9
2026-06-23T17:15:00Z,P3,4.097,16.9
2026-06-23T17:30:00Z,P1,2.138,17.2
2026-06-23T17:30:00Z,P2,3.883,17.2
2026-06-23T17:30:00Z,P3,4.166,17.2
2026-06-23T17:45:00Z,P1,2.980,16.6
2026-06-23T17:45:00Z,P2,3.834,16.6
2026-06-23T17:45:00Z,P3,4.164,16.6
2026-06-23T18:00:00Z,P1,2.752,16.5
2026-06-23T18:00:00Z,P2,3.876,16.5
2026-06-23T18:00:00Z,P3,4.176,16.5
2026-06-23T18:15:00Z,P1,1.668,16.3
2026-06-23T18:15:00Z,P2,3.877,16.3
2026-06-23T18:15:00Z,P3,4.169,16.3
2026-06-23T18:30:00Z,P1,2.133,15.7
2026-06-23T18:30:00Z,P2,3.707,15.7
2026-06-23T18:30:00Z,P3,4.114,15.7
2026-06-23T18:45:00Z,P1,2.860,15.8
2026-06-23T18:45:00Z,P2,1.685,15.8
2026-06-23T18:45:00Z,P3,4.127,15.8
2026-06-23T19:00:00Z,P1,1.623,15.8
2026-06-23T19:00:00Z,P2,1.661,15.8
2026-06-23T19:00:00Z,P3,4.108,15.8
2026-06-23T19:15:00Z,P1,2.358,15.2
2026-06-23T19:15:00Z,P2,1.402,15.2
2026-06-23T19:15:00Z,P3,4.118,15.2
2026-06-23T19:30:00Z,P1,1.363,15.3
2026-06-23T19:30:00Z,P2,3.577,15.3
2026-06-23T19:30:00Z,P3,4.146,15.3
2026-06-23T19:45:00Z,P1,0.311,15.1
2026-06-23T19:45:00Z,P2,3.874,15.1
2026-06-23T19:45:00Z,P3,4.149,15.1
2026-06-23T20:00:00Z,P1,1.760,15.0
2026-06-23T20:00:00Z,P2,3.515,15.0
2026-06-23T20:00:00Z,P3,4.146,15.0
2026-06-23T20:15:00Z,P1,2.623,14.8
2026-06-23T20:15:00Z,P2,1.937,14.8
2026-06-23T20:15:00Z,P3,2.171,14.8
2026-06-23T20:30:00Z,P1,3.433,14.2
2026-06-23T20:30:00Z,P2,3.716,14.2
2026-06-23T20:30:00Z,P3,2.136,14.2
2026-06-23T20:45:00Z,P1,3.259,13.9
2026-06-23T20:45:00Z,P2,3.878,13.9
2026-06-23T20:45:00Z,P3,2.152,13.9
2026-06-23T21:00:00Z,P1,2.777,13.7
2026-06-23T21:00:00Z,P2,1.843,13.7
2026-06-23T21:00:00Z,P3,2.177,13.7
2026-06-23T21:15:00Z,P1,1.942,14.0
2026-06-23T21:15:00Z,P2,1.712,14.0
2026-06-23T21:15:00Z,P3,2.112,14.0
2026-06-23T21:30:00Z,P1,1.981,13.5
2026-06-23T21:30:00Z,P2,3.056,13.5
2026-06-23T21:30:00Z,P3,2.079,13.5
2026-06-23T21:45:00Z,P1,1.930,13.6
2026-06-23T21:45:00Z,P2,3.118,13.6
2026-06-23T21:45:00Z,P3,2.025,13.6
2026-06-23T22:00:00Z,P1,2.299,13.4
2026-06-23T22:00:00Z,P2,1.729,13.4
2026-06-23T22:00:00Z,P3,2.056,13.4
2026-06-23T22:15:00Z,P1,1.591,13.0
2026-06-23T22:15:00Z,P2,1.746,13.0
2026-06-23T22:15:00Z,P3,2.039,13.0
2026-06-23T22:30:00Z,P1,2.590,12.9
2026-06-23T22:30:00Z,P2,2.293,12.9
2026-06-23T22:30:00Z,P3,2.071,12.9
2026-06-23T22:45:00Z,P1,1.604,13.0
2026-06-23T22:45:00Z,P2,3.913,13.0
2026-06-23T22:45:00Z,P3,2.092,13.0
2026-06-23T23:00:00Z,P1,0.305,12.5
2026-06-23T23:00:00Z,P2,1.671,12.5
2026-06-23T23:00:00Z,P3,2.090,12.5
2026-06-23T23:15:00Z,P1,1.508,12.6
2026-06-23T23:15:00Z,P2,1.729,12.6
2026-06-23T23:15:00Z,P3,2.104,12.6
2026-06-23T23:30:00Z,P1,1.033,12.4
2026-06-23T23:30:00Z,P2,2.121,12.4
2026-06-23T23:30:00Z,P3,2.097,12.4
2026-06-23T23:45:00Z,P1,1.200,12.7
2026-06-23T23:45:00Z,P2,3.849,12.7
2026-06-23T23:45:00Z,P3,2.099,12.7
2026-06-24T00:00:00Z,P1,2.625,12.1
2026-06-24T00:00:00Z,P2,2.446,12.1
2026-06-24T00:00:00Z,P3,2.098,12.1
2026-06-24T00:15:00Z,P1,2.528,12.0
2026-06-24T00:15:00Z,P2,1.718,12.0
2026-06-24T00:15:00Z,P3,2.115,12.0
2026-06-24T00:30:00Z,P1,0.333,12.2
2026-06-24T00:30:00Z,P2,1.706,12.2
2026-06-24T00:30:00Z,P3,2.049,12.2
2026-06-24T00:45:00Z,P1,0.806,12.4
2026-06-24T00:45:00Z,P2,2.039,12.4
2026-06-24T00:45:00Z,P3,2.057,12.4
2026-06-24T01:00:00Z,P1,1.882,12.2
2026-06-24T01:00:00Z,P2,3.890,12.2
2026-06-24T01:00:00Z,P3,0.898,12.2
2026-06-24T01:15:00Z,P1,0.517,12.0
2026-06-24T01:15:00Z,P2,1.262,12.0
2026-06-24T01:15:00Z,P3,0.402,12.0
2026-06-24T01:30:00Z,P1,2.450,12.0
2026-06-24T01:30:00Z,P2,0.373,12.0
2026-06-24T01:30:00Z,P3,0.337,12.0
2026-06-24T01:45:00Z,P1,2.805,12.1
2026-06-24T01:45:00Z,P2,1.535,12.1
2026-06-24T01:45:00Z,P3,0.333,12.1
2026-06-24T02:00:00Z,P1,3.213,11.6
2026-06-24T02:00:00Z,P2,3.925,11.6
2026-06-24T02:00:00Z,P3,0.395,11.6
2026-06-24T02:15:00Z,P1,1.970,12.0
2026-06-24T02:15:00Z,P2,2.204,12.0
2026-06-24T02:15:00Z,P3,0.385,12.0
2026-06-24T02:30:00Z,P1,1.162,11.9
2026-06-24T02:30:00Z,P2,0.368,11.9
2026-06-24T02:30:00Z,P3,0.325,11.9
2026-06-24T02:45:00Z,P1,0.373,12.0
2026-06-24T02:45:00Z,P2,0.321,12.0
2026-06-24T02:45:00Z,P3,0.339,12.0
2026-06-24T03:00:00Z,P1,0.868,12.1
2026-06-24T03:00:00Z,P2,3.712,12.1
2026-06-24T03:00:00Z,P3,0.368,12.1
2026-06-24T03:15:00Z,P1,2.250,12.1
2026-06-24T03:15:00Z,P2,2.269,12.1
2026-06-24T03:15:00Z,P3,0.336,12.1
2026-06-24T03:30:00Z,P1,1.632,12.0
2026-06-24T03:30:00Z,P2,0.537,12.0
2026-06-24T03:30:00Z,P3,0.336,12.0
2026-06-24T03:45:00Z,P1,1.633,12.3
2026-06-24T03:45:00Z,P2,0.676,12.3
2026-06-24T03:45:00Z,P3,0.329,12.3
2026-06-24T04:00:00Z,P1,1.851,12.7
2026-06-24T04:00:00Z,P2,3.435,12.7
2026-06-24T04:00:00Z,P3,0.351,12.7
2026-06-24T04:15:00Z,P1,1.176,12.4
2026-06-24T04:15:00Z,P2,3.002,12.4
2026-06-24T04:15:00Z,P3,0.326,12.4
2026-06-24T04:30:00Z,P1,0.340,12.7
2026-06-24T04:30:00Z,P2,1.553,12.7
2026-06-24T04:30:00Z,P3,0.363,12.7
2026-06-24T04:45:00Z,P1,0.940,12.6
2026-06-24T04:45:00Z,P2,0.336,12.6
2026-06-24T04:45:00Z,P3,0.347,12.6
2026-06-24T05:00:00Z,P1,2.468,13.0
2026-06-24T05:00:00Z,P2,1.769,13.0
2026-06-24T05:00:00Z,P3,1.649,13.0
2026-06-24T05:15:00Z,P1,1.610,12.9
2026-06-24T05:15:00Z,P2,2.824,12.9
2026-06-24T05:15:00Z,P3,2.091,12.9
2026-06-24T05:30:00Z,P1,2.091,13.0
2026-06-24T05:30:00Z,P2,1.746,13.0
2026-06-24T05:30:00Z,P3,2.114,13.0
2026-06-24T05:45:00Z,P1,2.998,12.9
2026-06-24T05:45:00Z,P2,1.540,12.9
2026-06-24T05:45:00Z,P3,2.116,12.9
2026-06-24T06:00:00Z,P1,2.051,13.6
2026-06-24T06:00:00Z,P2,2.149,13.6
2026-06-24T06:00:00Z,P3,2.058,13.6
2026-06-24T06:15:00Z,P1,2.569,13.6
2026-06-24T06:15:00Z,P2,3.295,13.6
2026-06-24T06:15:00Z,P3,0.327,13.6
2026-06-24T06:30:00Z,P1,2.724,13.4
2026-06-24T06:30:00Z,P2,4.020,13.4
2026-06-24T06:30:00Z,P3,0.360,13.4
2026-06-24T06:45:00Z,P1,1.638,14.0
2026-06-24T06:45:00Z,P2,4.355,14.0
2026-06-24T06:45:00Z,P3,0.321,14.0
2026-06-24T07:00:00Z,P1,2.054,14.1
2026-06-24T07:00:00Z,P2,3.882,14.1
2026-06-24T07:00:00Z,P3,0.373,14.1
2026-06-24T07:15:00Z,P1,3.482,14.2
2026-06-24T07:15:00Z,P2,3.881,14.2
2026-06-24T07:15:00Z,P3,0.327,14.2
2026-06-24T07:30:00Z,P1,3.311,14.5
2026-06-24T07:30:00Z,P2,3.847,14.5
2026-06-24T07:30:00Z,P3,0.383,14.5
2026-06-24T07:45:00Z,P1,3.160,14.8
2026-06-24T07:45:00Z,P2,3.895,14.8
2026-06-24T07:45:00Z,P3,0.343,14.8
2026-06-24T08:00:00Z,P1,3.252,15.0
2026-06-24T08:00:00Z,P2,3.575,15.0
2026-06-24T08:00:00Z,P3,0.310,15.0
2026-06-24T08:15:00Z,P1,1.927,14.8
2026-06-24T08:15:00Z,P2,1.763,14.8
2026-06-24T08:15:00Z,P3,0.352,14.8
2026-06-24T08:30:00Z,P1,2.577,15.1
2026-06-24T08:30:00Z,P2,2.457,15.1
2026-06-24T08:30:00Z,P3,1.046,15.1
2026-06-24T08:45:00Z,P1,3.236,15.7
2026-06-24T08:45:00Z,P2,3.900,15.7
2026-06-24T08:45:00Z,P3,2.170,15.7
2026-06-24T09:00:00Z,P1,3.234,15.4
2026-06-24T09:00:00Z,P2,3.773,15.4
2026-06-24T09:00:00Z,P3,2.106,15.4
2026-06-24T09:15:00Z,P1,3.181,15.9
2026-06-24T09:15:00Z,P2,3.892,15.9
2026-06-24T09:15:00Z,P3,2.114,15.9
2026-06-24T09:30:00Z,P1,3.187,16.2
2026-06-24T09:30:00Z,P2,1.664,16.2
2026-06-24T09:30:00Z,P3,2.082,16.2
2026-06-24T09:45:00Z,P1,3.042,16.2
2026-06-24T09:45:00Z,P2,1.813,16.2
2026-06-24T09:45:00Z,P3,2.097,16.2
2026-06-24T10:00:00Z,P1,1.626,16.4
2026-06-24T10:00:00Z,P2,3.850,16.4
2026-06-24T10:00:00Z,P3,2.127,16.4
2026-06-24T10:15:00Z,P1,0.290,16.5
2026-06-24T10:15:00Z,P2,2.568,16.5
2026-06-24T10:15:00Z,P3,2.083,16.5
2026-06-24T10:30:00Z,P1,1.064,16.9
2026-06-24T10:30:00Z,P2,1.685,16.9
2026-06-24T10:30:00Z,P3,2.489,16.9
2026-06-24T10:45:00Z,P1,3.171,16.7
2026-06-24T10:45:00Z,P2,3.286,16.7
2026-06-24T10:45:00Z,P3,4.114,16.7
2026-06-24T11:00:00Z,P1,3.171,17.2
2026-06-24T11:00:00Z,P2,3.938,17.2
2026-06-24T11:00:00Z,P3,4.127,17.2
2026-06-24T11:15:00Z,P1,3.215,17.2
2026-06-24T11:15:00Z,P2,3.910,17.2
2026-06-24T11:15:00Z,P3,4.137,17.2
2026-06-24T11:30:00Z,P1,3.211,17.1
2026-06-24T11:30:00Z,P2,3.334,17.1
2026-06-24T11:30:00Z,P3,4.161,17.1
2026-06-24T11:45:00Z,P1,2.166,17.4
2026-06-24T11:45:00Z,P2,3.907,17.4
2026-06-24T11:45:00Z,P3,4.147,17.4
2026-06-24T12:00:00Z,P1,1.323,17.7
2026-06-24T12:00:00Z,P2,3.873,17.7
2026-06-24T12:00:00Z,P3,4.174,17.7
2026-06-24T12:15:00Z,P1,1.569,17.5
2026-06-24T12:15:00Z,P2,3.834,17.5
2026-06-24T12:15:00Z,P3,4.090,17.5
2026-06-24T12:30:00Z,P1,2.000,17.5
2026-06-24T12:30:00Z,P2,2.017,17.5
2026-06-24T12:30:00Z,P3,4.137,17.5
2026-06-24T12:45:00Z,P1,3.278,17.8
2026-06-24T12:45:00Z,P2,1.720,17.8
2026-06-24T12:45:00Z,P3,4.123,17.8
2026-06-24T13:00:00Z,P1,2.890,17.9
2026-06-24T13:00:00Z,P2,2.967,17.9
2026-06-24T13:00:00Z,P3,2.275,17.9
2026-06-24T13:15:00Z,P1,1.405,17.8
2026-06-24T13:15:00Z,P2,3.562,17.8
2026-06-24T13:15:00Z,P3,2.102,17.8
2026-06-24T13:30:00Z,P1,0.645,18.1
2026-06-24T13:30:00Z,P2,1.754,18.1
2026-06-24T13:30:00Z,P3,2.116,18.1
2026-06-24T13:45:00Z,P1,1.871,17.9
2026-06-24T13:45:00Z,P2,1.051,17.9
2026-06-24T13:45:00Z,P3,2.117,17.9
2026-06-24T14:00:00Z,P1,0.656,18.0
2026-06-24T14:00:00Z,P2,0.941,18.0
2026-06-24T14:00:00Z,P3,2.081,18.0
2026-06-24T14:15:00Z,P1,1.436,17.8
2026-06-24T14:15:00Z,P2,3.213,17.8
2026-06-24T14:15:00Z,P3,2.067,17.8
2026-06-24T14:30:00Z,P1,2.993,17.9
2026-06-24T14:30:00Z,P2,2.282,17.9
2026-06-24T14:30:00Z,P3,2.129,17.9
2026-06-24T14:45:00Z,P1,2.080,17.7
2026-06-24T14:45:00Z,P2,1.751,17.7
2026-06-24T14:45:00Z,P3,1.145,17.7
2026-06-24T15:00:00Z,P1,1.545,17.6
2026-06-24T15:00:00Z,P2,0.965,17.6
2026-06-24T15:00:00Z,P3,0.288,17.6
2026-06-24T15:15:00Z,P1,3.461,17.6
2026-06-24T15:15:00Z,P2,2.282,17.6
2026-06-24T15:15:00Z,P3,0.386,17.6
2026-06-24T15:30:00Z,P1,2.414,17.9
2026-06-24T15:30:00Z,P2,2.938,17.9
2026-06-24T15:30:00Z,P3,1.909,17.9
2026-06-24T15:45:00Z,P1,1.627,17.5
2026-06-24T15:45:00Z,P2,1.640,17.5
2026-06-24T15:45:00Z,P3,2.712,17.5
2026-06-24T16:00:00Z,P1,2.613,17.5
2026-06-24T16:00:00Z,P2,1.662,17.5
2026-06-24T16:00:00Z,P3,3.943,17.5
2026-06-24T16:15:00Z,P1,2.315,17.6
2026-06-24T16:15:00Z,P2,3.050,17.6
2026-06-24T16:15:00Z,P3,4.033,17.6
2026-06-24T16:30:00Z,P1,1.697,17.2
2026-06-24T16:30:00Z,P2,3.588,17.2
2026-06-24T16:30:00Z,P3,4.155,17.2
2026-06-24T16:45:00Z,P1,3.246,17.2
2026-06-24T16:45:00Z,P2,3.907,17.2
2026-06-24T16:45:00Z,P3,4.176,17.2
2026-06-24T17:00:00Z,P1,1.838,17.1
2026-06-24T17:00:00Z,P2,3.910,17.1
2026-06-24T17:00:00Z,P3,4.145,17.1
2026-06-24T17:15:00Z,P1,2.326,17.0
2026-06-24T17:15:00Z,P2,3.901,17.0
2026-06-24T17:15:00Z,P3,4.117,17.0
2026-06-24T17:30:00Z,P1,2.877,16.8
2026-06-24T17:30:00Z,P2,3.809,16.8
2026-06-24T17:30:00Z,P3,4.083,16.8
2026-06-24T17:45:00Z,P1,3.180,16.5
2026-06-24T17:45:00Z,P2,3.908,16.5
2026-06-24T17:45:00Z,P3,4.128,16.5
2026-06-24T18:00:00Z,P1,2.343,16.5
2026-06-24T18:00:00Z,P2,3.877,16.5
2026-06-24T18:00:00Z,P3,4.151,16.5
2026-06-24T18:15:00Z,P1,1.565,16.1
2026-06-24T18:15:00Z,P2,3.892,16.1
2026-06-24T18:15:00Z,P3,4.133,16.1
2026-06-24T18:30:00Z,P1,1.548,15.9
2026-06-24T18:30:00Z,P2,2.483,15.9
2026-06-24T18:30:00Z,P3,4.094,15.9
2026-06-24T18:45:00Z,P1,1.201,15.9
2026-06-24T18:45:00Z,P2,0.320,15.9
2026-06-24T18:45:00Z,P3,4.218,15.9
2026-06-24T19:00:00Z,P1,0.398,15.4
2026-06-24T19:00:00Z,P2,1.069,15.4
2026-06-24T19:00:00Z,P3,4.113,15.4
2026-06-24T19:15:00Z,P1,1.283,15.3
2026-06-24T19:15:00Z,P2,2.445,15.3
2026-06-24T19:15:00Z,P3,4.130,15.3
2026-06-24T19:30:00Z,P1,2.234,15.6
2026-06-24T19:30:00Z,P2,3.349,15.6
2026-06-24T19:30:00Z,P3,2.931,15.6
2026-06-24T19:45:00Z,P1,1.672,14.8
2026-06-24T19:45:00Z,P2,0.750,14.8
2026-06-24T19:45:00Z,P3,2.101,14.8
2026-06-24T20:00:00Z,P1,2.102,14.6
2026-06-24T20:00:00Z,P2,2.192,14.6
2026-06-24T20:00:00Z,P3,2.069,14.6
2026-06-24T20:15:00Z,P1,2.131,14.5
2026-06-24T20:15:00Z,P2,2.305,14.5
2026-06-24T20:15:00Z,P3,2.065,14.5
2026-06-24T20:30:00Z,P1,2.194,14.4
2026-06-24T20:30:00Z,P2,3.871,14.4
2026-06-24T20:30:00Z,P3,1.021,14.4
2026-06-24T20:45:00Z,P1,1.985,14.5
2026-06-24T20:45:00Z,P2,2.600,14.5
2026-06-24T20:45:00Z,P3,0.385,14.5
2026-06-24T21:00:00Z,P1,1.922,14.1
2026-06-24T21:00:00Z,P2,1.722,14.1
2026-06-24T21:00:00Z,P3,0.330,14.1
2026-06-24T21:15:00Z,P1,2.420,14.0
2026-06-24T21:15:00Z,P2,2.163,14.0
2026-06-24T21:15:00Z,P3,0.374,14.0
2026-06-24T21:30:00Z,P1,3.142,13.5
2026-06-24T21:30:00Z,P2,3.949,13.5
2026-06-24T21:30:00Z,P3,0.265,13.5
2026-06-24T21:45:00Z,P1,3.108,13.3
2026-06-24T21:45:00Z,P2,2.741,13.3
2026-06-24T21:45:00Z,P3,0.379,13.3
2026-06-24T22:00:00Z,P1,1.052,13.1
2026-06-24T22:00:00Z,P2,1.702,13.1
2026-06-24T22:00:00Z,P3,0.332,13.1
2026-06-24T22:15:00Z,P1,0.304,13.4
2026-06-24T22:15:00Z,P2,1.719,13.4
2026-06-24T22:15:00Z,P3,0.309,13.4
2026-06-24T22:30:00Z,P1,1.804,12.5
2026-06-24T22:30:00Z,P2,2.289,12.5
2026-06-24T22:30:00Z,P3,0.360,12.5
2026-06-24T22:45:00Z,P1,0.946,12.8
2026-06-24T22:45:00Z,P2,3.886,12.8
2026-06-24T22:45:00Z,P3,0.316,12.8
2026-06-24T23:00:00Z,P1,0.574,12.7
2026-06-24T23:00:00Z,P2,1.995,12.7
2026-06-24T23:00:00Z,P3,0.315,12.7
2026-06-24T23:15:00Z,P1,2.702,12.6
2026-06-24T23:15:00Z,P2,1.664,12.6
2026-06-24T23:15:00Z,P3,0.357,12.6
2026-06-24T23:30:00Z,P1,2.221,12.1
2026-06-24T23:30:00Z,P2,1.401,12.1
2026-06-24T23:30:00Z,P3,1.973,12.1
2026-06-24T23:45:00Z,P1,1.103,12.3
2026-06-24T23:45:00Z,P2,2.384,12.3
2026-06-24T23:45:00Z,P3,2.081,12.3
2026-06-25T00:00:00Z,P1,1.442,12.2
2026-06-25T00:00:00Z,P2,1.903,12.2
2026-06-25T00:00:00Z,P3,2.035,12.2
2026-06-25T00:15:00Z,P1,0.952,12.0
2026-06-25T00:15:00Z,P2,1.702,12.0
2026-06-25T00:15:00Z,P3,2.028,12.0
2026-06-25T00:30:00Z,P1,0.398,12.2
2026-06-25T00:30:00Z,P2,1.690,12.2
2026-06-25T00:30:00Z,P3,1.151,12.2
2026-06-25T00:45:00Z,P1,1.139,12.3
2026-06-25T00:45:00Z,P2,2.048,12.3
2026-06-25T00:45:00Z,P3,0.355,12.3
2026-06-25T01:00:00Z,P1,2.021,11.7
2026-06-25T01:00:00Z,P2,1.737,11.7
2026-06-25T01:00:00Z,P3,0.304,11.7
2026-06-25T01:15:00Z,P1,1.631,11.9
2026-06-25T01:15:00Z,P2,1.702,11.9
2026-06-25T01:15:00Z,P3,0.330,11.9
2026-06-25T01:30:00Z,P1,2.716,11.9
2026-06-25T01:30:00Z,P2,1.735,11.9
2026-06-25T01:30:00Z,P3,0.353,11.9
2026-06-25T01:45:00Z,P1,1.189,12.0
2026-06-25T01:45:00Z,P2,2.548,12.0
2026-06-25T01:45:00Z,P3,0.379,12.0
2026-06-25T02:00:00Z,P1,0.344,12.0
2026-06-25T02:00:00Z,P2,1.839,12.0
2026-06-25T02:00:00Z,P3,0.357,12.0
2026-06-25T02:15:00Z,P1,1.590,11.7
2026-06-25T02:15:00Z,P2,1.253,11.7
2026-06-25T02:15:00Z,P3,0.394,11.7
2026-06-25T02:30:00Z,P1,0.790,11.8
2026-06-25T02:30:00Z,P2,1.709,11.8
2026-06-25T02:30:00Z,P3,0.317,11.8
2026-06-25T02:45:00Z,P1,0.328,11.9
2026-06-25T02:45:00Z,P2,1.528,11.9
2026-06-25T02:45:00Z,P3,0.417,11.9
2026-06-25T03:00:00Z,P1,2.064,11.8
2026-06-25T03:00:00Z,P2,2.029,11.8
2026-06-25T03:00:00Z,P3,0.312,11.8
2026-06-25T03:15:00Z,P1,2.796,11.8
2026-06-25T03:15:00Z,P2,2.214,11.8
2026-06-25T03:15:00Z,P3,0.383,11.8
2026-06-25T03:30:00Z,P1,1.331,12.1
2026-06-25T03:30:00Z,P2,1.757,12.1
2026-06-25T03:30:00Z,P3,0.369,12.1
2026-06-25T03:45:00Z,P1,0.885,12.0
2026-06-25T03:45:00Z,P2,1.692,12.0
2026-06-25T03:45:00Z,P3,0.329,12.0
2026-06-25T04:00:00Z,P1,1.610,12.3
2026-06-25T04:00:00Z,P2,0.788,12.3
2026-06-25T04:00:00Z,P3,0.364,12.3
2026-06-25T04:15:00Z,P1,0.399,12.4
2026-06-25T04:15:00Z,P2,3.201,12.4
2026-06-25T04:15:00Z,P3,0.394,12.4
2026-06-25T04:30:00Z,P1,0.302,12.4
2026-06-25T04:30:00Z,P2,1.791,12.4
2026-06-25T04:30:00Z,P3,0.615,12.4
2026-06-25T04:45:00Z,P1,2.933,12.3
2026-06-25T04:45:00Z,P2,1.726,12.3
2026-06-25T04:45:00Z,P3,2.123,12.3
2026-06-25T05:00:00Z,P1,1.935,12.8
2026-06-25T05:00:00Z,P2,0.928,12.8
2026-06-25T05:00:00Z,P3,2.121,12.8
2026-06-25T05:15:00Z,P1,1.617,13.2
2026-06-25T05:15:00Z,P2,1.503,13.2
2026-06-25T05:15:00Z,P3,2.104,13.2
2026-06-25T05:30:00Z,P1,1.538,12.8
2026-06-25T05:30:00Z,P2,3.732,12.8
2026-06-25T05:30:00Z,P3,2.104,12.8
2026-06-25T05:45:00Z,P1,2.441,13.2
2026-06-25T05:45:00Z,P2,1.725,13.2
2026-06-25T05:45:00Z,P3,2.088,13.2
2026-06-25T06:00:00Z,P1,2.061,13.4
2026-06-25T06:00:00Z,P2,1.038,13.4
2026-06-25T06:00:00Z,P3,1.418,13.4
2026-06-25T06:15:00Z,P1,2.585,13.1
2026-06-25T06:15:00Z,P2,0.330,13.1
2026-06-25T06:15:00Z,P3,2.251,13.1
2026-06-25T06:30:00Z,P1,2.334,13.8
2026-06-25T06:30:00Z,P2,2.937,13.8
2026-06-25T06:30:00Z,P3,2.166,13.8
2026-06-25T06:45:00Z,P1,1.615,13.9
2026-06-25T06:45:00Z,P2,3.524,13.9
2026-06-25T06:45:00Z,P3,2.080,13.9
2026-06-25T07:00:00Z,P1,2.619,14.0
2026-06-25T07:00:00Z,P2,4.380,14.0
2026-06-25T07:00:00Z,P3,2.094,14.0
2026-06-25T07:15:00Z,P1,2.431,14.2
2026-06-25T07:15:00Z,P2,4.173,14.2
2026-06-25T07:15:00Z,P3,2.107,14.2
2026-06-25T07:30:00Z,P1,1.603,14.5
2026-06-25T07:30:00Z,P2,3.931,14.5
2026-06-25T07:30:00Z,P3,2.067,14.5
2026-06-25T07:45:00Z,P1,2.703,14.8
2026-06-25T07:45:00Z,P2,3.872,14.8
2026-06-25T07:45:00Z,P3,2.094,14.8
2026-06-25T08:00:00Z,P1,2.510,15.1
2026-06-25T08:00:00Z,P2,3.927,15.1
2026-06-25T08:00:00Z,P3,2.097,15.1
2026-06-25T08:15:00Z,P1,0.668,15.2
2026-06-25T08:15:00Z,P2,3.880,15.2
2026-06-25T08:15:00Z,P3,2.101,15.2
2026-06-25T08:30:00Z,P1,1.794,15.1
2026-06-25T08:30:00Z,P2,2.320,15.1
2026-06-25T08:30:00Z,P3,2.159,15.1
2026-06-25T08:45:00Z,P1,3.020,15.4
2026-06-25T08:45:00Z,P2,2.421,15.4
2026-06-25T08:45:00Z,P3,2.120,15.4
2026-06-25T09:00:00Z,P1,3.278,15.4
2026-06-25T09:00:00Z,P2,3.839,15.4
2026-06-25T09:00:00Z,P3,2.115,15.4
2026-06-25T09:15:00Z,P1,3.210,15.6
2026-06-25T09:15:00Z,P2,3.858,15.6
2026-06-25T09:15:00Z,P3,2.163,15.6
2026-06-25T09:30:00Z,P1,3.220,15.8
2026-06-25T09:30:00Z,P2,2.323,15.8
2026-06-25T09:30:00Z,P3,2.104,15.8
2026-06-25T09:45:00Z,P1,3.147,16.0
2026-06-25T09:45:00Z,P2,1.730,16.0
2026-06-25T09:45:00Z,P3,2.039,16.0
2026-06-25T10:00:00Z,P1,2.050,15.9
2026-06-25T10:00:00Z,P2,1.679,15.9
2026-06-25T10:00:00Z,P3,2.120,15.9
2026-06-25T10:15:00Z,P1,1.889,16.4
2026-06-25T10:15:00Z,P2,3.257,16.4
2026-06-25T10:15:00Z,P3,2.102,16.4
2026-06-25T10:30:00Z,P1,1.987,16.8
2026-06-25T10:30:00Z,P2,3.439,16.8
2026-06-25T10:30:00Z,P3,2.107,16.8
2026-06-25T10:45:00Z,P1,1.993,16.5
2026-06-25T10:45:00Z,P2,1.687,16.5
2026-06-25T10:45:00Z,P3,2.080,16.5
2026-06-25T11:00:00Z,P1,3.230,17.3
2026-06-25T11:00:00Z,P2,2.237,17.3
2026-06-25T11:00:00Z,P3,2.066,17.3
2026-06-25T11:15:00Z,P1,1.634,17.0
2026-06-25T11:15:00Z,P2,3.836,17.0
2026-06-25T11:15:00Z,P3,2.091,17.0
2026-06-25T11:30:00Z,P1,1.527,17.0
2026-06-25T11:30:00Z,P2,1.976,17.0
2026-06-25T11:30:00Z,P3,2.092,17.0
2026-06-25T11:45:00Z,P1,1.924,17.0
2026-06-25T11:45:00Z,P2,1.698,17.0
2026-06-25T11:45:00Z,P3,2.052,17.0
2026-06-25T12:00:00Z,P1,0.768,17.3
2026-06-25T12:00:00Z,P2,1.704,17.3
2026-06-25T12:00:00Z,P3,0.493,17.3
2026-06-25T12:15:00Z,P1,0.348,17.5
2026-06-25T12:15:00Z,P2,3.329,17.5
2026-06-25T12:15:00Z,P3,1.951,17.5
2026-06-25T12:30:00Z,P1,2.378,17.7
2026-06-25T12:30:00Z,P2,3.319,17.7
2026-06-25T12:30:00Z,P3,2.340,17.7
2026-06-25T12:45:00Z,P1,2.091,17.9
2026-06-25T12:45:00Z,P2,0.972,17.9
2026-06-25T12:45:00Z,P3,2.367,17.9
2026-06-25T13:00:00Z,P1,1.871,17.7
2026-06-25T13:00:00Z,P2,1.261,17.7
2026-06-25T13:00:00Z,P3,2.341,17.7
2026-06-25T13:15:00Z,P1,2.374,17.5
2026-06-25T13:15:00Z,P2,2.560,17.5
2026-06-25T13:15:00Z,P3,2.344,17.5
2026-06-25T13:30:00Z,P1,0.575,17.8
2026-06-25T13:30:00Z,P2,3.550,17.8
2026-06-25T13:30:00Z,P3,1.024,17.8
2026-06-25T13:45:00Z,P1,0.284,17.9
2026-06-25T13:45:00Z,P2,1.682,17.9
2026-06-25T13:45:00Z,P3,0.364,17.9
2026-06-25T14:00:00Z,P1,1.607,17.8
2026-06-25T14:00:00Z,P2,1.699,17.8
2026-06-25T14:00:00Z,P3,1.868,17.8
2026-06-25T14:15:00Z,P1,2.462,17.6
2026-06-25T14:15:00Z,P2,2.164,17.6
2026-06-25T14:15:00Z,P3,2.092,17.6
2026-06-25T14:30:00Z,P1,2.805,17.9
2026-06-25T14:30:00Z,P2,3.337,17.9
2026-06-25T14:30:00Z,P3,2.098,17.9
2026-06-25T14:45:00Z,P1,3.201,17.7
2026-06-25T14:45:00Z,P2,2.515,17.7
2026-06-25T14:45:00Z,P3,2.103,17.7
2026-06-25T15:00:00Z,P1,2.429,17.5
2026-06-25T15:00:00Z,P2,2.490,17.5
2026-06-25T15:00:00Z,P3,2.131,17.5
2026-06-25T15:15:00Z,P1,2.138,17.7
2026-06-25T15:15:00Z,P2,0.743,17.7
2026-06-25T15:15:00Z,P3,2.153,17.7
2026-06-25T15:30:00Z,P1,3.159,17.5
2026-06-25T15:30:00Z,P2,0.375,17.5
2026-06-25T15:30:00Z,P3,3.750,17.5
2026-06-25T15:45:00Z,P1,2.141,17.7
2026-06-25T15:45:00Z,P2,0.925,17.7
2026-06-25T15:45:00Z,P3,4.211,17.7
2026-06-25T16:00:00Z,P1,1.630,17.3
2026-06-25T16:00:00Z,P2,3.071,17.3
2026-06-25T16:00:00Z,P3,3.977,17.3
2026-06-25T16:15:00Z,P1,3.110,17.0
2026-06-25T16:15:00Z,P2,2.634,17.0
2026-06-25T16:15:00Z,P3,3.961,17.0
2026-06-25T16:30:00Z,P1,2.507,17.0
2026-06-25T16:30:00Z,P2,2.175,17.0
2026-06-25T16:30:00Z,P3,4.080,17.0
2026-06-25T16:45:00Z,P1,1.656,16.9
2026-06-25T16:45:00Z,P2,3.150,16.9
2026-06-25T16:45:00Z,P3,4.162,16.9
2026-06-25T17:00:00Z,P1,2.743,16.8
2026-06-25T17:00:00Z,P2,3.880,16.8
2026-06-25T17:00:00Z,P3,4.195,16.8
2026-06-25T17:15:00Z,P1,2.462,16.9
2026-06-25T17:15:00Z,P2,1.696,16.9
2026-06-25T17:15:00Z,P3,4.126,16.9
2026-06-25T17:30:00Z,P1,2.356,16.4
2026-06-25T17:30:00Z,P2,1.830,16.4
2026-06-25T17:30:00Z,P3,4.157,16.4
2026-06-25T17:45:00Z,P1,3.202,17.1
2026-06-25T17:45:00Z,P2,3.822,17.1
2026-06-25T17:45:00Z,P3,4.135,17.1
2026-06-25T18:00:00Z,P1,1.957,16.1
2026-06-25T18:00:00Z,P2,2.578,16.1
2026-06-25T18:00:00Z,P3,4.141,16.1
2026-06-25T18:15:00Z,P1,2.871,15.9
2026-06-25T18:15:00Z,P2,2.889,15.9
2026-06-25T18:15:00Z,P3,4.173,15.9
2026-06-25T18:30:00Z,P1,3.005,15.7
2026-06-25T18:30:00Z,P2,3.874,15.7
2026-06-25T18:30:00Z,P3,4.144,15.7
2026-06-25T18:45:00Z,P1,1.110,15.7
2026-06-25T18:45:00Z,P2,2.603,15.7
2026-06-25T18:45:00Z,P3,4.187,15.7
2026-06-25T19:00:00Z,P1,0.804,15.5
2026-06-25T19:00:00Z,P2,1.786,15.5
2026-06-25T19:00:00Z,P3,4.158,15.5
2026-06-25T19:15:00Z,P1,1.869,15.8
2026-06-25T19:15:00Z,P2,1.999,15.8
2026-06-25T19:15:00Z,P3,4.088,15.8
2026-06-25T19:30:00Z,P1,0.365,15.1
2026-06-25T19:30:00Z,P2,3.846,15.1
2026-06-25T19:30:00Z,P3,4.155,15.1
2026-06-25T19:45:00Z,P1,1.789,15.3
2026-06-25T19:45:00Z,P2,2.414,15.3
2026-06-25T19:45:00Z,P3,2.519,15.3
2026-06-25T20:00:00Z,P1,3.141,14.8
2026-06-25T20:00:00Z,P2,3.582,14.8
2026-06-25T20:00:00Z,P3,2.116,14.8
2026-06-25T20:15:00Z,P1,2.344,14.6
2026-06-25T20:15:00Z,P2,3.712,14.6
2026-06-25T20:15:00Z,P3,2.096,14.6
2026-06-25T20:30:00Z,P1,2.331,14.7
2026-06-25T20:30:00Z,P2,3.863,14.7
2026-06-25T20:30:00Z,P3,2.148,14.7
2026-06-25T20:45:00Z,P1,1.987,14.4
2026-06-25T20:45:00Z,P2,3.878,14.4
2026-06-25T20:45:00Z,P3,2.098,14.4
2026-06-25T21:00:00Z,P1,1.931,13.9
2026-06-25T21:00:00Z,P2,3.918,13.9
2026-06-25T21:00:00Z,P3,2.207,13.9
2026-06-25T21:15:00Z,P1,1.940,14.1
2026-06-25T21:15:00Z,P2,3.883,14.1
2026-06-25T21:15:00Z,P3,2.129,14.1
2026-06-25T21:30:00Z,P1,3.242,13.9
2026-06-25T21:30:00Z,P2,3.895,13.9
2026-06-25T21:30:00Z,P3,2.144,13.9
2026-06-25T21:45:00Z,P1,3.252,13.6
2026-06-25T21:45:00Z,P2,2.316,13.6
2026-06-25T21:45:00Z,P3,2.124,13.6
2026-06-25T22:00:00Z,P1,1.529,13.3
2026-06-25T22:00:00Z,P2,1.734,13.3
2026-06-25T22:00:00Z,P3,2.082,13.3
2026-06-25T22:15:00Z,P1,0.374,13.4
2026-06-25T22:15:00Z,P2,1.876,13.4
2026-06-25T22:15:00Z,P3,2.070,13.4
2026-06-25T22:30:00Z,P1,1.541,13.0
2026-06-25T22:30:00Z,P2,3.882,13.0
2026-06-25T22:30:00Z,P3,2.107,13.0
2026-06-25T22:45:00Z,P1,1.015,13.2
2026-06-25T22:45:00Z,P2,2.414,13.2
2026-06-25T22:45:00Z,P3,2.148,13.2
2026-06-25T23:00:00Z,P1,0.633,12.6
2026-06-25T23:00:00Z,P2,1.763,12.6
2026-06-25T23:00:00Z,P3,2.166,12.6
2026-06-25T23:15:00Z,P1,2.033,12.3
2026-06-25T23:15:00Z,P2,1.728,12.3
2026-06-25T23:15:00Z,P3,2.115,12.3
2026-06-25T23:30:00Z,P1,2.921,12.2
2026-06-25T23:30:00Z,P2,2.791,12.2
2026-06-25T23:30:00Z,P3,2.102,12.2
2026-06-25T23:45:00Z,P1,1.053,12.2
2026-06-25T23:45:00Z,P2,3.718,12.2
2026-06-25T23:45:00Z,P3,2.140,12.2
2026-06-26T00:00:00Z,P1,0.293,12.4
2026-06-26T00:00:00Z,P2,1.744,12.4
2026-06-26T00:00:00Z,P3,2.108,12.4
2026-06-26T00:15:00Z,P1,1.842,12.5
2026-06-26T00:15:00Z,P2,1.721,12.5
2026-06-26T00:15:00Z,P3,2.105,12.5
2026-06-26T00:30:00Z,P1,0.533,12.1
2026-06-26T00:30:00Z,P2,2.434,12.1
2026-06-26T00:30:00Z,P3,0.675,12.1
2026-06-26T00:45:00Z,P1,1.108,11.9
2026-06-26T00:45:00Z,P2,3.914,11.9
2026-06-26T00:45:00Z,P3,0.329,11.9
2026-06-26T01:00:00Z,P1,2.843,11.6
2026-06-26T01:00:00Z,P2,1.718,11.6
2026-06-26T01:00:00Z,P3,0.368,11.6
2026-06-26T01:15:00Z,P1,2.036,11.5
2026-06-26T01:15:00Z,P2,1.677,11.5
2026-06-26T01:15:00Z,P3,0.338,11.5
2026-06-26T01:30:00Z,P1,0.345,11.9
2026-06-26T01:30:00Z,P2,1.866,11.9
2026-06-26T01:30:00Z,P3,0.377,11.9
2026-06-26T01:45:00Z,P1,1.006,11.6
2026-06-26T01:45:00Z,P2,3.913,11.6
2026-06-26T01:45:00Z,P3,0.360,11.6
2026-06-26T02:00:00Z,P1,1.499,12.2
2026-06-26T02:00:00Z,P2,2.260,12.2
2026-06-26T02:00:00Z,P3,0.376,12.2
2026-06-26T02:15:00Z,P1,0.509,11.8
2026-06-26T02:15:00Z,P2,1.735,11.8
2026-06-26T02:15:00Z,P3,0.349,11.8
2026-06-26T02:30:00Z,P1,2.335,11.8
2026-06-26T02:30:00Z,P2,1.711,11.8
2026-06-26T02:30:00Z,P3,0.275,11.8
2026-06-26T02:45:00Z,P1,2.686,11.8
2026-06-26T02:45:00Z,P2,2.486,11.8
2026-06-26T02:45:00Z,P3,0.317,11.8
2026-06-26T03:00:00Z,P1,1.316,11.9
2026-06-26T03:00:00Z,P2,1.626,11.9
2026-06-26T03:00:00Z,P3,0.371,11.9
2026-06-26T03:15:00Z,P1,0.895,12.0
2026-06-26T03:15:00Z,P2,1.414,12.0
2026-06-26T03:15:00Z,P3,0.362,12.0
2026-06-26T03:30:00Z,P1,1.643,12.2
2026-06-26T03:30:00Z,P2,1.724,12.2
2026-06-26T03:30:00Z,P3,0.339,12.2
2026-06-26T03:45:00Z,P1,0.385,11.7
2026-06-26T03:45:00Z,P2,2.124,11.7
2026-06-26T03:45:00Z,P3,0.371,11.7
2026-06-26T04:00:00Z,P1,0.800,12.1
2026-06-26T04:00:00Z,P2,2.135,12.1
2026-06-26T04:00:00Z,P3,0.381,12.1
2026-06-26T04:15:00Z,P1,2.682,12.7
2026-06-26T04:15:00Z,P2,1.532,12.7
2026-06-26T04:15:00Z,P3,1.476,12.7
2026-06-26T04:30:00Z,P1,1.660,12.5
2026-06-26T04:30:00Z,P2,1.673,12.5
2026-06-26T04:30:00Z,P3,2.041,12.5
2026-06-26T04:45:00Z,P1,1.484,12.6
2026-06-26T04:45:00Z,P2,1.199,12.6
2026-06-26T04:45:00Z,P3,2.108,12.6
2026-06-26T05:00:00Z,P1,1.798,13.0
2026-06-26T05:00:00Z,P2,2.503,13.0
2026-06-26T05:00:00Z,P3,2.082,13.0
2026-06-26T05:15:00Z,P1,0.540,13.0
2026-06-26T05:15:00Z,P2,2.056,13.0
2026-06-26T05:15:00Z,P3,1.378,13.0
2026-06-26T05:30:00Z,P1,0.350,12.7
2026-06-26T05:30:00Z,P2,1.711,12.7
2026-06-26T05:30:00Z,P3,0.425,12.7
2026-06-26T05:45:00Z,P1,2.891,13.3
2026-06-26T05:45:00Z,P2,0.953,13.3
2026-06-26T05:45:00Z,P3,0.360,13.3
2026-06-26T06:00:00Z,P1,2.719,13.4
2026-06-26T06:00:00Z,P2,2.483,13.4
2026-06-26T06:00:00Z,P3,0.358,13.4
2026-06-26T06:15:00Z,P1,1.654,13.2
2026-06-26T06:15:00Z,P2,2.875,13.2
2026-06-26T06:15:00Z,P3,0.323,13.2
2026-06-26T06:30:00Z,P1,2.732,13.8
2026-06-26T06:30:00Z,P2,1.924,13.8
2026-06-26T06:30:00Z,P3,0.367,13.8
2026-06-26T06:45:00Z,P1,2.267,14.1
2026-06-26T06:45:00Z,P2,1.706,14.1
2026-06-26T06:45:00Z,P3,0.348,14.1
2026-06-26T07:00:00Z,P1,3.225,13.6
2026-06-26T07:00:00Z,P2,3.914,13.6
2026-06-26T07:00:00Z,P3,0.363,13.6
2026-06-26T07:15:00Z,P1,2.250,14.3
2026-06-26T07:15:00Z,P2,2.408,14.3
2026-06-26T07:15:00Z,P3,0.333,14.3
2026-06-26T07:30:00Z,P1,1.565,14.3
2026-06-26T07:30:00Z,P2,1.695,14.3
2026-06-26T07:30:00Z,P3,1.994,14.3
2026-06-26T07:45:00Z,P1,2.836,14.6
2026-06-26T07:45:00Z,P2,3.887,14.6
2026-06-26T07:45:00Z,P3,1.601,14.6
2026-06-26T08:00:00Z,P1,2.066,14.8
2026-06-26T08:00:00Z,P2,3.862,14.8
2026-06-26T08:00:00Z,P3,2.082,14.8
2026-06-26T08:15:00Z,P1,1.744,15.1
2026-06-26T08:15:00Z,P2,2.857,15.1
2026-06-26T08:15:00Z,P3,2.075,15.1
2026-06-26T08:30:00Z,P1,3.164,14.8
2026-06-26T08:30:00Z,P2,3.319,14.8
2026-06-26T08:30:00Z,P3,2.196,14.8
2026-06-26T08:45:00Z,P1,2.108,15.4
2026-06-26T08:45:00Z,P2,3.869,15.4
2026-06-26T08:45:00Z,P3,2.170,15.4
2026-06-26T09:00:00Z,P1,1.614,15.5
2026-06-26T09:00:00Z,P2,3.550,15.5
2026-06-26T09:00:00Z,P3,2.065,15.5
2026-06-26T09:15:00Z,P1,2.484,15.6
2026-06-26T09:15:00Z,P2,3.707,15.6
2026-06-26T09:15:00Z,P3,2.098,15.6
2026-06-26T09:30:00Z,P1,2.224,16.0
2026-06-26T09:30:00Z,P2,3.892,16.0
2026-06-26T09:30:00Z,P3,2.119,16.0
2026-06-26T09:45:00Z,P1,1.953,16.2
2026-06-26T09:45:00Z,P2,3.851,16.2
2026-06-26T09:45:00Z,P3,2.124,16.2
2026-06-26T10:00:00Z,P1,1.971,16.1
2026-06-26T10:00:00Z,P2,3.888,16.1
2026-06-26T10:00:00Z,P3,2.113,16.1
2026-06-26T10:15:00Z,P1,3.177,16.3
2026-06-26T10:15:00Z,P2,3.889,16.3
2026-06-26T10:15:00Z,P3,2.159,16.3
2026-06-26T10:30:00Z,P1,3.223,16.9
2026-06-26T10:30:00Z,P2,3.701,16.9
2026-06-26T10:30:00Z,P3,2.086,16.9
2026-06-26T10:45:00Z,P1,3.238,16.7
2026-06-26T10:45:00Z,P2,1.689,16.7
2026-06-26T10:45:00Z,P3,2.092,16.7
2026-06-26T11:00:00Z,P1,1.700,16.8
2026-06-26T11:00:00Z,P2,1.655,16.8
2026-06-26T11:00:00Z,P3,2.094,16.8
2026-06-26T11:15:00Z,P1,0.345,17.0
2026-06-26T11:15:00Z,P2,3.007,17.0
2026-06-26T11:15:00Z,P3,2.073,17.0
2026-06-26T11:30:00Z,P1,0.977,17.5
2026-06-26T11:30:00Z,P2,3.172,17.5
2026-06-26T11:30:00Z,P3,2.092,17.5
2026-06-26T11:45:00Z,P1,1.986,17.6
2026-06-26T11:45:00Z,P2,1.686,17.6
2026-06-26T11:45:00Z,P3,2.110,17.6
2026-06-26T12:00:00Z,P1,1.657,17.4
2026-06-26T12:00:00Z,P2,1.703,17.4
2026-06-26T12:00:00Z,P3,2.082,17.4
2026-06-26T12:15:00Z,P1,2.054,17.5
2026-06-26T12:15:00Z,P2,3.754,17.5
2026-06-26T12:15:00Z,P3,2.060,17.5
2026-06-26T12:30:00Z,P1,2.835,17.6
2026-06-26T12:30:00Z,P2,2.822,17.6
2026-06-26T12:30:00Z,P3,2.056,17.6
2026-06-26T12:45:00Z,P1,0.632,17.8
2026-06-26T12:45:00Z,P2,1.704,17.8
2026-06-26T12:45:00Z,P3,3.983,17.8
2026-06-26T13:00:00Z,P1,2.006,17.5
2026-06-26T13:00:00Z,P2,1.722,17.5
2026-06-26T13:00:00Z,P3,4.132,17.5
2026-06-26T13:15:00Z,P1,2.966,17.7
2026-06-26T13:15:00Z,P2,3.247,17.7
2026-06-26T13:15:00Z,P3,4.114,17.7
2026-06-26T13:30:00Z,P1,1.638,17.8
2026-06-26T13:30:00Z,P2,2.983,17.8
2026-06-26T13:30:00Z,P3,4.166,17.8
2026-06-26T13:45:00Z,P1,1.023,17.7
2026-06-26T13:45:00Z,P2,1.331,17.7
2026-06-26T13:45:00Z,P3,4.117,17.7
2026-06-26T14:00:00Z,P1,1.788,17.7
2026-06-26T14:00:00Z,P2,1.421,17.7
2026-06-26T14:00:00Z,P3,4.121,17.7
2026-06-26T14:15:00Z,P1,0.344,17.9
2026-06-26T14:15:00Z,P2,3.358,17.9
2026-06-26T14:15:00Z,P3,3.849,17.9
2026-06-26T14:30:00Z,P1,1.404,17.6
2026-06-26T14:30:00Z,P2,3.884,17.6
2026-06-26T14:30:00Z,P3,2.123,17.6
2026-06-26T14:45:00Z,P1,3.250,17.4
2026-06-26T14:45:00Z,P2,3.900,17.4
2026-06-26T14:45:00Z,P3,2.112,17.4
2026-06-26T15:00:00Z,P1,2.822,17.8
2026-06-26T15:00:00Z,P2,3.870,17.8
2026-06-26T15:00:00Z,P3,2.119,17.8
2026-06-26T15:15:00Z,P1,2.236,17.8
2026-06-26T15:15:00Z,P2,3.472,17.8
2026-06-26T15:15:00Z,P3,2.098,17.8
2026-06-26T15:30:00Z,P1,2.803,17.2
2026-06-26T15:30:00Z,P2,1.955,17.2
2026-06-26T15:30:00Z,P3,2.161,17.2
2026-06-26T15:45:00Z,P1,3.254,17.5
2026-06-26T15:45:00Z,P2,3.291,17.5
2026-06-26T15:45:00Z,P3,2.636,17.5
2026-06-26T16:00:00Z,P1,3.221,17.4
2026-06-26T16:00:00Z,P2,2.963,17.4
2026-06-26T16:00:00Z,P3,3.912,17.4
2026-06-26T16:15:00Z,P1,2.133,17.4
2026-06-26T16:15:00Z,P2,2.057,17.4
2026-06-26T16:15:00Z,P3,4.018,17.4
2026-06-26T16:30:00Z,P1,1.599,17.4
2026-06-26T16:30:00Z,P2,2.462,17.4
2026-06-26T16:30:00Z,P3,4.105,17.4
2026-06-26T16:45:00Z,P1,3.055,16.8
2026-06-26T16:45:00Z,P2,3.907,16.8
2026-06-26T16:45:00Z,P3,4.145,16.8
2026-06-26T17:00:00Z,P1,2.630,16.9
2026-06-26T17:00:00Z,P2,2.266,16.9
2026-06-26T17:00:00Z,P3,4.166,16.9
2026-06-26T17:15:00Z,P1,3.208,16.7
2026-06-26T17:15:00Z,P2,1.911,16.7
2026-06-26T17:15:00Z,P3,4.161,16.7
2026-06-26T17:30:00Z,P1,3.167,16.7
2026-06-26T17:30:00Z,P2,3.858,16.7
2026-06-26T17:30:00Z,P3,4.127,16.7
2026-06-26T17:45:00Z,P1,1.866,16.5
2026-06-26T17:45:00Z,P2,2.670,16.5
2026-06-26T17:45:00Z,P3,4.100,16.5
2026-06-26T18:00:00Z,P1,1.770,16.2
2026-06-26T18:00:00Z,P2,1.694,16.2
2026-06-26T18:00:00Z,P3,4.112,16.2
2026-06-26T18:15:00Z,P1,3.231,15.6
2026-06-26T18:15:00Z,P2,2.559,15.6
2026-06-26T18:15:00Z,P3,4.085,15.6
2026-06-26T18:30:00Z,P1,3.202,15.9
2026-06-26T18:30:00Z,P2,3.894,15.9
2026-06-26T18:30:00Z,P3,4.104,15.9
2026-06-26T18:45:00Z,P1,3.250,15.8
2026-06-26T18:45:00Z,P2,3.903,15.8
2026-06-26T18:45:00Z,P3,4.061,15.8
2026-06-26T19:00:00Z,P1,2.431,15.7
2026-06-26T19:00:00Z,P2,1.833,15.7
2026-06-26T19:00:00Z,P3,4.146,15.7
2026-06-26T19:15:00Z,P1,0.692,15.1
2026-06-26T19:15:00Z,P2,1.692,15.1
2026-06-26T19:15:00Z,P3,4.165,15.1
2026-06-26T19:30:00Z,P1,1.192,15.4
2026-06-26T19:30:00Z,P2,1.829,15.4
2026-06-26T19:30:00Z,P3,4.139,15.4
2026-06-26T19:45:00Z,P1,1.416,15.0
2026-06-26T19:45:00Z,P2,3.889,15.0
2026-06-26T19:45:00Z,P3,4.099,15.0
2026-06-26T20:00:00Z,P1,0.287,15.0
2026-06-26T20:00:00Z,P2,3.604,15.0
2026-06-26T20:00:00Z,P3,2.100,15.0
2026-06-26T20:15:00Z,P1,1.949,14.6
2026-06-26T20:15:00Z,P2,3.689,14.6
2026-06-26T20:15:00Z,P3,2.126,14.6
2026-06-26T20:30:00Z,P1,3.476,14.5
2026-06-26T20:30:00Z,P2,3.896,14.5
2026-06-26T20:30:00Z,P3,2.141,14.5
2026-06-26T20:45:00Z,P1,3.210,14.3
2026-06-26T20:45:00Z,P2,3.814,14.3
2026-06-26T20:45:00Z,P3,2.119,14.3
2026-06-26T21:00:00Z,P1,2.763,14.1
2026-06-26T21:00:00Z,P2,3.852,14.1
2026-06-26T21:00:00Z,P3,2.200,14.1
2026-06-26T21:15:00Z,P1,1.888,13.6
2026-06-26T21:15:00Z,P2,3.880,13.6
2026-06-26T21:15:00Z,P3,2.129,13.6
2026-06-26T21:30:00Z,P1,1.974,13.7
2026-06-26T21:30:00Z,P2,3.923,13.7
2026-06-26T21:30:00Z,P3,2.073,13.7
2026-06-26T21:45:00Z,P1,1.896,13.5
2026-06-26T21:45:00Z,P2,2.523,13.5
2026-06-26T21:45:00Z,P3,2.162,13.5
2026-06-26T22:00:00Z,P1,1.944,13.4
2026-06-26T22:00:00Z,P2,1.722,13.4
2026-06-26T22:00:00Z,P3,2.053,13.4
2026-06-26T22:15:00Z,P1,1.673,12.9
2026-06-26T22:15:00Z,P2,1.842,12.9
2026-06-26T22:15:00Z,P3,2.107,12.9
2026-06-26T22:30:00Z,P1,1.663,12.8
2026-06-26T22:30:00Z,P2,3.846,12.8
2026-06-26T22:30:00Z,P3,2.096,12.8
2026-06-26T22:45:00Z,P1,2.970,13.1
2026-06-26T22:45:00Z,P2,3.177,13.1
2026-06-26T22:45:00Z,P3,2.125,13.1
2026-06-26T23:00:00Z,P1,0.874,12.6
2026-06-26T23:00:00Z,P2,1.719,12.6
2026-06-26T23:00:00Z,P3,2.094,12.6
2026-06-26T23:15:00Z,P1,0.359,12.4
2026-06-26T23:15:00Z,P2,1.657,12.4
2026-06-26T23:15:00Z,P3,2.120,12.4
2026-06-26T23:30:00Z,P1,1.368,12.4
2026-06-26T23:30:00Z,P2,3.249,12.4
2026-06-26T23:30:00Z,P3,2.139,12.4
2026-06-26T23:45:00Z,P1,1.205,12.3
2026-06-26T23:45:00Z,P2,3.007,12.3
2026-06-26T23:45:00Z,P3,2.099,12.3
2026-06-27T00:00:00Z,P1,1.651,12.2
2026-06-27T00:00:00Z,P2,1.711,12.2
2026-06-27T00:00:00Z,P3,2.071,12.2
2026-06-27T00:15:00Z,P1,2.365,12.3
2026-06-27T00:15:00Z,P2,1.676,12.3
2026-06-27T00:15:00Z,P3,2.095,12.3
2026-06-27T00:30:00Z,P1,2.112,12.0
2026-06-27T00:30:00Z,P2,1.689,12.0
2026-06-27T00:30:00Z,P3,2.096,12.0
2026-06-27T00:45:00Z,P1,0.383,12.1
2026-06-27T00:45:00Z,P2,3.777,12.1
2026-06-27T00:45:00Z,P3,0.656,12.1
2026-06-27T01:00:00Z,P1,0.352,11.9
2026-06-27T01:00:00Z,P2,2.867,11.9
2026-06-27T01:00:00Z,P3,0.396,11.9
2026-06-27T01:15:00Z,P1,1.701,11.8
2026-06-27T01:15:00Z,P2,1.612,11.8
2026-06-27T01:15:00Z,P3,0.335,11.8
2026-06-27T01:30:00Z,P1,0.904,12.3
2026-06-27T01:30:00Z,P2,0.368,12.3
2026-06-27T01:30:00Z,P3,0.329,12.3
2026-06-27T01:45:00Z,P1,1.661,11.8
2026-06-27T01:45:00Z,P2,0.805,11.8
2026-06-27T01:45:00Z,P3,0.397,11.8
2026-06-27T02:00:00Z,P1,2.155,11.7
2026-06-27T02:00:00Z,P2,3.883,11.7
2026-06-27T02:00:00Z,P3,0.331,11.7
2026-06-27T02:15:00Z,P1,2.081,11.6
2026-06-27T02:15:00Z,P2,2.864,11.6
2026-06-27T02:15:00Z,P3,0.362,11.6
2026-06-27T02:30:00Z,P1,0.328,11.8
2026-06-27T02:30:00Z,P2,0.616,11.8
2026-06-27T02:30:00Z,P3,0.359,11.8
2026-06-27T02:45:00Z,P1,0.596,11.8
2026-06-27T02:45:00Z,P2,0.532,11.8
2026-06-27T02:45:00Z,P3,0.311,11.8
2026-06-27T03:00:00Z,P1,1.745,11.9
2026-06-27T03:00:00Z,P2,2.253,11.9
2026-06-27T03:00:00Z,P3,0.373,11.9
2026-06-27T03:15:00Z,P1,0.314,12.1
2026-06-27T03:15:00Z,P2,3.851,12.1
2026-06-27T03:15:00Z,P3,0.296,12.1
2026-06-27T03:30:00Z,P1,0.730,12.4
2026-06-27T03:30:00Z,P2,1.608,12.4
2026-06-27T03:30:00Z,P3,0.372,12.4
2026-06-27T03:45:00Z,P1,2.966,12.2
2026-06-27T03:45:00Z,P2,0.344,12.2
2026-06-27T03:45:00Z,P3,0.376,12.2
2026-06-27T04:00:00Z,P1,1.957,12.2
2026-06-27T04:00:00Z,P2,1.525,12.2
2026-06-27T04:00:00Z,P3,0.327,12.2
2026-06-27T04:15:00Z,P1,0.691,12.6
2026-06-27T04:15:00Z,P2,3.137,12.6
2026-06-27T04:15:00Z,P3,0.317,12.6
2026-06-27T04:30:00Z,P1,1.321,12.6
2026-06-27T04:30:00Z,P2,2.751,12.6
2026-06-27T04:30:00Z,P3,1.024,12.6
2026-06-27T04:45:00Z,P1,1.011,13.0
2026-06-27T04:45:00Z,P2,0.327,13.0
2026-06-27T04:45:00Z,P3,2.095,13.0
2026-06-27T05:00:00Z,P1,0.388,12.7
2026-06-27T05:00:00Z,P2,0.734,12.7
2026-06-27T05:00:00Z,P3,2.149,12.7
2026-06-27T05:15:00Z,P1,1.832,13.0
2026-06-27T05:15:00Z,P2,1.716,13.0
2026-06-27T05:15:00Z,P3,2.104,13.0
2026-06-27T05:30:00Z,P1,2.568,12.8
2026-06-27T05:30:00Z,P2,3.007,12.8
2026-06-27T05:30:00Z,P3,2.095,12.8
2026-06-27T05:45:00Z,P1,2.120,13.0
2026-06-27T05:45:00Z,P2,2.718,13.0
2026-06-27T05:45:00Z,P3,1.275,13.0
2026-06-27T06:00:00Z,P1,2.925,13.1
2026-06-27T06:00:00Z,P2,0.698,13.1
2026-06-27T06:00:00Z,P3,0.365,13.1
2026-06-27T06:15:00Z,P1,2.542,13.5
2026-06-27T06:15:00Z,P2,2.160,13.5
2026-06-27T06:15:00Z,P3,0.337,13.5
2026-06-27T06:30:00Z,P1,1.613,13.7
2026-06-27T06:30:00Z,P2,1.956,13.7
2026-06-27T06:30:00Z,P3,0.362,13.7
2026-06-27T06:45:00Z,P1,2.565,13.8
2026-06-27T06:45:00Z,P2,3.747,13.8
2026-06-27T06:45:00Z,P3,0.394,13.8
2026-06-27T07:00:00Z,P1,2.478,14.6
2026-06-27T07:00:00Z,P2,2.749,14.6
2026-06-27T07:00:00Z,P3,0.313,14.6
2026-06-27T07:15:00Z,P1,1.581,14.3
2026-06-27T07:15:00Z,P2,1.680,14.3
2026-06-27T07:15:00Z,P3,0.331,14.3
2026-06-27T07:30:00Z,P1,2.361,14.5
2026-06-27T07:30:00Z,P2,1.697,14.5
2026-06-27T07:30:00Z,P3,0.350,14.5
2026-06-27T07:45:00Z,P1,2.684,14.7
2026-06-27T07:45:00Z,P2,3.187,14.7
2026-06-27T07:45:00Z,P3,0.327,14.7
2026-06-27T08:00:00Z,P1,1.557,14.6
2026-06-27T08:00:00Z,P2,3.028,14.6
2026-06-27T08:00:00Z,P3,0.411,14.6
2026-06-27T08:15:00Z,P1,1.369,14.9
2026-06-27T08:15:00Z,P2,1.744,14.9
2026-06-27T08:15:00Z,P3,0.405,14.9
2026-06-27T08:30:00Z,P1,2.060,14.8
2026-06-27T08:30:00Z,P2,1.734,14.8
2026-06-27T08:30:00Z,P3,0.421,14.8
2026-06-27T08:45:00Z,P1,2.203,15.7
2026-06-27T08:45:00Z,P2,2.959,15.7
2026-06-27T08:45:00Z,P3,0.339,15.7
2026-06-27T09:00:00Z,P1,1.892,15.4
2026-06-27T09:00:00Z,P2,3.720,15.4
2026-06-27T09:00:00Z,P3,0.727,15.4
2026-06-27T09:15:00Z,P1,3.098,15.7
2026-06-27T09:15:00Z,P2,3.536,15.7
2026-06-27T09:15:00Z,P3,2.126,15.7
2026-06-27T09:30:00Z,P1,3.195,16.3
2026-06-27T09:30:00Z,P2,3.809,16.3
2026-06-27T09:30:00Z,P3,2.178,16.3
2026-06-27T09:45:00Z,P1,2.923,16.3
2026-06-27T09:45:00Z,P2,3.872,16.3
2026-06-27T09:45:00Z,P3,2.157,16.3
2026-06-27T10:00:00Z,P1,1.631,16.1
2026-06-27T10:00:00Z,P2,3.743,16.1
2026-06-27T10:00:00Z,P3,2.118,16.1
2026-06-27T10:15:00Z,P1,0.370,16.5
2026-06-27T10:15:00Z,P2,2.525,16.5
2026-06-27T10:15:00Z,P3,2.082,16.5
2026-06-27T10:30:00Z,P1,0.886,16.5
2026-06-27T10:30:00Z,P2,3.562,16.5
2026-06-27T10:30:00Z,P3,2.156,16.5
2026-06-27T10:45:00Z,P1,1.635,16.9
2026-06-27T10:45:00Z,P2,3.886,16.9
2026-06-27T10:45:00Z,P3,2.107,16.9
2026-06-27T11:00:00Z,P1,1.161,17.1
2026-06-27T11:00:00Z,P2,1.730,17.1
2026-06-27T11:00:00Z,P3,2.041,17.1
2026-06-27T11:15:00Z,P1,2.309,16.9
2026-06-27T11:15:00Z,P2,0.742,16.9
2026-06-27T11:15:00Z,P3,2.133,16.9
2026-06-27T11:30:00Z,P1,2.825,17.3
2026-06-27T11:30:00Z,P2,0.465,17.3
2026-06-27T11:30:00Z,P3,2.134,17.3
2026-06-27T11:45:00Z,P1,0.760,17.2
2026-06-27T11:45:00Z,P2,3.885,17.2
2026-06-27T11:45:00Z,P3,2.055,17.2
2026-06-27T12:00:00Z,P1,1.260,17.1
2026-06-27T12:00:00Z,P2,2.459,17.1
2026-06-27T12:00:00Z,P3,2.125,17.1
2026-06-27T12:15:00Z,P1,1.470,17.4
2026-06-27T12:15:00Z,P2,1.743,17.4
2026-06-27T12:15:00Z,P3,2.088,17.4
2026-06-27T12:30:00Z,P1,0.347,17.3
2026-06-27T12:30:00Z,P2,0.782,17.3
2026-06-27T12:30:00Z,P3,2.143,17.3
2026-06-27T12:45:00Z,P1,1.471,17.7
2026-06-27T12:45:00Z,P2,3.026,17.7
2026-06-27T12:45:00Z,P3,2.113,17.7
2026-06-27T13:00:00Z,P1,3.066,17.8
2026-06-27T13:00:00Z,P2,2.274,17.8
2026-06-27T13:00:00Z,P3,2.108,17.8
2026-06-27T13:15:00Z,P1,1.622,17.7
2026-06-27T13:15:00Z,P2,1.766,17.7
2026-06-27T13:15:00Z,P3,2.132,17.7
2026-06-27T13:30:00Z,P1,1.371,18.2
2026-06-27T13:30:00Z,P2,0.408,18.2
2026-06-27T13:30:00Z,P3,2.087,18.2
2026-06-27T13:45:00Z,P1,1.874,17.4
2026-06-27T13:45:00Z,P2,2.259,17.4
2026-06-27T13:45:00Z,P3,2.090,17.4
2026-06-27T14:00:00Z,P1,0.657,17.7
2026-06-27T14:00:00Z,P2,1.054,17.7
2026-06-27T14:00:00Z,P3,2.096,17.7
2026-06-27T14:15:00Z,P1,0.476,17.7
2026-06-27T14:15:00Z,P2,0.366,17.7
2026-06-27T14:15:00Z,P3,2.083,17.7
2026-06-27T14:30:00Z,P1,2.667,17.8
2026-06-27T14:30:00Z,P2,0.370,17.8
2026-06-27T14:30:00Z,P3,2.101,17.8
2026-06-27T14:45:00Z,P1,1.836,17.6
2026-06-27T14:45:00Z,P2,2.382,17.6
2026-06-27T14:45:00Z,P3,2.177,17.6
2026-06-27T15:00:00Z,P1,1.597,17.6
2026-06-27T15:00:00Z,P2,1.069,17.6
2026-06-27T15:00:00Z,P3,2.162,17.6
2026-06-27T15:15:00Z,P1,2.750,18.0
2026-06-27T15:15:00Z,P2,1.603,18.0
2026-06-27T15:15:00Z,P3,2.232,18.0
2026-06-27T15:30:00Z,P1,2.826,17.4
2026-06-27T15:30:00Z,P2,1.732,17.4
2026-06-27T15:30:00Z,P3,2.131,17.4
2026-06-27T15:45:00Z,P1,2.059,17.1
2026-06-27T15:45:00Z,P2,3.900,17.1
2026-06-27T15:45:00Z,P3,2.075,17.1
2026-06-27T16:00:00Z,P1,2.790,17.4
2026-06-27T16:00:00Z,P2,3.756,17.4
2026-06-27T16:00:00Z,P3,2.095,17.4
2026-06-27T16:15:00Z,P1,2.542,17.4
2026-06-27T16:15:00Z,P2,1.922,17.4
2026-06-27T16:15:00Z,P3,2.129,17.4
2026-06-27T16:30:00Z,P1,1.688,17.6
2026-06-27T16:30:00Z,P2,1.726,17.6
2026-06-27T16:30:00Z,P3,2.187,17.6
2026-06-27T16:45:00Z,P1,2.523,17.0
2026-06-27T16:45:00Z,P2,3.608,17.0
2026-06-27T16:45:00Z,P3,2.097,17.0
2026-06-27T17:00:00Z,P1,2.458,16.8
2026-06-27T17:00:00Z,P2,3.469,16.8
2026-06-27T17:00:00Z,P3,2.061,16.8
2026-06-27T17:15:00Z,P1,1.592,16.7
2026-06-27T17:15:00Z,P2,1.757,16.7
2026-06-27T17:15:00Z,P3,2.104,16.7
2026-06-27T17:30:00Z,P1,2.791,16.9
2026-06-27T17:30:00Z,P2,2.329,16.9
2026-06-27T17:30:00Z,P3,2.929,16.9
2026-06-27T17:45:00Z,P1,3.211,16.5
2026-06-27T17:45:00Z,P2,3.946,16.5
2026-06-27T17:45:00Z,P3,4.096,16.5
2026-06-27T18:00:00Z,P1,2.211,16.0
2026-06-27T18:00:00Z,P2,3.696,16.0
2026-06-27T18:00:00Z,P3,4.031,16.0
2026-06-27T18:15:00Z,P1,0.994,15.7
2026-06-27T18:15:00Z,P2,1.700,15.7
2026-06-27T18:15:00Z,P3,4.141,15.7
2026-06-27T18:30:00Z,P1,0.324,16.0
2026-06-27T18:30:00Z,P2,1.688,16.0
2026-06-27T18:30:00Z,P3,4.143,16.0
2026-06-27T18:45:00Z,P1,1.414,15.9
2026-06-27T18:45:00Z,P2,1.812,15.9
2026-06-27T18:45:00Z,P3,3.318,15.9
2026-06-27T19:00:00Z,P1,2.131,15.7
2026-06-27T19:00:00Z,P2,3.934,15.7
2026-06-27T19:00:00Z,P3,2.125,15.7
2026-06-27T19:15:00Z,P1,1.606,15.1
2026-06-27T19:15:00Z,P2,2.555,15.1
2026-06-27T19:15:00Z,P3,2.108,15.1
2026-06-27T19:30:00Z,P1,2.399,15.1
2026-06-27T19:30:00Z,P2,0.549,15.1
2026-06-27T19:30:00Z,P3,2.063,15.1
2026-06-27T19:45:00Z,P1,2.502,14.8
2026-06-27T19:45:00Z,P2,0.448,14.8
2026-06-27T19:45:00Z,P3,2.133,14.8
2026-06-27T20:00:00Z,P1,2.227,14.6
2026-06-27T20:00:00Z,P2,2.461,14.6
2026-06-27T20:00:00Z,P3,2.124,14.6
2026-06-27T20:15:00Z,P1,2.423,14.6
2026-06-27T20:15:00Z,P2,3.898,14.6
2026-06-27T20:15:00Z,P3,2.096,14.6
2026-06-27T20:30:00Z,P1,3.161,14.4
2026-06-27T20:30:00Z,P2,3.146,14.4
2026-06-27T20:30:00Z,P3,2.251,14.4
2026-06-27T20:45:00Z,P1,3.185,14.3
2026-06-27T20:45:00Z,P2,2.092,14.3
2026-06-27T20:45:00Z,P3,2.175,14.3
2026-06-27T21:00:00Z,P1,3.235,13.9
2026-06-27T21:00:00Z,P2,2.178,13.9
2026-06-27T21:00:00Z,P3,2.111,13.9
2026-06-27T21:15:00Z,P1,2.212,14.0
2026-06-27T21:15:00Z,P2,3.205,14.0
2026-06-27T21:15:00Z,P3,2.087,14.0
2026-06-27T21:30:00Z,P1,1.737,13.7
2026-06-27T21:30:00Z,P2,3.892,13.7
2026-06-27T21:30:00Z,P3,2.059,13.7
2026-06-27T21:45:00Z,P1,1.614,13.4
2026-06-27T21:45:00Z,P2,3.907,13.4
2026-06-27T21:45:00Z,P3,2.117,13.4
2026-06-27T22:00:00Z,P1,2.552,13.5
2026-06-27T22:00:00Z,P2,3.124,13.5
2026-06-27T22:00:00Z,P3,2.127,13.5
2026-06-27T22:15:00Z,P1,2.488,13.2
2026-06-27T22:15:00Z,P2,2.466,13.2
2026-06-27T22:15:00Z,P3,2.125,13.2
2026-06-27T22:30:00Z,P1,0.407,13.2
2026-06-27T22:30:00Z,P2,3.053,13.2
2026-06-27T22:30:00Z,P3,2.097,13.2
2026-06-27T22:45:00Z,P1,0.635,12.6
2026-06-27T22:45:00Z,P2,3.758,12.6
2026-06-27T22:45:00Z,P3,2.086,12.6
2026-06-27T23:00:00Z,P1,1.919,12.5
2026-06-27T23:00:00Z,P2,1.605,12.5
2026-06-27T23:00:00Z,P3,2.034,12.5
2026-06-27T23:15:00Z,P1,0.488,12.6
2026-06-27T23:15:00Z,P2,0.321,12.6
2026-06-27T23:15:00Z,P3,2.098,12.6
2026-06-27T23:30:00Z,P1,1.305,13.1
2026-06-27T23:30:00Z,P2,1.637,13.1
2026-06-27T23:30:00Z,P3,2.113,13.1
2026-06-27T23:45:00Z,P1,2.869,12.6
2026-06-27T23:45:00Z,P2,3.898,12.6
2026-06-27T23:45:00Z,P3,2.131,12.6
2026-06-28T00:00:00Z,P1,1.651,12.2
2026-06-28T00:00:00Z,P2,1.851,12.2
2026-06-28T00:00:00Z,P3,2.132,12.2
2026-06-28T00:15:00Z,P1,1.313,12.1
2026-06-28T00:15:00Z,P2,0.377,12.1
2026-06-28T00:15:00Z,P3,0.734,12.1
2026-06-28T00:30:00Z,P1,1.918,12.3
2026-06-28T00:30:00Z,P2,0.356,12.3
2026-06-28T00:30:00Z,P3,0.367,12.3
2026-06-28T00:45:00Z,P1,1.083,12.0
2026-06-28T00:45:00Z,P2,3.903,12.0
2026-06-28T00:45:00Z,P3,0.359,12.0
2026-06-28T01:00:00Z,P1,1.534,11.9
2026-06-28T01:00:00Z,P2,1.861,11.9
2026-06-28T01:00:00Z,P3,0.336,11.9
2026-06-28T01:15:00Z,P1,2.254,12.0
2026-06-28T01:15:00Z,P2,0.658,12.0
2026-06-28T01:15:00Z,P3,0.384,12.0
2026-06-28T01:30:00Z,P1,3.198,11.2
2026-06-28T01:30:00Z,P2,1.526,11.2
2026-06-28T01:30:00Z,P3,0.363,11.2
2026-06-28T01:45:00Z,P1,3.212,11.9
2026-06-28T01:45:00Z,P2,3.263,11.9
2026-06-28T01:45:00Z,P3,0.406,11.9
2026-06-28T02:00:00Z,P1,1.411,11.7
2026-06-28T02:00:00Z,P2,1.722,11.7
2026-06-28T02:00:00Z,P3,0.390,11.7
2026-06-28T02:15:00Z,P1,0.358,11.8
2026-06-28T02:15:00Z,P2,0.562,11.8
2026-06-28T02:15:00Z,P3,0.381,11.8
2026-06-28T02:30:00Z,P1,1.296,11.8
2026-06-28T02:30:00Z,P2,2.277,11.8
2026-06-28T02:30:00Z,P3,0.354,11.8
2026-06-28T02:45:00Z,P1,1.436,11.9
2026-06-28T02:45:00Z,P2,1.734,11.9
2026-06-28T02:45:00Z,P3,0.320,11.9
2026-06-28T03:00:00Z,P1,0.470,12.2
2026-06-28T03:00:00Z,P2,1.688,12.2
2026-06-28T03:00:00Z,P3,0.341,12.2
2026-06-28T03:15:00Z,P1,1.940,11.9
2026-06-28T03:15:00Z,P2,1.634,11.9
2026-06-28T03:15:00Z,P3,0.364,11.9
2026-06-28T03:30:00Z,P1,2.955,12.0
2026-06-28T03:30:00Z,P2,2.533,12.0
2026-06-28T03:30:00Z,P3,0.364,12.0
2026-06-28T03:45:00Z,P1,0.834,12.4
2026-06-28T03:45:00Z,P2,1.100,12.4
2026-06-28T03:45:00Z,P3,0.325,12.4
2026-06-28T04:00:00Z,P1,0.443,12.6
2026-06-28T04:00:00Z,P2,1.682,12.6
2026-06-28T04:00:00Z,P3,1.503,12.6
2026-06-28T04:15:00Z,P1,1.932,12.2
2026-06-28T04:15:00Z,P2,1.677,12.2
2026-06-28T04:15:00Z,P3,2.076,12.2
2026-06-28T04:30:00Z,P1,0.555,12.7
2026-06-28T04:30:00Z,P2,2.560,12.7
2026-06-28T04:30:00Z,P3,2.060,12.7
2026-06-28T04:45:00Z,P1,0.965,12.6
2026-06-28T04:45:00Z,P2,1.348,12.6
2026-06-28T04:45:00Z,P3,2.141,12.6
2026-06-28T05:00:00Z,P1,2.726,12.6
2026-06-28T05:00:00Z,P2,1.694,12.6
2026-06-28T05:00:00Z,P3,1.154,12.6
2026-06-28T05:15:00Z,P1,2.300,12.8
2026-06-28T05:15:00Z,P2,1.578,12.8
2026-06-28T05:15:00Z,P3,0.327,12.8
2026-06-28T05:30:00Z,P1,1.066,13.0
2026-06-28T05:30:00Z,P2,1.336,13.0
2026-06-28T05:30:00Z,P3,0.322,13.0
2026-06-28T05:45:00Z,P1,2.509,13.2
2026-06-28T05:45:00Z,P2,2.576,13.2
2026-06-28T05:45:00Z,P3,0.374,13.2
2026-06-28T06:00:00Z,P1,3.101,13.5
2026-06-28T06:00:00Z,P2,1.049,13.5
2026-06-28T06:00:00Z,P3,0.370,13.5
2026-06-28T06:15:00Z,P1,1.622,14.0
2026-06-28T06:15:00Z,P2,2.229,14.0
2026-06-28T06:15:00Z,P3,0.384,14.0
2026-06-28T06:30:00Z,P1,2.292,13.6
2026-06-28T06:30:00Z,P2,2.367,13.6
2026-06-28T06:30:00Z,P3,0.343,13.6
2026-06-28T06:45:00Z,P1,3.431,14.1
2026-06-28T06:45:00Z,P2,3.884,14.1
2026-06-28T06:45:00Z,P3,0.363,14.1
2026-06-28T07:00:00Z,P1,3.328,14.4
2026-06-28T07:00:00Z,P2,2.478,14.4
2026-06-28T07:00:00Z,P3,0.332,14.4
2026-06-28T07:15:00Z,P1,3.234,14.4
2026-06-28T07:15:00Z,P2,1.717,14.4
2026-06-28T07:15:00Z,P3,0.305,14.4
2026-06-28T07:30:00Z,P1,3.206,14.6
2026-06-28T07:30:00Z,P2,1.712,14.6
2026-06-28T07:30:00Z,P3,0.332,14.6
2026-06-28T07:45:00Z,P1,3.205,14.8
2026-06-28T07:45:00Z,P2,3.597,14.8
2026-06-28T07:45:00Z,P3,0.457,14.8
2026-06-28T08:00:00Z,P1,3.178,15.0
2026-06-28T08:00:00Z,P2,2.905,15.0
2026-06-28T08:00:00Z,P3,2.079,15.0
2026-06-28T08:15:00Z,P1,1.918,14.5
2026-06-28T08:15:00Z,P2,1.712,14.5
2026-06-28T08:15:00Z,P3,2.135,14.5
2026-06-28T08:30:00Z,P1,0.395,15.1
2026-06-28T08:30:00Z,P2,1.670,15.1
2026-06-28T08:30:00Z,P3,2.090,15.1
2026-06-28T08:45:00Z,P1,0.659,15.2
2026-06-28T08:45:00Z,P2,3.171,15.2
2026-06-28T08:45:00Z,P3,2.185,15.2
2026-06-28T09:00:00Z,P1,1.927,15.9
2026-06-28T09:00:00Z,P2,3.677,15.9
2026-06-28T09:00:00Z,P3,2.113,15.9
2026-06-28T09:15:00Z,P1,1.307,15.9
2026-06-28T09:15:00Z,P2,3.520,15.9
2026-06-28T09:15:00Z,P3,2.098,15.9
2026-06-28T09:30:00Z,P1,1.594,16.2
2026-06-28T09:30:00Z,P2,3.848,16.2
2026-06-28T09:30:00Z,P3,2.155,16.2
2026-06-28T09:45:00Z,P1,3.074,15.9
2026-06-28T09:45:00Z,P2,2.675,15.9
2026-06-28T09:45:00Z,P3,2.108,15.9
2026-06-28T10:00:00Z,P1,0.892,16.7
2026-06-28T10:00:00Z,P2,1.941,16.7
2026-06-28T10:00:00Z,P3,2.054,16.7
2026-06-28T10:15:00Z,P1,0.350,16.3
2026-06-28T10:15:00Z,P2,2.471,16.3
2026-06-28T10:15:00Z,P3,2.088,16.3
2026-06-28T10:30:00Z,P1,1.695,16.8
2026-06-28T10:30:00Z,P2,3.888,16.8
2026-06-28T10:30:00Z,P3,2.069,16.8
2026-06-28T10:45:00Z,P1,0.917,16.5
2026-06-28T10:45:00Z,P2,3.736,16.5
2026-06-28T10:45:00Z,P3,2.112,16.5
2026-06-28T11:00:00Z,P1,0.514,17.1
2026-06-28T11:00:00Z,P2,2.556,17.1
2026-06-28T11:00:00Z,P3,2.093,17.1
2026-06-28T11:15:00Z,P1,2.751,16.8
2026-06-28T11:15:00Z,P2,3.271,16.8
2026-06-28T11:15:00Z,P3,2.104,16.8
2026-06-28T11:30:00Z,P1,2.117,17.3
2026-06-28T11:30:00Z,P2,3.897,17.3
2026-06-28T11:30:00Z,P3,2.080,17.3
2026-06-28T11:45:00Z,P1,1.667,17.6
2026-06-28T11:45:00Z,P2,3.864,17.6
2026-06-28T11:45:00Z,P3,2.108,17.6
2026-06-28T12:00:00Z,P1,2.241,17.8
2026-06-28T12:00:00Z,P2,2.548,17.8
2026-06-28T12:00:00Z,P3,2.127,17.8
2026-06-28T12:15:00Z,P1,0.630,17.3
2026-06-28T12:15:00Z,P2,3.033,17.3
2026-06-28T12:15:00Z,P3,2.087,17.3
2026-06-28T12:30:00Z,P1,0.774,17.5
2026-06-28T12:30:00Z,P2,3.713,17.5
2026-06-28T12:30:00Z,P3,2.082,17.5
2026-06-28T12:45:00Z,P1,2.564,17.8
2026-06-28T12:45:00Z,P2,1.731,17.8
2026-06-28T12:45:00Z,P3,1.999,17.8
2026-06-28T13:00:00Z,P1,1.638,17.4
2026-06-28T13:00:00Z,P2,0.878,17.4
2026-06-28T13:00:00Z,P3,0.890,17.4
2026-06-28T13:15:00Z,P1,1.925,18.0
2026-06-28T13:15:00Z,P2,1.133,18.0
2026-06-28T13:15:00Z,P3,0.328,18.0
2026-06-28T13:30:00Z,P1,3.182,18.2
2026-06-28T13:30:00Z,P2,3.715,18.2
2026-06-28T13:30:00Z,P3,0.320,18.2
2026-06-28T13:45:00Z,P1,1.121,18.1
2026-06-28T13:45:00Z,P2,2.266,18.1
2026-06-28T13:45:00Z,P3,0.334,18.1
2026-06-28T14:00:00Z,P1,0.342,18.1
2026-06-28T14:00:00Z,P2,1.620,18.1
2026-06-28T14:00:00Z,P3,0.363,18.1
2026-06-28T14:15:00Z,P1,1.831,18.3
2026-06-28T14:15:00Z,P2,0.354,18.3
2026-06-28T14:15:00Z,P3,0.363,18.3
2026-06-28T14:30:00Z,P1,0.563,17.7
2026-06-28T14:30:00Z,P2,3.054,17.7
2026-06-28T14:30:00Z,P3,1.397,17.7
2026-06-28T14:45:00Z,P1,1.528,18.1
2026-06-28T14:45:00Z,P2,2.835,18.1
2026-06-28T14:45:00Z,P3,2.124,18.1
2026-06-28T15:00:00Z,P1,3.199,18.0
2026-06-28T15:00:00Z,P2,1.950,18.0
2026-06-28T15:00:00Z,P3,2.798,18.0
2026-06-28T15:15:00Z,P1,1.834,17.7
2026-06-28T15:15:00Z,P2,2.238,17.7
2026-06-28T15:15:00Z,P3,4.120,17.7
2026-06-28T15:30:00Z,P1,2.125,17.6
2026-06-28T15:30:00Z,P2,3.977,17.6
2026-06-28T15:30:00Z,P3,4.118,17.6
2026-06-28T15:45:00Z,P1,3.397,17.6
2026-06-28T15:45:00Z,P2,2.709,17.6
2026-06-28T15:45:00Z,P3,4.157,17.6
2026-06-28T16:00:00Z,P1,2.066,17.6
2026-06-28T16:00:00Z,P2,1.726,17.6
2026-06-28T16:00:00Z,P3,4.233,17.6
2026-06-28T16:15:00Z,P1,1.605,16.8
2026-06-28T16:15:00Z,P2,2.400,16.8
2026-06-28T16:15:00Z,P3,4.064,16.8
2026-06-28T16:30:00Z,P1,2.850,17.3
2026-06-28T16:30:00Z,P2,3.867,17.3
2026-06-28T16:30:00Z,P3,3.965,17.3
2026-06-28T16:45:00Z,P1,2.451,17.0
2026-06-28T16:45:00Z,P2,2.129,17.0
2026-06-28T16:45:00Z,P3,4.115,17.0
2026-06-28T17:00:00Z,P1,1.637,16.9
2026-06-28T17:00:00Z,P2,1.720,16.9
2026-06-28T17:00:00Z,P3,4.098,16.9
2026-06-28T17:15:00Z,P1,2.738,16.6
2026-06-28T17:15:00Z,P2,2.432,16.6
2026-06-28T17:15:00Z,P3,4.141,16.6
2026-06-28T17:30:00Z,P1,2.691,16.7
2026-06-28T17:30:00Z,P2,3.890,16.7
2026-06-28T17:30:00Z,P3,4.139,16.7
2026-06-28T17:45:00Z,P1,1.638,16.8
2026-06-28T17:45:00Z,P2,2.416,16.8
2026-06-28T17:45:00Z,P3,4.081,16.8
2026-06-28T18:00:00Z,P1,1.374,16.3
2026-06-28T18:00:00Z,P2,1.681,16.3
2026-06-28T18:00:00Z,P3,4.108,16.3
2026-06-28T18:15:00Z,P1,1.965,16.1
2026-06-28T18:15:00Z,P2,1.722,16.1
2026-06-28T18:15:00Z,P3,4.109,16.1
2026-06-28T18:30:00Z,P1,0.441,15.8
2026-06-28T18:30:00Z,P2,3.125,15.8
2026-06-28T18:30:00Z,P3,4.161,15.8
2026-06-28T18:45:00Z,P1,0.321,15.8
2026-06-28T18:45:00Z,P2,1.846,15.8
2026-06-28T18:45:00Z,P3,4.046,15.8
2026-06-28T19:00:00Z,P1,2.179,15.5
2026-06-28T19:00:00Z,P2,0.493,15.5
2026-06-28T19:00:00Z,P3,4.153,15.5
2026-06-28T19:15:00Z,P1,2.240,15.5
2026-06-28T19:15:00Z,P2,1.843,15.5
2026-06-28T19:15:00Z,P3,4.120,15.5
2026-06-28T19:30:00Z,P1,1.649,15.1
2026-06-28T19:30:00Z,P2,3.907,15.1
2026-06-28T19:30:00Z,P3,2.367,15.1
2026-06-28T19:45:00Z,P1,1.974,15.1
2026-06-28T19:45:00Z,P2,2.094,15.1
2026-06-28T19:45:00Z,P3,2.115,15.1
2026-06-28T20:00:00Z,P1,1.500,14.8
2026-06-28T20:00:00Z,P2,2.196,14.8
2026-06-28T20:00:00Z,P3,2.098,14.8
2026-06-28T20:15:00Z,P1,1.083,14.5
2026-06-28T20:15:00Z,P2,2.971,14.5
2026-06-28T20:15:00Z,P3,0.979,14.5
2026-06-28T20:30:00Z,P1,3.463,14.8
2026-06-28T20:30:00Z,P2,3.894,14.8
2026-06-28T20:30:00Z,P3,0.346,14.8
2026-06-28T20:45:00Z,P1,3.295,14.4
2026-06-28T20:45:00Z,P2,3.874,14.4
2026-06-28T20:45:00Z,P3,0.332,14.4
2026-06-28T21:00:00Z,P1,3.198,14.3
2026-06-28T21:00:00Z,P2,3.822,14.3
2026-06-28T21:00:00Z,P3,0.365,14.3
2026-06-28T21:15:00Z,P1,3.187,13.6
2026-06-28T21:15:00Z,P2,2.804,13.6
2026-06-28T21:15:00Z,P3,0.368,13.6
2026-06-28T21:30:00Z,P1,1.914,13.8
2026-06-28T21:30:00Z,P2,2.499,13.8
2026-06-28T21:30:00Z,P3,0.326,13.8
2026-06-28T21:45:00Z,P1,1.807,13.2
2026-06-28T21:45:00Z,P2,3.682,13.2
2026-06-28T21:45:00Z,P3,0.335,13.2
2026-06-28T22:00:00Z,P1,0.318,13.2
2026-06-28T22:00:00Z,P2,2.740,13.2
2026-06-28T22:00:00Z,P3,0.377,13.2
2026-06-28T22:15:00Z,P1,0.572,13.2
2026-06-28T22:15:00Z,P2,0.643,13.2
2026-06-28T22:15:00Z,P3,0.373,13.2
2026-06-28T22:30:00Z,P1,2.955,13.4
2026-06-28T22:30:00Z,P2,0.360,13.4
2026-06-28T22:30:00Z,P3,0.307,13.4
2026-06-28T22:45:00Z,P1,1.748,12.8
2026-06-28T22:45:00Z,P2,3.061,12.8
2026-06-28T22:45:00Z,P3,0.374,12.8
2026-06-28T23:00:00Z,P1,1.463,12.6
2026-06-28T23:00:00Z,P2,3.447,12.6
2026-06-28T23:00:00Z,P3,0.367,12.6
2026-06-28T23:15:00Z,P1,1.619,12.3
2026-06-28T23:15:00Z,P2,0.509,12.3
2026-06-28T23:15:00Z,P3,0.384,12.3
2026-06-28T23:30:00Z,P1,1.041,12.2
2026-06-28T23:30:00Z,P2,0.434,12.2
2026-06-28T23:30:00Z,P3,0.308,12.2
2026-06-28T23:45:00Z,P1,0.363,12.0
2026-06-28T23:45:00Z,P2,1.598,12.0
2026-06-28T23:45:00Z,P3,1.444,12.0
2026-06-29T00:00:00Z,P1,1.420,12.5
2026-06-29T00:00:00Z,P2,3.721,12.5
2026-06-29T00:00:00Z,P3,2.118,12.5
2026-06-29T00:15:00Z,P1,2.525,12.4
2026-06-29T00:15:00Z,P2,1.958,12.4
2026-06-29T00:15:00Z,P3,2.077,12.4
2026-06-29T00:30:00Z,P1,1.621,12.2
2026-06-29T00:30:00Z,P2,0.357,12.2
2026-06-29T00:30:00Z,P3,2.072,12.2
2026-06-29T00:45:00Z,P1,1.811,11.9
2026-06-29T00:45:00Z,P2,0.402,11.9
2026-06-29T00:45:00Z,P3,1.277,11.9
2026-06-29T01:00:00Z,P1,1.289,11.9
2026-06-29T01:00:00Z,P2,3.535,11.9
2026-06-29T01:00:00Z,P3,0.316,11.9
2026-06-29T01:15:00Z,P1,0.342,11.6
2026-06-29T01:15:00Z,P2,2.380,11.6
2026-06-29T01:15:00Z,P3,0.325,11.6
2026-06-29T01:30:00Z,P1,0.845,12.0
2026-06-29T01:30:00Z,P2,0.345,12.0
2026-06-29T01:30:00Z,P3,0.377,12.0
2026-06-29T01:45:00Z,P1,1.531,11.8
2026-06-29T01:45:00Z,P2,0.536,11.8
2026-06-29T01:45:00Z,P3,0.383,11.8
2026-06-29T02:00:00Z,P1,1.589,11.9
2026-06-29T02:00:00Z,P2,2.266,11.9
2026-06-29T02:00:00Z,P3,0.350,11.9
2026-06-29T02:15:00Z,P1,1.996,11.9
2026-06-29T02:15:00Z,P2,3.847,11.9
2026-06-29T02:15:00Z,P3,0.303,11.9
2026-06-29T02:30:00Z,P1,2.925,11.7
2026-06-29T02:30:00Z,P2,1.142,11.7
2026-06-29T02:30:00Z,P3,0.294,11.7
2026-06-29T02:45:00Z,P1,0.346,11.7
2026-06-29T02:45:00Z,P2,0.354,11.7
2026-06-29T02:45:00Z,P3,0.341,11.7
2026-06-29T03:00:00Z,P1,0.414,11.9
2026-06-29T03:00:00Z,P2,0.710,11.9
2026-06-29T03:00:00Z,P3,0.307,11.9
2026-06-29T03:15:00Z,P1,1.896,12.0
2026-06-29T03:15:00Z,P2,3.864,12.0
2026-06-29T03:15:00Z,P3,0.380,12.0
2026-06-29T03:30:00Z,P1,0.385,12.3
2026-06-29T03:30:00Z,P2,2.044,12.3
2026-06-29T03:30:00Z,P3,0.370,12.3
2026-06-29T03:45:00Z,P1,1.517,12.3
2026-06-29T03:45:00Z,P2,0.337,12.3
2026-06-29T03:45:00Z,P3,0.305,12.3
2026-06-29T04:00:00Z,P1,3.136,12.4
2026-06-29T04:00:00Z,P2,0.754,12.4
2026-06-29T04:00:00Z,P3,0.347,12.4
2026-06-29T04:15:00Z,P1,1.715,12.3
2026-06-29T04:15:00Z,P2,2.158,12.3
2026-06-29T04:15:00Z,P3,0.320,12.3
2026-06-29T04:30:00Z,P1,0.336,12.7
2026-06-29T04:30:00Z,P2,3.885,12.7
2026-06-29T04:30:00Z,P3,0.383,12.7
2026-06-29T04:45:00Z,P1,1.791,12.5
2026-06-29T04:45:00Z,P2,1.112,12.5
2026-06-29T04:45:00Z,P3,0.314,12.5
2026-06-29T05:00:00Z,P1,0.420,12.8
2026-06-29T05:00:00Z,P2,0.335,12.8
2026-06-29T05:00:00Z,P3,0.373,12.8
2026-06-29T05:15:00Z,P1,0.588,13.0
2026-06-29T05:15:00Z,P2,1.594,13.0
2026-06-29T05:15:00Z,P3,0.304,13.0
2026-06-29T05:30:00Z,P1,3.208,12.9
2026-06-29T05:30:00Z,P2,3.582,12.9
2026-06-29T05:30:00Z,P3,1.506,12.9
2026-06-29T05:45:00Z,P1,2.139,13.3
2026-06-29T05:45:00Z,P2,1.857,13.3
2026-06-29T05:45:00Z,P3,2.136,13.3
2026-06-29T06:00:00Z,P1,2.516,13.2
2026-06-29T06:00:00Z,P2,0.658,13.2
2026-06-29T06:00:00Z,P3,2.128,13.2
2026-06-29T06:15:00Z,P1,2.932,14.0
2026-06-29T06:15:00Z,P2,1.667,14.0
2026-06-29T06:15:00Z,P3,2.183,14.0
2026-06-29T06:30:00Z,P1,1.616,14.0
2026-06-29T06:30:00Z,P2,2.037,14.0
2026-06-29T06:30:00Z,P3,2.153,14.0
2026-06-29T06:45:00Z,P1,2.427,14.1
2026-06-29T06:45:00Z,P2,4.174,14.1
2026-06-29T06:45:00Z,P3,2.114,14.1
2026-06-29T07:00:00Z,P1,2.812,14.2
2026-06-29T07:00:00Z,P2,2.453,14.2
2026-06-29T07:00:00Z,P3,2.152,14.2
2026-06-29T07:15:00Z,P1,3.012,13.9
2026-06-29T07:15:00Z,P2,1.730,13.9
2026-06-29T07:15:00Z,P3,2.121,13.9
2026-06-29T07:30:00Z,P1,3.242,14.6
2026-06-29T07:30:00Z,P2,1.830,14.6
2026-06-29T07:30:00Z,P3,2.115,14.6
2026-06-29T07:45:00Z,P1,1.618,14.3
2026-06-29T07:45:00Z,P2,3.857,14.3
2026-06-29T07:45:00Z,P3,2.097,14.3
2026-06-29T08:00:00Z,P1,1.806,15.0
2026-06-29T08:00:00Z,P2,2.708,15.0
2026-06-29T08:00:00Z,P3,2.124,15.0
2026-06-29T08:15:00Z,P1,3.200,15.1
2026-06-29T08:15:00Z,P2,1.702,15.1
2026-06-29T08:15:00Z,P3,2.154,15.1
2026-06-29T08:30:00Z,P1,2.786,15.5
2026-06-29T08:30:00Z,P2,1.826,15.5
2026-06-29T08:30:00Z,P3,2.066,15.5
2026-06-29T08:45:00Z,P1,2.159,15.6
2026-06-29T08:45:00Z,P2,3.813,15.6
2026-06-29T08:45:00Z,P3,2.064,15.6
2026-06-29T09:00:00Z,P1,1.880,15.7
2026-06-29T09:00:00Z,P2,3.615,15.7
2026-06-29T09:00:00Z,P3,2.136,15.7
2026-06-29T09:15:00Z,P1,3.188,15.7
2026-06-29T09:15:00Z,P2,3.688,15.7
2026-06-29T09:15:00Z,P3,2.069,15.7
2026-06-29T09:30:00Z,P1,3.209,16.0
2026-06-29T09:30:00Z,P2,3.856,16.0
2026-06-29T09:30:00Z,P3,3.703,16.0
2026-06-29T09:45:00Z,P1,3.234,16.2
2026-06-29T09:45:00Z,P2,3.880,16.2
2026-06-29T09:45:00Z,P3,4.145,16.2
2026-06-29T10:00:00Z,P1,2.011,16.6
2026-06-29T10:00:00Z,P2,3.826,16.6
2026-06-29T10:00:00Z,P3,4.153,16.6
2026-06-29T10:15:00Z,P1,1.676,16.6
2026-06-29T10:15:00Z,P2,3.892,16.6
2026-06-29T10:15:00Z,P3,4.105,16.6
2026-06-29T10:30:00Z,P1,0.301,16.8
2026-06-29T10:30:00Z,P2,3.897,16.8
2026-06-29T10:30:00Z,P3,3.684,16.8
2026-06-29T10:45:00Z,P1,0.573,16.5
2026-06-29T10:45:00Z,P2,3.889,16.5
2026-06-29T10:45:00Z,P3,2.090,16.5
2026-06-29T11:00:00Z,P1,3.222,17.4
2026-06-29T11:00:00Z,P2,3.854,17.4
2026-06-29T11:00:00Z,P3,2.124,17.4
2026-06-29T11:15:00Z,P1,1.635,17.2
2026-06-29T11:15:00Z,P2,3.363,17.2
2026-06-29T11:15:00Z,P3,0.961,17.2
2026-06-29T11:30:00Z,P1,1.671,16.8
2026-06-29T11:30:00Z,P2,3.292,16.8
2026-06-29T11:30:00Z,P3,0.338,16.8
2026-06-29T11:45:00Z,P1,1.934,17.2
2026-06-29T11:45:00Z,P2,2.360,17.2
2026-06-29T11:45:00Z,P3,0.323,17.2
2026-06-29T12:00:00Z,P1,0.684,17.4
2026-06-29T12:00:00Z,P2,2.622,17.4
2026-06-29T12:00:00Z,P3,0.383,17.4
2026-06-29T12:15:00Z,P1,0.692,17.8
2026-06-29T12:15:00Z,P2,2.985,17.8
2026-06-29T12:15:00Z,P3,0.285,17.8
2026-06-29T12:30:00Z,P1,2.794,17.5
2026-06-29T12:30:00Z,P2,1.732,17.5
2026-06-29T12:30:00Z,P3,0.363,17.5
2026-06-29T12:45:00Z,P1,1.649,17.5
2026-06-29T12:45:00Z,P2,1.340,17.5
2026-06-29T12:45:00Z,P3,0.573,17.5
2026-06-29T13:00:00Z,P1,1.752,17.7
2026-06-29T13:00:00Z,P2,0.365,17.7
2026-06-29T13:00:00Z,P3,2.092,17.7
2026-06-29T13:15:00Z,P1,2.032,17.3
2026-06-29T13:15:00Z,P2,1.560,17.3
2026-06-29T13:15:00Z,P3,2.105,17.3
2026-06-29T13:30:00Z,P1,0.840,18.0
2026-06-29T13:30:00Z,P2,1.632,18.0
2026-06-29T13:30:00Z,P3,2.104,18.0
2026-06-29T13:45:00Z,P1,0.307,18.2
2026-06-29T13:45:00Z,P2,2.304,18.2
2026-06-29T13:45:00Z,P3,2.111,18.2
2026-06-29T14:00:00Z,P1,1.561,17.8
2026-06-29T14:00:00Z,P2,2.535,17.8
2026-06-29T14:00:00Z,P3,3.064,17.8
2026-06-29T14:15:00Z,P1,2.109,17.9
2026-06-29T14:15:00Z,P2,2.966,17.9
2026-06-29T14:15:00Z,P3,4.164,17.9
2026-06-29T14:30:00Z,P1,1.625,17.8
2026-06-29T14:30:00Z,P2,3.844,17.8
2026-06-29T14:30:00Z,P3,3.092,17.8
2026-06-29T14:45:00Z,P1,2.674,18.2
2026-06-29T14:45:00Z,P2,3.868,18.2
2026-06-29T14:45:00Z,P3,2.383,18.2
2026-06-29T15:00:00Z,P1,2.478,17.8
2026-06-29T15:00:00Z,P2,2.856,17.8
2026-06-29T15:00:00Z,P3,2.345,17.8
2026-06-29T15:15:00Z,P1,2.232,17.4
2026-06-29T15:15:00Z,P2,2.471,17.4
2026-06-29T15:15:00Z,P3,2.374,17.4
2026-06-29T15:30:00Z,P1,2.315,18.3
2026-06-29T15:30:00Z,P2,3.661,18.3
2026-06-29T15:30:00Z,P3,2.535,18.3
2026-06-29T15:45:00Z,P1,2.973,17.5
2026-06-29T15:45:00Z,P2,3.659,17.5
2026-06-29T15:45:00Z,P3,2.650,17.5
2026-06-29T16:00:00Z,P1,1.588,17.1
2026-06-29T16:00:00Z,P2,3.712,17.1
2026-06-29T16:00:00Z,P3,3.970,17.1
2026-06-29T16:15:00Z,P1,2.073,17.6
2026-06-29T16:15:00Z,P2,3.670,17.6
2026-06-29T16:15:00Z,P3,4.062,17.6
2026-06-29T16:30:00Z,P1,3.206,17.5
2026-06-29T16:30:00Z,P2,3.540,17.5
2026-06-29T16:30:00Z,P3,4.048,17.5
2026-06-29T16:45:00Z,P1,1.638,17.3
2026-06-29T16:45:00Z,P2,3.831,17.3
2026-06-29T16:45:00Z,P3,4.123,17.3
2026-06-29T17:00:00Z,P1,1.615,17.3
2026-06-29T17:00:00Z,P2,3.851,17.3
2026-06-29T17:00:00Z,P3,4.111,17.3
2026-06-29T17:15:00Z,P1,2.901,16.8
2026-06-29T17:15:00Z,P2,3.932,16.8
2026-06-29T17:15:00Z,P3,4.119,16.8
2026-06-29T17:30:00Z,P1,2.243,17.0
2026-06-29T17:30:00Z,P2,3.836,17.0
2026-06-29T17:30:00Z,P3,4.110,17.0
2026-06-29T17:45:00Z,P1,0.327,16.7
2026-06-29T17:45:00Z,P2,3.920,16.7
2026-06-29T17:45:00Z,P3,4.133,16.7
2026-06-29T18:00:00Z,P1,1.856,16.1
2026-06-29T18:00:00Z,P2,3.887,16.1
2026-06-29T18:00:00Z,P3,4.089,16.1
2026-06-29T18:15:00Z,P1,1.109,16.2
2026-06-29T18:15:00Z,P2,3.629,16.2
2026-06-29T18:15:00Z,P3,4.115,16.2
2026-06-29T18:30:00Z,P1,0.339,15.9
2026-06-29T18:30:00Z,P2,0.392,15.9
2026-06-29T18:30:00Z,P3,4.160,15.9
2026-06-29T18:45:00Z,P1,2.248,15.8
2026-06-29T18:45:00Z,P2,0.907,15.8
2026-06-29T18:45:00Z,P3,3.324,15.8
2026-06-29T19:00:00Z,P1,3.168,15.7
2026-06-29T19:00:00Z,P2,3.769,15.7
2026-06-29T19:00:00Z,P3,2.118,15.7
2026-06-29T19:15:00Z,P1,1.646,15.2
2026-06-29T19:15:00Z,P2,3.919,15.2
2026-06-29T19:15:00Z,P3,2.103,15.2
2026-06-29T19:30:00Z,P1,1.946,15.4
2026-06-29T19:30:00Z,P2,1.735,15.4
2026-06-29T19:30:00Z,P3,2.164,15.4
2026-06-29T19:45:00Z,P1,2.982,15.0
2026-06-29T19:45:00Z,P2,1.702,15.0
2026-06-29T19:45:00Z,P3,2.089,15.0
2026-06-29T20:00:00Z,P1,0.320,15.1
2026-06-29T20:00:00Z,P2,2.243,15.1
2026-06-29T20:00:00Z,P3,2.089,15.1
2026-06-29T20:15:00Z,P1,1.087,14.9
2026-06-29T20:15:00Z,P2,3.909,14.9
2026-06-29T20:15:00Z,P3,2.103,14.9
2026-06-29T20:30:00Z,P1,2.164,14.5
2026-06-29T20:30:00Z,P2,2.704,14.5
2026-06-29T20:30:00Z,P3,1.817,14.5
2026-06-29T20:45:00Z,P1,2.023,14.6
2026-06-29T20:45:00Z,P2,1.692,14.6
2026-06-29T20:45:00Z,P3,0.342,14.6
2026-06-29T21:00:00Z,P1,3.226,14.0
2026-06-29T21:00:00Z,P2,1.718,14.0
2026-06-29T21:00:00Z,P3,0.384,14.0
2026-06-29T21:15:00Z,P1,3.247,13.8
2026-06-29T21:15:00Z,P2,3.142,13.8
2026-06-29T21:15:00Z,P3,0.354,13.8
2026-06-29T21:30:00Z,P1,3.155,13.8
2026-06-29T21:30:00Z,P2,3.888,13.8
2026-06-29T21:30:00Z,P3,0.365,13.8
2026-06-29T21:45:00Z,P1,1.994,13.3
2026-06-29T21:45:00Z,P2,1.861,13.3
2026-06-29T21:45:00Z,P3,0.359,13.3
2026-06-29T22:00:00Z,P1,1.309,13.4
2026-06-29T22:00:00Z,P2,1.676,13.4
2026-06-29T22:00:00Z,P3,0.323,13.4
2026-06-29T22:15:00Z,P1,0.381,13.3
2026-06-29T22:15:00Z,P2,1.751,13.3
2026-06-29T22:15:00Z,P3,0.365,13.3
2026-06-29T22:30:00Z,P1,0.848,13.4
2026-06-29T22:30:00Z,P2,2.829,13.4
2026-06-29T22:30:00Z,P3,0.334,13.4
2026-06-29T22:45:00Z,P1,2.756,13.1
2026-06-29T22:45:00Z,P2,3.846,13.1
2026-06-29T22:45:00Z,P3,0.336,13.1
2026-06-29T23:00:00Z,P1,1.639,12.8
2026-06-29T23:00:00Z,P2,0.985,12.8
2026-06-29T23:00:00Z,P3,0.446,12.8
2026-06-29T23:15:00Z,P1,1.191,12.9
2026-06-29T23:15:00Z,P2,0.420,12.9
2026-06-29T23:15:00Z,P3,1.777,12.9
2026-06-29T23:30:00Z,P1,1.782,12.8
2026-06-29T23:30:00Z,P2,1.192,12.8
2026-06-29T23:30:00Z,P3,2.093,12.8
2026-06-29T23:45:00Z,P1,0.793,12.3
2026-06-29T23:45:00Z,P2,3.894,12.3
2026-06-29T23:45:00Z,P3,2.073,12.3
2026-06-30T00:00:00Z,P1,0.426,12.2
2026-06-30T00:00:00Z,P2,2.067,12.2
2026-06-30T00:00:00Z,P3,2.089,12.2
2026-06-30T00:15:00Z,P1,1.815,12.2
2026-06-30T00:15:00Z,P2,0.359,12.2
2026-06-30T00:15:00Z,P3,0.904,12.2
2026-06-30T00:30:00Z,P1,2.585,12.0
2026-06-30T00:30:00Z,P2,0.913,12.0
2026-06-30T00:30:00Z,P3,0.331,12.0
2026-06-30T00:45:00Z,P1,1.563,12.2
2026-06-30T00:45:00Z,P2,2.692,12.2
2026-06-30T00:45:00Z,P3,0.374,12.2
2026-06-30T01:00:00Z,P1,0.983,12.0
2026-06-30T01:00:00Z,P2,2.950,12.0
2026-06-30T01:00:00Z,P3,0.321,12.0
2026-06-30T01:15:00Z,P1,1.698,12.2
2026-06-30T01:15:00Z,P2,0.361,12.2
2026-06-30T01:15:00Z,P3,0.388,12.2
2026-06-30T01:30:00Z,P1,0.396,11.8
2026-06-30T01:30:00Z,P2,0.366,11.8
2026-06-30T01:30:00Z,P3,0.357,11.8
2026-06-30T01:45:00Z,P1,0.411,11.9
2026-06-30T01:45:00Z,P2,2.449,11.9
2026-06-30T01:45:00Z,P3,0.320,11.9
2026-06-30T02:00:00Z,P1,3.021,11.7
2026-06-30T02:00:00Z,P2,3.871,11.7
2026-06-30T02:00:00Z,P3,0.344,11.7
2026-06-30T02:15:00Z,P1,2.135,12.1
2026-06-30T02:15:00Z,P2,0.776,12.1
2026-06-30T02:15:00Z,P3,0.399,12.1
2026-06-30T02:30:00Z,P1,1.196,11.9
2026-06-30T02:30:00Z,P2,0.336,11.9
2026-06-30T02:30:00Z,P3,0.300,11.9
2026-06-30T02:45:00Z,P1,1.036,12.0
2026-06-30T02:45:00Z,P2,1.254,12.0
2026-06-30T02:45:00Z,P3,0.280,12.0
2026-06-30T03:00:00Z,P1,1.548,11.8
2026-06-30T03:00:00Z,P2,3.728,11.8
2026-06-30T03:00:00Z,P3,0.355,11.8
2026-06-30T03:15:00Z,P1,0.328,12.1
2026-06-30T03:15:00Z,P2,2.264,12.1
2026-06-30T03:15:00Z,P3,0.373,12.1
2026-06-30T03:30:00Z,P1,0.520,12.4
2026-06-30T03:30:00Z,P2,0.327,12.4
2026-06-30T03:30:00Z,P3,0.357,12.4
2026-06-30T03:45:00Z,P1,2.415,12.0
2026-06-30T03:45:00Z,P2,0.487,12.0
2026-06-30T03:45:00Z,P3,0.332,12.0
2026-06-30T04:00:00Z,P1,1.911,12.1
2026-06-30T04:00:00Z,P2,3.726,12.1
2026-06-30T04:00:00Z,P3,0.385,12.1
2026-06-30T04:15:00Z,P1,1.607,12.6
2026-06-30T04:15:00Z,P2,2.557,12.6
2026-06-30T04:15:00Z,P3,0.278,12.6
2026-06-30T04:30:00Z,P1,2.048,12.9
2026-06-30T04:30:00Z,P2,0.328,12.9
2026-06-30T04:30:00Z,P3,0.379,12.9
2026-06-30T04:45:00Z,P1,1.105,12.5
2026-06-30T04:45:00Z,P2,0.780,12.5
2026-06-30T04:45:00Z,P3,0.366,12.5
2026-06-30T05:00:00Z,P1,0.318,12.8
2026-06-30T05:00:00Z,P2,2.100,12.8
2026-06-30T05:00:00Z,P3,0.345,12.8
2026-06-30T05:15:00Z,P1,0.584,13.1
2026-06-30T05:15:00Z,P2,3.088,13.1
2026-06-30T05:15:00Z,P3,0.379,13.1
2026-06-30T05:30:00Z,P1,1.921,13.1
2026-06-30T05:30:00Z,P2,1.341,13.1
2026-06-30T05:30:00Z,P3,1.971,13.1
2026-06-30T05:45:00Z,P1,2.160,13.4
2026-06-30T05:45:00Z,P2,1.474,13.4
2026-06-30T05:45:00Z,P3,2.096,13.4
2026-06-30T06:00:00Z,P1,2.055,13.4
2026-06-30T06:00:00Z,P2,1.670,13.4
2026-06-30T06:00:00Z,P3,2.095,13.4
2026-06-30T06:15:00Z,P1,3.105,13.9
2026-06-30T06:15:00Z,P2,0.608,13.9
2026-06-30T06:15:00Z,P3,2.162,13.9
2026-06-30T06:30:00Z,P1,1.973,14.0
2026-06-30T06:30:00Z,P2,2.526,14.0
2026-06-30T06:30:00Z,P3,2.110,14.0
2026-06-30T06:45:00Z,P1,1.614,14.1
2026-06-30T06:45:00Z,P2,3.536,14.1
2026-06-30T06:45:00Z,P3,2.089,14.1
2026-06-30T07:00:00Z,P1,3.157,14.0
2026-06-30T07:00:00Z,P2,4.382,14.0
2026-06-30T07:00:00Z,P3,2.112,14.0
2026-06-30T07:15:00Z,P1,1.853,14.6
2026-06-30T07:15:00Z,P2,4.228,14.6
2026-06-30T07:15:00Z,P3,2.088,14.6
2026-06-30T07:30:00Z,P1,1.673,14.7
2026-06-30T07:30:00Z,P2,3.855,14.7
2026-06-30T07:30:00Z,P3,2.141,14.7
2026-06-30T07:45:00Z,P1,2.979,14.8
2026-06-30T07:45:00Z,P2,3.905,14.8
2026-06-30T07:45:00Z,P3,2.047,14.8
2026-06-30T08:00:00Z,P1,2.280,14.9
2026-06-30T08:00:00Z,P2,3.872,14.9
2026-06-30T08:00:00Z,P3,2.083,14.9
2026-06-30T08:15:00Z,P1,1.636,15.3
2026-06-30T08:15:00Z,P2,3.489,15.3
2026-06-30T08:15:00Z,P3,2.143,15.3
2026-06-30T08:30:00Z,P1,1.816,15.4
2026-06-30T08:30:00Z,P2,2.512,15.4
2026-06-30T08:30:00Z,P3,2.136,15.4
2026-06-30T08:45:00Z,P1,2.213,15.3
2026-06-30T08:45:00Z,P2,1.734,15.3
2026-06-30T08:45:00Z,P3,2.085,15.3
2026-06-30T09:00:00Z,P1,2.215,15.5
2026-06-30T09:00:00Z,P2,1.722,15.5
2026-06-30T09:00:00Z,P3,2.122,15.5
2026-06-30T09:15:00Z,P1,3.205,15.9
2026-06-30T09:15:00Z,P2,3.273,15.9
2026-06-30T09:15:00Z,P3,2.156,15.9
2026-06-30T09:30:00Z,P1,3.229,16.2
2026-06-30T09:30:00Z,P2,2.835,16.2
2026-06-30T09:30:00Z,P3,2.086,16.2
2026-06-30T09:45:00Z,P1,3.246,16.4
2026-06-30T09:45:00Z,P2,1.717,16.4
2026-06-30T09:45:00Z,P3,2.088,16.4
2026-06-30T10:00:00Z,P1,2.648,16.5
2026-06-30T10:00:00Z,P2,1.671,16.5
2026-06-30T10:00:00Z,P3,2.106,16.5
2026-06-30T10:15:00Z,P1,2.769,16.3
2026-06-30T10:15:00Z,P2,3.563,16.3
2026-06-30T10:15:00Z,P3,3.841,16.3
2026-06-30T10:30:00Z,P1,3.218,16.6
2026-06-30T10:30:00Z,P2,3.877,16.6
2026-06-30T10:30:00Z,P3,4.121,16.6
2026-06-30T10:45:00Z,P1,3.133,17.1
2026-06-30T10:45:00Z,P2,2.265,17.1
2026-06-30T10:45:00Z,P3,4.100,17.1
2026-06-30T11:00:00Z,P1,3.217,17.2
2026-06-30T11:00:00Z,P2,1.728,17.2
2026-06-30T11:00:00Z,P3,2.610,17.2
2026-06-30T11:15:00Z,P1,1.067,17.3
2026-06-30T11:15:00Z,P2,2.599,17.3
2026-06-30T11:15:00Z,P3,2.369,17.3
2026-06-30T11:30:00Z,P1,0.303,17.3
2026-06-30T11:30:00Z,P2,3.719,17.3
2026-06-30T11:30:00Z,P3,2.103,17.3
2026-06-30T11:45:00Z,P1,1.386,17.4
2026-06-30T11:45:00Z,P2,1.291,17.4
2026-06-30T11:45:00Z,P3,0.341,17.4
2026-06-30T12:00:00Z,P1,1.914,17.8
2026-06-30T12:00:00Z,P2,1.976,17.8
2026-06-30T12:00:00Z,P3,0.354,17.8
2026-06-30T12:15:00Z,P1,2.776,17.8
2026-06-30T12:15:00Z,P2,3.846,17.8
2026-06-30T12:15:00Z,P3,0.349,17.8
2026-06-30T12:30:00Z,P1,1.591,17.7
2026-06-30T12:30:00Z,P2,3.903,17.7
2026-06-30T12:30:00Z,P3,0.350,17.7
2026-06-30T12:45:00Z,P1,1.965,17.9
2026-06-30T12:45:00Z,P2,1.807,17.9
2026-06-30T12:45:00Z,P3,0.822,17.9
2026-06-30T13:00:00Z,P1,3.191,17.5
2026-06-30T13:00:00Z,P2,1.724,17.5
2026-06-30T13:00:00Z,P3,2.115,17.5
2026-06-30T13:15:00Z,P1,1.082,18.2
2026-06-30T13:15:00Z,P2,1.675,18.2
2026-06-30T13:15:00Z,P3,2.130,18.2
2026-06-30T13:30:00Z,P1,0.761,17.9
2026-06-30T13:30:00Z,P2,3.037,17.9
2026-06-30T13:30:00Z,P3,2.075,17.9
2026-06-30T13:45:00Z,P1,1.816,18.1
2026-06-30T13:45:00Z,P2,3.276,18.1
2026-06-30T13:45:00Z,P3,2.054,18.1
2026-06-30T14:00:00Z,P1,0.390,18.1
2026-06-30T14:00:00Z,P2,1.725,18.1
2026-06-30T14:00:00Z,P3,2.093,18.1
2026-06-30T14:15:00Z,P1,2.080,18.2
2026-06-30T14:15:00Z,P2,1.652,18.2
2026-06-30T14:15:00Z,P3,2.098,18.2
2026-06-30T14:30:00Z,P1,2.856,18.2
2026-06-30T14:30:00Z,P2,3.436,18.2
2026-06-30T14:30:00Z,P3,2.158,18.2
2026-06-30T14:45:00Z,P1,1.605,17.9
2026-06-30T14:45:00Z,P2,3.456,17.9
2026-06-30T14:45:00Z,P3,1.224,17.9
2026-06-30T15:00:00Z,P1,2.461,18.2
2026-06-30T15:00:00Z,P2,2.481,18.2
2026-06-30T15:00:00Z,P3,0.313,18.2
2026-06-30T15:15:00Z,P1,3.563,18.1
2026-06-30T15:15:00Z,P2,1.333,18.1
2026-06-30T15:15:00Z,P3,0.344,18.1
2026-06-30T15:30:00Z,P1,1.658,17.5
2026-06-30T15:30:00Z,P2,1.752,17.5
2026-06-30T15:30:00Z,P3,1.963,17.5
2026-06-30T15:45:00Z,P1,2.535,17.8
2026-06-30T15:45:00Z,P2,2.554,17.8
2026-06-30T15:45:00Z,P3,2.202,17.8
2026-06-30T16:00:00Z,P1,2.634,17.0
2026-06-30T16:00:00Z,P2,4.371,17.0
2026-06-30T16:00:00Z,P3,2.047,17.0
2026-06-30T16:15:00Z,P1,1.656,17.6
2026-06-30T16:15:00Z,P2,2.473,17.6
2026-06-30T16:15:00Z,P3,2.885,17.6
2026-06-30T16:30:00Z,P1,2.634,17.3
2026-06-30T16:30:00Z,P2,1.659,17.3
2026-06-30T16:30:00Z,P3,4.122,17.3
2026-06-30T16:45:00Z,P1,2.655,17.3
2026-06-30T16:45:00Z,P2,1.673,17.3
2026-06-30T16:45:00Z,P3,4.089,17.3
2026-06-30T17:00:00Z,P1,1.611,17.1
2026-06-30T17:00:00Z,P2,3.425,17.1
2026-06-30T17:00:00Z,P3,4.160,17.1
2026-06-30T17:15:00Z,P1,2.034,17.0
2026-06-30T17:15:00Z,P2,3.142,17.0
2026-06-30T17:15:00Z,P3,4.158,17.0
2026-06-30T17:30:00Z,P1,2.956,17.0
2026-06-30T17:30:00Z,P2,1.682,17.0
2026-06-30T17:30:00Z,P3,2.333,17.0
2026-06-30T17:45:00Z,P1,0.395,16.7
2026-06-30T17:45:00Z,P2,1.675,16.7
2026-06-30T17:45:00Z,P3,2.085,16.7
2026-06-30T18:00:00Z,P1,1.162,16.4
2026-06-30T18:00:00Z,P2,3.848,16.4
2026-06-30T18:00:00Z,P3,2.086,16.4
2026-06-30T18:15:00Z,P1,2.667,16.0
2026-06-30T18:15:00Z,P2,2.913,16.0
2026-06-30T18:15:00Z,P3,2.156,16.0
2026-06-30T18:30:00Z,P1,2.799,16.4
2026-06-30T18:30:00Z,P2,1.673,16.4
2026-06-30T18:30:00Z,P3,2.104,16.4
2026-06-30T18:45:00Z,P1,1.596,15.9
2026-06-30T18:45:00Z,P2,1.873,15.9
2026-06-30T18:45:00Z,P3,2.071,15.9
2026-06-30T19:00:00Z,P1,1.358,16.1
2026-06-30T19:00:00Z,P2,3.890,16.1
2026-06-30T19:00:00Z,P3,2.039,16.1
2026-06-30T19:15:00Z,P1,1.415,15.6
2026-06-30T19:15:00Z,P2,0.902,15.6
2026-06-30T19:15:00Z,P3,2.071,15.6
2026-06-30T19:30:00Z,P1,1.289,15.2
2026-06-30T19:30:00Z,P2,1.253,15.2
2026-06-30T19:30:00Z,P3,2.137,15.2
2026-06-30T19:45:00Z,P1,2.067,15.0
2026-06-30T19:45:00Z,P2,1.700,15.0
2026-06-30T19:45:00Z,P3,2.095,15.0
2026-06-30T20:00:00Z,P1,3.182,14.7
2026-06-30T20:00:00Z,P2,3.589,14.7
2026-06-30T20:00:00Z,P3,2.566,14.7
2026-06-30T20:15:00Z,P1,3.152,15.1
2026-06-30T20:15:00Z,P2,3.660,15.1
2026-06-30T20:15:00Z,P3,2.235,15.1
2026-06-30T20:30:00Z,P1,2.011,14.6
2026-06-30T20:30:00Z,P2,2.195,14.6
2026-06-30T20:30:00Z,P3,2.410,14.6
2026-06-30T20:45:00Z,P1,3.119,14.5
2026-06-30T20:45:00Z,P2,2.774,14.5
2026-06-30T20:45:00Z,P3,2.384,14.5
2026-06-30T21:00:00Z,P1,2.734,14.3
2026-06-30T21:00:00Z,P2,3.877,14.3
2026-06-30T21:00:00Z,P3,2.310,14.3
2026-06-30T21:15:00Z,P1,1.927,13.7
2026-06-30T21:15:00Z,P2,3.648,13.7
2026-06-30T21:15:00Z,P3,2.310,13.7
2026-06-30T21:30:00Z,P1,1.953,13.8
2026-06-30T21:30:00Z,P2,2.532,13.8
2026-06-30T21:30:00Z,P3,2.442,13.8
2026-06-30T21:45:00Z,P1,1.942,13.5
2026-06-30T21:45:00Z,P2,2.798,13.5
2026-06-30T21:45:00Z,P3,2.377,13.5
2026-06-30T22:00:00Z,P1,2.863,13.6
2026-06-30T22:00:00Z,P2,3.844,13.6
2026-06-30T22:00:00Z,P3,3.179,13.6
2026-06-30T22:15:00Z,P1,2.595,12.9
2026-06-30T22:15:00Z,P2,2.161,12.9
2026-06-30T22:15:00Z,P3,4.142,12.9
2026-06-30T22:30:00Z,P1,1.498,12.9
2026-06-30T22:30:00Z,P2,0.505,12.9
2026-06-30T22:30:00Z,P3,4.097,12.9
2026-06-30T22:45:00Z,P1,0.672,13.1
2026-06-30T22:45:00Z,P2,0.503,13.1
2026-06-30T22:45:00Z,P3,4.130,13.1
2026-06-30T23:00:00Z,P1,1.453,12.9
2026-06-30T23:00:00Z,P2,3.299,12.9
2026-06-30T23:00:00Z,P3,4.084,12.9
2026-06-30T23:15:00Z,P1,0.317,12.8
2026-06-30T23:15:00Z,P2,2.105,12.8
2026-06-30T23:15:00Z,P3,2.482,12.8
2026-06-30T23:30:00Z,P1,1.071,12.7
2026-06-30T23:30:00Z,P2,1.139,12.7
2026-06-30T23:30:00Z,P3,0.360,12.7
2026-06-30T23:45:00Z,P1,2.983,12.2
2026-06-30T23:45:00Z,P2,0.354,12.2
2026-06-30T23:45:00Z,P3,0.346,12.2
2026-07-01T00:00:00Z,P1,1.679,12.4
2026-07-01T00:00:00Z,P2,3.276,12.4
2026-07-01T00:00:00Z,P3,0.351,12.4
2026-07-01T00:15:00Z,P1,1.920,12.6
2026-07-01T00:15:00Z,P2,2.990,12.6
2026-07-01T00:15:00Z,P3,0.310,12.6
2026-07-01T00:30:00Z,P1,1.720,11.9
2026-07-01T00:30:00Z,P2,0.351,11.9
2026-07-01T00:30:00Z,P3,0.344,11.9
2026-07-01T00:45:00Z,P1,0.364,12.1
2026-07-01T00:45:00Z,P2,0.930,12.1
2026-07-01T00:45:00Z,P3,0.373,12.1
2026-07-01T01:00:00Z,P1,0.661,11.5
2026-07-01T01:00:00Z,P2,3.002,11.5
2026-07-01T01:00:00Z,P3,0.376,11.5
2026-07-01T01:15:00Z,P1,1.747,12.2
2026-07-01T01:15:00Z,P2,2.724,12.2
2026-07-01T01:15:00Z,P3,0.344,12.2
2026-07-01T01:30:00Z,P1,1.396,11.9
2026-07-01T01:30:00Z,P2,0.420,11.9
2026-07-01T01:30:00Z,P3,0.356,11.9
2026-07-01T01:45:00Z,P1,1.650,12.2
2026-07-01T01:45:00Z,P2,1.297,12.2
2026-07-01T01:45:00Z,P3,0.317,12.2
2026-07-01T02:00:00Z,P1,3.196,11.7
2026-07-01T02:00:00Z,P2,3.156,11.7
2026-07-01T02:00:00Z,P3,0.338,11.7
2026-07-01T02:15:00Z,P1,0.821,12.2
2026-07-01T02:15:00Z,P2,2.921,12.2
2026-07-01T02:15:00Z,P3,0.425,12.2
2026-07-01T02:30:00Z,P1,0.383,12.1
2026-07-01T02:30:00Z,P2,0.427,12.1
2026-07-01T02:30:00Z,P3,0.401,12.1
2026-07-01T02:45:00Z,P1,1.768,12.3
2026-07-01T02:45:00Z,P2,1.030,12.3
2026-07-01T02:45:00Z,P3,0.350,12.3
2026-07-01T03:00:00Z,P1,0.749,12.1
2026-07-01T03:00:00Z,P2,3.300,12.1
2026-07-01T03:00:00Z,P3,0.813,12.1
2026-07-01T03:15:00Z,P1,0.677,12.5
2026-07-01T03:15:00Z,P2,2.638,12.5
2026-07-01T03:15:00Z,P3,2.087,12.5
2026-07-01T03:30:00Z,P1,2.856,12.1
2026-07-01T03:30:00Z,P2,0.331,12.1
2026-07-01T03:30:00Z,P3,2.060,12.1
2026-07-01T03:45:00Z,P1,2.663,12.7
2026-07-01T03:45:00Z,P2,0.390,12.7
2026-07-01T03:45:00Z,P3,2.060,12.7
2026-07-01T04:00:00Z,P1,1.475,12.2
2026-07-01T04:00:00Z,P2,2.694,12.2
2026-07-01T04:00:00Z,P3,1.889,12.2
2026-07-01T04:15:00Z,P1,0.397,12.5
2026-07-01T04:15:00Z,P2,3.601,12.5
2026-07-01T04:15:00Z,P3,0.345,12.5
2026-07-01T04:30:00Z,P1,1.984,12.7
2026-07-01T04:30:00Z,P2,1.275,12.7
2026-07-01T04:30:00Z,P3,0.355,12.7
2026-07-01T04:45:00Z,P1,0.780,12.5
2026-07-01T04:45:00Z,P2,0.343,12.5
2026-07-01T04:45:00Z,P3,0.352,12.5
2026-07-01T05:00:00Z,P1,0.342,12.6
2026-07-01T05:00:00Z,P2,1.248,12.6
2026-07-01T05:00:00Z,P3,0.330,12.6
2026-07-01T05:15:00Z,P1,2.356,13.3
2026-07-01T05:15:00Z,P2,3.875,13.3
2026-07-01T05:15:00Z,P3,0.322,13.3
2026-07-01T05:30:00Z,P1,2.733,13.5
2026-07-01T05:30:00Z,P2,1.643,13.5
2026-07-01T05:30:00Z,P3,0.313,13.5
2026-07-01T05:45:00Z,P1,2.127,13.8
2026-07-01T05:45:00Z,P2,0.269,13.8
2026-07-01T05:45:00Z,P3,0.315,13.8
2026-07-01T06:00:00Z,P1,2.825,13.5
2026-07-01T06:00:00Z,P2,1.735,13.5
2026-07-01T06:00:00Z,P3,0.762,13.5
2026-07-01T06:15:00Z,P1,2.785,13.5
2026-07-01T06:15:00Z,P2,3.907,13.5
2026-07-01T06:15:00Z,P3,2.236,13.5
2026-07-01T06:30:00Z,P1,1.673,14.0
2026-07-01T06:30:00Z,P2,2.002,14.0
2026-07-01T06:30:00Z,P3,2.070,14.0
2026-07-01T06:45:00Z,P1,2.395,14.4
2026-07-01T06:45:00Z,P2,2.227,14.4
2026-07-01T06:45:00Z,P3,2.058,14.4
2026-07-01T07:00:00Z,P1,2.958,14.3
2026-07-01T07:00:00Z,P2,1.649,14.3
2026-07-01T07:00:00Z,P3,2.127,14.3
2026-07-01T07:15:00Z,P1,1.641,14.4
2026-07-01T07:15:00Z,P2,3.736,14.4
2026-07-01T07:15:00Z,P3,2.068,14.4
2026-07-01T07:30:00Z,P1,2.276,14.9
2026-07-01T07:30:00Z,P2,2.723,14.9
2026-07-01T07:30:00Z,P3,2.090,14.9
2026-07-01T07:45:00Z,P1,3.194,14.8
2026-07-01T07:45:00Z,P2,1.695,14.8
2026-07-01T07:45:00Z,P3,2.108,14.8
2026-07-01T08:00:00Z,P1,1.687,15.2
2026-07-01T08:00:00Z,P2,1.718,15.2
2026-07-01T08:00:00Z,P3,2.060,15.2
2026-07-01T08:15:00Z,P1,1.319,14.9
2026-07-01T08:15:00Z,P2,3.909,14.9
2026-07-01T08:15:00Z,P3,2.051,14.9
2026-07-01T08:30:00Z,P1,2.064,15.5
2026-07-01T08:30:00Z,P2,2.580,15.5
2026-07-01T08:30:00Z,P3,2.051,15.5
2026-07-01T08:45:00Z,P1,2.147,15.6
2026-07-01T08:45:00Z,P2,1.779,15.6
2026-07-01T08:45:00Z,P3,2.062,15.6
2026-07-01T09:00:00Z,P1,2.225,15.7
2026-07-01T09:00:00Z,P2,1.735,15.7
2026-07-01T09:00:00Z,P3,2.111,15.7
2026-07-01T09:15:00Z,P1,3.209,16.1
2026-07-01T09:15:00Z,P2,3.211,16.1
2026-07-01T09:15:00Z,P3,2.113,16.1
2026-07-01T09:30:00Z,P1,3.205,16.1
2026-07-01T09:30:00Z,P2,3.595,16.1
2026-07-01T09:30:00Z,P3,2.119,16.1
2026-07-01T09:45:00Z,P1,3.179,16.6
2026-07-01T09:45:00Z,P2,3.586,16.6
2026-07-01T09:45:00Z,P3,2.116,16.6
2026-07-01T10:00:00Z,P1,2.580,16.9
2026-07-01T10:00:00Z,P2,3.886,16.9
2026-07-01T10:00:00Z,P3,2.115,16.9
2026-07-01T10:15:00Z,P1,0.887,16.6
2026-07-01T10:15:00Z,P2,3.867,16.6
2026-07-01T10:15:00Z,P3,2.072,16.6
2026-07-01T10:30:00Z,P1,0.341,17.1
2026-07-01T10:30:00Z,P2,3.886,17.1
2026-07-01T10:30:00Z,P3,2.106,17.1
2026-07-01T10:45:00Z,P1,1.647,16.8
2026-07-01T10:45:00Z,P2,3.887,16.8
2026-07-01T10:45:00Z,P3,2.144,16.8
2026-07-01T11:00:00Z,P1,2.022,17.4
2026-07-01T11:00:00Z,P2,3.917,17.4
2026-07-01T11:00:00Z,P3,2.129,17.4
2026-07-01T11:15:00Z,P1,1.634,17.2
2026-07-01T11:15:00Z,P2,2.653,17.2
2026-07-01T11:15:00Z,P3,2.097,17.2
2026-07-01T11:30:00Z,P1,3.002,17.4
2026-07-01T11:30:00Z,P2,1.725,17.4
2026-07-01T11:30:00Z,P3,2.036,17.4
2026-07-01T11:45:00Z,P1,0.788,17.6
2026-07-01T11:45:00Z,P2,2.245,17.6
2026-07-01T11:45:00Z,P3,0.414,17.6
2026-07-01T12:00:00Z,P1,0.711,17.7
2026-07-01T12:00:00Z,P2,3.889,17.7
2026-07-01T12:00:00Z,P3,0.851,17.7
2026-07-01T12:15:00Z,P1,2.946,17.5
2026-07-01T12:15:00Z,P2,2.109,17.5
2026-07-01T12:15:00Z,P3,2.386,17.5
2026-07-01T12:30:00Z,P1,3.143,17.9
2026-07-01T12:30:00Z,P2,1.685,17.9
2026-07-01T12:30:00Z,P3,2.825,17.9
2026-07-01T12:45:00Z,P1,2.666,18.1
2026-07-01T12:45:00Z,P2,3.450,18.1
2026-07-01T12:45:00Z,P3,4.097,18.1
2026-07-01T13:00:00Z,P1,3.203,18.0
2026-07-01T13:00:00Z,P2,3.871,18.0
2026-07-01T13:00:00Z,P3,4.084,18.0
2026-07-01T13:15:00Z,P1,3.203,18.2
2026-07-01T13:15:00Z,P2,2.888,18.2
2026-07-01T13:15:00Z,P3,4.111,18.2
2026-07-01T13:30:00Z,P1,1.729,17.8
2026-07-01T13:30:00Z,P2,0.331,17.8
2026-07-01T13:30:00Z,P3,4.101,17.8
2026-07-01T13:45:00Z,P1,1.933,17.9
2026-07-01T13:45:00Z,P2,1.287,17.9
2026-07-01T13:45:00Z,P3,4.151,17.9
2026-07-01T14:00:00Z,P1,2.846,17.7
2026-07-01T14:00:00Z,P2,3.854,17.7
2026-07-01T14:00:00Z,P3,3.173,17.7
2026-07-01T14:15:00Z,P1,0.354,17.7
2026-07-01T14:15:00Z,P2,2.142,17.7
2026-07-01T14:15:00Z,P3,2.060,17.7
2026-07-01T14:30:00Z,P1,0.729,18.2
2026-07-01T14:30:00Z,P2,1.038,18.2
2026-07-01T14:30:00Z,P3,0.598,18.2
2026-07-01T14:45:00Z,P1,1.779,17.6
2026-07-01T14:45:00Z,P2,1.221,17.6
2026-07-01T14:45:00Z,P3,0.371,17.6
2026-07-01T15:00:00Z,P1,1.178,17.9
2026-07-01T15:00:00Z,P2,3.474,17.9
2026-07-01T15:00:00Z,P3,0.326,17.9
2026-07-01T15:15:00Z,P1,2.530,17.9
2026-07-01T15:15:00Z,P2,1.950,17.9
2026-07-01T15:15:00Z,P3,0.368,17.9
2026-07-01T15:30:00Z,P1,3.265,17.8
2026-07-01T15:30:00Z,P2,1.682,17.8
2026-07-01T15:30:00Z,P3,1.966,17.8
2026-07-01T15:45:00Z,P1,1.897,17.8
2026-07-01T15:45:00Z,P2,1.547,17.8
2026-07-01T15:45:00Z,P3,2.659,17.8
2026-07-01T16:00:00Z,P1,1.671,17.4
2026-07-01T16:00:00Z,P2,2.563,17.4
2026-07-01T16:00:00Z,P3,3.922,17.4
2026-07-01T16:15:00Z,P1,3.201,17.4
2026-07-01T16:15:00Z,P2,2.239,17.4
2026-07-01T16:15:00Z,P3,4.044,17.4
2026-07-01T16:30:00Z,P1,1.960,17.5
2026-07-01T16:30:00Z,P2,2.763,17.5
2026-07-01T16:30:00Z,P3,4.147,17.5
2026-07-01T16:45:00Z,P1,1.339,17.1
2026-07-01T16:45:00Z,P2,3.853,17.1
2026-07-01T16:45:00Z,P3,4.120,17.1
2026-07-01T17:00:00Z,P1,3.203,17.2
2026-07-01T17:00:00Z,P2,3.149,17.2
2026-07-01T17:00:00Z,P3,4.156,17.2
2026-07-01T17:15:00Z,P1,1.927,17.1
2026-07-01T17:15:00Z,P2,1.714,17.1
2026-07-01T17:15:00Z,P3,4.118,17.1
2026-07-01T17:30:00Z,P1,1.893,16.4
2026-07-01T17:30:00Z,P2,1.865,16.4
2026-07-01T17:30:00Z,P3,4.121,16.4
2026-07-01T17:45:00Z,P1,3.060,16.6
2026-07-01T17:45:00Z,P2,3.853,16.6
2026-07-01T17:45:00Z,P3,4.077,16.6
2026-07-01T18:00:00Z,P1,1.645,16.8
2026-07-01T18:00:00Z,P2,2.550,16.8
2026-07-01T18:00:00Z,P3,4.144,16.8
2026-07-01T18:15:00Z,P1,3.234,16.3
2026-07-01T18:15:00Z,P2,1.719,16.3
2026-07-01T18:15:00Z,P3,4.136,16.3
2026-07-01T18:30:00Z,P1,3.203,16.0
2026-07-01T18:30:00Z,P2,1.700,16.0
2026-07-01T18:30:00Z,P3,4.140,16.0
2026-07-01T18:45:00Z,P1,2.796,15.7
2026-07-01T18:45:00Z,P2,3.566,15.7
2026-07-01T18:45:00Z,P3,4.090,15.7
2026-07-01T19:00:00Z,P1,1.215,15.8
2026-07-01T19:00:00Z,P2,3.078,15.8
2026-07-01T19:00:00Z,P3,4.108,15.8
2026-07-01T19:15:00Z,P1,1.286,15.8
2026-07-01T19:15:00Z,P2,1.707,15.8
2026-07-01T19:15:00Z,P3,4.101,15.8
2026-07-01T19:30:00Z,P1,1.212,15.6
2026-07-01T19:30:00Z,P2,1.692,15.6
2026-07-01T19:30:00Z,P3,4.073,15.6
2026-07-01T19:45:00Z,P1,0.372,15.5
2026-07-01T19:45:00Z,P2,2.462,15.5
2026-07-01T19:45:00Z,P3,4.150,15.5
2026-07-01T20:00:00Z,P1,1.795,15.3
2026-07-01T20:00:00Z,P2,2.369,15.3
2026-07-01T20:00:00Z,P3,4.091,15.3
2026-07-01T20:15:00Z,P1,3.324,15.1
2026-07-01T20:15:00Z,P2,2.326,15.1
2026-07-01T20:15:00Z,P3,2.912,15.1
2026-07-01T20:30:00Z,P1,3.489,14.9
2026-07-01T20:30:00Z,P2,3.714,14.9
2026-07-01T20:30:00Z,P3,2.108,14.9
2026-07-01T20:45:00Z,P1,3.286,14.7
2026-07-01T20:45:00Z,P2,3.821,14.7
2026-07-01T20:45:00Z,P3,2.110,14.7
2026-07-01T21:00:00Z,P1,3.221,14.4
2026-07-01T21:00:00Z,P2,3.910,14.4
2026-07-01T21:00:00Z,P3,2.161,14.4
2026-07-01T21:15:00Z,P1,3.209,14.2
2026-07-01T21:15:00Z,P2,3.924,14.2
2026-07-01T21:15:00Z,P3,2.124,14.2
2026-07-01T21:30:00Z,P1,2.399,14.2
2026-07-01T21:30:00Z,P2,3.024,14.2
2026-07-01T21:30:00Z,P3,2.145,14.2
2026-07-01T21:45:00Z,P1,1.888,14.0
2026-07-01T21:45:00Z,P2,2.528,14.0
2026-07-01T21:45:00Z,P3,2.162,14.0
2026-07-01T22:00:00Z,P1,0.584,13.7
2026-07-01T22:00:00Z,P2,3.242,13.7
2026-07-01T22:00:00Z,P3,2.072,13.7
2026-07-01T22:15:00Z,P1,0.352,13.3
2026-07-01T22:15:00Z,P2,2.036,13.3
2026-07-01T22:15:00Z,P3,2.077,13.3
2026-07-01T22:30:00Z,P1,1.802,13.4
2026-07-01T22:30:00Z,P2,1.400,13.4
2026-07-01T22:30:00Z,P3,2.041,13.4
2026-07-01T22:45:00Z,P1,1.835,12.8
2026-07-01T22:45:00Z,P2,0.381,12.8
2026-07-01T22:45:00Z,P3,2.116,12.8
2026-07-01T23:00:00Z,P1,1.618,13.1
2026-07-01T23:00:00Z,P2,2.479,13.1
2026-07-01T23:00:00Z,P3,2.085,13.1
2026-07-01T23:15:00Z,P1,2.369,12.6
2026-07-01T23:15:00Z,P2,1.988,12.6
2026-07-01T23:15:00Z,P3,2.037,12.6
2026-07-01T23:30:00Z,P1,1.202,12.8
2026-07-01T23:30:00Z,P2,1.686,12.8
2026-07-01T23:30:00Z,P3,2.087,12.8
2026-07-01T23:45:00Z,P1,0.529,12.9
2026-07-01T23:45:00Z,P2,1.513,12.9
2026-07-01T23:45:00Z,P3,2.053,12.9
2026-07-02T00:00:00Z,P1,1.956,12.8
2026-07-02T00:00:00Z,P2,1.354,12.8
2026-07-02T00:00:00Z,P3,2.061,12.8
2026-07-02T00:15:00Z,P1,0.691,12.3
2026-07-02T00:15:00Z,P2,2.560,12.3
2026-07-02T00:15:00Z,P3,2.065,12.3
2026-07-02T00:30:00Z,P1,1.390,12.6
2026-07-02T00:30:00Z,P2,1.690,12.6
2026-07-02T00:30:00Z,P3,0.920,12.6
2026-07-02T00:45:00Z,P1,2.784,12.5
2026-07-02T00:45:00Z,P2,1.754,12.5
2026-07-02T00:45:00Z,P3,0.331,12.5
2026-07-02T01:00:00Z,P1,2.087,12.3
2026-07-02T01:00:00Z,P2,0.635,12.3
2026-07-02T01:00:00Z,P3,0.292,12.3
2026-07-02T01:15:00Z,P1,0.350,12.1
2026-07-02T01:15:00Z,P2,2.284,12.1
2026-07-02T01:15:00Z,P3,0.367,12.1
2026-07-02T01:30:00Z,P1,0.497,11.9
2026-07-02T01:30:00Z,P2,2.155,11.9
2026-07-02T01:30:00Z,P3,0.395,11.9
2026-07-02T01:45:00Z,P1,1.848,12.5
2026-07-02T01:45:00Z,P2,1.702,12.5
2026-07-02T01:45:00Z,P3,0.415,12.5
2026-07-02T02:00:00Z,P1,1.524,12.1
2026-07-02T02:00:00Z,P2,0.441,12.1
2026-07-02T02:00:00Z,P3,0.376,12.1
2026-07-02T02:15:00Z,P1,1.864,12.1
2026-07-02T02:15:00Z,P2,1.690,12.1
2026-07-02T02:15:00Z,P3,0.301,12.1
2026-07-02T02:30:00Z,P1,2.884,11.9
2026-07-02T02:30:00Z,P2,3.174,11.9
2026-07-02T02:30:00Z,P3,0.347,11.9
2026-07-02T02:45:00Z,P1,3.172,11.8
2026-07-02T02:45:00Z,P2,1.738,11.8
2026-07-02T02:45:00Z,P3,0.356,11.8
2026-07-02T03:00:00Z,P1,2.612,12.2
2026-07-02T03:00:00Z,P2,0.549,12.2
2026-07-02T03:00:00Z,P3,0.337,12.2
2026-07-02T03:15:00Z,P1,1.883,12.4
2026-07-02T03:15:00Z,P2,1.023,12.4
2026-07-02T03:15:00Z,P3,0.355,12.4
2026-07-02T03:30:00Z,P1,1.941,12.6
2026-07-02T03:30:00Z,P2,3.271,12.6
2026-07-02T03:30:00Z,P3,0.332,12.6
2026-07-02T03:45:00Z,P1,1.870,12.6
2026-07-02T03:45:00Z,P2,1.706,12.6
2026-07-02T03:45:00Z,P3,0.997,12.6
2026-07-02T04:00:00Z,P1,1.266,12.3
2026-07-02T04:00:00Z,P2,0.926,12.3
2026-07-02T04:00:00Z,P3,2.095,12.3
2026-07-02T04:15:00Z,P1,1.465,12.8
2026-07-02T04:15:00Z,P2,0.312,12.8
2026-07-02T04:15:00Z,P3,2.113,12.8
2026-07-02T04:30:00Z,P1,2.648,12.8
2026-07-02T04:30:00Z,P2,2.547,12.8
2026-07-02T04:30:00Z,P3,2.119,12.8
2026-07-02T04:45:00Z,P1,2.235,12.8
2026-07-02T04:45:00Z,P2,2.990,12.8
2026-07-02T04:45:00Z,P3,2.095,12.8
2026-07-02T05:00:00Z,P1,0.381,12.9
2026-07-02T05:00:00Z,P2,1.016,12.9
2026-07-02T05:00:00Z,P3,1.071,12.9
2026-07-02T05:15:00Z,P1,1.403,13.1
2026-07-02T05:15:00Z,P2,0.376,13.1
2026-07-02T05:15:00Z,P3,0.354,13.1
2026-07-02T05:30:00Z,P1,1.066,13.2
2026-07-02T05:30:00Z,P2,2.011,13.2
2026-07-02T05:30:00Z,P3,0.398,13.2
2026-07-02T05:45:00Z,P1,1.867,13.4
2026-07-02T05:45:00Z,P2,3.897,13.4
2026-07-02T05:45:00Z,P3,0.349,13.4
2026-07-02T06:00:00Z,P1,2.824,13.7
2026-07-02T06:00:00Z,P2,1.835,13.7
2026-07-02T06:00:00Z,P3,0.314,13.7
2026-07-02T06:15:00Z,P1,2.900,13.8
2026-07-02T06:15:00Z,P2,2.242,13.8
2026-07-02T06:15:00Z,P3,0.365,13.8
2026-07-02T06:30:00Z,P1,2.769,14.0
2026-07-02T06:30:00Z,P2,1.929,14.0
2026-07-02T06:30:00Z,P3,0.354,14.0
2026-07-02T06:45:00Z,P1,3.477,14.2
2026-07-02T06:45:00Z,P2,3.451,14.2
2026-07-02T06:45:00Z,P3,0.353,14.2
2026-07-02T07:00:00Z,P1,3.194,14.1
2026-07-02T07:00:00Z,P2,3.159,14.1
2026-07-02T07:00:00Z,P3,0.357,14.1
2026-07-02T07:15:00Z,P1,3.200,14.6
2026-07-02T07:15:00Z,P2,1.685,14.6
2026-07-02T07:15:00Z,P3,0.318,14.6
2026-07-02T07:30:00Z,P1,3.211,14.5
2026-07-02T07:30:00Z,P2,1.690,14.5
2026-07-02T07:30:00Z,P3,0.338,14.5
2026-07-02T07:45:00Z,P1,3.228,14.6
2026-07-02T07:45:00Z,P2,3.175,14.6
2026-07-02T07:45:00Z,P3,0.377,14.6
2026-07-02T08:00:00Z,P1,3.260,15.0
2026-07-02T08:00:00Z,P2,3.887,15.0
2026-07-02T08:00:00Z,P3,0.348,15.0
2026-07-02T08:15:00Z,P1,3.154,15.5
2026-07-02T08:15:00Z,P2,3.469,15.5
2026-07-02T08:15:00Z,P3,0.357,15.5
2026-07-02T08:30:00Z,P1,2.079,15.3
2026-07-02T08:30:00Z,P2,2.934,15.3
2026-07-02T08:30:00Z,P3,1.287,15.3
2026-07-02T08:45:00Z,P1,0.614,15.7
2026-07-02T08:45:00Z,P2,3.501,15.7
2026-07-02T08:45:00Z,P3,2.080,15.7
2026-07-02T09:00:00Z,P1,0.412,15.9
2026-07-02T09:00:00Z,P2,3.898,15.9
2026-07-02T09:00:00Z,P3,2.132,15.9
2026-07-02T09:15:00Z,P1,1.728,15.9
2026-07-02T09:15:00Z,P2,3.889,15.9
2026-07-02T09:15:00Z,P3,2.246,15.9
2026-07-02T09:30:00Z,P1,2.330,16.0
2026-07-02T09:30:00Z,P2,3.874,16.0
2026-07-02T09:30:00Z,P3,2.149,16.0
2026-07-02T09:45:00Z,P1,1.595,16.5
2026-07-02T09:45:00Z,P2,3.866,16.5
2026-07-02T09:45:00Z,P3,2.140,16.5
2026-07-02T10:00:00Z,P1,2.774,16.5
2026-07-02T10:00:00Z,P2,3.895,16.5
2026-07-02T10:00:00Z,P3,2.086,16.5
2026-07-02T10:15:00Z,P1,3.207,16.9
2026-07-02T10:15:00Z,P2,3.852,16.9
2026-07-02T10:15:00Z,P3,2.778,16.9
2026-07-02T10:30:00Z,P1,3.194,17.2
2026-07-02T10:30:00Z,P2,3.326,17.2
2026-07-02T10:30:00Z,P3,4.144,17.2
2026-07-02T10:45:00Z,P1,0.835,17.1
2026-07-02T10:45:00Z,P2,1.059,17.1
2026-07-02T10:45:00Z,P3,4.121,17.1
2026-07-02T11:00:00Z,P1,0.350,17.5
2026-07-02T11:00:00Z,P2,0.966,17.5
2026-07-02T11:00:00Z,P3,4.048,17.5
2026-07-02T11:15:00Z,P1,1.882,17.3
2026-07-02T11:15:00Z,P2,1.727,17.3
2026-07-02T11:15:00Z,P3,4.097,17.3
2026-07-02T11:30:00Z,P1,0.779,17.4
2026-07-02T11:30:00Z,P2,3.898,17.4
2026-07-02T11:30:00Z,P3,4.140,17.4
2026-07-02T11:45:00Z,P1,1.599,17.7
2026-07-02T11:45:00Z,P2,2.561,17.7
2026-07-02T11:45:00Z,P3,3.318,17.7
2026-07-02T12:00:00Z,P1,2.878,17.7
2026-07-02T12:00:00Z,P2,1.710,17.7
2026-07-02T12:00:00Z,P3,2.078,17.7
2026-07-02T12:15:00Z,P1,2.579,18.1
2026-07-02T12:15:00Z,P2,1.664,18.1
2026-07-02T12:15:00Z,P3,2.186,18.1
2026-07-02T12:30:00Z,P1,0.725,18.3
2026-07-02T12:30:00Z,P2,3.574,18.3
2026-07-02T12:30:00Z,P3,2.134,18.3
2026-07-02T12:45:00Z,P1,1.233,18.1
2026-07-02T12:45:00Z,P2,2.886,18.1
2026-07-02T12:45:00Z,P3,2.120,18.1
2026-07-02T13:00:00Z,P1,1.375,18.3
2026-07-02T13:00:00Z,P2,0.434,18.3
2026-07-02T13:00:00Z,P3,2.099,18.3
2026-07-02T13:15:00Z,P1,0.337,18.0
2026-07-02T13:15:00Z,P2,0.677,18.0
2026-07-02T13:15:00Z,P3,2.053,18.0
2026-07-02T13:30:00Z,P1,1.643,18.1
2026-07-02T13:30:00Z,P2,3.297,18.1
2026-07-02T13:30:00Z,P3,2.115,18.1
2026-07-02T13:45:00Z,P1,3.140,17.9
2026-07-02T13:45:00Z,P2,2.963,17.9
2026-07-02T13:45:00Z,P3,2.088,17.9
2026-07-02T14:00:00Z,P1,1.616,17.9
2026-07-02T14:00:00Z,P2,0.305,17.9
2026-07-02T14:00:00Z,P3,2.078,17.9
2026-07-02T14:15:00Z,P1,1.526,18.1
2026-07-02T14:15:00Z,P2,1.234,18.1
2026-07-02T14:15:00Z,P3,2.072,18.1
2026-07-02T14:30:00Z,P1,1.890,18.4
2026-07-02T14:30:00Z,P2,3.881,18.4
2026-07-02T14:30:00Z,P3,0.709,18.4
2026-07-02T14:45:00Z,P1,0.567,18.1
2026-07-02T14:45:00Z,P2,2.293,18.1
2026-07-02T14:45:00Z,P3,0.369,18.1
2026-07-02T15:00:00Z,P1,1.186,18.0
2026-07-02T15:00:00Z,P2,0.405,18.0
2026-07-02T15:00:00Z,P3,0.333,18.0
2026-07-02T15:15:00Z,P1,3.772,18.1
2026-07-02T15:15:00Z,P2,1.411,18.1
2026-07-02T15:15:00Z,P3,0.414,18.1
2026-07-02T15:30:00Z,P1,1.928,18.1
2026-07-02T15:30:00Z,P2,3.824,18.1
2026-07-02T15:30:00Z,P3,1.929,18.1
2026-07-02T15:45:00Z,P1,1.783,17.7
2026-07-02T15:45:00Z,P2,3.406,17.7
2026-07-02T15:45:00Z,P3,2.265,17.7
2026-07-02T16:00:00Z,P1,3.238,18.1
2026-07-02T16:00:00Z,P2,4.322,18.1
2026-07-02T16:00:00Z,P3,2.377,18.1
2026-07-02T16:15:00Z,P1,3.100,17.7
2026-07-02T16:15:00Z,P2,4.082,17.7
2026-07-02T16:15:00Z,P3,2.941,17.7
2026-07-02T16:30:00Z,P1,3.470,17.4
2026-07-02T16:30:00Z,P2,3.930,17.4
2026-07-02T16:30:00Z,P3,4.164,17.4
2026-07-02T16:45:00Z,P1,3.216,17.3
2026-07-02T16:45:00Z,P2,3.908,17.3
2026-07-02T16:45:00Z,P3,4.105,17.3
2026-07-02T17:00:00Z,P1,3.202,16.9
2026-07-02T17:00:00Z,P2,3.891,16.9
2026-07-02T17:00:00Z,P3,4.101,16.9
2026-07-02T17:15:00Z,P1,3.243,16.9
2026-07-02T17:15:00Z,P2,2.982,16.9
2026-07-02T17:15:00Z,P3,4.147,16.9
2026-07-02T17:30:00Z,P1,3.191,17.0
2026-07-02T17:30:00Z,P2,1.650,17.0
2026-07-02T17:30:00Z,P3,4.119,17.0
2026-07-02T17:45:00Z,P1,3.200,16.9
2026-07-02T17:45:00Z,P2,1.685,16.9
2026-07-02T17:45:00Z,P3,4.116,16.9
2026-07-02T18:00:00Z,P1,3.223,16.8
2026-07-02T18:00:00Z,P2,3.273,16.8
2026-07-02T18:00:00Z,P3,4.126,16.8
2026-07-02T18:15:00Z,P1,1.566,16.4
2026-07-02T18:15:00Z,P2,3.031,16.4
2026-07-02T18:15:00Z,P3,3.531,16.4
2026-07-02T18:30:00Z,P1,0.691,16.3
2026-07-02T18:30:00Z,P2,1.736,16.3
2026-07-02T18:30:00Z,P3,2.380,16.3
2026-07-02T18:45:00Z,P1,1.878,16.1
2026-07-02T18:45:00Z,P2,1.713,16.1
2026-07-02T18:45:00Z,P3,2.386,16.1
2026-07-02T19:00:00Z,P1,0.546,16.0
2026-07-02T19:00:00Z,P2,3.618,16.0
2026-07-02T19:00:00Z,P3,1.732,16.0
2026-07-02T19:15:00Z,P1,0.273,15.8
2026-07-02T19:15:00Z,P2,3.008,15.8
2026-07-02T19:15:00Z,P3,0.383,15.8
2026-07-02T19:30:00Z,P1,3.024,15.5
2026-07-02T19:30:00Z,P2,1.701,15.5
2026-07-02T19:30:00Z,P3,0.327,15.5
2026-07-02T19:45:00Z,P1,1.919,15.4
2026-07-02T19:45:00Z,P2,1.952,15.4
2026-07-02T19:45:00Z,P3,0.799,15.4
2026-07-02T20:00:00Z,P1,1.712,15.1
2026-07-02T20:00:00Z,P2,3.546,15.1
2026-07-02T20:00:00Z,P3,2.190,15.1
2026-07-02T20:15:00Z,P1,1.929,14.9
2026-07-02T20:15:00Z,P2,2.771,14.9
2026-07-02T20:15:00Z,P3,2.167,14.9
2026-07-02T20:30:00Z,P1,2.255,14.6
2026-07-02T20:30:00Z,P2,3.528,14.6
2026-07-02T20:30:00Z,P3,2.130,14.6
2026-07-02T20:45:00Z,P1,2.047,14.6
2026-07-02T20:45:00Z,P2,3.814,14.6
2026-07-02T20:45:00Z,P3,2.058,14.6
2026-07-02T21:00:00Z,P1,1.618,14.1
2026-07-02T21:00:00Z,P2,3.884,14.1
2026-07-02T21:00:00Z,P3,2.070,14.1
2026-07-02T21:15:00Z,P1,2.885,14.3
2026-07-02T21:15:00Z,P2,3.836,14.3
2026-07-02T21:15:00Z,P3,2.118,14.3
2026-07-02T21:30:00Z,P1,1.614,13.8
2026-07-02T21:30:00Z,P2,3.427,13.8
2026-07-02T21:30:00Z,P3,2.023,13.8
2026-07-02T21:45:00Z,P1,0.325,13.8
2026-07-02T21:45:00Z,P2,2.510,13.8
2026-07-02T21:45:00Z,P3,2.099,13.8
2026-07-02T22:00:00Z,P1,1.196,14.0
2026-07-02T22:00:00Z,P2,3.258,14.0
2026-07-02T22:00:00Z,P3,2.075,14.0
2026-07-02T22:15:00Z,P1,1.493,13.8
2026-07-02T22:15:00Z,P2,2.030,13.8
2026-07-02T22:15:00Z,P3,2.141,13.8
2026-07-02T22:30:00Z,P1,1.407,13.6
2026-07-02T22:30:00Z,P2,0.870,13.6
2026-07-02T22:30:00Z,P3,2.134,13.6
2026-07-02T22:45:00Z,P1,2.020,13.1
2026-07-02T22:45:00Z,P2,0.672,13.1
2026-07-02T22:45:00Z,P3,2.125,13.1
2026-07-02T23:00:00Z,P1,3.106,12.6
2026-07-02T23:00:00Z,P2,3.266,12.6
2026-07-02T23:00:00Z,P3,2.069,12.6
2026-07-02T23:15:00Z,P1,0.579,13.1
2026-07-02T23:15:00Z,P2,2.274,13.1
2026-07-02T23:15:00Z,P3,2.065,13.1
2026-07-02T23:30:00Z,P1,0.314,12.8
2026-07-02T23:30:00Z,P2,0.600,12.8
2026-07-02T23:30:00Z,P3,2.041,12.8
2026-07-02T23:45:00Z,P1,1.821,12.5
2026-07-02T23:45:00Z,P2,0.351,12.5
2026-07-02T23:45:00Z,P3,2.143,12.5
2026-07-03T00:00:00Z,P1,0.572,12.9
2026-07-03T00:00:00Z,P2,2.905,12.9
2026-07-03T00:00:00Z,P3,2.121,12.9
2026-07-03T00:15:00Z,P1,1.067,12.5
2026-07-03T00:15:00Z,P2,3.148,12.5
2026-07-03T00:15:00Z,P3,0.696,12.5
2026-07-03T00:30:00Z,P1,2.970,12.4
2026-07-03T00:30:00Z,P2,1.512,12.4
2026-07-03T00:30:00Z,P3,0.385,12.4
2026-07-03T00:45:00Z,P1,2.055,12.3
2026-07-03T00:45:00Z,P2,0.333,12.3
2026-07-03T00:45:00Z,P3,0.336,12.3
2026-07-03T01:00:00Z,P1,0.868,12.1
2026-07-03T01:00:00Z,P2,0.946,12.1
2026-07-03T01:00:00Z,P3,0.364,12.1
2026-07-03T01:15:00Z,P1,1.299,12.6
2026-07-03T01:15:00Z,P2,3.902,12.6
2026-07-03T01:15:00Z,P3,0.351,12.6
2026-07-03T01:30:00Z,P1,1.109,12.4
2026-07-03T01:30:00Z,P2,1.700,12.4
2026-07-03T01:30:00Z,P3,0.442,12.4
2026-07-03T01:45:00Z,P1,0.317,12.2
2026-07-03T01:45:00Z,P2,1.274,12.2
2026-07-03T01:45:00Z,P3,0.387,12.2
2026-07-03T02:00:00Z,P1,1.839,12.2
2026-07-03T02:00:00Z,P2,0.494,12.2
2026-07-03T02:00:00Z,P3,0.360,12.2
2026-07-03T02:15:00Z,P1,2.819,12.1
2026-07-03T02:15:00Z,P2,3.289,12.1
2026-07-03T02:15:00Z,P3,0.351,12.1
2026-07-03T02:30:00Z,P1,1.621,12.2
2026-07-03T02:30:00Z,P2,2.140,12.2
2026-07-03T02:30:00Z,P3,0.396,12.2
2026-07-03T02:45:00Z,P1,0.558,12.3
2026-07-03T02:45:00Z,P2,1.109,12.3
2026-07-03T02:45:00Z,P3,0.342,12.3
2026-07-03T03:00:00Z,P1,1.922,12.4
2026-07-03T03:00:00Z,P2,0.657,12.4
2026-07-03T03:00:00Z,P3,0.677,12.4
2026-07-03T03:15:00Z,P1,0.490,12.1
2026-07-03T03:15:00Z,P2,3.016,12.1
2026-07-03T03:15:00Z,P3,2.090,12.1
2026-07-03T03:30:00Z,P1,0.498,12.5
2026-07-03T03:30:00Z,P2,3.762,12.5
2026-07-03T03:30:00Z,P3,2.068,12.5
2026-07-03T03:45:00Z,P1,2.864,12.7
2026-07-03T03:45:00Z,P2,0.347,12.7
2026-07-03T03:45:00Z,P3,2.144,12.7
2026-07-03T04:00:00Z,P1,1.643,12.6
2026-07-03T04:00:00Z,P2,0.349,12.6
2026-07-03T04:00:00Z,P3,1.758,12.6
2026-07-03T04:15:00Z,P1,1.280,12.8
2026-07-03T04:15:00Z,P2,1.427,12.8
2026-07-03T04:15:00Z,P3,0.404,12.8
2026-07-03T04:30:00Z,P1,1.924,12.7
2026-07-03T04:30:00Z,P2,3.378,12.7
2026-07-03T04:30:00Z,P3,0.349,12.7
2026-07-03T04:45:00Z,P1,0.526,12.9
2026-07-03T04:45:00Z,P2,2.170,12.9
2026-07-03T04:45:00Z,P3,0.343,12.9
2026-07-03T05:00:00Z,P1,0.318,13.0
2026-07-03T05:00:00Z,P2,0.341,13.0
2026-07-03T05:00:00Z,P3,0.322,13.0
2026-07-03T05:15:00Z,P1,2.611,13.1
2026-07-03T05:15:00Z,P2,1.381,13.1
2026-07-03T05:15:00Z,P3,0.330,13.1
2026-07-03T05:30:00Z,P1,1.890,13.4
2026-07-03T05:30:00Z,P2,2.670,13.4
2026-07-03T05:30:00Z,P3,0.340,13.4
2026-07-03T05:45:00Z,P1,2.149,13.1
2026-07-03T05:45:00Z,P2,2.887,13.1
2026-07-03T05:45:00Z,P3,0.371,13.1
2026-07-03T06:00:00Z,P1,3.678,13.9
2026-07-03T06:00:00Z,P2,0.750,13.9
2026-07-03T06:00:00Z,P3,0.358,13.9
2026-07-03T06:15:00Z,P1,1.970,13.6
2026-07-03T06:15:00Z,P2,2.160,13.6
2026-07-03T06:15:00Z,P3,0.326,13.6
2026-07-03T06:30:00Z,P1,2.770,14.3
2026-07-03T06:30:00Z,P2,3.051,14.3
2026-07-03T06:30:00Z,P3,0.314,14.3
2026-07-03T06:45:00Z,P1,3.489,13.7
2026-07-03T06:45:00Z,P2,3.424,13.7
2026-07-03T06:45:00Z,P3,0.608,13.7
2026-07-03T07:00:00Z,P1,3.183,14.6
2026-07-03T07:00:00Z,P2,1.734,14.6
2026-07-03T07:00:00Z,P3,2.164,14.6
2026-07-03T07:15:00Z,P1,3.196,14.7
2026-07-03T07:15:00Z,P2,1.702,14.7
2026-07-03T07:15:00Z,P3,2.218,14.7
2026-07-03T07:30:00Z,P1,3.189,14.6
2026-07-03T07:30:00Z,P2,3.126,14.6
2026-07-03T07:30:00Z,P3,2.066,14.6
2026-07-03T07:45:00Z,P1,3.212,15.2
2026-07-03T07:45:00Z,P2,3.139,15.2
2026-07-03T07:45:00Z,P3,2.072,15.2
2026-07-03T08:00:00Z,P1,3.192,15.0
2026-07-03T08:00:00Z,P2,1.695,15.0
2026-07-03T08:00:00Z,P3,2.061,15.0
2026-07-03T08:15:00Z,P1,2.113,15.4
2026-07-03T08:15:00Z,P2,3.568,15.4
2026-07-03T08:15:00Z,P3,2.114,15.4
2026-07-03T08:30:00Z,P1,1.951,15.4
2026-07-03T08:30:00Z,P2,2.840,15.4
2026-07-03T08:30:00Z,P3,2.113,15.4
2026-07-03T08:45:00Z,P1,0.565,15.5
2026-07-03T08:45:00Z,P2,1.712,15.5
2026-07-03T08:45:00Z,P3,2.147,15.5
2026-07-03T09:00:00Z,P1,0.526,15.8
2026-07-03T09:00:00Z,P2,1.723,15.8
2026-07-03T09:00:00Z,P3,2.160,15.8
2026-07-03T09:15:00Z,P1,3.106,16.4
2026-07-03T09:15:00Z,P2,3.468,16.4
2026-07-03T09:15:00Z,P3,2.135,16.4
2026-07-03T09:30:00Z,P1,3.209,16.5
2026-07-03T09:30:00Z,P2,3.593,16.5
2026-07-03T09:30:00Z,P3,2.085,16.5
2026-07-03T09:45:00Z,P1,3.226,17.0
2026-07-03T09:45:00Z,P2,3.893,17.0
2026-07-03T09:45:00Z,P3,2.090,17.0
2026-07-03T10:00:00Z,P1,2.753,16.6
2026-07-03T10:00:00Z,P2,3.884,16.6
2026-07-03T10:00:00Z,P3,2.117,16.6
2026-07-03T10:15:00Z,P1,1.623,17.0
2026-07-03T10:15:00Z,P2,3.863,17.0
2026-07-03T10:15:00Z,P3,2.116,17.0
2026-07-03T10:30:00Z,P1,2.269,17.2
2026-07-03T10:30:00Z,P2,3.222,17.2
2026-07-03T10:30:00Z,P3,2.068,17.2
2026-07-03T10:45:00Z,P1,1.345,17.3
2026-07-03T10:45:00Z,P2,2.546,17.3
2026-07-03T10:45:00Z,P3,2.805,17.3
2026-07-03T11:00:00Z,P1,0.684,17.3
2026-07-03T11:00:00Z,P2,3.806,17.3
2026-07-03T11:00:00Z,P3,4.148,17.3
2026-07-03T11:15:00Z,P1,3.109,17.3
2026-07-03T11:15:00Z,P2,3.885,17.3
2026-07-03T11:15:00Z,P3,4.102,17.3
2026-07-03T11:30:00Z,P1,2.252,17.6
2026-07-03T11:30:00Z,P2,3.860,17.6
2026-07-03T11:30:00Z,P3,4.105,17.6
2026-07-03T11:45:00Z,P1,3.226,17.7
2026-07-03T11:45:00Z,P2,3.882,17.7
2026-07-03T11:45:00Z,P3,4.157,17.7
2026-07-03T12:00:00Z,P1,2.279,17.8
2026-07-03T12:00:00Z,P2,3.860,17.8
2026-07-03T12:00:00Z,P3,4.128,17.8
2026-07-03T12:15:00Z,P1,1.053,17.9
2026-07-03T12:15:00Z,P2,3.216,17.9
2026-07-03T12:15:00Z,P3,4.176,17.9
2026-07-03T12:30:00Z,P1,1.912,18.1
2026-07-03T12:30:00Z,P2,2.707,18.1
2026-07-03T12:30:00Z,P3,4.103,18.1
2026-07-03T12:45:00Z,P1,0.775,17.9
2026-07-03T12:45:00Z,P2,1.677,17.9
2026-07-03T12:45:00Z,P3,4.099,17.9
2026-07-03T13:00:00Z,P1,0.337,18.2
2026-07-03T13:00:00Z,P2,1.704,18.2
2026-07-03T13:00:00Z,P3,4.109,18.2
2026-07-03T13:15:00Z,P1,2.004,18.3
2026-07-03T13:15:00Z,P2,2.142,18.3
2026-07-03T13:15:00Z,P3,4.155,18.3
2026-07-03T13:30:00Z,P1,2.251,17.9
2026-07-03T13:30:00Z,P2,2.246,17.9
2026-07-03T13:30:00Z,P3,4.135,17.9
2026-07-03T13:45:00Z,P1,1.630,18.5
2026-07-03T13:45:00Z,P2,1.696,18.5
2026-07-03T13:45:00Z,P3,2.365,18.5
2026-07-03T14:00:00Z,P1,2.186,18.3
2026-07-03T14:00:00Z,P2,1.846,18.3
2026-07-03T14:00:00Z,P3,2.098,18.3
2026-07-03T14:15:00Z,P1,1.168,18.3
2026-07-03T14:15:00Z,P2,2.501,18.3
2026-07-03T14:15:00Z,P3,0.375,18.3
2026-07-03T14:30:00Z,P1,0.332,18.1
2026-07-03T14:30:00Z,P2,1.681,18.1
2026-07-03T14:30:00Z,P3,0.361,18.1
2026-07-03T14:45:00Z,P1,1.803,18.0
2026-07-03T14:45:00Z,P2,3.139,18.0
2026-07-03T14:45:00Z,P3,0.358,18.0
2026-07-03T15:00:00Z,P1,3.351,18.2
2026-07-03T15:00:00Z,P2,3.852,18.2
2026-07-03T15:00:00Z,P3,0.355,18.2
2026-07-03T15:15:00Z,P1,2.170,18.1
2026-07-03T15:15:00Z,P2,1.943,18.1
2026-07-03T15:15:00Z,P3,1.536,18.1
2026-07-03T15:30:00Z,P1,2.142,18.2
2026-07-03T15:30:00Z,P2,1.755,18.2
2026-07-03T15:30:00Z,P3,2.174,18.2
2026-07-03T15:45:00Z,P1,3.210,18.1
2026-07-03T15:45:00Z,P2,2.713,18.1
2026-07-03T15:45:00Z,P3,2.650,18.1
2026-07-03T16:00:00Z,P1,1.820,17.8
2026-07-03T16:00:00Z,P2,3.177,17.8
2026-07-03T16:00:00Z,P3,3.942,17.8
2026-07-03T16:15:00Z,P1,2.059,18.0
2026-07-03T16:15:00Z,P2,1.753,18.0
2026-07-03T16:15:00Z,P3,4.109,18.0
2026-07-03T16:30:00Z,P1,3.090,17.7
2026-07-03T16:30:00Z,P2,2.184,17.7
2026-07-03T16:30:00Z,P3,4.133,17.7
2026-07-03T16:45:00Z,P1,1.670,17.7
2026-07-03T16:45:00Z,P2,3.297,17.7
2026-07-03T16:45:00Z,P3,4.152,17.7
2026-07-03T17:00:00Z,P1,2.000,17.1
2026-07-03T17:00:00Z,P2,3.119,17.1
2026-07-03T17:00:00Z,P3,4.094,17.1
2026-07-03T17:15:00Z,P1,3.181,17.1
2026-07-03T17:15:00Z,P2,1.725,17.1
2026-07-03T17:15:00Z,P3,4.132,17.1
2026-07-03T17:30:00Z,P1,1.648,17.4
2026-07-03T17:30:00Z,P2,1.694,17.4
2026-07-03T17:30:00Z,P3,4.122,17.4
2026-07-03T17:45:00Z,P1,1.932,17.0
2026-07-03T17:45:00Z,P2,2.681,17.0
2026-07-03T17:45:00Z,P3,4.140,17.0
2026-07-03T18:00:00Z,P1,3.203,16.4
2026-07-03T18:00:00Z,P2,3.883,16.4
2026-07-03T18:00:00Z,P3,4.111,16.4
2026-07-03T18:15:00Z,P1,2.072,17.2
2026-07-03T18:15:00Z,P2,2.508,17.2
2026-07-03T18:15:00Z,P3,4.124,17.2
2026-07-03T18:30:00Z,P1,1.072,16.5
2026-07-03T18:30:00Z,P2,1.700,16.5
2026-07-03T18:30:00Z,P3,4.165,16.5
2026-07-03T18:45:00Z,P1,0.359,16.3
2026-07-03T18:45:00Z,P2,2.004,16.3
2026-07-03T18:45:00Z,P3,4.145,16.3
2026-07-03T19:00:00Z,P1,2.087,16.1
2026-07-03T19:00:00Z,P2,3.859,16.1
2026-07-03T19:00:00Z,P3,4.117,16.1
2026-07-03T19:15:00Z,P1,2.386,15.9
2026-07-03T19:15:00Z,P2,1.806,15.9
2026-07-03T19:15:00Z,P3,4.083,15.9
2026-07-03T19:30:00Z,P1,1.648,15.9
2026-07-03T19:30:00Z,P2,1.726,15.9
2026-07-03T19:30:00Z,P3,4.108,15.9
2026-07-03T19:45:00Z,P1,2.021,15.5
2026-07-03T19:45:00Z,P2,1.691,15.5
2026-07-03T19:45:00Z,P3,2.353,15.5
2026-07-03T20:00:00Z,P1,0.776,14.8
2026-07-03T20:00:00Z,P2,3.633,14.8
2026-07-03T20:00:00Z,P3,2.084,14.8
2026-07-03T20:15:00Z,P1,1.045,14.9
2026-07-03T20:15:00Z,P2,3.666,14.9
2026-07-03T20:15:00Z,P3,2.122,14.9
2026-07-03T20:30:00Z,P1,2.556,14.6
2026-07-03T20:30:00Z,P2,3.782,14.6
2026-07-03T20:30:00Z,P3,2.093,14.6
2026-07-03T20:45:00Z,P1,3.266,14.6
2026-07-03T20:45:00Z,P2,2.532,14.6
2026-07-03T20:45:00Z,P3,2.140,14.6
2026-07-03T21:00:00Z,P1,3.175,14.5
2026-07-03T21:00:00Z,P2,2.710,14.5
2026-07-03T21:00:00Z,P3,2.146,14.5
2026-07-03T21:15:00Z,P1,3.224,14.0
2026-07-03T21:15:00Z,P2,3.840,14.0
2026-07-03T21:15:00Z,P3,2.109,14.0
2026-07-03T21:30:00Z,P1,3.167,14.0
2026-07-03T21:30:00Z,P2,3.861,14.0
2026-07-03T21:30:00Z,P3,2.057,14.0
2026-07-03T21:45:00Z,P1,3.195,13.7
2026-07-03T21:45:00Z,P2,2.534,13.7
2026-07-03T21:45:00Z,P3,2.061,13.7
2026-07-03T22:00:00Z,P1,1.963,13.7
2026-07-03T22:00:00Z,P2,0.805,13.7
2026-07-03T22:00:00Z,P3,2.119,13.7
2026-07-03T22:15:00Z,P1,0.360,14.0
2026-07-03T22:15:00Z,P2,1.658,14.0
2026-07-03T22:15:00Z,P3,2.123,14.0
2026-07-03T22:30:00Z,P1,0.606,13.4
2026-07-03T22:30:00Z,P2,2.538,13.4
2026-07-03T22:30:00Z,P3,2.091,13.4
2026-07-03T22:45:00Z,P1,1.952,13.3
2026-07-03T22:45:00Z,P2,2.333,13.3
2026-07-03T22:45:00Z,P3,2.133,13.3
2026-07-03T23:00:00Z,P1,1.079,13.0
2026-07-03T23:00:00Z,P2,0.806,13.0
2026-07-03T23:00:00Z,P3,2.097,13.0
2026-07-03T23:15:00Z,P1,1.627,13.0
2026-07-03T23:15:00Z,P2,1.667,13.0
2026-07-03T23:15:00Z,P3,2.093,13.0
2026-07-03T23:30:00Z,P1,3.070,12.9
2026-07-03T23:30:00Z,P2,1.598,12.9
2026-07-03T23:30:00Z,P3,2.104,12.9
2026-07-03T23:45:00Z,P1,1.222,12.7
2026-07-03T23:45:00Z,P2,2.464,12.7
2026-07-03T23:45:00Z,P3,2.104,12.7
