timestamp,panel,kwh_15min,panel_room_temp_c
2026-03-15T00:00:00Z,P1,0.364,18.2
2026-03-15T00:00:00Z,P2,0.390,18.2
2026-03-15T00:00:00Z,P3,1.332,18.2
2026-03-15T00:15:00Z,P1,0.352,18.3
2026-03-15T00:15:00Z,P2,2.433,18.3
2026-03-15T00:15:00Z,P3,2.259,18.3
2026-03-15T00:30:00Z,P1,1.448,18.4
2026-03-15T00:30:00Z,P2,4.523,18.4
2026-03-15T00:30:00Z,P3,1.583,18.4
2026-03-15T00:45:00Z,P1,1.625,18.4
2026-03-15T00:45:00Z,P2,2.542,18.4
2026-03-15T00:45:00Z,P3,0.386,18.4
2026-03-15T01:00:00Z,P1,1.607,17.9
2026-03-15T01:00:00Z,P2,0.637,17.9
2026-03-15T01:00:00Z,P3,0.353,17.9
2026-03-15T01:15:00Z,P1,0.444,18.2
2026-03-15T01:15:00Z,P2,2.410,18.2
2026-03-15T01:15:00Z,P3,2.185,18.2
2026-03-15T01:30:00Z,P1,0.395,18.5
2026-03-15T01:30:00Z,P2,1.190,18.5
2026-03-15T01:30:00Z,P3,2.188,18.5
2026-03-15T01:45:00Z,P1,0.850,18.0
2026-03-15T01:45:00Z,P2,1.725,18.0
2026-03-15T01:45:00Z,P3,0.836,18.0
2026-03-15T02:00:00Z,P1,1.635,18.7
2026-03-15T02:00:00Z,P2,4.394,18.7
2026-03-15T02:00:00Z,P3,0.307,18.7
2026-03-15T02:15:00Z,P1,1.539,18.4
2026-03-15T02:15:00Z,P2,3.461,18.4
2026-03-15T02:15:00Z,P3,0.995,18.4
2026-03-15T02:30:00Z,P1,0.794,17.9
2026-03-15T02:30:00Z,P2,0.334,17.9
2026-03-15T02:30:00Z,P3,2.168,17.9
2026-03-15T02:45:00Z,P1,0.347,18.3
2026-03-15T02:45:00Z,P2,1.128,18.3
2026-03-15T02:45:00Z,P3,1.431,18.3
2026-03-15T03:00:00Z,P1,1.011,18.5
2026-03-15T03:00:00Z,P2,2.401,18.5
2026-03-15T03:00:00Z,P3,0.342,18.5
2026-03-15T03:15:00Z,P1,1.583,18.0
2026-03-15T03:15:00Z,P2,2.340,18.0
2026-03-15T03:15:00Z,P3,0.319,18.0
2026-03-15T03:30:00Z,P1,1.609,18.6
2026-03-15T03:30:00Z,P2,2.555,18.6
2026-03-15T03:30:00Z,P3,1.810,18.6
2026-03-15T03:45:00Z,P1,1.068,18.5
2026-03-15T03:45:00Z,P2,3.249,18.5
2026-03-15T03:45:00Z,P3,2.134,18.5
2026-03-15T04:00:00Z,P1,0.333,18.6
2026-03-15T04:00:00Z,P2,1.838,18.6
2026-03-15T04:00:00Z,P3,1.204,18.6
2026-03-15T04:15:00Z,P1,0.636,18.9
2026-03-15T04:15:00Z,P2,0.352,18.9
2026-03-15T04:15:00Z,P3,0.343,18.9
2026-03-15T04:30:00Z,P1,1.573,18.6
2026-03-15T04:30:00Z,P2,2.130,18.6
2026-03-15T04:30:00Z,P3,0.875,18.6
2026-03-15T04:45:00Z,P1,3.612,18.9
2026-03-15T04:45:00Z,P2,4.439,18.9
2026-03-15T04:45:00Z,P3,2.198,18.9
2026-03-15T05:00:00Z,P1,3.114,18.7
2026-03-15T05:00:00Z,P2,2.526,18.7
2026-03-15T05:00:00Z,P3,2.170,18.7
2026-03-15T05:15:00Z,P1,2.401,19.1
2026-03-15T05:15:00Z,P2,1.936,19.1
2026-03-15T05:15:00Z,P3,0.729,19.1
2026-03-15T05:30:00Z,P1,2.718,19.1
2026-03-15T05:30:00Z,P2,2.384,19.1
2026-03-15T05:30:00Z,P3,0.314,19.1
2026-03-15T05:45:00Z,P1,3.746,18.9
2026-03-15T05:45:00Z,P2,0.575,18.9
2026-03-15T05:45:00Z,P3,0.814,18.9
2026-03-15T06:00:00Z,P1,3.756,19.1
2026-03-15T06:00:00Z,P2,1.105,19.1
2026-03-15T06:00:00Z,P3,2.214,19.1
2026-03-15T06:15:00Z,P1,3.559,19.4
2026-03-15T06:15:00Z,P2,4.604,19.4
2026-03-15T06:15:00Z,P3,2.157,19.4
2026-03-15T06:30:00Z,P1,0.659,19.5
2026-03-15T06:30:00Z,P2,3.486,19.5
2026-03-15T06:30:00Z,P3,0.735,19.5
2026-03-15T06:45:00Z,P1,0.357,19.6
2026-03-15T06:45:00Z,P2,0.796,19.6
2026-03-15T06:45:00Z,P3,0.283,19.6
2026-03-15T07:00:00Z,P1,1.323,19.4
2026-03-15T07:00:00Z,P2,2.406,19.4
2026-03-15T07:00:00Z,P3,0.837,19.4
2026-03-15T07:15:00Z,P1,1.590,19.5
2026-03-15T07:15:00Z,P2,1.565,19.5
2026-03-15T07:15:00Z,P3,2.186,19.5
2026-03-15T07:30:00Z,P1,1.577,19.7
2026-03-15T07:30:00Z,P2,1.939,19.7
2026-03-15T07:30:00Z,P3,2.006,19.7
2026-03-15T07:45:00Z,P1,0.777,19.7
2026-03-15T07:45:00Z,P2,4.293,19.7
2026-03-15T07:45:00Z,P3,0.338,19.7
2026-03-15T08:00:00Z,P1,0.338,20.1
2026-03-15T08:00:00Z,P2,3.043,20.1
2026-03-15T08:00:00Z,P3,0.388,20.1
2026-03-15T08:15:00Z,P1,0.736,19.8
2026-03-15T08:15:00Z,P2,0.365,19.8
2026-03-15T08:15:00Z,P3,1.177,19.8
2026-03-15T08:30:00Z,P1,1.594,20.2
2026-03-15T08:30:00Z,P2,1.685,20.2
2026-03-15T08:30:00Z,P3,2.463,20.2
2026-03-15T08:45:00Z,P1,1.627,20.1
2026-03-15T08:45:00Z,P2,3.413,20.1
2026-03-15T08:45:00Z,P3,3.236,20.1
2026-03-15T09:00:00Z,P1,1.118,20.4
2026-03-15T09:00:00Z,P2,2.678,20.4
2026-03-15T09:00:00Z,P3,1.804,20.4
2026-03-15T09:15:00Z,P1,0.333,20.4
2026-03-15T09:15:00Z,P2,3.352,20.4
2026-03-15T09:15:00Z,P3,1.845,20.4
2026-03-15T09:30:00Z,P1,0.673,20.8
2026-03-15T09:30:00Z,P2,2.419,20.8
2026-03-15T09:30:00Z,P3,2.643,20.8
2026-03-15T09:45:00Z,P1,1.627,20.2
2026-03-15T09:45:00Z,P2,0.881,20.2
2026-03-15T09:45:00Z,P3,3.648,20.2
2026-03-15T10:00:00Z,P1,1.591,21.2
2026-03-15T10:00:00Z,P2,1.231,21.2
2026-03-15T10:00:00Z,P3,3.701,21.2
2026-03-15T10:15:00Z,P1,1.369,21.1
2026-03-15T10:15:00Z,P2,4.574,21.1
2026-03-15T10:15:00Z,P3,0.805,21.1
2026-03-15T10:30:00Z,P1,0.345,20.9
2026-03-15T10:30:00Z,P2,4.014,20.9
2026-03-15T10:30:00Z,P3,0.296,20.9
2026-03-15T10:45:00Z,P1,2.774,20.9
2026-03-15T10:45:00Z,P2,2.665,20.9
2026-03-15T10:45:00Z,P3,1.335,20.9
2026-03-15T11:00:00Z,P1,3.737,20.9
2026-03-15T11:00:00Z,P2,2.331,20.9
2026-03-15T11:00:00Z,P3,2.173,20.9
2026-03-15T11:15:00Z,P1,3.741,21.4
2026-03-15T11:15:00Z,P2,2.337,21.4
2026-03-15T11:15:00Z,P3,2.171,21.4
2026-03-15T11:30:00Z,P1,2.479,21.2
2026-03-15T11:30:00Z,P2,0.762,21.2
2026-03-15T11:30:00Z,P3,0.398,21.2
2026-03-15T11:45:00Z,P1,2.451,21.3
2026-03-15T11:45:00Z,P2,1.659,21.3
2026-03-15T11:45:00Z,P3,0.372,21.3
2026-03-15T12:00:00Z,P1,3.700,21.6
2026-03-15T12:00:00Z,P2,4.553,21.6
2026-03-15T12:00:00Z,P3,0.979,21.6
2026-03-15T12:15:00Z,P1,2.867,21.2
2026-03-15T12:15:00Z,P2,3.471,21.2
2026-03-15T12:15:00Z,P3,2.115,21.2
2026-03-15T12:30:00Z,P1,1.580,21.4
2026-03-15T12:30:00Z,P2,0.314,21.4
2026-03-15T12:30:00Z,P3,2.198,21.4
2026-03-15T12:45:00Z,P1,0.394,21.5
2026-03-15T12:45:00Z,P2,1.844,21.5
2026-03-15T12:45:00Z,P3,0.585,21.5
2026-03-15T13:00:00Z,P1,0.351,21.4
2026-03-15T13:00:00Z,P2,2.687,21.4
2026-03-15T13:00:00Z,P3,0.359,21.4
2026-03-15T13:15:00Z,P1,0.806,21.5
2026-03-15T13:15:00Z,P2,2.634,21.5
2026-03-15T13:15:00Z,P3,1.688,21.5
2026-03-15T13:30:00Z,P1,1.561,21.3
2026-03-15T13:30:00Z,P2,3.456,21.3
2026-03-15T13:30:00Z,P3,2.160,21.3
2026-03-15T13:45:00Z,P1,1.585,21.4
2026-03-15T13:45:00Z,P2,2.870,21.4
2026-03-15T13:45:00Z,P3,1.326,21.4
2026-03-15T14:00:00Z,P1,1.615,21.5
2026-03-15T14:00:00Z,P2,1.870,21.5
2026-03-15T14:00:00Z,P3,0.382,21.5
2026-03-15T14:15:00Z,P1,0.344,21.4
2026-03-15T14:15:00Z,P2,0.380,21.4
2026-03-15T14:15:00Z,P3,0.636,21.4
2026-03-15T14:30:00Z,P1,0.332,21.7
2026-03-15T14:30:00Z,P2,2.137,21.7
2026-03-15T14:30:00Z,P3,2.129,21.7
2026-03-15T14:45:00Z,P1,1.147,21.4
2026-03-15T14:45:00Z,P2,4.562,21.4
2026-03-15T14:45:00Z,P3,2.185,21.4
2026-03-15T15:00:00Z,P1,1.571,21.7
2026-03-15T15:00:00Z,P2,2.442,21.7
2026-03-15T15:00:00Z,P3,1.947,21.7
2026-03-15T15:15:00Z,P1,1.592,21.5
2026-03-15T15:15:00Z,P2,1.192,21.5
2026-03-15T15:15:00Z,P3,1.822,21.5
2026-03-15T15:30:00Z,P1,1.094,21.2
2026-03-15T15:30:00Z,P2,2.423,21.2
2026-03-15T15:30:00Z,P3,3.110,21.2
2026-03-15T15:45:00Z,P1,0.425,21.4
2026-03-15T15:45:00Z,P2,0.727,21.4
2026-03-15T15:45:00Z,P3,3.639,21.4
2026-03-15T16:00:00Z,P1,0.461,21.0
2026-03-15T16:00:00Z,P2,2.557,21.0
2026-03-15T16:00:00Z,P3,3.530,21.0
2026-03-15T16:15:00Z,P1,3.312,21.3
2026-03-15T16:15:00Z,P2,4.551,21.3
2026-03-15T16:15:00Z,P3,3.392,21.3
2026-03-15T16:30:00Z,P1,3.695,21.1
2026-03-15T16:30:00Z,P2,2.782,21.1
2026-03-15T16:30:00Z,P3,3.599,21.1
2026-03-15T16:45:00Z,P1,3.584,21.0
2026-03-15T16:45:00Z,P2,2.536,21.0
2026-03-15T16:45:00Z,P3,2.912,21.0
2026-03-15T17:00:00Z,P1,4.021,21.1
2026-03-15T17:00:00Z,P2,4.546,21.1
2026-03-15T17:00:00Z,P3,2.160,21.1
2026-03-15T17:15:00Z,P1,4.007,21.3
2026-03-15T17:15:00Z,P2,3.311,21.3
2026-03-15T17:15:00Z,P3,2.194,21.3
2026-03-15T17:30:00Z,P1,3.645,20.9
2026-03-15T17:30:00Z,P2,2.828,20.9
2026-03-15T17:30:00Z,P3,2.153,20.9
2026-03-15T17:45:00Z,P1,3.706,20.9
2026-03-15T17:45:00Z,P2,4.559,20.9
2026-03-15T17:45:00Z,P3,2.116,20.9
2026-03-15T18:00:00Z,P1,3.717,20.8
2026-03-15T18:00:00Z,P2,4.125,20.8
2026-03-15T18:00:00Z,P3,1.112,20.8
2026-03-15T18:15:00Z,P1,2.452,20.9
2026-03-15T18:15:00Z,P2,2.528,20.9
2026-03-15T18:15:00Z,P3,0.353,20.9
2026-03-15T18:30:00Z,P1,1.597,20.5
2026-03-15T18:30:00Z,P2,3.282,20.5
2026-03-15T18:30:00Z,P3,0.828,20.5
2026-03-15T18:45:00Z,P1,1.579,20.4
2026-03-15T18:45:00Z,P2,2.396,20.4
2026-03-15T18:45:00Z,P3,2.182,20.4
2026-03-15T19:00:00Z,P1,1.588,20.4
2026-03-15T19:00:00Z,P2,0.495,20.4
2026-03-15T19:00:00Z,P3,2.215,20.4
2026-03-15T19:15:00Z,P1,1.150,20.2
2026-03-15T19:15:00Z,P2,1.085,20.2
2026-03-15T19:15:00Z,P3,0.707,20.2
2026-03-15T19:30:00Z,P1,0.351,20.2
2026-03-15T19:30:00Z,P2,4.590,20.2
2026-03-15T19:30:00Z,P3,0.331,20.2
2026-03-15T19:45:00Z,P1,0.566,20.5
2026-03-15T19:45:00Z,P2,2.904,20.5
2026-03-15T19:45:00Z,P3,1.107,20.5
2026-03-15T20:00:00Z,P1,1.653,20.0
2026-03-15T20:00:00Z,P2,1.715,20.0
2026-03-15T20:00:00Z,P3,2.134,20.0
2026-03-15T20:15:00Z,P1,1.587,20.0
2026-03-15T20:15:00Z,P2,2.389,20.0
2026-03-15T20:15:00Z,P3,3.552,20.0
2026-03-15T20:30:00Z,P1,1.296,20.0
2026-03-15T20:30:00Z,P2,0.756,20.0
2026-03-15T20:30:00Z,P3,1.814,20.0
2026-03-15T20:45:00Z,P1,0.314,19.9
2026-03-15T20:45:00Z,P2,2.352,19.9
2026-03-15T20:45:00Z,P3,1.853,19.9
2026-03-15T21:00:00Z,P1,0.374,19.4
2026-03-15T21:00:00Z,P2,4.532,19.4
2026-03-15T21:00:00Z,P3,2.642,19.4
2026-03-15T21:15:00Z,P1,1.525,19.8
2026-03-15T21:15:00Z,P2,2.478,19.8
2026-03-15T21:15:00Z,P3,3.726,19.8
2026-03-15T21:30:00Z,P1,1.613,19.7
2026-03-15T21:30:00Z,P2,0.500,19.7
2026-03-15T21:30:00Z,P3,2.594,19.7
2026-03-15T21:45:00Z,P1,1.611,19.6
2026-03-15T21:45:00Z,P2,2.410,19.6
2026-03-15T21:45:00Z,P3,0.333,19.6
2026-03-15T22:00:00Z,P1,0.394,19.1
2026-03-15T22:00:00Z,P2,2.412,19.1
2026-03-15T22:00:00Z,P3,0.335,19.1
2026-03-15T22:15:00Z,P1,0.291,19.1
2026-03-15T22:15:00Z,P2,2.505,19.1
2026-03-15T22:15:00Z,P3,1.834,19.1
2026-03-15T22:30:00Z,P1,1.352,18.9
2026-03-15T22:30:00Z,P2,3.389,18.9
2026-03-15T22:30:00Z,P3,2.170,18.9
2026-03-15T22:45:00Z,P1,1.548,18.8
2026-03-15T22:45:00Z,P2,1.989,18.8
2026-03-15T22:45:00Z,P3,1.541,18.8
2026-03-15T23:00:00Z,P1,1.553,19.0
2026-03-15T23:00:00Z,P2,2.191,19.0
2026-03-15T23:00:00Z,P3,0.365,19.0
2026-03-15T23:15:00Z,P1,0.508,18.6
2026-03-15T23:15:00Z,P2,2.404,18.6
2026-03-15T23:15:00Z,P3,0.369,18.6
2026-03-15T23:30:00Z,P1,0.350,18.8
2026-03-15T23:30:00Z,P2,3.820,18.8
2026-03-15T23:30:00Z,P3,2.172,18.8
2026-03-15T23:45:00Z,P1,1.239,18.6
2026-03-15T23:45:00Z,P2,4.599,18.6
2026-03-15T23:45:00Z,P3,2.190,18.6
2026-03-16T00:00:00Z,P1,1.647,18.3
2026-03-16T00:00:00Z,P2,3.855,18.3
2026-03-16T00:00:00Z,P3,0.812,18.3
2026-03-16T00:15:00Z,P1,1.611,18.4
2026-03-16T00:15:00Z,P2,2.364,18.4
2026-03-16T00:15:00Z,P3,0.351,18.4
2026-03-16T00:30:00Z,P1,0.745,18.6
2026-03-16T00:30:00Z,P2,2.460,18.6
2026-03-16T00:30:00Z,P3,0.879,18.6
2026-03-16T00:45:00Z,P1,0.349,18.9
2026-03-16T00:45:00Z,P2,0.947,18.9
2026-03-16T00:45:00Z,P3,2.181,18.9
2026-03-16T01:00:00Z,P1,1.002,18.9
2026-03-16T01:00:00Z,P2,2.133,18.9
2026-03-16T01:00:00Z,P3,2.175,18.9
2026-03-16T01:15:00Z,P1,1.575,18.6
2026-03-16T01:15:00Z,P2,4.277,18.6
2026-03-16T01:15:00Z,P3,0.509,18.6
2026-03-16T01:30:00Z,P1,1.589,18.4
2026-03-16T01:30:00Z,P2,3.377,18.4
2026-03-16T01:30:00Z,P3,0.365,18.4
2026-03-16T01:45:00Z,P1,0.802,18.5
2026-03-16T01:45:00Z,P2,0.336,18.5
2026-03-16T01:45:00Z,P3,1.180,18.5
2026-03-16T02:00:00Z,P1,0.308,18.2
2026-03-16T02:00:00Z,P2,1.567,18.2
2026-03-16T02:00:00Z,P3,2.178,18.2
2026-03-16T02:15:00Z,P1,0.731,18.5
2026-03-16T02:15:00Z,P2,2.144,18.5
2026-03-16T02:15:00Z,P3,1.793,18.5
2026-03-16T02:30:00Z,P1,1.620,18.4
2026-03-16T02:30:00Z,P2,2.104,18.4
2026-03-16T02:30:00Z,P3,0.389,18.4
2026-03-16T02:45:00Z,P1,2.094,18.4
2026-03-16T02:45:00Z,P2,3.771,18.4
2026-03-16T02:45:00Z,P3,0.353,18.4
2026-03-16T03:00:00Z,P1,3.086,18.3
2026-03-16T03:00:00Z,P2,3.072,18.3
2026-03-16T03:00:00Z,P3,1.691,18.3
2026-03-16T03:15:00Z,P1,2.507,18.1
2026-03-16T03:15:00Z,P2,0.395,18.1
2026-03-16T03:15:00Z,P3,2.173,18.1
2026-03-16T03:30:00Z,P1,2.782,18.4
2026-03-16T03:30:00Z,P2,1.339,18.4
2026-03-16T03:30:00Z,P3,1.186,18.4
2026-03-16T03:45:00Z,P1,3.678,18.7
2026-03-16T03:45:00Z,P2,3.586,18.7
2026-03-16T03:45:00Z,P3,0.321,18.7
2026-03-16T04:00:00Z,P1,3.787,19.1
2026-03-16T04:00:00Z,P2,2.648,19.1
2026-03-16T04:00:00Z,P3,0.438,19.1
2026-03-16T04:15:00Z,P1,2.921,19.0
2026-03-16T04:15:00Z,P2,2.199,19.0
2026-03-16T04:15:00Z,P3,2.167,19.0
2026-03-16T04:30:00Z,P1,0.963,18.8
2026-03-16T04:30:00Z,P2,2.434,18.8
2026-03-16T04:30:00Z,P3,2.158,18.8
2026-03-16T04:45:00Z,P1,0.975,19.0
2026-03-16T04:45:00Z,P2,1.002,19.0
2026-03-16T04:45:00Z,P3,0.816,19.0
2026-03-16T05:00:00Z,P1,1.608,18.4
2026-03-16T05:00:00Z,P2,0.609,18.4
2026-03-16T05:00:00Z,P3,0.269,18.4
2026-03-16T05:15:00Z,P1,1.570,18.9
2026-03-16T05:15:00Z,P2,4.032,18.9
2026-03-16T05:15:00Z,P3,0.946,18.9
2026-03-16T05:30:00Z,P1,0.836,19.1
2026-03-16T05:30:00Z,P2,3.298,19.1
2026-03-16T05:30:00Z,P3,2.164,19.1
2026-03-16T05:45:00Z,P1,0.358,19.1
2026-03-16T05:45:00Z,P2,1.802,19.1
2026-03-16T05:45:00Z,P3,1.827,19.1
2026-03-16T06:00:00Z,P1,0.801,19.6
2026-03-16T06:00:00Z,P2,2.372,19.6
2026-03-16T06:00:00Z,P3,0.373,19.6
2026-03-16T06:15:00Z,P1,1.573,19.4
2026-03-16T06:15:00Z,P2,0.770,19.4
2026-03-16T06:15:00Z,P3,0.350,19.4
2026-03-16T06:30:00Z,P1,1.561,19.0
2026-03-16T06:30:00Z,P2,2.183,19.0
2026-03-16T06:30:00Z,P3,1.658,19.0
2026-03-16T06:45:00Z,P1,0.695,19.5
2026-03-16T06:45:00Z,P2,4.579,19.5
2026-03-16T06:45:00Z,P3,2.182,19.5
2026-03-16T07:00:00Z,P1,0.379,19.6
2026-03-16T07:00:00Z,P2,2.844,19.6
2026-03-16T07:00:00Z,P3,2.186,19.6
2026-03-16T07:15:00Z,P1,1.001,19.5
2026-03-16T07:15:00Z,P2,0.418,19.5
2026-03-16T07:15:00Z,P3,1.291,19.5
2026-03-16T07:30:00Z,P1,1.592,19.9
2026-03-16T07:30:00Z,P2,1.150,19.9
2026-03-16T07:30:00Z,P3,0.337,19.9
2026-03-16T07:45:00Z,P1,1.632,19.8
2026-03-16T07:45:00Z,P2,4.561,19.8
2026-03-16T07:45:00Z,P3,0.579,19.8
2026-03-16T08:00:00Z,P1,1.093,19.9
2026-03-16T08:00:00Z,P2,4.570,19.9
2026-03-16T08:00:00Z,P3,2.178,19.9
2026-03-16T08:15:00Z,P1,0.366,20.2
2026-03-16T08:15:00Z,P2,2.660,20.2
2026-03-16T08:15:00Z,P3,2.215,20.2
2026-03-16T08:30:00Z,P1,0.664,20.5
2026-03-16T08:30:00Z,P2,0.930,20.5
2026-03-16T08:30:00Z,P3,1.980,20.5
2026-03-16T08:45:00Z,P1,1.585,20.1
2026-03-16T08:45:00Z,P2,2.405,20.1
2026-03-16T08:45:00Z,P3,1.796,20.1
2026-03-16T09:00:00Z,P1,1.625,20.8
2026-03-16T09:00:00Z,P2,1.699,20.8
2026-03-16T09:00:00Z,P3,2.264,20.8
2026-03-16T09:15:00Z,P1,3.075,21.0
2026-03-16T09:15:00Z,P2,2.552,21.0
2026-03-16T09:15:00Z,P3,3.645,21.0
2026-03-16T09:30:00Z,P1,2.464,20.8
2026-03-16T09:30:00Z,P2,4.101,20.8
2026-03-16T09:30:00Z,P3,3.702,20.8
2026-03-16T09:45:00Z,P1,2.782,20.9
2026-03-16T09:45:00Z,P2,2.389,20.9
2026-03-16T09:45:00Z,P3,2.066,20.9
2026-03-16T10:00:00Z,P1,3.734,20.8
2026-03-16T10:00:00Z,P2,0.561,20.8
2026-03-16T10:00:00Z,P3,0.643,20.8
2026-03-16T10:15:00Z,P1,3.726,21.7
2026-03-16T10:15:00Z,P2,1.236,21.7
2026-03-16T10:15:00Z,P3,1.341,21.7
2026-03-16T10:30:00Z,P1,3.427,20.9
2026-03-16T10:30:00Z,P2,4.588,20.9
2026-03-16T10:30:00Z,P3,2.128,20.9
2026-03-16T10:45:00Z,P1,2.485,21.1
2026-03-16T10:45:00Z,P2,3.710,21.1
2026-03-16T10:45:00Z,P3,1.789,21.1
2026-03-16T11:00:00Z,P1,2.341,21.2
2026-03-16T11:00:00Z,P2,3.705,21.2
2026-03-16T11:00:00Z,P3,0.324,21.2
2026-03-16T11:15:00Z,P1,3.747,21.1
2026-03-16T11:15:00Z,P2,3.375,21.1
2026-03-16T11:15:00Z,P3,0.820,21.1
2026-03-16T11:30:00Z,P1,3.736,21.3
2026-03-16T11:30:00Z,P2,1.021,21.3
2026-03-16T11:30:00Z,P3,2.151,21.3
2026-03-16T11:45:00Z,P1,3.093,21.2
2026-03-16T11:45:00Z,P2,1.260,21.2
2026-03-16T11:45:00Z,P3,2.174,21.2
2026-03-16T12:00:00Z,P1,1.451,21.3
2026-03-16T12:00:00Z,P2,4.261,21.3
2026-03-16T12:00:00Z,P3,0.595,21.3
2026-03-16T12:15:00Z,P1,1.584,21.7
2026-03-16T12:15:00Z,P2,3.722,21.7
2026-03-16T12:15:00Z,P3,0.337,21.7
2026-03-16T12:30:00Z,P1,0.698,21.4
2026-03-16T12:30:00Z,P2,1.449,21.4
2026-03-16T12:30:00Z,P3,1.587,21.4
2026-03-16T12:45:00Z,P1,0.299,21.6
2026-03-16T12:45:00Z,P2,1.906,21.6
2026-03-16T12:45:00Z,P3,1.709,21.6
2026-03-16T13:00:00Z,P1,0.816,21.4
2026-03-16T13:00:00Z,P2,2.019,21.4
2026-03-16T13:00:00Z,P3,1.699,21.4
2026-03-16T13:15:00Z,P1,1.652,21.5
2026-03-16T13:15:00Z,P2,1.259,21.5
2026-03-16T13:15:00Z,P3,1.519,21.5
2026-03-16T13:30:00Z,P1,1.632,21.6
2026-03-16T13:30:00Z,P2,4.021,21.6
2026-03-16T13:30:00Z,P3,1.871,21.6
2026-03-16T13:45:00Z,P1,1.086,21.6
2026-03-16T13:45:00Z,P2,4.135,21.6
2026-03-16T13:45:00Z,P3,2.179,21.6
2026-03-16T14:00:00Z,P1,0.293,21.6
2026-03-16T14:00:00Z,P2,0.375,21.6
2026-03-16T14:00:00Z,P3,2.204,21.6
2026-03-16T14:15:00Z,P1,0.545,21.6
2026-03-16T14:15:00Z,P2,1.547,21.6
2026-03-16T14:15:00Z,P3,2.218,21.6
2026-03-16T14:30:00Z,P1,1.635,21.6
2026-03-16T14:30:00Z,P2,3.283,21.6
2026-03-16T14:30:00Z,P3,2.224,21.6
2026-03-16T14:45:00Z,P1,1.616,21.9
2026-03-16T14:45:00Z,P2,3.195,21.9
2026-03-16T14:45:00Z,P3,0.953,21.9
2026-03-16T15:00:00Z,P1,1.681,21.6
2026-03-16T15:00:00Z,P2,2.493,21.6
2026-03-16T15:00:00Z,P3,0.383,21.6
2026-03-16T15:15:00Z,P1,0.434,21.6
2026-03-16T15:15:00Z,P2,2.379,21.6
2026-03-16T15:15:00Z,P3,1.619,21.6
2026-03-16T15:30:00Z,P1,0.331,21.9
2026-03-16T15:30:00Z,P2,1.464,21.9
2026-03-16T15:30:00Z,P3,3.654,21.9
2026-03-16T15:45:00Z,P1,1.929,21.9
2026-03-16T15:45:00Z,P2,0.349,21.9
2026-03-16T15:45:00Z,P3,3.532,21.9
2026-03-16T16:00:00Z,P1,3.723,21.7
2026-03-16T16:00:00Z,P2,2.696,21.7
2026-03-16T16:00:00Z,P3,2.728,21.7
2026-03-16T16:15:00Z,P1,3.694,21.3
2026-03-16T16:15:00Z,P2,4.123,21.3
2026-03-16T16:15:00Z,P3,3.475,21.3
2026-03-16T16:30:00Z,P1,2.264,21.4
2026-03-16T16:30:00Z,P2,2.544,21.4
2026-03-16T16:30:00Z,P3,3.526,21.4
2026-03-16T16:45:00Z,P1,2.015,21.3
2026-03-16T16:45:00Z,P2,2.123,21.3
2026-03-16T16:45:00Z,P3,3.629,21.3
2026-03-16T17:00:00Z,P1,3.365,21.1
2026-03-16T17:00:00Z,P2,2.304,21.1
2026-03-16T17:00:00Z,P3,3.728,21.1
2026-03-16T17:15:00Z,P1,3.728,21.0
2026-03-16T17:15:00Z,P2,0.537,21.0
2026-03-16T17:15:00Z,P3,3.745,21.0
2026-03-16T17:30:00Z,P1,3.670,21.0
2026-03-16T17:30:00Z,P2,3.218,21.0
2026-03-16T17:30:00Z,P3,3.460,21.0
2026-03-16T17:45:00Z,P1,2.882,21.2
2026-03-16T17:45:00Z,P2,4.204,21.2
2026-03-16T17:45:00Z,P3,3.433,21.2
2026-03-16T18:00:00Z,P1,2.441,20.9
2026-03-16T18:00:00Z,P2,4.587,20.9
2026-03-16T18:00:00Z,P3,3.685,20.9
2026-03-16T18:15:00Z,P1,3.115,21.0
2026-03-16T18:15:00Z,P2,3.001,21.0
2026-03-16T18:15:00Z,P3,2.781,21.0
2026-03-16T18:30:00Z,P1,3.722,20.8
2026-03-16T18:30:00Z,P2,2.801,20.8
2026-03-16T18:30:00Z,P3,1.833,20.8
2026-03-16T18:45:00Z,P1,3.683,20.6
2026-03-16T18:45:00Z,P2,4.553,20.6
2026-03-16T18:45:00Z,P3,2.173,20.6
2026-03-16T19:00:00Z,P1,3.239,20.6
2026-03-16T19:00:00Z,P2,3.621,20.6
2026-03-16T19:00:00Z,P3,3.624,20.6
2026-03-16T19:15:00Z,P1,2.435,20.5
2026-03-16T19:15:00Z,P2,2.543,20.5
2026-03-16T19:15:00Z,P3,3.693,20.5
2026-03-16T19:30:00Z,P1,2.510,20.7
2026-03-16T19:30:00Z,P2,4.271,20.7
2026-03-16T19:30:00Z,P3,1.976,20.7
2026-03-16T19:45:00Z,P1,3.647,20.3
2026-03-16T19:45:00Z,P2,3.945,20.3
2026-03-16T19:45:00Z,P3,1.834,20.3
2026-03-16T20:00:00Z,P1,3.763,20.3
2026-03-16T20:00:00Z,P2,0.348,20.3
2026-03-16T20:00:00Z,P3,3.287,20.3
2026-03-16T20:15:00Z,P1,3.615,20.4
2026-03-16T20:15:00Z,P2,1.746,20.4
2026-03-16T20:15:00Z,P3,3.664,20.4
2026-03-16T20:30:00Z,P1,1.995,19.8
2026-03-16T20:30:00Z,P2,2.134,19.8
2026-03-16T20:30:00Z,P3,1.321,19.8
2026-03-16T20:45:00Z,P1,0.376,19.5
2026-03-16T20:45:00Z,P2,1.114,19.5
2026-03-16T20:45:00Z,P3,0.311,19.5
2026-03-16T21:00:00Z,P1,1.072,19.6
2026-03-16T21:00:00Z,P2,3.480,19.6
2026-03-16T21:00:00Z,P3,0.362,19.6
2026-03-16T21:15:00Z,P1,1.632,19.7
2026-03-16T21:15:00Z,P2,4.555,19.7
2026-03-16T21:15:00Z,P3,1.870,19.7
2026-03-16T21:30:00Z,P1,1.626,19.3
2026-03-16T21:30:00Z,P2,0.734,19.3
2026-03-16T21:30:00Z,P3,2.167,19.3
2026-03-16T21:45:00Z,P1,0.595,19.8
2026-03-16T21:45:00Z,P2,0.736,19.8
2026-03-16T21:45:00Z,P3,0.883,19.8
2026-03-16T22:00:00Z,P1,0.342,19.3
2026-03-16T22:00:00Z,P2,2.379,19.3
2026-03-16T22:00:00Z,P3,0.326,19.3
2026-03-16T22:15:00Z,P1,0.969,19.4
2026-03-16T22:15:00Z,P2,3.207,19.4
2026-03-16T22:15:00Z,P3,0.908,19.4
2026-03-16T22:30:00Z,P1,1.605,19.0
2026-03-16T22:30:00Z,P2,2.932,19.0
2026-03-16T22:30:00Z,P3,2.131,19.0
2026-03-16T22:45:00Z,P1,1.623,19.0
2026-03-16T22:45:00Z,P2,3.024,19.0
2026-03-16T22:45:00Z,P3,2.229,19.0
2026-03-16T23:00:00Z,P1,1.452,18.9
2026-03-16T23:00:00Z,P2,2.210,18.9
2026-03-16T23:00:00Z,P3,0.349,18.9
2026-03-16T23:15:00Z,P1,1.980,19.0
2026-03-16T23:15:00Z,P2,2.447,19.0
2026-03-16T23:15:00Z,P3,0.292,19.0
2026-03-16T23:30:00Z,P1,1.761,19.2
2026-03-16T23:30:00Z,P2,2.715,19.2
2026-03-16T23:30:00Z,P3,1.637,19.2
2026-03-16T23:45:00Z,P1,1.553,18.8
2026-03-16T23:45:00Z,P2,4.588,18.8
2026-03-16T23:45:00Z,P3,2.162,18.8
2026-03-17T00:00:00Z,P1,1.631,18.3
2026-03-17T00:00:00Z,P2,4.564,18.3
2026-03-17T00:00:00Z,P3,1.568,18.3
2026-03-17T00:15:00Z,P1,1.563,18.8
2026-03-17T00:15:00Z,P2,2.803,18.8
2026-03-17T00:15:00Z,P3,0.350,18.8
2026-03-17T00:30:00Z,P1,1.594,18.7
2026-03-17T00:30:00Z,P2,2.341,18.7
2026-03-17T00:30:00Z,P3,0.290,18.7
2026-03-17T00:45:00Z,P1,1.556,18.8
2026-03-17T00:45:00Z,P2,0.289,18.8
2026-03-17T00:45:00Z,P3,1.559,18.8
2026-03-17T01:00:00Z,P1,1.648,18.6
2026-03-17T01:00:00Z,P2,2.062,18.6
2026-03-17T01:00:00Z,P3,2.127,18.6
2026-03-17T01:15:00Z,P1,1.566,18.6
2026-03-17T01:15:00Z,P2,4.543,18.6
2026-03-17T01:15:00Z,P3,1.240,18.6
2026-03-17T01:30:00Z,P1,0.424,18.3
2026-03-17T01:30:00Z,P2,2.518,18.3
2026-03-17T01:30:00Z,P3,0.366,18.3
2026-03-17T01:45:00Z,P1,0.318,18.9
2026-03-17T01:45:00Z,P2,0.316,18.9
2026-03-17T01:45:00Z,P3,0.378,18.9
2026-03-17T02:00:00Z,P1,1.352,18.7
2026-03-17T02:00:00Z,P2,2.360,18.7
2026-03-17T02:00:00Z,P3,2.113,18.7
2026-03-17T02:15:00Z,P1,1.592,18.5
2026-03-17T02:15:00Z,P2,1.467,18.5
2026-03-17T02:15:00Z,P3,2.216,18.5
2026-03-17T02:30:00Z,P1,1.882,18.6
2026-03-17T02:30:00Z,P2,2.232,18.6
2026-03-17T02:30:00Z,P3,1.203,18.6
2026-03-17T02:45:00Z,P1,2.479,18.7
2026-03-17T02:45:00Z,P2,4.603,18.7
2026-03-17T02:45:00Z,P3,0.318,18.7
2026-03-17T03:00:00Z,P1,2.456,18.5
2026-03-17T03:00:00Z,P2,2.748,18.5
2026-03-17T03:00:00Z,P3,0.339,18.5
2026-03-17T03:15:00Z,P1,3.129,19.0
2026-03-17T03:15:00Z,P2,0.334,19.0
2026-03-17T03:15:00Z,P3,2.066,19.0
2026-03-17T03:30:00Z,P1,3.712,19.1
2026-03-17T03:30:00Z,P2,2.006,19.1
2026-03-17T03:30:00Z,P3,2.166,19.1
2026-03-17T03:45:00Z,P1,3.763,19.0
2026-03-17T03:45:00Z,P2,2.783,19.0
2026-03-17T03:45:00Z,P3,2.115,19.0
2026-03-17T04:00:00Z,P1,2.601,18.6
2026-03-17T04:00:00Z,P2,2.586,18.6
2026-03-17T04:00:00Z,P3,1.824,18.6
2026-03-17T04:15:00Z,P1,0.334,18.8
2026-03-17T04:15:00Z,P2,3.472,18.8
2026-03-17T04:15:00Z,P3,2.334,18.8
2026-03-17T04:30:00Z,P1,0.763,18.9
2026-03-17T04:30:00Z,P2,2.439,18.9
2026-03-17T04:30:00Z,P3,3.631,18.9
2026-03-17T04:45:00Z,P1,1.620,19.0
2026-03-17T04:45:00Z,P2,0.793,19.0
2026-03-17T04:45:00Z,P3,3.661,19.0
2026-03-17T05:00:00Z,P1,1.595,18.6
2026-03-17T05:00:00Z,P2,0.484,18.6
2026-03-17T05:00:00Z,P3,1.638,18.6
2026-03-17T05:15:00Z,P1,1.243,19.0
2026-03-17T05:15:00Z,P2,4.365,19.0
2026-03-17T05:15:00Z,P3,0.380,19.0
2026-03-17T05:30:00Z,P1,0.270,19.2
2026-03-17T05:30:00Z,P2,3.643,19.2
2026-03-17T05:30:00Z,P3,1.301,19.2
2026-03-17T05:45:00Z,P1,0.477,19.6
2026-03-17T05:45:00Z,P2,1.356,19.6
2026-03-17T05:45:00Z,P3,2.185,19.6
2026-03-17T06:00:00Z,P1,1.608,19.4
2026-03-17T06:00:00Z,P2,2.087,19.4
2026-03-17T06:00:00Z,P3,1.810,19.4
2026-03-17T06:15:00Z,P1,1.607,19.3
2026-03-17T06:15:00Z,P2,2.158,19.3
2026-03-17T06:15:00Z,P3,0.344,19.3
2026-03-17T06:30:00Z,P1,1.595,19.2
2026-03-17T06:30:00Z,P2,0.803,19.2
2026-03-17T06:30:00Z,P3,0.378,19.2
2026-03-17T06:45:00Z,P1,0.539,19.3
2026-03-17T06:45:00Z,P2,3.621,19.3
2026-03-17T06:45:00Z,P3,1.806,19.3
2026-03-17T07:00:00Z,P1,0.383,20.0
2026-03-17T07:00:00Z,P2,4.517,20.0
2026-03-17T07:00:00Z,P3,2.138,20.0
2026-03-17T07:15:00Z,P1,1.010,19.6
2026-03-17T07:15:00Z,P2,3.367,19.6
2026-03-17T07:15:00Z,P3,1.302,19.6
2026-03-17T07:30:00Z,P1,1.268,20.0
2026-03-17T07:30:00Z,P2,2.910,20.0
2026-03-17T07:30:00Z,P3,0.322,20.0
2026-03-17T07:45:00Z,P1,1.607,20.0
2026-03-17T07:45:00Z,P2,2.384,20.0
2026-03-17T07:45:00Z,P3,2.018,20.0
2026-03-17T08:00:00Z,P1,1.557,20.1
2026-03-17T08:00:00Z,P2,2.159,20.1
2026-03-17T08:00:00Z,P3,2.215,20.1
2026-03-17T08:15:00Z,P1,3.007,20.6
2026-03-17T08:15:00Z,P2,1.961,20.6
2026-03-17T08:15:00Z,P3,1.684,20.6
2026-03-17T08:30:00Z,P1,3.678,19.9
2026-03-17T08:30:00Z,P2,4.591,19.9
2026-03-17T08:30:00Z,P3,0.295,19.9
2026-03-17T08:45:00Z,P1,3.737,20.4
2026-03-17T08:45:00Z,P2,4.571,20.4
2026-03-17T08:45:00Z,P3,0.503,20.4
2026-03-17T09:00:00Z,P1,3.722,20.7
2026-03-17T09:00:00Z,P2,2.881,20.7
2026-03-17T09:00:00Z,P3,3.649,20.7
2026-03-17T09:15:00Z,P1,2.802,21.0
2026-03-17T09:15:00Z,P2,0.321,21.0
2026-03-17T09:15:00Z,P3,3.618,21.0
2026-03-17T09:30:00Z,P1,2.458,20.9
2026-03-17T09:30:00Z,P2,2.107,20.9
2026-03-17T09:30:00Z,P3,3.164,20.9
2026-03-17T09:45:00Z,P1,3.039,20.8
2026-03-17T09:45:00Z,P2,2.578,20.8
2026-03-17T09:45:00Z,P3,1.810,20.8
2026-03-17T10:00:00Z,P1,3.742,20.7
2026-03-17T10:00:00Z,P2,2.543,20.7
2026-03-17T10:00:00Z,P3,2.433,20.7
2026-03-17T10:15:00Z,P1,3.733,21.3
2026-03-17T10:15:00Z,P2,3.907,21.3
2026-03-17T10:15:00Z,P3,2.808,21.3
2026-03-17T10:30:00Z,P1,3.689,21.0
2026-03-17T10:30:00Z,P2,4.006,21.0
2026-03-17T10:30:00Z,P3,2.149,21.0
2026-03-17T10:45:00Z,P1,2.070,21.2
2026-03-17T10:45:00Z,P2,0.352,21.2
2026-03-17T10:45:00Z,P3,1.901,21.2
2026-03-17T11:00:00Z,P1,0.397,21.2
2026-03-17T11:00:00Z,P2,1.467,21.2
2026-03-17T11:00:00Z,P3,1.930,21.2
2026-03-17T11:15:00Z,P1,0.376,21.8
2026-03-17T11:15:00Z,P2,2.564,21.8
2026-03-17T11:15:00Z,P3,1.063,21.8
2026-03-17T11:30:00Z,P1,1.513,21.2
2026-03-17T11:30:00Z,P2,3.241,21.2
2026-03-17T11:30:00Z,P3,0.311,21.2
2026-03-17T11:45:00Z,P1,1.610,21.3
2026-03-17T11:45:00Z,P2,2.950,21.3
2026-03-17T11:45:00Z,P3,1.096,21.3
2026-03-17T12:00:00Z,P1,1.617,21.4
2026-03-17T12:00:00Z,P2,3.265,21.4
2026-03-17T12:00:00Z,P3,2.167,21.4
2026-03-17T12:15:00Z,P1,0.559,21.8
2026-03-17T12:15:00Z,P2,1.730,21.8
2026-03-17T12:15:00Z,P3,2.150,21.8
2026-03-17T12:30:00Z,P1,0.335,21.9
2026-03-17T12:30:00Z,P2,0.300,21.9
2026-03-17T12:30:00Z,P3,1.081,21.9
2026-03-17T12:45:00Z,P1,0.967,21.8
2026-03-17T12:45:00Z,P2,4.145,21.8
2026-03-17T12:45:00Z,P3,0.338,21.8
2026-03-17T13:00:00Z,P1,1.596,22.1
2026-03-17T13:00:00Z,P2,4.025,22.1
2026-03-17T13:00:00Z,P3,0.971,22.1
2026-03-17T13:15:00Z,P1,1.579,21.6
2026-03-17T13:15:00Z,P2,1.399,21.6
2026-03-17T13:15:00Z,P3,2.167,21.6
2026-03-17T13:30:00Z,P1,1.153,21.8
2026-03-17T13:30:00Z,P2,1.413,21.8
2026-03-17T13:30:00Z,P3,2.133,21.8
2026-03-17T13:45:00Z,P1,0.386,21.8
2026-03-17T13:45:00Z,P2,2.335,21.8
2026-03-17T13:45:00Z,P3,0.473,21.8
2026-03-17T14:00:00Z,P1,0.521,21.7
2026-03-17T14:00:00Z,P2,2.193,21.7
2026-03-17T14:00:00Z,P3,0.407,21.7
2026-03-17T14:15:00Z,P1,2.056,21.8
2026-03-17T14:15:00Z,P2,3.088,21.8
2026-03-17T14:15:00Z,P3,1.182,21.8
2026-03-17T14:30:00Z,P1,3.702,21.6
2026-03-17T14:30:00Z,P2,4.559,21.6
2026-03-17T14:30:00Z,P3,2.215,21.6
2026-03-17T14:45:00Z,P1,3.612,21.7
2026-03-17T14:45:00Z,P2,3.463,21.7
2026-03-17T14:45:00Z,P3,2.072,21.7
2026-03-17T15:00:00Z,P1,2.495,22.1
2026-03-17T15:00:00Z,P2,1.356,22.1
2026-03-17T15:00:00Z,P3,0.379,22.1
2026-03-17T15:15:00Z,P1,2.517,21.8
2026-03-17T15:15:00Z,P2,2.378,21.8
2026-03-17T15:15:00Z,P3,0.303,21.8
2026-03-17T15:30:00Z,P1,3.388,21.6
2026-03-17T15:30:00Z,P2,2.340,21.6
2026-03-17T15:30:00Z,P3,1.914,21.6
2026-03-17T15:45:00Z,P1,3.700,21.4
2026-03-17T15:45:00Z,P2,2.078,21.4
2026-03-17T15:45:00Z,P3,2.172,21.4
2026-03-17T16:00:00Z,P1,3.686,21.5
2026-03-17T16:00:00Z,P2,3.166,21.5
2026-03-17T16:00:00Z,P3,2.084,21.5
2026-03-17T16:15:00Z,P1,2.839,21.2
2026-03-17T16:15:00Z,P2,3.228,21.2
2026-03-17T16:15:00Z,P3,2.504,21.2
2026-03-17T16:30:00Z,P1,2.473,21.3
2026-03-17T16:30:00Z,P2,2.043,21.3
2026-03-17T16:30:00Z,P3,3.586,21.3
2026-03-17T16:45:00Z,P1,1.189,21.6
2026-03-17T16:45:00Z,P2,2.281,21.6
2026-03-17T16:45:00Z,P3,3.649,21.6
2026-03-17T17:00:00Z,P1,3.153,21.4
2026-03-17T17:00:00Z,P2,4.515,21.4
2026-03-17T17:00:00Z,P3,3.673,21.4
2026-03-17T17:15:00Z,P1,3.259,21.2
2026-03-17T17:15:00Z,P2,4.119,21.2
2026-03-17T17:15:00Z,P3,3.639,21.2
2026-03-17T17:30:00Z,P1,3.215,21.6
2026-03-17T17:30:00Z,P2,4.133,21.6
2026-03-17T17:30:00Z,P3,3.671,21.6
2026-03-17T17:45:00Z,P1,2.462,21.1
2026-03-17T17:45:00Z,P2,4.318,21.1
2026-03-17T17:45:00Z,P3,3.637,21.1
2026-03-17T18:00:00Z,P1,2.869,20.9
2026-03-17T18:00:00Z,P2,4.615,20.9
2026-03-17T18:00:00Z,P3,1.580,20.9
2026-03-17T18:15:00Z,P1,3.702,20.6
2026-03-17T18:15:00Z,P2,4.601,20.6
2026-03-17T18:15:00Z,P3,0.399,20.6
2026-03-17T18:30:00Z,P1,3.750,21.0
2026-03-17T18:30:00Z,P2,4.578,21.0
2026-03-17T18:30:00Z,P3,0.487,21.0
2026-03-17T18:45:00Z,P1,3.316,20.7
2026-03-17T18:45:00Z,P2,3.146,20.7
2026-03-17T18:45:00Z,P3,2.199,20.7
2026-03-17T19:00:00Z,P1,2.479,20.7
2026-03-17T19:00:00Z,P2,2.374,20.7
2026-03-17T19:00:00Z,P3,2.155,20.7
2026-03-17T19:15:00Z,P1,2.588,20.5
2026-03-17T19:15:00Z,P2,2.353,20.5
2026-03-17T19:15:00Z,P3,0.587,20.5
2026-03-17T19:30:00Z,P1,3.709,20.5
2026-03-17T19:30:00Z,P2,1.631,20.5
2026-03-17T19:30:00Z,P3,0.308,20.5
2026-03-17T19:45:00Z,P1,3.730,20.1
2026-03-17T19:45:00Z,P2,3.198,20.1
2026-03-17T19:45:00Z,P3,1.676,20.1
2026-03-17T20:00:00Z,P1,3.177,20.1
2026-03-17T20:00:00Z,P2,4.580,20.1
2026-03-17T20:00:00Z,P3,2.151,20.1
2026-03-17T20:15:00Z,P1,2.535,20.2
2026-03-17T20:15:00Z,P2,2.144,20.2
2026-03-17T20:15:00Z,P3,2.193,20.2
2026-03-17T20:30:00Z,P1,2.467,19.8
2026-03-17T20:30:00Z,P2,0.327,19.8
2026-03-17T20:30:00Z,P3,0.858,19.8
2026-03-17T20:45:00Z,P1,3.462,20.0
2026-03-17T20:45:00Z,P2,1.995,20.0
2026-03-17T20:45:00Z,P3,0.344,20.0
2026-03-17T21:00:00Z,P1,3.779,20.1
2026-03-17T21:00:00Z,P2,3.364,20.1
2026-03-17T21:00:00Z,P3,0.894,20.1
2026-03-17T21:15:00Z,P1,3.445,19.7
2026-03-17T21:15:00Z,P2,2.576,19.7
2026-03-17T21:15:00Z,P3,2.188,19.7
2026-03-17T21:30:00Z,P1,0.320,19.8
2026-03-17T21:30:00Z,P2,2.646,19.8
2026-03-17T21:30:00Z,P3,1.902,19.8
2026-03-17T21:45:00Z,P1,0.323,19.4
2026-03-17T21:45:00Z,P2,2.374,19.4
2026-03-17T21:45:00Z,P3,0.359,19.4
2026-03-17T22:00:00Z,P1,1.451,19.5
2026-03-17T22:00:00Z,P2,0.905,19.5
2026-03-17T22:00:00Z,P3,0.395,19.5
2026-03-17T22:15:00Z,P1,1.561,19.3
2026-03-17T22:15:00Z,P2,0.650,19.3
2026-03-17T22:15:00Z,P3,1.502,19.3
2026-03-17T22:30:00Z,P1,1.735,19.2
2026-03-17T22:30:00Z,P2,4.058,19.2
2026-03-17T22:30:00Z,P3,2.173,19.2
2026-03-17T22:45:00Z,P1,1.947,19.0
2026-03-17T22:45:00Z,P2,3.968,19.0
2026-03-17T22:45:00Z,P3,1.072,19.0
2026-03-17T23:00:00Z,P1,1.817,19.3
2026-03-17T23:00:00Z,P2,0.344,19.3
2026-03-17T23:00:00Z,P3,0.321,19.3
2026-03-17T23:15:00Z,P1,1.599,19.1
2026-03-17T23:15:00Z,P2,1.459,19.1
2026-03-17T23:15:00Z,P3,0.702,19.1
2026-03-17T23:30:00Z,P1,1.582,18.9
2026-03-17T23:30:00Z,P2,2.116,18.9
2026-03-17T23:30:00Z,P3,2.173,18.9
2026-03-17T23:45:00Z,P1,1.619,18.9
2026-03-17T23:45:00Z,P2,1.981,18.9
2026-03-17T23:45:00Z,P3,2.171,18.9
2026-03-18T00:00:00Z,P1,1.605,18.8
2026-03-18T00:00:00Z,P2,3.998,18.8
2026-03-18T00:00:00Z,P3,0.658,18.8
2026-03-18T00:15:00Z,P1,1.561,19.1
2026-03-18T00:15:00Z,P2,2.571,19.1
2026-03-18T00:15:00Z,P3,0.394,19.1
2026-03-18T00:30:00Z,P1,1.625,18.4
2026-03-18T00:30:00Z,P2,0.322,18.4
2026-03-18T00:30:00Z,P3,0.521,18.4
2026-03-18T00:45:00Z,P1,1.559,18.6
2026-03-18T00:45:00Z,P2,1.700,18.6
2026-03-18T00:45:00Z,P3,2.171,18.6
2026-03-18T01:00:00Z,P1,0.469,18.6
2026-03-18T01:00:00Z,P2,3.951,18.6
2026-03-18T01:00:00Z,P3,2.173,18.6
2026-03-18T01:15:00Z,P1,0.320,18.5
2026-03-18T01:15:00Z,P2,2.623,18.5
2026-03-18T01:15:00Z,P3,0.719,18.5
2026-03-18T01:30:00Z,P1,1.171,18.8
2026-03-18T01:30:00Z,P2,1.882,18.8
2026-03-18T01:30:00Z,P3,0.290,18.8
2026-03-18T01:45:00Z,P1,1.635,18.6
2026-03-18T01:45:00Z,P2,2.434,18.6
2026-03-18T01:45:00Z,P3,0.862,18.6
2026-03-18T02:00:00Z,P1,1.606,18.5
2026-03-18T02:00:00Z,P2,0.886,18.5
2026-03-18T02:00:00Z,P3,2.434,18.5
2026-03-18T02:15:00Z,P1,0.673,18.7
2026-03-18T02:15:00Z,P2,0.867,18.7
2026-03-18T02:15:00Z,P3,3.551,18.7
2026-03-18T02:30:00Z,P1,0.381,18.8
2026-03-18T02:30:00Z,P2,4.596,18.8
2026-03-18T02:30:00Z,P3,1.810,18.8
2026-03-18T02:45:00Z,P1,0.900,18.8
2026-03-18T02:45:00Z,P2,4.040,18.8
2026-03-18T02:45:00Z,P3,1.780,18.8
2026-03-18T03:00:00Z,P1,1.637,18.6
2026-03-18T03:00:00Z,P2,1.088,18.6
2026-03-18T03:00:00Z,P3,2.813,18.6
2026-03-18T03:15:00Z,P1,1.591,18.5
2026-03-18T03:15:00Z,P2,1.430,18.5
2026-03-18T03:15:00Z,P3,3.649,18.5
2026-03-18T03:30:00Z,P1,0.879,18.8
2026-03-18T03:30:00Z,P2,2.394,18.8
2026-03-18T03:30:00Z,P3,3.054,18.8
2026-03-18T03:45:00Z,P1,0.358,18.9
2026-03-18T03:45:00Z,P2,1.546,18.9
2026-03-18T03:45:00Z,P3,1.434,18.9
2026-03-18T04:00:00Z,P1,0.794,18.9
2026-03-18T04:00:00Z,P2,3.241,18.9
2026-03-18T04:00:00Z,P3,0.476,18.9
2026-03-18T04:15:00Z,P1,1.607,19.0
2026-03-18T04:15:00Z,P2,3.967,19.0
2026-03-18T04:15:00Z,P3,2.200,19.0
2026-03-18T04:30:00Z,P1,1.615,19.0
2026-03-18T04:30:00Z,P2,0.566,19.0
2026-03-18T04:30:00Z,P3,2.140,19.0
2026-03-18T04:45:00Z,P1,1.577,19.0
2026-03-18T04:45:00Z,P2,1.012,19.0
2026-03-18T04:45:00Z,P3,0.863,19.0
2026-03-18T05:00:00Z,P1,0.343,18.9
2026-03-18T05:00:00Z,P2,2.365,18.9
2026-03-18T05:00:00Z,P3,0.339,18.9
2026-03-18T05:15:00Z,P1,0.270,18.8
2026-03-18T05:15:00Z,P2,1.309,18.8
2026-03-18T05:15:00Z,P3,0.715,18.8
2026-03-18T05:30:00Z,P1,1.442,19.5
2026-03-18T05:30:00Z,P2,2.796,19.5
2026-03-18T05:30:00Z,P3,2.180,19.5
2026-03-18T05:45:00Z,P1,3.457,20.0
2026-03-18T05:45:00Z,P2,4.554,20.0
2026-03-18T05:45:00Z,P3,2.202,20.0
2026-03-18T06:00:00Z,P1,3.702,19.8
2026-03-18T06:00:00Z,P2,1.187,19.8
2026-03-18T06:00:00Z,P3,0.936,19.8
2026-03-18T06:15:00Z,P1,2.755,19.6
2026-03-18T06:15:00Z,P2,0.437,19.6
2026-03-18T06:15:00Z,P3,0.371,19.6
2026-03-18T06:30:00Z,P1,2.436,19.6
2026-03-18T06:30:00Z,P2,2.448,19.6
2026-03-18T06:30:00Z,P3,0.974,19.6
2026-03-18T06:45:00Z,P1,3.406,19.9
2026-03-18T06:45:00Z,P2,2.068,19.9
2026-03-18T06:45:00Z,P3,2.190,19.9
2026-03-18T07:00:00Z,P1,3.720,19.6
2026-03-18T07:00:00Z,P2,3.112,19.6
2026-03-18T07:00:00Z,P3,1.952,19.6
2026-03-18T07:15:00Z,P1,3.764,20.2
2026-03-18T07:15:00Z,P2,4.554,20.2
2026-03-18T07:15:00Z,P3,0.339,20.2
2026-03-18T07:30:00Z,P1,3.411,20.2
2026-03-18T07:30:00Z,P2,3.291,20.2
2026-03-18T07:30:00Z,P3,0.339,20.2
2026-03-18T07:45:00Z,P1,1.366,20.0
2026-03-18T07:45:00Z,P2,0.334,20.0
2026-03-18T07:45:00Z,P3,1.614,20.0
2026-03-18T08:00:00Z,P1,0.530,20.5
2026-03-18T08:00:00Z,P2,1.461,20.5
2026-03-18T08:00:00Z,P3,2.133,20.5
2026-03-18T08:15:00Z,P1,1.614,20.3
2026-03-18T08:15:00Z,P2,2.547,20.3
2026-03-18T08:15:00Z,P3,1.303,20.3
2026-03-18T08:30:00Z,P1,1.568,20.5
2026-03-18T08:30:00Z,P2,2.357,20.5
2026-03-18T08:30:00Z,P3,0.356,20.5
2026-03-18T08:45:00Z,P1,1.600,20.7
2026-03-18T08:45:00Z,P2,3.170,20.7
2026-03-18T08:45:00Z,P3,0.506,20.7
2026-03-18T09:00:00Z,P1,0.361,21.0
2026-03-18T09:00:00Z,P2,4.578,21.0
2026-03-18T09:00:00Z,P3,2.120,21.0
2026-03-18T09:15:00Z,P1,0.305,20.9
2026-03-18T09:15:00Z,P2,3.360,20.9
2026-03-18T09:15:00Z,P3,2.164,20.9
2026-03-18T09:30:00Z,P1,1.332,20.7
2026-03-18T09:30:00Z,P2,2.077,20.7
2026-03-18T09:30:00Z,P3,0.860,20.7
2026-03-18T09:45:00Z,P1,1.613,20.7
2026-03-18T09:45:00Z,P2,2.334,20.7
2026-03-18T09:45:00Z,P3,0.316,20.7
2026-03-18T10:00:00Z,P1,1.612,21.4
2026-03-18T10:00:00Z,P2,2.354,21.4
2026-03-18T10:00:00Z,P3,1.811,21.4
2026-03-18T10:15:00Z,P1,0.656,21.1
2026-03-18T10:15:00Z,P2,0.735,21.1
2026-03-18T10:15:00Z,P3,1.242,21.1
2026-03-18T10:30:00Z,P1,1.025,21.3
2026-03-18T10:30:00Z,P2,2.365,21.3
2026-03-18T10:30:00Z,P3,2.149,21.3
2026-03-18T10:45:00Z,P1,1.619,21.5
2026-03-18T10:45:00Z,P2,4.552,21.5
2026-03-18T10:45:00Z,P3,3.584,21.5
2026-03-18T11:00:00Z,P1,3.509,21.4
2026-03-18T11:00:00Z,P2,4.609,21.4
2026-03-18T11:00:00Z,P3,3.571,21.4
2026-03-18T11:15:00Z,P1,3.415,21.4
2026-03-18T11:15:00Z,P2,1.938,21.4
2026-03-18T11:15:00Z,P3,3.676,21.4
2026-03-18T11:30:00Z,P1,2.464,21.3
2026-03-18T11:30:00Z,P2,1.292,21.3
2026-03-18T11:30:00Z,P3,1.842,21.3
2026-03-18T11:45:00Z,P1,2.921,22.0
2026-03-18T11:45:00Z,P2,2.376,22.0
2026-03-18T11:45:00Z,P3,1.831,22.0
2026-03-18T12:00:00Z,P1,3.193,22.1
2026-03-18T12:00:00Z,P2,1.393,22.1
2026-03-18T12:00:00Z,P3,2.734,22.1
2026-03-18T12:15:00Z,P1,3.732,21.6
2026-03-18T12:15:00Z,P2,4.205,21.6
2026-03-18T12:15:00Z,P3,3.591,21.6
2026-03-18T12:30:00Z,P1,3.577,21.7
2026-03-18T12:30:00Z,P2,4.592,21.7
2026-03-18T12:30:00Z,P3,2.420,21.7
2026-03-18T12:45:00Z,P1,2.437,21.9
2026-03-18T12:45:00Z,P2,1.237,21.9
2026-03-18T12:45:00Z,P3,0.933,21.9
2026-03-18T13:00:00Z,P1,2.468,22.0
2026-03-18T13:00:00Z,P2,1.203,22.0
2026-03-18T13:00:00Z,P3,0.288,22.0
2026-03-18T13:15:00Z,P1,3.777,22.0
2026-03-18T13:15:00Z,P2,2.375,22.0
2026-03-18T13:15:00Z,P3,1.095,22.0
2026-03-18T13:30:00Z,P1,2.328,21.8
2026-03-18T13:30:00Z,P2,2.367,21.8
2026-03-18T13:30:00Z,P3,2.212,21.8
2026-03-18T13:45:00Z,P1,1.125,21.9
2026-03-18T13:45:00Z,P2,2.541,21.9
2026-03-18T13:45:00Z,P3,2.214,21.9
2026-03-18T14:00:00Z,P1,0.342,21.7
2026-03-18T14:00:00Z,P2,4.533,21.7
2026-03-18T14:00:00Z,P3,0.437,21.7
2026-03-18T14:15:00Z,P1,0.911,21.6
2026-03-18T14:15:00Z,P2,2.346,21.6
2026-03-18T14:15:00Z,P3,0.399,21.6
2026-03-18T14:30:00Z,P1,1.585,21.4
2026-03-18T14:30:00Z,P2,0.296,21.4
2026-03-18T14:30:00Z,P3,1.401,21.4
2026-03-18T14:45:00Z,P1,1.577,22.1
2026-03-18T14:45:00Z,P2,2.399,22.1
2026-03-18T14:45:00Z,P3,2.151,22.1
2026-03-18T15:00:00Z,P1,1.407,21.9
2026-03-18T15:00:00Z,P2,4.247,21.9
2026-03-18T15:00:00Z,P3,2.208,21.9
2026-03-18T15:15:00Z,P1,0.292,21.7
2026-03-18T15:15:00Z,P2,2.499,21.7
2026-03-18T15:15:00Z,P3,2.160,21.7
2026-03-18T15:30:00Z,P1,0.390,21.8
2026-03-18T15:30:00Z,P2,2.575,21.8
2026-03-18T15:30:00Z,P3,0.352,21.8
2026-03-18T15:45:00Z,P1,1.572,21.7
2026-03-18T15:45:00Z,P2,2.287,21.7
2026-03-18T15:45:00Z,P3,0.323,21.7
2026-03-18T16:00:00Z,P1,1.560,21.8
2026-03-18T16:00:00Z,P2,0.283,21.8
2026-03-18T16:00:00Z,P3,1.677,21.8
2026-03-18T16:15:00Z,P1,1.544,21.5
2026-03-18T16:15:00Z,P2,2.283,21.5
2026-03-18T16:15:00Z,P3,1.986,21.5
2026-03-18T16:30:00Z,P1,2.553,21.4
2026-03-18T16:30:00Z,P2,4.563,21.4
2026-03-18T16:30:00Z,P3,3.280,21.4
2026-03-18T16:45:00Z,P1,2.491,21.5
2026-03-18T16:45:00Z,P2,2.796,21.5
2026-03-18T16:45:00Z,P3,3.816,21.5
2026-03-18T17:00:00Z,P1,2.933,21.5
2026-03-18T17:00:00Z,P2,2.167,21.5
2026-03-18T17:00:00Z,P3,3.645,21.5
2026-03-18T17:15:00Z,P1,3.689,21.6
2026-03-18T17:15:00Z,P2,4.005,21.6
2026-03-18T17:15:00Z,P3,3.612,21.6
2026-03-18T17:30:00Z,P1,3.756,21.6
2026-03-18T17:30:00Z,P2,4.153,21.6
2026-03-18T17:30:00Z,P3,3.710,21.6
2026-03-18T17:45:00Z,P1,3.699,21.0
2026-03-18T17:45:00Z,P2,4.302,21.0
2026-03-18T17:45:00Z,P3,3.606,21.0
2026-03-18T18:00:00Z,P1,2.657,21.1
2026-03-18T18:00:00Z,P2,4.521,21.1
2026-03-18T18:00:00Z,P3,3.670,21.1
2026-03-18T18:15:00Z,P1,0.572,20.9
2026-03-18T18:15:00Z,P2,4.594,20.9
2026-03-18T18:15:00Z,P3,3.598,20.9
2026-03-18T18:30:00Z,P1,1.185,20.6
2026-03-18T18:30:00Z,P2,4.565,20.6
2026-03-18T18:30:00Z,P3,1.836,20.6
2026-03-18T18:45:00Z,P1,1.620,20.6
2026-03-18T18:45:00Z,P2,4.586,20.6
2026-03-18T18:45:00Z,P3,1.850,20.6
2026-03-18T19:00:00Z,P1,1.568,20.9
2026-03-18T19:00:00Z,P2,4.179,20.9
2026-03-18T19:00:00Z,P3,3.326,20.9
2026-03-18T19:15:00Z,P1,1.327,20.5
2026-03-18T19:15:00Z,P2,2.403,20.5
2026-03-18T19:15:00Z,P3,3.605,20.5
2026-03-18T19:30:00Z,P1,0.360,20.5
2026-03-18T19:30:00Z,P2,1.552,20.5
2026-03-18T19:30:00Z,P3,2.767,20.5
2026-03-18T19:45:00Z,P1,0.518,20.6
2026-03-18T19:45:00Z,P2,1.049,20.6
2026-03-18T19:45:00Z,P3,1.811,20.6
2026-03-18T20:00:00Z,P1,1.602,20.4
2026-03-18T20:00:00Z,P2,4.540,20.4
2026-03-18T20:00:00Z,P3,2.098,20.4
2026-03-18T20:15:00Z,P1,1.619,20.4
2026-03-18T20:15:00Z,P2,3.870,20.4
2026-03-18T20:15:00Z,P3,3.685,20.4
2026-03-18T20:30:00Z,P1,0.984,20.0
2026-03-18T20:30:00Z,P2,0.363,20.0
2026-03-18T20:30:00Z,P3,3.682,20.0
2026-03-18T20:45:00Z,P1,0.346,20.0
2026-03-18T20:45:00Z,P2,1.716,20.0
2026-03-18T20:45:00Z,P3,3.078,20.0
2026-03-18T21:00:00Z,P1,1.102,20.1
2026-03-18T21:00:00Z,P2,2.370,20.1
2026-03-18T21:00:00Z,P3,1.868,20.1
2026-03-18T21:15:00Z,P1,1.621,19.5
2026-03-18T21:15:00Z,P2,2.762,19.5
2026-03-18T21:15:00Z,P3,1.540,19.5
2026-03-18T21:30:00Z,P1,1.586,19.9
2026-03-18T21:30:00Z,P2,3.197,19.9
2026-03-18T21:30:00Z,P3,2.190,19.9
2026-03-18T21:45:00Z,P1,1.255,20.0
2026-03-18T21:45:00Z,P2,4.393,20.0
2026-03-18T21:45:00Z,P3,2.165,20.0
2026-03-18T22:00:00Z,P1,0.348,19.3
2026-03-18T22:00:00Z,P2,0.841,19.3
2026-03-18T22:00:00Z,P3,0.336,19.3
2026-03-18T22:15:00Z,P1,0.449,19.2
2026-03-18T22:15:00Z,P2,0.569,19.2
2026-03-18T22:15:00Z,P3,0.341,19.2
2026-03-18T22:30:00Z,P1,2.017,19.5
2026-03-18T22:30:00Z,P2,2.383,19.5
2026-03-18T22:30:00Z,P3,1.335,19.5
2026-03-18T22:45:00Z,P1,3.300,19.3
2026-03-18T22:45:00Z,P2,2.776,19.3
2026-03-18T22:45:00Z,P3,2.159,19.3
2026-03-18T23:00:00Z,P1,3.614,19.5
2026-03-18T23:00:00Z,P2,2.955,19.5
2026-03-18T23:00:00Z,P3,1.455,19.5
2026-03-18T23:15:00Z,P1,4.101,19.2
2026-03-18T23:15:00Z,P2,3.718,19.2
2026-03-18T23:15:00Z,P3,0.279,19.2
2026-03-18T23:30:00Z,P1,3.814,19.1
2026-03-18T23:30:00Z,P2,1.007,19.1
2026-03-18T23:30:00Z,P3,0.728,19.1
2026-03-18T23:45:00Z,P1,3.734,19.6
2026-03-18T23:45:00Z,P2,0.312,19.6
2026-03-18T23:45:00Z,P3,2.173,19.6
2026-03-19T00:00:00Z,P1,3.771,18.9
2026-03-19T00:00:00Z,P2,2.847,18.9
2026-03-19T00:00:00Z,P3,2.113,18.9
2026-03-19T00:15:00Z,P1,3.750,18.8
2026-03-19T00:15:00Z,P2,3.905,18.8
2026-03-19T00:15:00Z,P3,0.589,18.8
2026-03-19T00:30:00Z,P1,3.759,19.0
2026-03-19T00:30:00Z,P2,2.392,19.0
2026-03-19T00:30:00Z,P3,0.376,19.0
2026-03-19T00:45:00Z,P1,3.774,18.4
2026-03-19T00:45:00Z,P2,1.646,18.4
2026-03-19T00:45:00Z,P3,0.799,18.4
2026-03-19T01:00:00Z,P1,3.727,18.8
2026-03-19T01:00:00Z,P2,2.439,18.8
2026-03-19T01:00:00Z,P3,2.183,18.8
2026-03-19T01:15:00Z,P1,3.772,18.7
2026-03-19T01:15:00Z,P2,0.634,18.7
2026-03-19T01:15:00Z,P3,2.171,18.7
2026-03-19T01:30:00Z,P1,2.794,18.8
2026-03-19T01:30:00Z,P2,2.097,18.8
2026-03-19T01:30:00Z,P3,0.603,18.8
2026-03-19T01:45:00Z,P1,2.433,18.9
2026-03-19T01:45:00Z,P2,4.594,18.9
2026-03-19T01:45:00Z,P3,0.325,18.9
2026-03-19T02:00:00Z,P1,3.326,19.0
2026-03-19T02:00:00Z,P2,2.470,19.0
2026-03-19T02:00:00Z,P3,1.073,19.0
2026-03-19T02:15:00Z,P1,3.713,18.7
2026-03-19T02:15:00Z,P2,0.349,18.7
2026-03-19T02:15:00Z,P3,2.173,18.7
2026-03-19T02:30:00Z,P1,3.486,18.7
2026-03-19T02:30:00Z,P2,1.741,18.7
2026-03-19T02:30:00Z,P3,2.043,18.7
2026-03-19T02:45:00Z,P1,0.971,18.8
2026-03-19T02:45:00Z,P2,3.613,18.8
2026-03-19T02:45:00Z,P3,0.363,18.8
2026-03-19T03:00:00Z,P1,0.314,18.8
2026-03-19T03:00:00Z,P2,2.478,18.8
2026-03-19T03:00:00Z,P3,0.316,18.8
2026-03-19T03:15:00Z,P1,1.431,19.1
2026-03-19T03:15:00Z,P2,2.331,19.1
2026-03-19T03:15:00Z,P3,1.459,19.1
2026-03-19T03:30:00Z,P1,1.600,18.7
2026-03-19T03:30:00Z,P2,2.405,18.7
2026-03-19T03:30:00Z,P3,2.181,18.7
2026-03-19T03:45:00Z,P1,1.565,18.9
2026-03-19T03:45:00Z,P2,1.408,18.9
2026-03-19T03:45:00Z,P3,1.468,18.9
2026-03-19T04:00:00Z,P1,0.450,18.7
2026-03-19T04:00:00Z,P2,0.381,18.7
2026-03-19T04:00:00Z,P3,0.352,18.7
2026-03-19T04:15:00Z,P1,0.358,19.0
2026-03-19T04:15:00Z,P2,3.224,19.0
2026-03-19T04:15:00Z,P3,0.518,19.0
2026-03-19T04:30:00Z,P1,0.847,19.2
2026-03-19T04:30:00Z,P2,4.573,19.2
2026-03-19T04:30:00Z,P3,2.109,19.2
2026-03-19T04:45:00Z,P1,1.634,19.4
2026-03-19T04:45:00Z,P2,1.221,19.4
2026-03-19T04:45:00Z,P3,2.133,19.4
2026-03-19T05:00:00Z,P1,1.614,19.2
2026-03-19T05:00:00Z,P2,0.873,19.2
2026-03-19T05:00:00Z,P3,0.848,19.2
2026-03-19T05:15:00Z,P1,1.048,19.5
2026-03-19T05:15:00Z,P2,2.420,19.5
2026-03-19T05:15:00Z,P3,0.277,19.5
2026-03-19T05:30:00Z,P1,0.355,19.7
2026-03-19T05:30:00Z,P2,2.037,19.7
2026-03-19T05:30:00Z,P3,0.928,19.7
2026-03-19T05:45:00Z,P1,0.711,19.6
2026-03-19T05:45:00Z,P2,2.495,19.6
2026-03-19T05:45:00Z,P3,2.136,19.6
2026-03-19T06:00:00Z,P1,1.601,19.3
2026-03-19T06:00:00Z,P2,3.349,19.3
2026-03-19T06:00:00Z,P3,1.539,19.3
2026-03-19T06:15:00Z,P1,1.573,19.4
2026-03-19T06:15:00Z,P2,2.840,19.4
2026-03-19T06:15:00Z,P3,0.434,19.4
2026-03-19T06:30:00Z,P1,1.271,19.9
2026-03-19T06:30:00Z,P2,0.805,19.9
2026-03-19T06:30:00Z,P3,0.378,19.9
2026-03-19T06:45:00Z,P1,0.352,19.8
2026-03-19T06:45:00Z,P2,1.215,19.8
2026-03-19T06:45:00Z,P3,1.999,19.8
2026-03-19T07:00:00Z,P1,0.331,20.3
2026-03-19T07:00:00Z,P2,3.462,20.3
2026-03-19T07:00:00Z,P3,2.209,20.3
2026-03-19T07:15:00Z,P1,1.418,20.2
2026-03-19T07:15:00Z,P2,3.618,20.2
2026-03-19T07:15:00Z,P3,1.225,20.2
2026-03-19T07:30:00Z,P1,1.632,20.6
2026-03-19T07:30:00Z,P2,2.660,20.6
2026-03-19T07:30:00Z,P3,0.389,20.6
2026-03-19T07:45:00Z,P1,1.602,20.3
2026-03-19T07:45:00Z,P2,2.648,20.3
2026-03-19T07:45:00Z,P3,0.749,20.3
2026-03-19T08:00:00Z,P1,0.823,20.1
2026-03-19T08:00:00Z,P2,1.415,20.1
2026-03-19T08:00:00Z,P3,1.726,20.1
2026-03-19T08:15:00Z,P1,0.354,20.6
2026-03-19T08:15:00Z,P2,0.303,20.6
2026-03-19T08:15:00Z,P3,2.158,20.6
2026-03-19T08:30:00Z,P1,1.054,20.3
2026-03-19T08:30:00Z,P2,3.964,20.3
2026-03-19T08:30:00Z,P3,2.268,20.3
2026-03-19T08:45:00Z,P1,1.563,20.6
2026-03-19T08:45:00Z,P2,4.047,20.6
2026-03-19T08:45:00Z,P3,1.303,20.6
2026-03-19T09:00:00Z,P1,1.663,20.6
2026-03-19T09:00:00Z,P2,1.781,20.6
2026-03-19T09:00:00Z,P3,0.393,20.6
2026-03-19T09:15:00Z,P1,3.584,20.7
2026-03-19T09:15:00Z,P2,1.851,20.7
2026-03-19T09:15:00Z,P3,0.703,20.7
2026-03-19T09:30:00Z,P1,2.993,21.0
2026-03-19T09:30:00Z,P2,2.165,21.0
2026-03-19T09:30:00Z,P3,2.206,21.0
2026-03-19T09:45:00Z,P1,2.523,21.0
2026-03-19T09:45:00Z,P2,1.137,21.0
2026-03-19T09:45:00Z,P3,2.194,21.0
2026-03-19T10:00:00Z,P1,2.954,21.2
2026-03-19T10:00:00Z,P2,3.614,21.2
2026-03-19T10:00:00Z,P3,1.761,21.2
2026-03-19T10:15:00Z,P1,3.723,21.2
2026-03-19T10:15:00Z,P2,4.595,21.2
2026-03-19T10:15:00Z,P3,1.834,21.2
2026-03-19T10:30:00Z,P1,3.765,21.3
2026-03-19T10:30:00Z,P2,0.923,21.3
2026-03-19T10:30:00Z,P3,2.979,21.3
2026-03-19T10:45:00Z,P1,3.421,21.5
2026-03-19T10:45:00Z,P2,0.800,21.5
2026-03-19T10:45:00Z,P3,3.619,21.5
2026-03-19T11:00:00Z,P1,1.472,21.5
2026-03-19T11:00:00Z,P2,2.377,21.5
2026-03-19T11:00:00Z,P3,3.093,21.5
2026-03-19T11:15:00Z,P1,0.328,21.7
2026-03-19T11:15:00Z,P2,3.284,21.7
2026-03-19T11:15:00Z,P3,2.235,21.7
2026-03-19T11:30:00Z,P1,1.569,21.5
2026-03-19T11:30:00Z,P2,2.499,21.5
2026-03-19T11:30:00Z,P3,2.742,21.5
2026-03-19T11:45:00Z,P1,1.572,21.6
2026-03-19T11:45:00Z,P2,2.907,21.6
2026-03-19T11:45:00Z,P3,2.113,21.6
2026-03-19T12:00:00Z,P1,1.618,22.0
2026-03-19T12:00:00Z,P2,2.414,22.0
2026-03-19T12:00:00Z,P3,1.564,22.0
2026-03-19T12:15:00Z,P1,1.597,22.0
2026-03-19T12:15:00Z,P2,1.335,22.0
2026-03-19T12:15:00Z,P3,0.401,22.0
2026-03-19T12:30:00Z,P1,0.814,21.9
2026-03-19T12:30:00Z,P2,2.951,21.9
2026-03-19T12:30:00Z,P3,0.372,21.9
2026-03-19T12:45:00Z,P1,0.373,21.7
2026-03-19T12:45:00Z,P2,4.429,21.7
2026-03-19T12:45:00Z,P3,2.192,21.7
2026-03-19T13:00:00Z,P1,1.355,21.6
2026-03-19T13:00:00Z,P2,2.413,21.6
2026-03-19T13:00:00Z,P3,2.134,21.6
2026-03-19T13:15:00Z,P1,1.569,21.9
2026-03-19T13:15:00Z,P2,1.332,21.9
2026-03-19T13:15:00Z,P3,2.178,21.9
2026-03-19T13:30:00Z,P1,1.618,22.2
2026-03-19T13:30:00Z,P2,0.496,22.2
2026-03-19T13:30:00Z,P3,0.312,22.2
2026-03-19T13:45:00Z,P1,1.080,21.9
2026-03-19T13:45:00Z,P2,3.714,21.9
2026-03-19T13:45:00Z,P3,0.327,21.9
2026-03-19T14:00:00Z,P1,1.580,22.2
2026-03-19T14:00:00Z,P2,4.385,22.2
2026-03-19T14:00:00Z,P3,1.587,22.2
2026-03-19T14:15:00Z,P1,2.898,22.1
2026-03-19T14:15:00Z,P2,1.970,22.1
2026-03-19T14:15:00Z,P3,2.216,22.1
2026-03-19T14:30:00Z,P1,3.673,22.0
2026-03-19T14:30:00Z,P2,2.014,22.0
2026-03-19T14:30:00Z,P3,1.689,22.0
2026-03-19T14:45:00Z,P1,3.696,21.8
2026-03-19T14:45:00Z,P2,3.439,21.8
2026-03-19T14:45:00Z,P3,0.360,21.8
2026-03-19T15:00:00Z,P1,3.697,22.1
2026-03-19T15:00:00Z,P2,2.736,22.1
2026-03-19T15:00:00Z,P3,0.406,22.1
2026-03-19T15:15:00Z,P1,3.551,21.9
2026-03-19T15:15:00Z,P2,3.275,21.9
2026-03-19T15:15:00Z,P3,1.600,21.9
2026-03-19T15:30:00Z,P1,2.472,22.0
2026-03-19T15:30:00Z,P2,2.708,22.0
2026-03-19T15:30:00Z,P3,2.190,22.0
2026-03-19T15:45:00Z,P1,2.417,21.9
2026-03-19T15:45:00Z,P2,1.368,21.9
2026-03-19T15:45:00Z,P3,1.873,21.9
2026-03-19T16:00:00Z,P1,3.010,22.1
2026-03-19T16:00:00Z,P2,2.689,22.1
2026-03-19T16:00:00Z,P3,1.208,22.1
2026-03-19T16:15:00Z,P1,1.549,21.6
2026-03-19T16:15:00Z,P2,4.638,21.6
2026-03-19T16:15:00Z,P3,2.464,21.6
2026-03-19T16:30:00Z,P1,1.624,21.3
2026-03-19T16:30:00Z,P2,4.095,21.3
2026-03-19T16:30:00Z,P3,3.592,21.3
2026-03-19T16:45:00Z,P1,1.583,22.0
2026-03-19T16:45:00Z,P2,1.936,22.0
2026-03-19T16:45:00Z,P3,3.670,22.0
2026-03-19T17:00:00Z,P1,1.083,21.6
2026-03-19T17:00:00Z,P2,3.999,21.6
2026-03-19T17:00:00Z,P3,3.680,21.6
2026-03-19T17:15:00Z,P1,0.546,21.6
2026-03-19T17:15:00Z,P2,4.121,21.6
2026-03-19T17:15:00Z,P3,3.681,21.6
2026-03-19T17:30:00Z,P1,1.944,21.2
2026-03-19T17:30:00Z,P2,4.620,21.2
2026-03-19T17:30:00Z,P3,3.644,21.2
2026-03-19T17:45:00Z,P1,1.852,21.3
2026-03-19T17:45:00Z,P2,4.576,21.3
2026-03-19T17:45:00Z,P3,3.640,21.3
2026-03-19T18:00:00Z,P1,1.580,21.3
2026-03-19T18:00:00Z,P2,4.617,21.3
2026-03-19T18:00:00Z,P3,1.324,21.3
2026-03-19T18:15:00Z,P1,1.557,21.0
2026-03-19T18:15:00Z,P2,4.575,21.0
2026-03-19T18:15:00Z,P3,0.347,21.0
2026-03-19T18:30:00Z,P1,1.544,21.0
2026-03-19T18:30:00Z,P2,4.544,21.0
2026-03-19T18:30:00Z,P3,1.243,21.0
2026-03-19T18:45:00Z,P1,1.633,21.1
2026-03-19T18:45:00Z,P2,3.693,21.1
2026-03-19T18:45:00Z,P3,2.165,21.1
2026-03-19T19:00:00Z,P1,1.617,21.0
2026-03-19T19:00:00Z,P2,2.399,21.0
2026-03-19T19:00:00Z,P3,2.152,21.0
2026-03-19T19:15:00Z,P1,1.646,20.9
2026-03-19T19:15:00Z,P2,0.323,20.9
2026-03-19T19:15:00Z,P3,0.344,20.9
2026-03-19T19:30:00Z,P1,1.525,20.7
2026-03-19T19:30:00Z,P2,1.120,20.7
2026-03-19T19:30:00Z,P3,0.789,20.7
2026-03-19T19:45:00Z,P1,1.535,20.2
2026-03-19T19:45:00Z,P2,4.145,20.2
2026-03-19T19:45:00Z,P3,2.122,20.2
2026-03-19T20:00:00Z,P1,1.634,20.5
2026-03-19T20:00:00Z,P2,3.078,20.5
2026-03-19T20:00:00Z,P3,2.178,20.5
2026-03-19T20:15:00Z,P1,1.127,20.4
2026-03-19T20:15:00Z,P2,1.355,20.4
2026-03-19T20:15:00Z,P3,0.657,20.4
2026-03-19T20:30:00Z,P1,0.386,20.1
2026-03-19T20:30:00Z,P2,2.335,20.1
2026-03-19T20:30:00Z,P3,0.355,20.1
2026-03-19T20:45:00Z,P1,2.005,19.8
2026-03-19T20:45:00Z,P2,1.826,19.8
2026-03-19T20:45:00Z,P3,1.319,19.8
2026-03-19T21:00:00Z,P1,3.804,19.9
2026-03-19T21:00:00Z,P2,0.379,19.9
2026-03-19T21:00:00Z,P3,2.211,19.9
2026-03-19T21:15:00Z,P1,3.684,20.1
2026-03-19T21:15:00Z,P2,4.110,20.1
2026-03-19T21:15:00Z,P3,2.193,20.1
2026-03-19T21:30:00Z,P1,3.611,20.4
2026-03-19T21:30:00Z,P2,4.261,20.4
2026-03-19T21:30:00Z,P3,0.371,20.4
2026-03-19T21:45:00Z,P1,2.474,20.0
2026-03-19T21:45:00Z,P2,1.355,20.0
2026-03-19T21:45:00Z,P3,0.294,20.0
2026-03-19T22:00:00Z,P1,2.485,19.4
2026-03-19T22:00:00Z,P2,1.589,19.4
2026-03-19T22:00:00Z,P3,1.106,19.4
2026-03-19T22:15:00Z,P1,3.405,19.4
2026-03-19T22:15:00Z,P2,2.329,19.4
2026-03-19T22:15:00Z,P3,2.136,19.4
2026-03-19T22:30:00Z,P1,3.150,19.5
2026-03-19T22:30:00Z,P2,1.489,19.5
2026-03-19T22:30:00Z,P3,1.788,19.5
2026-03-19T22:45:00Z,P1,1.554,19.5
2026-03-19T22:45:00Z,P2,2.646,19.5
2026-03-19T22:45:00Z,P3,0.311,19.5
2026-03-19T23:00:00Z,P1,0.624,19.3
2026-03-19T23:00:00Z,P2,4.314,19.3
2026-03-19T23:00:00Z,P3,0.362,19.3
2026-03-19T23:15:00Z,P1,0.354,19.5
2026-03-19T23:15:00Z,P2,1.318,19.5
2026-03-19T23:15:00Z,P3,1.804,19.5
2026-03-19T23:30:00Z,P1,1.251,18.9
2026-03-19T23:30:00Z,P2,0.388,18.9
2026-03-19T23:30:00Z,P3,2.186,18.9
2026-03-19T23:45:00Z,P1,1.636,19.0
2026-03-19T23:45:00Z,P2,2.157,19.0
2026-03-19T23:45:00Z,P3,1.430,19.0
2026-03-20T00:00:00Z,P1,1.589,19.0
2026-03-20T00:00:00Z,P2,2.758,19.0
2026-03-20T00:00:00Z,P3,0.374,19.0
2026-03-20T00:15:00Z,P1,0.789,19.0
2026-03-20T00:15:00Z,P2,2.520,19.0
2026-03-20T00:15:00Z,P3,0.435,19.0
2026-03-20T00:30:00Z,P1,0.335,18.9
2026-03-20T00:30:00Z,P2,3.465,18.9
2026-03-20T00:30:00Z,P3,2.168,18.9
2026-03-20T00:45:00Z,P1,0.904,19.0
2026-03-20T00:45:00Z,P2,2.003,19.0
2026-03-20T00:45:00Z,P3,2.127,19.0
2026-03-20T01:00:00Z,P1,1.617,18.6
2026-03-20T01:00:00Z,P2,0.337,18.6
2026-03-20T01:00:00Z,P3,1.216,18.6
2026-03-20T01:15:00Z,P1,1.565,18.7
2026-03-20T01:15:00Z,P2,2.074,18.7
2026-03-20T01:15:00Z,P3,0.337,18.7
2026-03-20T01:30:00Z,P1,1.216,18.7
2026-03-20T01:30:00Z,P2,4.619,18.7
2026-03-20T01:30:00Z,P3,0.592,18.7
2026-03-20T01:45:00Z,P1,0.380,18.8
2026-03-20T01:45:00Z,P2,2.519,18.8
2026-03-20T01:45:00Z,P3,3.206,18.8
2026-03-20T02:00:00Z,P1,0.422,18.8
2026-03-20T02:00:00Z,P2,1.653,18.8
2026-03-20T02:00:00Z,P3,3.647,18.8
2026-03-20T02:15:00Z,P1,1.610,18.7
2026-03-20T02:15:00Z,P2,2.397,18.7
2026-03-20T02:15:00Z,P3,2.332,18.7
2026-03-20T02:30:00Z,P1,1.583,18.9
2026-03-20T02:30:00Z,P2,0.932,18.9
2026-03-20T02:30:00Z,P3,1.836,18.9
2026-03-20T02:45:00Z,P1,1.425,18.9
2026-03-20T02:45:00Z,P2,2.295,18.9
2026-03-20T02:45:00Z,P3,1.782,18.9
2026-03-20T03:00:00Z,P1,0.356,18.8
2026-03-20T03:00:00Z,P2,4.549,18.8
2026-03-20T03:00:00Z,P3,3.671,18.8
2026-03-20T03:15:00Z,P1,0.308,18.8
2026-03-20T03:15:00Z,P2,2.638,18.8
2026-03-20T03:15:00Z,P3,2.907,18.8
2026-03-20T03:30:00Z,P1,1.564,19.0
2026-03-20T03:30:00Z,P2,0.298,19.0
2026-03-20T03:30:00Z,P3,0.752,19.0
2026-03-20T03:45:00Z,P1,1.599,19.0
2026-03-20T03:45:00Z,P2,2.262,19.0
2026-03-20T03:45:00Z,P3,0.356,19.0
2026-03-20T04:00:00Z,P1,1.609,19.1
2026-03-20T04:00:00Z,P2,1.863,19.1
2026-03-20T04:00:00Z,P3,0.956,19.1
2026-03-20T04:15:00Z,P1,0.549,19.0
2026-03-20T04:15:00Z,P2,2.228,19.0
2026-03-20T04:15:00Z,P3,2.153,19.0
2026-03-20T04:30:00Z,P1,0.358,19.0
2026-03-20T04:30:00Z,P2,4.055,19.0
2026-03-20T04:30:00Z,P3,1.942,19.0
2026-03-20T04:45:00Z,P1,1.018,19.1
2026-03-20T04:45:00Z,P2,3.163,19.1
2026-03-20T04:45:00Z,P3,0.329,19.1
2026-03-20T05:00:00Z,P1,1.615,19.5
2026-03-20T05:00:00Z,P2,0.362,19.5
2026-03-20T05:00:00Z,P3,0.366,19.5
2026-03-20T05:15:00Z,P1,1.568,19.2
2026-03-20T05:15:00Z,P2,0.923,19.2
2026-03-20T05:15:00Z,P3,1.940,19.2
2026-03-20T05:30:00Z,P1,1.746,19.6
2026-03-20T05:30:00Z,P2,2.413,19.6
2026-03-20T05:30:00Z,P3,2.209,19.6
2026-03-20T05:45:00Z,P1,2.470,19.5
2026-03-20T05:45:00Z,P2,3.238,19.5
2026-03-20T05:45:00Z,P3,0.832,19.5
2026-03-20T06:00:00Z,P1,2.892,19.8
2026-03-20T06:00:00Z,P2,2.682,19.8
2026-03-20T06:00:00Z,P3,0.306,19.8
2026-03-20T06:15:00Z,P1,3.761,19.8
2026-03-20T06:15:00Z,P2,2.987,19.8
2026-03-20T06:15:00Z,P3,1.065,19.8
2026-03-20T06:30:00Z,P1,3.701,19.8
2026-03-20T06:30:00Z,P2,1.595,19.8
2026-03-20T06:30:00Z,P3,2.156,19.8
2026-03-20T06:45:00Z,P1,3.350,20.1
2026-03-20T06:45:00Z,P2,0.347,20.1
2026-03-20T06:45:00Z,P3,2.186,20.1
2026-03-20T07:00:00Z,P1,3.719,20.0
2026-03-20T07:00:00Z,P2,2.728,20.0
2026-03-20T07:00:00Z,P3,1.321,20.0
2026-03-20T07:15:00Z,P1,3.086,20.0
2026-03-20T07:15:00Z,P2,4.557,20.0
2026-03-20T07:15:00Z,P3,0.354,20.0
2026-03-20T07:30:00Z,P1,2.451,20.1
2026-03-20T07:30:00Z,P2,2.103,20.1
2026-03-20T07:30:00Z,P3,0.305,20.1
2026-03-20T07:45:00Z,P1,0.524,20.6
2026-03-20T07:45:00Z,P2,1.268,20.6
2026-03-20T07:45:00Z,P3,2.037,20.6
2026-03-20T08:00:00Z,P1,1.602,20.5
2026-03-20T08:00:00Z,P2,2.429,20.5
2026-03-20T08:00:00Z,P3,2.188,20.5
2026-03-20T08:15:00Z,P1,1.726,20.5
2026-03-20T08:15:00Z,P2,3.080,20.5
2026-03-20T08:15:00Z,P3,2.300,20.5
2026-03-20T08:30:00Z,P1,3.277,20.8
2026-03-20T08:30:00Z,P2,3.058,20.8
2026-03-20T08:30:00Z,P3,1.845,20.8
2026-03-20T08:45:00Z,P1,3.432,20.9
2026-03-20T08:45:00Z,P2,4.559,20.9
2026-03-20T08:45:00Z,P3,2.263,20.9
2026-03-20T09:00:00Z,P1,4.092,20.9
2026-03-20T09:00:00Z,P2,2.118,20.9
2026-03-20T09:00:00Z,P3,3.637,20.9
2026-03-20T09:15:00Z,P1,3.883,20.9
2026-03-20T09:15:00Z,P2,0.340,20.9
2026-03-20T09:15:00Z,P3,3.221,20.9
2026-03-20T09:30:00Z,P1,3.716,21.1
2026-03-20T09:30:00Z,P2,2.529,21.1
2026-03-20T09:30:00Z,P3,3.325,21.1
2026-03-20T09:45:00Z,P1,3.752,21.3
2026-03-20T09:45:00Z,P2,4.576,21.3
2026-03-20T09:45:00Z,P3,3.227,21.3
2026-03-20T10:00:00Z,P1,3.660,21.1
2026-03-20T10:00:00Z,P2,2.602,21.1
2026-03-20T10:00:00Z,P3,3.177,21.1
2026-03-20T10:15:00Z,P1,3.755,21.3
2026-03-20T10:15:00Z,P2,4.592,21.3
2026-03-20T10:15:00Z,P3,2.284,21.3
2026-03-20T10:30:00Z,P1,3.743,21.2
2026-03-20T10:30:00Z,P2,1.784,21.2
2026-03-20T10:30:00Z,P3,1.821,21.2
2026-03-20T10:45:00Z,P1,3.719,21.6
2026-03-20T10:45:00Z,P2,0.363,21.6
2026-03-20T10:45:00Z,P3,1.798,21.6
2026-03-20T11:00:00Z,P1,3.692,21.6
2026-03-20T11:00:00Z,P2,1.963,21.6
2026-03-20T11:00:00Z,P3,1.834,21.6
2026-03-20T11:15:00Z,P1,3.680,21.7
2026-03-20T11:15:00Z,P2,3.553,21.7
2026-03-20T11:15:00Z,P3,3.140,21.7
2026-03-20T11:30:00Z,P1,3.088,21.6
2026-03-20T11:30:00Z,P2,2.491,21.6
2026-03-20T11:30:00Z,P3,3.660,21.6
2026-03-20T11:45:00Z,P1,2.511,21.5
2026-03-20T11:45:00Z,P2,3.723,21.5
2026-03-20T11:45:00Z,P3,3.634,21.5
2026-03-20T12:00:00Z,P1,3.142,21.9
2026-03-20T12:00:00Z,P2,2.411,21.9
2026-03-20T12:00:00Z,P3,3.651,21.9
2026-03-20T12:15:00Z,P1,3.760,22.1
2026-03-20T12:15:00Z,P2,1.039,22.1
2026-03-20T12:15:00Z,P3,3.579,22.1
2026-03-20T12:30:00Z,P1,3.387,21.7
2026-03-20T12:30:00Z,P2,3.949,21.7
2026-03-20T12:30:00Z,P3,3.632,21.7
2026-03-20T12:45:00Z,P1,3.692,22.1
2026-03-20T12:45:00Z,P2,4.585,22.1
2026-03-20T12:45:00Z,P3,3.658,22.1
2026-03-20T13:00:00Z,P1,3.732,21.8
2026-03-20T13:00:00Z,P2,3.636,21.8
2026-03-20T13:00:00Z,P3,3.639,21.8
2026-03-20T13:15:00Z,P1,3.720,22.2
2026-03-20T13:15:00Z,P2,2.543,22.2
2026-03-20T13:15:00Z,P3,3.695,22.2
2026-03-20T13:30:00Z,P1,2.801,21.8
2026-03-20T13:30:00Z,P2,4.583,21.8
2026-03-20T13:30:00Z,P3,3.306,21.8
2026-03-20T13:45:00Z,P1,2.446,22.5
2026-03-20T13:45:00Z,P2,1.453,22.5
2026-03-20T13:45:00Z,P3,0.676,22.5
2026-03-20T14:00:00Z,P1,2.697,21.8
2026-03-20T14:00:00Z,P2,1.326,21.8
2026-03-20T14:00:00Z,P3,0.358,21.8
2026-03-20T14:15:00Z,P1,1.972,21.9
2026-03-20T14:15:00Z,P2,4.030,21.9
2026-03-20T14:15:00Z,P3,1.746,21.9
2026-03-20T14:30:00Z,P1,1.593,22.5
2026-03-20T14:30:00Z,P2,3.801,22.5
2026-03-20T14:30:00Z,P3,2.210,22.5
2026-03-20T14:45:00Z,P1,1.463,22.2
2026-03-20T14:45:00Z,P2,2.534,22.2
2026-03-20T14:45:00Z,P3,1.658,22.2
2026-03-20T15:00:00Z,P1,0.304,22.0
2026-03-20T15:00:00Z,P2,4.460,22.0
2026-03-20T15:00:00Z,P3,0.299,22.0
2026-03-20T15:15:00Z,P1,0.356,22.1
2026-03-20T15:15:00Z,P2,1.983,22.1
2026-03-20T15:15:00Z,P3,0.378,22.1
2026-03-20T15:30:00Z,P1,1.660,22.1
2026-03-20T15:30:00Z,P2,0.302,22.1
2026-03-20T15:30:00Z,P3,1.774,22.1
2026-03-20T15:45:00Z,P1,1.615,21.7
2026-03-20T15:45:00Z,P2,1.611,21.7
2026-03-20T15:45:00Z,P3,2.174,21.7
2026-03-20T16:00:00Z,P1,1.500,21.8
2026-03-20T16:00:00Z,P2,4.645,21.8
2026-03-20T16:00:00Z,P3,2.096,21.8
2026-03-20T16:15:00Z,P1,0.328,21.7
2026-03-20T16:15:00Z,P2,3.082,21.7
2026-03-20T16:15:00Z,P3,1.954,21.7
2026-03-20T16:30:00Z,P1,0.549,21.7
2026-03-20T16:30:00Z,P2,2.957,21.7
2026-03-20T16:30:00Z,P3,2.100,21.7
2026-03-20T16:45:00Z,P1,1.617,21.4
2026-03-20T16:45:00Z,P2,4.010,21.4
2026-03-20T16:45:00Z,P3,2.159,21.4
2026-03-20T17:00:00Z,P1,1.585,21.5
2026-03-20T17:00:00Z,P2,4.095,21.5
2026-03-20T17:00:00Z,P3,2.132,21.5
2026-03-20T17:15:00Z,P1,2.180,21.5
2026-03-20T17:15:00Z,P2,4.206,21.5
2026-03-20T17:15:00Z,P3,2.130,21.5
2026-03-20T17:30:00Z,P1,2.455,21.3
2026-03-20T17:30:00Z,P2,4.533,21.3
2026-03-20T17:30:00Z,P3,2.208,21.3
2026-03-20T17:45:00Z,P1,2.482,21.3
2026-03-20T17:45:00Z,P2,4.550,21.3
2026-03-20T17:45:00Z,P3,1.708,21.3
2026-03-20T18:00:00Z,P1,3.476,21.0
2026-03-20T18:00:00Z,P2,4.575,21.0
2026-03-20T18:00:00Z,P3,0.350,21.0
2026-03-20T18:15:00Z,P1,3.754,21.3
2026-03-20T18:15:00Z,P2,4.520,21.3
2026-03-20T18:15:00Z,P3,0.326,21.3
2026-03-20T18:30:00Z,P1,3.758,21.0
2026-03-20T18:30:00Z,P2,4.574,21.0
2026-03-20T18:30:00Z,P3,1.743,21.0
2026-03-20T18:45:00Z,P1,3.300,20.9
2026-03-20T18:45:00Z,P2,3.280,20.9
2026-03-20T18:45:00Z,P3,3.331,20.9
2026-03-20T19:00:00Z,P1,2.419,21.1
2026-03-20T19:00:00Z,P2,0.995,21.1
2026-03-20T19:00:00Z,P3,3.040,21.1
2026-03-20T19:15:00Z,P1,2.729,21.2
2026-03-20T19:15:00Z,P2,0.375,21.2
2026-03-20T19:15:00Z,P3,1.833,21.2
2026-03-20T19:30:00Z,P1,2.272,20.6
2026-03-20T19:30:00Z,P2,3.597,20.6
2026-03-20T19:30:00Z,P3,1.824,20.6
2026-03-20T19:45:00Z,P1,1.680,20.7
2026-03-20T19:45:00Z,P2,4.012,20.7
2026-03-20T19:45:00Z,P3,3.456,20.7
2026-03-20T20:00:00Z,P1,1.203,20.4
2026-03-20T20:00:00Z,P2,2.309,20.4
2026-03-20T20:00:00Z,P3,3.620,20.4
2026-03-20T20:15:00Z,P1,0.342,20.4
2026-03-20T20:15:00Z,P2,2.395,20.4
2026-03-20T20:15:00Z,P3,3.618,20.4
2026-03-20T20:30:00Z,P1,0.348,19.8
2026-03-20T20:30:00Z,P2,0.648,19.8
2026-03-20T20:30:00Z,P3,0.832,19.8
2026-03-20T20:45:00Z,P1,1.588,20.3
2026-03-20T20:45:00Z,P2,3.062,20.3
2026-03-20T20:45:00Z,P3,0.351,20.3
2026-03-20T21:00:00Z,P1,1.554,19.9
2026-03-20T21:00:00Z,P2,4.540,19.9
2026-03-20T21:00:00Z,P3,0.938,19.9
2026-03-20T21:15:00Z,P1,1.498,19.9
2026-03-20T21:15:00Z,P2,2.016,19.9
2026-03-20T21:15:00Z,P3,2.171,19.9
2026-03-20T21:30:00Z,P1,0.340,19.9
2026-03-20T21:30:00Z,P2,0.368,19.9
2026-03-20T21:30:00Z,P3,1.940,19.9
2026-03-20T21:45:00Z,P1,0.342,19.9
2026-03-20T21:45:00Z,P2,2.112,19.9
2026-03-20T21:45:00Z,P3,0.320,19.9
2026-03-20T22:00:00Z,P1,1.593,19.7
2026-03-20T22:00:00Z,P2,3.425,19.7
2026-03-20T22:00:00Z,P3,0.342,19.7
2026-03-20T22:15:00Z,P1,1.664,19.8
2026-03-20T22:15:00Z,P2,2.565,19.8
2026-03-20T22:15:00Z,P3,1.562,19.8
2026-03-20T22:30:00Z,P1,1.479,19.8
2026-03-20T22:30:00Z,P2,3.046,19.8
2026-03-20T22:30:00Z,P3,2.207,19.8
2026-03-20T22:45:00Z,P1,0.352,19.4
2026-03-20T22:45:00Z,P2,2.399,19.4
2026-03-20T22:45:00Z,P3,1.253,19.4
2026-03-20T23:00:00Z,P1,0.317,19.5
2026-03-20T23:00:00Z,P2,0.364,19.5
2026-03-20T23:00:00Z,P3,0.390,19.5
2026-03-20T23:15:00Z,P1,1.290,19.5
2026-03-20T23:15:00Z,P2,1.176,19.5
2026-03-20T23:15:00Z,P3,0.524,19.5
2026-03-20T23:30:00Z,P1,1.590,19.3
2026-03-20T23:30:00Z,P2,4.555,19.3
2026-03-20T23:30:00Z,P3,2.152,19.3
2026-03-20T23:45:00Z,P1,1.568,19.0
2026-03-20T23:45:00Z,P2,3.116,19.0
2026-03-20T23:45:00Z,P3,2.158,19.0
2026-03-21T00:00:00Z,P1,0.717,19.3
2026-03-21T00:00:00Z,P2,1.402,19.3
2026-03-21T00:00:00Z,P3,0.559,19.3
2026-03-21T00:15:00Z,P1,0.372,19.0
2026-03-21T00:15:00Z,P2,2.430,19.0
2026-03-21T00:15:00Z,P3,0.352,19.0
2026-03-21T00:30:00Z,P1,0.890,18.9
2026-03-21T00:30:00Z,P2,1.434,18.9
2026-03-21T00:30:00Z,P3,1.409,18.9
2026-03-21T00:45:00Z,P1,1.540,18.8
2026-03-21T00:45:00Z,P2,1.075,18.8
2026-03-21T00:45:00Z,P3,2.180,18.8
2026-03-21T01:00:00Z,P1,1.584,18.8
2026-03-21T01:00:00Z,P2,4.155,18.8
2026-03-21T01:00:00Z,P3,2.028,18.8
2026-03-21T01:15:00Z,P1,1.886,19.0
2026-03-21T01:15:00Z,P2,3.758,19.0
2026-03-21T01:15:00Z,P3,0.350,19.0
2026-03-21T01:30:00Z,P1,1.965,18.8
2026-03-21T01:30:00Z,P2,0.377,18.8
2026-03-21T01:30:00Z,P3,0.286,18.8
2026-03-21T01:45:00Z,P1,1.573,18.7
2026-03-21T01:45:00Z,P2,1.681,18.7
2026-03-21T01:45:00Z,P3,1.458,18.7
2026-03-21T02:00:00Z,P1,1.555,18.7
2026-03-21T02:00:00Z,P2,2.449,18.7
2026-03-21T02:00:00Z,P3,2.147,18.7
2026-03-21T02:15:00Z,P1,3.335,18.8
2026-03-21T02:15:00Z,P2,2.108,18.8
2026-03-21T02:15:00Z,P3,1.722,18.8
2026-03-21T02:30:00Z,P1,3.714,18.6
2026-03-21T02:30:00Z,P2,3.267,18.6
2026-03-21T02:30:00Z,P3,0.341,18.6
2026-03-21T02:45:00Z,P1,3.722,19.0
2026-03-21T02:45:00Z,P2,4.106,19.0
2026-03-21T02:45:00Z,P3,0.344,19.0
2026-03-21T03:00:00Z,P1,3.731,19.0
2026-03-21T03:00:00Z,P2,1.166,19.0
2026-03-21T03:00:00Z,P3,1.450,19.0
2026-03-21T03:15:00Z,P1,3.762,19.1
2026-03-21T03:15:00Z,P2,0.678,19.1
2026-03-21T03:15:00Z,P3,2.131,19.1
2026-03-21T03:30:00Z,P1,2.982,19.0
2026-03-21T03:30:00Z,P2,2.426,19.0
2026-03-21T03:30:00Z,P3,1.159,19.0
2026-03-21T03:45:00Z,P1,2.473,19.3
2026-03-21T03:45:00Z,P2,3.054,19.3
2026-03-21T03:45:00Z,P3,0.362,19.3
2026-03-21T04:00:00Z,P1,0.952,19.0
2026-03-21T04:00:00Z,P2,2.557,19.0
2026-03-21T04:00:00Z,P3,0.356,19.0
2026-03-21T04:15:00Z,P1,1.629,18.9
2026-03-21T04:15:00Z,P2,3.136,18.9
2026-03-21T04:15:00Z,P3,1.791,18.9
2026-03-21T04:30:00Z,P1,1.627,19.0
2026-03-21T04:30:00Z,P2,1.813,19.0
2026-03-21T04:30:00Z,P3,2.166,19.0
2026-03-21T04:45:00Z,P1,1.479,19.1
2026-03-21T04:45:00Z,P2,0.374,19.1
2026-03-21T04:45:00Z,P3,1.309,19.1
2026-03-21T05:00:00Z,P1,0.353,19.5
2026-03-21T05:00:00Z,P2,2.861,19.5
2026-03-21T05:00:00Z,P3,0.321,19.5
2026-03-21T05:15:00Z,P1,0.377,19.5
2026-03-21T05:15:00Z,P2,4.545,19.5
2026-03-21T05:15:00Z,P3,0.572,19.5
2026-03-21T05:30:00Z,P1,0.981,19.4
2026-03-21T05:30:00Z,P2,2.042,19.4
2026-03-21T05:30:00Z,P3,3.062,19.4
2026-03-21T05:45:00Z,P1,1.663,19.8
2026-03-21T05:45:00Z,P2,0.764,19.8
2026-03-21T05:45:00Z,P3,3.636,19.8
2026-03-21T06:00:00Z,P1,1.613,19.5
2026-03-21T06:00:00Z,P2,2.411,19.5
2026-03-21T06:00:00Z,P3,2.088,19.5
2026-03-21T06:15:00Z,P1,1.206,19.7
2026-03-21T06:15:00Z,P2,1.647,19.7
2026-03-21T06:15:00Z,P3,1.826,19.7
2026-03-21T06:30:00Z,P1,0.295,19.5
2026-03-21T06:30:00Z,P2,2.496,19.5
2026-03-21T06:30:00Z,P3,2.667,19.5
2026-03-21T06:45:00Z,P1,0.529,19.9
2026-03-21T06:45:00Z,P2,4.303,19.9
2026-03-21T06:45:00Z,P3,3.644,19.9
2026-03-21T07:00:00Z,P1,1.605,19.8
2026-03-21T07:00:00Z,P2,2.390,19.8
2026-03-21T07:00:00Z,P3,2.925,19.8
2026-03-21T07:15:00Z,P1,1.624,20.5
2026-03-21T07:15:00Z,P2,0.300,20.5
2026-03-21T07:15:00Z,P3,0.328,20.5
2026-03-21T07:30:00Z,P1,1.106,20.3
2026-03-21T07:30:00Z,P2,0.744,20.3
2026-03-21T07:30:00Z,P3,0.332,20.3
2026-03-21T07:45:00Z,P1,0.344,20.1
2026-03-21T07:45:00Z,P2,3.550,20.1
2026-03-21T07:45:00Z,P3,1.933,20.1
2026-03-21T08:00:00Z,P1,0.554,20.5
2026-03-21T08:00:00Z,P2,3.445,20.5
2026-03-21T08:00:00Z,P3,2.214,20.5
2026-03-21T08:15:00Z,P1,1.634,20.7
2026-03-21T08:15:00Z,P2,1.918,20.7
2026-03-21T08:15:00Z,P3,0.987,20.7
2026-03-21T08:30:00Z,P1,1.570,20.7
2026-03-21T08:30:00Z,P2,2.396,20.7
2026-03-21T08:30:00Z,P3,0.353,20.7
2026-03-21T08:45:00Z,P1,1.479,20.6
2026-03-21T08:45:00Z,P2,1.183,20.6
2026-03-21T08:45:00Z,P3,0.671,20.6
2026-03-21T09:00:00Z,P1,0.506,21.1
2026-03-21T09:00:00Z,P2,1.767,21.1
2026-03-21T09:00:00Z,P3,2.185,21.1
2026-03-21T09:15:00Z,P1,2.439,20.9
2026-03-21T09:15:00Z,P2,4.535,20.9
2026-03-21T09:15:00Z,P3,2.136,20.9
2026-03-21T09:30:00Z,P1,3.600,20.9
2026-03-21T09:30:00Z,P2,3.505,20.9
2026-03-21T09:30:00Z,P3,1.104,20.9
2026-03-21T09:45:00Z,P1,3.782,21.3
2026-03-21T09:45:00Z,P2,1.385,21.3
2026-03-21T09:45:00Z,P3,0.384,21.3
2026-03-21T10:00:00Z,P1,3.685,21.3
2026-03-21T10:00:00Z,P2,2.402,21.3
2026-03-21T10:00:00Z,P3,0.858,21.3
2026-03-21T10:15:00Z,P1,3.006,21.7
2026-03-21T10:15:00Z,P2,1.587,21.7
2026-03-21T10:15:00Z,P3,2.128,21.7
2026-03-21T10:30:00Z,P1,2.528,21.3
2026-03-21T10:30:00Z,P2,0.774,21.3
2026-03-21T10:30:00Z,P3,2.157,21.3
2026-03-21T10:45:00Z,P1,2.887,21.6
2026-03-21T10:45:00Z,P2,4.306,21.6
2026-03-21T10:45:00Z,P3,0.720,21.6
2026-03-21T11:00:00Z,P1,3.705,21.2
2026-03-21T11:00:00Z,P2,3.979,21.2
2026-03-21T11:00:00Z,P3,0.436,21.2
2026-03-21T11:15:00Z,P1,2.299,21.4
2026-03-21T11:15:00Z,P2,1.108,21.4
2026-03-21T11:15:00Z,P3,1.250,21.4
2026-03-21T11:30:00Z,P1,1.240,21.6
2026-03-21T11:30:00Z,P2,1.728,21.6
2026-03-21T11:30:00Z,P3,2.147,21.6
2026-03-21T11:45:00Z,P1,0.318,21.5
2026-03-21T11:45:00Z,P2,2.413,21.5
2026-03-21T11:45:00Z,P3,1.477,21.5
2026-03-21T12:00:00Z,P1,0.493,21.7
2026-03-21T12:00:00Z,P2,1.175,21.7
2026-03-21T12:00:00Z,P3,0.368,21.7
2026-03-21T12:15:00Z,P1,1.632,21.9
2026-03-21T12:15:00Z,P2,2.556,21.9
2026-03-21T12:15:00Z,P3,0.336,21.9
2026-03-21T12:30:00Z,P1,1.681,21.9
2026-03-21T12:30:00Z,P2,4.127,21.9
2026-03-21T12:30:00Z,P3,2.164,21.9
2026-03-21T12:45:00Z,P1,1.175,22.1
2026-03-21T12:45:00Z,P2,2.372,22.1
2026-03-21T12:45:00Z,P3,2.189,22.1
2026-03-21T13:00:00Z,P1,0.301,22.0
2026-03-21T13:00:00Z,P2,0.326,22.0
2026-03-21T13:00:00Z,P3,1.313,22.0
2026-03-21T13:15:00Z,P1,0.399,21.6
2026-03-21T13:15:00Z,P2,1.340,21.6
2026-03-21T13:15:00Z,P3,1.727,21.6
2026-03-21T13:30:00Z,P1,1.619,21.8
2026-03-21T13:30:00Z,P2,3.711,21.8
2026-03-21T13:30:00Z,P3,2.170,21.8
2026-03-21T13:45:00Z,P1,1.650,21.9
2026-03-21T13:45:00Z,P2,3.126,21.9
2026-03-21T13:45:00Z,P3,3.673,21.9
2026-03-21T14:00:00Z,P1,1.609,22.1
2026-03-21T14:00:00Z,P2,2.357,22.1
2026-03-21T14:00:00Z,P3,3.646,22.1
2026-03-21T14:15:00Z,P1,0.652,21.8
2026-03-21T14:15:00Z,P2,2.401,21.8
2026-03-21T14:15:00Z,P3,2.282,21.8
2026-03-21T14:30:00Z,P1,0.359,22.2
2026-03-21T14:30:00Z,P2,1.328,22.2
2026-03-21T14:30:00Z,P3,1.858,22.2
2026-03-21T14:45:00Z,P1,3.180,21.7
2026-03-21T14:45:00Z,P2,1.512,21.7
2026-03-21T14:45:00Z,P3,2.509,21.7
2026-03-21T15:00:00Z,P1,3.714,21.8
2026-03-21T15:00:00Z,P2,4.515,21.8
2026-03-21T15:00:00Z,P3,2.230,21.8
2026-03-21T15:15:00Z,P1,3.678,22.3
2026-03-21T15:15:00Z,P2,3.572,22.3
2026-03-21T15:15:00Z,P3,1.708,22.3
2026-03-21T15:30:00Z,P1,2.570,22.0
2026-03-21T15:30:00Z,P2,0.374,22.0
2026-03-21T15:30:00Z,P3,0.381,22.0
2026-03-21T15:45:00Z,P1,2.477,21.9
2026-03-21T15:45:00Z,P2,1.190,21.9
2026-03-21T15:45:00Z,P3,0.406,21.9
2026-03-21T16:00:00Z,P1,3.384,22.1
2026-03-21T16:00:00Z,P2,2.997,22.1
2026-03-21T16:00:00Z,P3,1.573,22.1
2026-03-21T16:15:00Z,P1,3.769,21.9
2026-03-21T16:15:00Z,P2,3.251,21.9
2026-03-21T16:15:00Z,P3,1.942,21.9
2026-03-21T16:30:00Z,P1,3.365,21.9
2026-03-21T16:30:00Z,P2,2.627,21.9
2026-03-21T16:30:00Z,P3,2.130,21.9
2026-03-21T16:45:00Z,P1,2.076,21.7
2026-03-21T16:45:00Z,P2,2.418,21.7
2026-03-21T16:45:00Z,P3,2.201,21.7
2026-03-21T17:00:00Z,P1,2.478,21.4
2026-03-21T17:00:00Z,P2,3.628,21.4
2026-03-21T17:00:00Z,P3,2.147,21.4
2026-03-21T17:15:00Z,P1,3.586,21.4
2026-03-21T17:15:00Z,P2,2.263,21.4
2026-03-21T17:15:00Z,P3,2.165,21.4
2026-03-21T17:30:00Z,P1,3.717,21.6
2026-03-21T17:30:00Z,P2,4.162,21.6
2026-03-21T17:30:00Z,P3,2.156,21.6
2026-03-21T17:45:00Z,P1,3.745,21.0
2026-03-21T17:45:00Z,P2,4.296,21.0
2026-03-21T17:45:00Z,P3,2.214,21.0
2026-03-21T18:00:00Z,P1,2.599,21.0
2026-03-21T18:00:00Z,P2,4.544,21.0
2026-03-21T18:00:00Z,P3,2.159,21.0
2026-03-21T18:15:00Z,P1,2.495,21.0
2026-03-21T18:15:00Z,P2,4.571,21.0
2026-03-21T18:15:00Z,P3,0.921,21.0
2026-03-21T18:30:00Z,P1,3.305,21.2
2026-03-21T18:30:00Z,P2,4.552,21.2
2026-03-21T18:30:00Z,P3,0.346,21.2
2026-03-21T18:45:00Z,P1,3.209,20.6
2026-03-21T18:45:00Z,P2,4.619,20.6
2026-03-21T18:45:00Z,P3,1.706,20.6
2026-03-21T19:00:00Z,P1,3.752,20.7
2026-03-21T19:00:00Z,P2,4.548,20.7
2026-03-21T19:00:00Z,P3,2.206,20.7
2026-03-21T19:15:00Z,P1,3.104,20.7
2026-03-21T19:15:00Z,P2,3.866,20.7
2026-03-21T19:15:00Z,P3,1.934,20.7
2026-03-21T19:30:00Z,P1,2.448,20.8
2026-03-21T19:30:00Z,P2,2.348,20.8
2026-03-21T19:30:00Z,P3,0.385,20.8
2026-03-21T19:45:00Z,P1,2.674,20.7
2026-03-21T19:45:00Z,P2,1.445,20.7
2026-03-21T19:45:00Z,P3,0.331,20.7
2026-03-21T20:00:00Z,P1,3.699,21.0
2026-03-21T20:00:00Z,P2,0.352,21.0
2026-03-21T20:00:00Z,P3,2.074,21.0
2026-03-21T20:15:00Z,P1,3.732,20.4
2026-03-21T20:15:00Z,P2,4.312,20.4
2026-03-21T20:15:00Z,P3,2.154,20.4
2026-03-21T20:30:00Z,P1,3.517,20.3
2026-03-21T20:30:00Z,P2,4.422,20.3
2026-03-21T20:30:00Z,P3,1.101,20.3
2026-03-21T20:45:00Z,P1,0.787,20.2
2026-03-21T20:45:00Z,P2,0.771,20.2
2026-03-21T20:45:00Z,P3,0.328,20.2
2026-03-21T21:00:00Z,P1,0.426,19.7
2026-03-21T21:00:00Z,P2,1.424,19.7
2026-03-21T21:00:00Z,P3,2.233,19.7
2026-03-21T21:15:00Z,P1,1.605,20.0
2026-03-21T21:15:00Z,P2,2.398,20.0
2026-03-21T21:15:00Z,P3,3.705,20.0
2026-03-21T21:30:00Z,P1,1.591,19.9
2026-03-21T21:30:00Z,P2,2.050,19.9
2026-03-21T21:30:00Z,P3,3.655,19.9
2026-03-21T21:45:00Z,P1,1.568,19.7
2026-03-21T21:45:00Z,P2,2.956,19.7
2026-03-21T21:45:00Z,P3,2.193,19.7
2026-03-21T22:00:00Z,P1,0.648,19.9
2026-03-21T22:00:00Z,P2,4.262,19.9
2026-03-21T22:00:00Z,P3,1.806,19.9
2026-03-21T22:15:00Z,P1,0.358,19.7
2026-03-21T22:15:00Z,P2,1.162,19.7
2026-03-21T22:15:00Z,P3,2.572,19.7
2026-03-21T22:30:00Z,P1,1.194,19.3
2026-03-21T22:30:00Z,P2,0.472,19.3
2026-03-21T22:30:00Z,P3,3.290,19.3
2026-03-21T22:45:00Z,P1,1.583,19.4
2026-03-21T22:45:00Z,P2,2.430,19.4
2026-03-21T22:45:00Z,P3,3.545,19.4
2026-03-21T23:00:00Z,P1,1.787,19.7
2026-03-21T23:00:00Z,P2,3.310,19.7
2026-03-21T23:00:00Z,P3,1.933,19.7
2026-03-21T23:15:00Z,P1,1.992,19.3
2026-03-21T23:15:00Z,P2,2.541,19.3
2026-03-21T23:15:00Z,P3,1.847,19.3
2026-03-21T23:30:00Z,P1,1.678,18.8
2026-03-21T23:30:00Z,P2,3.558,18.8
2026-03-21T23:30:00Z,P3,3.496,18.8
2026-03-21T23:45:00Z,P1,1.577,19.4
2026-03-21T23:45:00Z,P2,1.587,19.4
2026-03-21T23:45:00Z,P3,3.698,19.4
2026-03-22T00:00:00Z,P1,1.579,19.3
2026-03-22T00:00:00Z,P2,0.367,19.3
2026-03-22T00:00:00Z,P3,2.338,19.3
2026-03-22T00:15:00Z,P1,1.555,18.8
2026-03-22T00:15:00Z,P2,2.231,18.8
2026-03-22T00:15:00Z,P3,1.854,18.8
2026-03-22T00:30:00Z,P1,1.593,19.4
2026-03-22T00:30:00Z,P2,2.538,19.4
2026-03-22T00:30:00Z,P3,2.077,19.4
2026-03-22T00:45:00Z,P1,1.589,18.4
2026-03-22T00:45:00Z,P2,2.555,18.4
2026-03-22T00:45:00Z,P3,3.697,18.4
2026-03-22T01:00:00Z,P1,1.602,18.8
2026-03-22T01:00:00Z,P2,3.395,18.8
2026-03-22T01:00:00Z,P3,3.648,18.8
2026-03-22T01:15:00Z,P1,1.569,19.4
2026-03-22T01:15:00Z,P2,2.377,19.4
2026-03-22T01:15:00Z,P3,2.191,19.4
2026-03-22T01:30:00Z,P1,1.188,19.1
2026-03-22T01:30:00Z,P2,0.346,19.1
2026-03-22T01:30:00Z,P3,1.845,19.1
2026-03-22T01:45:00Z,P1,0.385,18.7
2026-03-22T01:45:00Z,P2,1.210,18.7
2026-03-22T01:45:00Z,P3,2.175,18.7
2026-03-22T02:00:00Z,P1,0.429,19.1
2026-03-22T02:00:00Z,P2,4.272,19.1
2026-03-22T02:00:00Z,P3,2.209,19.1
2026-03-22T02:15:00Z,P1,1.607,19.2
2026-03-22T02:15:00Z,P2,2.659,19.2
2026-03-22T02:15:00Z,P3,1.652,19.2
2026-03-22T02:30:00Z,P1,1.670,18.8
2026-03-22T02:30:00Z,P2,2.020,18.8
2026-03-22T02:30:00Z,P3,0.369,18.8
2026-03-22T02:45:00Z,P1,1.413,19.1
2026-03-22T02:45:00Z,P2,2.377,19.1
2026-03-22T02:45:00Z,P3,0.350,19.1
2026-03-22T03:00:00Z,P1,0.372,18.9
2026-03-22T03:00:00Z,P2,1.413,18.9
2026-03-22T03:00:00Z,P3,2.151,18.9
2026-03-22T03:15:00Z,P1,0.335,19.2
2026-03-22T03:15:00Z,P2,1.498,19.2
2026-03-22T03:15:00Z,P3,2.188,19.2
2026-03-22T03:30:00Z,P1,1.507,18.9
2026-03-22T03:30:00Z,P2,4.295,18.9
2026-03-22T03:30:00Z,P3,1.494,18.9
2026-03-22T03:45:00Z,P1,1.642,19.4
2026-03-22T03:45:00Z,P2,3.335,19.4
2026-03-22T03:45:00Z,P3,0.380,19.4
2026-03-22T04:00:00Z,P1,1.665,18.8
2026-03-22T04:00:00Z,P2,0.321,18.8
2026-03-22T04:00:00Z,P3,0.327,18.8
2026-03-22T04:15:00Z,P1,2.516,19.5
2026-03-22T04:15:00Z,P2,0.987,19.5
2026-03-22T04:15:00Z,P3,1.911,19.5
2026-03-22T04:30:00Z,P1,2.392,19.2
2026-03-22T04:30:00Z,P2,2.801,19.2
2026-03-22T04:30:00Z,P3,2.152,19.2
2026-03-22T04:45:00Z,P1,3.588,19.3
2026-03-22T04:45:00Z,P2,3.353,19.3
2026-03-22T04:45:00Z,P3,0.595,19.3
2026-03-22T05:00:00Z,P1,3.714,19.5
2026-03-22T05:00:00Z,P2,2.491,19.5
2026-03-22T05:00:00Z,P3,0.341,19.5
2026-03-22T05:15:00Z,P1,3.674,19.4
2026-03-22T05:15:00Z,P2,2.521,19.4
2026-03-22T05:15:00Z,P3,0.884,19.4
2026-03-22T05:30:00Z,P1,2.732,19.9
2026-03-22T05:30:00Z,P2,2.009,19.9
2026-03-22T05:30:00Z,P3,2.148,19.9
2026-03-22T05:45:00Z,P1,1.769,19.7
2026-03-22T05:45:00Z,P2,0.381,19.7
2026-03-22T05:45:00Z,P3,2.147,19.7
2026-03-22T06:00:00Z,P1,0.763,19.8
2026-03-22T06:00:00Z,P2,2.356,19.8
2026-03-22T06:00:00Z,P3,0.361,19.8
2026-03-22T06:15:00Z,P1,1.596,19.9
2026-03-22T06:15:00Z,P2,4.537,19.9
2026-03-22T06:15:00Z,P3,0.348,19.9
2026-03-22T06:30:00Z,P1,1.641,20.0
2026-03-22T06:30:00Z,P2,2.515,20.0
2026-03-22T06:30:00Z,P3,1.312,20.0
2026-03-22T06:45:00Z,P1,1.064,20.0
2026-03-22T06:45:00Z,P2,1.580,20.0
2026-03-22T06:45:00Z,P3,2.132,20.0
2026-03-22T07:00:00Z,P1,0.306,19.6
2026-03-22T07:00:00Z,P2,2.431,19.6
2026-03-22T07:00:00Z,P3,1.939,19.6
2026-03-22T07:15:00Z,P1,0.497,20.3
2026-03-22T07:15:00Z,P2,0.510,20.3
2026-03-22T07:15:00Z,P3,0.334,20.3
2026-03-22T07:30:00Z,P1,1.622,20.6
2026-03-22T07:30:00Z,P2,2.551,20.6
2026-03-22T07:30:00Z,P3,0.361,20.6
2026-03-22T07:45:00Z,P1,1.632,20.3
2026-03-22T07:45:00Z,P2,4.569,20.3
2026-03-22T07:45:00Z,P3,1.949,20.3
2026-03-22T08:00:00Z,P1,1.620,20.7
2026-03-22T08:00:00Z,P2,2.760,20.7
2026-03-22T08:00:00Z,P3,2.190,20.7
2026-03-22T08:15:00Z,P1,0.362,20.1
2026-03-22T08:15:00Z,P2,0.378,20.1
2026-03-22T08:15:00Z,P3,0.813,20.1
2026-03-22T08:30:00Z,P1,0.376,20.7
2026-03-22T08:30:00Z,P2,2.404,20.7
2026-03-22T08:30:00Z,P3,0.343,20.7
2026-03-22T08:45:00Z,P1,1.357,20.9
2026-03-22T08:45:00Z,P2,1.879,20.9
2026-03-22T08:45:00Z,P3,1.166,20.9
2026-03-22T09:00:00Z,P1,1.608,21.4
2026-03-22T09:00:00Z,P2,2.562,21.4
2026-03-22T09:00:00Z,P3,2.128,21.4
2026-03-22T09:15:00Z,P1,1.611,20.9
2026-03-22T09:15:00Z,P2,4.149,20.9
2026-03-22T09:15:00Z,P3,1.384,20.9
2026-03-22T09:30:00Z,P1,0.366,21.1
2026-03-22T09:30:00Z,P2,2.793,21.1
2026-03-22T09:30:00Z,P3,1.562,21.1
2026-03-22T09:45:00Z,P1,0.363,20.8
2026-03-22T09:45:00Z,P2,0.390,20.8
2026-03-22T09:45:00Z,P3,1.720,20.8
2026-03-22T10:00:00Z,P1,1.207,21.7
2026-03-22T10:00:00Z,P2,1.886,21.7
2026-03-22T10:00:00Z,P3,0.595,21.7
2026-03-22T10:15:00Z,P1,1.651,21.0
2026-03-22T10:15:00Z,P2,4.021,21.0
2026-03-22T10:15:00Z,P3,1.388,21.0
2026-03-22T10:30:00Z,P1,1.615,21.7
2026-03-22T10:30:00Z,P2,2.672,21.7
2026-03-22T10:30:00Z,P3,1.808,21.7
2026-03-22T10:45:00Z,P1,1.615,21.9
2026-03-22T10:45:00Z,P2,2.501,21.9
2026-03-22T10:45:00Z,P3,1.797,21.9
2026-03-22T11:00:00Z,P1,2.442,21.6
2026-03-22T11:00:00Z,P2,2.465,21.6
2026-03-22T11:00:00Z,P3,3.447,21.6
2026-03-22T11:15:00Z,P1,3.288,21.8
2026-03-22T11:15:00Z,P2,0.629,21.8
2026-03-22T11:15:00Z,P3,3.635,21.8
2026-03-22T11:30:00Z,P1,3.682,21.8
2026-03-22T11:30:00Z,P2,1.600,21.8
2026-03-22T11:30:00Z,P3,3.614,21.8
2026-03-22T11:45:00Z,P1,3.739,22.0
2026-03-22T11:45:00Z,P2,4.585,22.0
2026-03-22T11:45:00Z,P3,3.651,22.0
2026-03-22T12:00:00Z,P1,2.952,21.7
2026-03-22T12:00:00Z,P2,3.363,21.7
2026-03-22T12:00:00Z,P3,3.321,21.7
2026-03-22T12:15:00Z,P1,2.504,22.1
2026-03-22T12:15:00Z,P2,1.072,22.1
2026-03-22T12:15:00Z,P3,2.185,22.1
2026-03-22T12:30:00Z,P1,3.039,22.0
2026-03-22T12:30:00Z,P2,2.397,22.0
2026-03-22T12:30:00Z,P3,2.161,22.0
2026-03-22T12:45:00Z,P1,3.719,22.1
2026-03-22T12:45:00Z,P2,1.983,22.1
2026-03-22T12:45:00Z,P3,2.112,22.1
2026-03-22T13:00:00Z,P1,3.736,22.5
2026-03-22T13:00:00Z,P2,2.233,22.5
2026-03-22T13:00:00Z,P3,1.932,22.5
2026-03-22T13:15:00Z,P1,3.466,22.2
2026-03-22T13:15:00Z,P2,3.469,22.2
2026-03-22T13:15:00Z,P3,0.330,22.2
2026-03-22T13:30:00Z,P1,0.392,22.3
2026-03-22T13:30:00Z,P2,2.841,22.3
2026-03-22T13:30:00Z,P3,0.332,22.3
2026-03-22T13:45:00Z,P1,0.459,22.1
2026-03-22T13:45:00Z,P2,0.902,22.1
2026-03-22T13:45:00Z,P3,1.755,22.1
2026-03-22T14:00:00Z,P1,1.637,22.3
2026-03-22T14:00:00Z,P2,0.895,22.3
2026-03-22T14:00:00Z,P3,2.167,22.3
2026-03-22T14:15:00Z,P1,1.590,22.2
2026-03-22T14:15:00Z,P2,3.526,22.2
2026-03-22T14:15:00Z,P3,2.040,22.2
2026-03-22T14:30:00Z,P1,1.607,22.2
2026-03-22T14:30:00Z,P2,3.459,22.2
2026-03-22T14:30:00Z,P3,0.341,22.2
2026-03-22T14:45:00Z,P1,0.515,22.3
2026-03-22T14:45:00Z,P2,2.424,22.3
2026-03-22T14:45:00Z,P3,0.347,22.3
2026-03-22T15:00:00Z,P1,0.368,21.9
2026-03-22T15:00:00Z,P2,2.413,21.9
2026-03-22T15:00:00Z,P3,1.697,21.9
2026-03-22T15:15:00Z,P1,1.127,21.9
2026-03-22T15:15:00Z,P2,2.102,21.9
2026-03-22T15:15:00Z,P3,2.227,21.9
2026-03-22T15:30:00Z,P1,1.562,21.8
2026-03-22T15:30:00Z,P2,0.343,21.8
2026-03-22T15:30:00Z,P3,1.651,21.8
2026-03-22T15:45:00Z,P1,1.597,22.2
2026-03-22T15:45:00Z,P2,3.307,22.2
2026-03-22T15:45:00Z,P3,0.344,22.2
2026-03-22T16:00:00Z,P1,1.076,21.9
2026-03-22T16:00:00Z,P2,4.495,21.9
2026-03-22T16:00:00Z,P3,1.169,21.9
2026-03-22T16:15:00Z,P1,0.402,21.8
2026-03-22T16:15:00Z,P2,1.489,21.8
2026-03-22T16:15:00Z,P3,1.944,21.8
2026-03-22T16:30:00Z,P1,0.634,21.7
2026-03-22T16:30:00Z,P2,2.186,21.7
2026-03-22T16:30:00Z,P3,2.028,21.7
2026-03-22T16:45:00Z,P1,3.616,21.4
2026-03-22T16:45:00Z,P2,4.022,21.4
2026-03-22T16:45:00Z,P3,2.190,21.4
2026-03-22T17:00:00Z,P1,3.731,21.3
2026-03-22T17:00:00Z,P2,4.151,21.3
2026-03-22T17:00:00Z,P3,2.144,21.3
2026-03-22T17:15:00Z,P1,3.582,21.5
2026-03-22T17:15:00Z,P2,4.221,21.5
2026-03-22T17:15:00Z,P3,3.386,21.5
2026-03-22T17:30:00Z,P1,4.091,21.5
2026-03-22T17:30:00Z,P2,4.595,21.5
2026-03-22T17:30:00Z,P3,3.677,21.5
2026-03-22T17:45:00Z,P1,3.939,21.2
2026-03-22T17:45:00Z,P2,4.607,21.2
2026-03-22T17:45:00Z,P3,3.641,21.2
2026-03-22T18:00:00Z,P1,3.713,21.4
2026-03-22T18:00:00Z,P2,4.628,21.4
2026-03-22T18:00:00Z,P3,3.667,21.4
2026-03-22T18:15:00Z,P1,3.773,21.0
2026-03-22T18:15:00Z,P2,4.617,21.0
2026-03-22T18:15:00Z,P3,1.773,21.0
2026-03-22T18:30:00Z,P1,3.721,21.0
2026-03-22T18:30:00Z,P2,4.495,21.0
2026-03-22T18:30:00Z,P3,1.860,21.0
2026-03-22T18:45:00Z,P1,3.706,21.1
2026-03-22T18:45:00Z,P2,4.558,21.1
2026-03-22T18:45:00Z,P3,3.397,21.1
2026-03-22T19:00:00Z,P1,3.732,20.8
2026-03-22T19:00:00Z,P2,2.860,20.8
2026-03-22T19:00:00Z,P3,2.193,20.8
2026-03-22T19:15:00Z,P1,1.886,20.6
2026-03-22T19:15:00Z,P2,0.368,20.6
2026-03-22T19:15:00Z,P3,0.851,20.6
2026-03-22T19:30:00Z,P1,1.601,20.7
2026-03-22T19:30:00Z,P2,1.314,20.7
2026-03-22T19:30:00Z,P3,0.394,20.7
2026-03-22T19:45:00Z,P1,0.901,20.7
2026-03-22T19:45:00Z,P2,3.564,20.7
2026-03-22T19:45:00Z,P3,1.064,20.7
2026-03-22T20:00:00Z,P1,0.290,20.5
2026-03-22T20:00:00Z,P2,2.673,20.5
2026-03-22T20:00:00Z,P3,2.198,20.5
2026-03-22T20:15:00Z,P1,0.863,20.1
2026-03-22T20:15:00Z,P2,2.782,20.1
2026-03-22T20:15:00Z,P3,2.159,20.1
2026-03-22T20:30:00Z,P1,1.595,20.2
2026-03-22T20:30:00Z,P2,2.388,20.2
2026-03-22T20:30:00Z,P3,0.728,20.2
2026-03-22T20:45:00Z,P1,1.552,20.2
2026-03-22T20:45:00Z,P2,1.313,20.2
2026-03-22T20:45:00Z,P3,0.368,20.2
2026-03-22T21:00:00Z,P1,0.884,20.2
2026-03-22T21:00:00Z,P2,0.677,20.2
2026-03-22T21:00:00Z,P3,0.573,20.2
2026-03-22T21:15:00Z,P1,0.334,20.0
2026-03-22T21:15:00Z,P2,4.133,20.0
2026-03-22T21:15:00Z,P3,2.219,20.0
2026-03-22T21:30:00Z,P1,1.053,20.1
2026-03-22T21:30:00Z,P2,4.291,20.1
2026-03-22T21:30:00Z,P3,2.164,20.1
2026-03-22T21:45:00Z,P1,1.626,19.9
2026-03-22T21:45:00Z,P2,0.573,19.9
2026-03-22T21:45:00Z,P3,0.361,19.9
2026-03-22T22:00:00Z,P1,1.566,20.1
2026-03-22T22:00:00Z,P2,1.287,20.1
2026-03-22T22:00:00Z,P3,0.376,20.1
2026-03-22T22:15:00Z,P1,1.083,19.6
2026-03-22T22:15:00Z,P2,2.399,19.6
2026-03-22T22:15:00Z,P3,1.445,19.6
2026-03-22T22:30:00Z,P1,0.735,19.3
2026-03-22T22:30:00Z,P2,2.230,19.3
2026-03-22T22:30:00Z,P3,2.179,19.3
2026-03-22T22:45:00Z,P1,2.159,19.3
2026-03-22T22:45:00Z,P2,2.690,19.3
2026-03-22T22:45:00Z,P3,1.536,19.3
2026-03-22T23:00:00Z,P1,3.451,19.4
2026-03-22T23:00:00Z,P2,3.835,19.4
2026-03-22T23:00:00Z,P3,0.338,19.4
2026-03-22T23:15:00Z,P1,3.764,19.3
2026-03-22T23:15:00Z,P2,1.875,19.3
2026-03-22T23:15:00Z,P3,0.349,19.3
2026-03-22T23:30:00Z,P1,3.599,19.3
2026-03-22T23:30:00Z,P2,0.364,19.3
2026-03-22T23:30:00Z,P3,2.000,19.3
2026-03-22T23:45:00Z,P1,2.488,19.1
2026-03-22T23:45:00Z,P2,2.026,19.1
2026-03-22T23:45:00Z,P3,2.178,19.1
2026-03-23T00:00:00Z,P1,2.519,18.8
2026-03-23T00:00:00Z,P2,4.586,18.8
2026-03-23T00:00:00Z,P3,1.296,18.8
2026-03-23T00:15:00Z,P1,3.620,19.0
2026-03-23T00:15:00Z,P2,2.638,19.0
2026-03-23T00:15:00Z,P3,0.371,19.0
2026-03-23T00:30:00Z,P1,3.682,18.8
2026-03-23T00:30:00Z,P2,0.571,18.8
2026-03-23T00:30:00Z,P3,0.321,18.8
2026-03-23T00:45:00Z,P1,3.691,19.2
2026-03-23T00:45:00Z,P2,2.393,19.2
2026-03-23T00:45:00Z,P3,1.624,19.2
2026-03-23T01:00:00Z,P1,2.606,19.0
2026-03-23T01:00:00Z,P2,0.979,19.0
2026-03-23T01:00:00Z,P3,2.140,19.0
2026-03-23T01:15:00Z,P1,2.508,18.8
2026-03-23T01:15:00Z,P2,1.910,18.8
2026-03-23T01:15:00Z,P3,1.078,18.8
2026-03-23T01:30:00Z,P1,3.365,18.9
2026-03-23T01:30:00Z,P2,4.418,18.9
2026-03-23T01:30:00Z,P3,0.357,18.9
2026-03-23T01:45:00Z,P1,3.730,19.0
2026-03-23T01:45:00Z,P2,2.903,19.0
2026-03-23T01:45:00Z,P3,0.694,19.0
2026-03-23T02:00:00Z,P1,3.719,19.1
2026-03-23T02:00:00Z,P2,0.337,19.1
2026-03-23T02:00:00Z,P3,2.139,19.1
2026-03-23T02:15:00Z,P1,2.071,19.0
2026-03-23T02:15:00Z,P2,1.451,19.0
2026-03-23T02:15:00Z,P3,2.157,19.0
2026-03-23T02:30:00Z,P1,0.334,18.8
2026-03-23T02:30:00Z,P2,2.808,18.8
2026-03-23T02:30:00Z,P3,0.752,18.8
2026-03-23T02:45:00Z,P1,1.117,18.7
2026-03-23T02:45:00Z,P2,3.094,18.7
2026-03-23T02:45:00Z,P3,0.333,18.7
2026-03-23T03:00:00Z,P1,1.570,18.8
2026-03-23T03:00:00Z,P2,2.446,18.8
2026-03-23T03:00:00Z,P3,1.090,18.8
2026-03-23T03:15:00Z,P1,1.577,19.4
2026-03-23T03:15:00Z,P2,2.242,19.4
2026-03-23T03:15:00Z,P3,2.162,19.4
2026-03-23T03:30:00Z,P1,0.601,19.0
2026-03-23T03:30:00Z,P2,2.111,19.0
2026-03-23T03:30:00Z,P3,1.823,19.0
2026-03-23T03:45:00Z,P1,0.369,19.3
2026-03-23T03:45:00Z,P2,0.369,19.3
2026-03-23T03:45:00Z,P3,0.337,19.3
2026-03-23T04:00:00Z,P1,0.689,19.4
2026-03-23T04:00:00Z,P2,3.444,19.4
2026-03-23T04:00:00Z,P3,0.315,19.4
2026-03-23T04:15:00Z,P1,1.553,19.7
2026-03-23T04:15:00Z,P2,3.996,19.7
2026-03-23T04:15:00Z,P3,1.745,19.7
2026-03-23T04:30:00Z,P1,1.605,19.0
2026-03-23T04:30:00Z,P2,1.683,19.0
2026-03-23T04:30:00Z,P3,2.170,19.0
2026-03-23T04:45:00Z,P1,1.536,19.0
2026-03-23T04:45:00Z,P2,1.718,19.0
2026-03-23T04:45:00Z,P3,1.332,19.0
2026-03-23T05:00:00Z,P1,0.333,19.3
2026-03-23T05:00:00Z,P2,2.156,19.3
2026-03-23T05:00:00Z,P3,0.926,19.3
2026-03-23T05:15:00Z,P1,0.354,19.7
2026-03-23T05:15:00Z,P2,0.381,19.7
2026-03-23T05:15:00Z,P3,2.062,19.7
2026-03-23T05:30:00Z,P1,1.470,19.7
2026-03-23T05:30:00Z,P2,3.789,19.7
2026-03-23T05:30:00Z,P3,3.649,19.7
2026-03-23T05:45:00Z,P1,1.613,19.7
2026-03-23T05:45:00Z,P2,4.596,19.7
2026-03-23T05:45:00Z,P3,3.656,19.7
2026-03-23T06:00:00Z,P1,1.542,19.9
2026-03-23T06:00:00Z,P2,1.712,19.9
2026-03-23T06:00:00Z,P3,2.017,19.9
2026-03-23T06:15:00Z,P1,0.387,19.9
2026-03-23T06:15:00Z,P2,0.388,19.9
2026-03-23T06:15:00Z,P3,1.773,19.9
2026-03-23T06:30:00Z,P1,0.358,19.5
2026-03-23T06:30:00Z,P2,2.317,19.5
2026-03-23T06:30:00Z,P3,2.788,19.5
2026-03-23T06:45:00Z,P1,1.492,19.9
2026-03-23T06:45:00Z,P2,2.720,19.9
2026-03-23T06:45:00Z,P3,2.158,19.9
2026-03-23T07:00:00Z,P1,1.602,19.8
2026-03-23T07:00:00Z,P2,2.528,19.8
2026-03-23T07:00:00Z,P3,1.784,19.8
2026-03-23T07:15:00Z,P1,1.572,20.2
2026-03-23T07:15:00Z,P2,4.272,20.2
2026-03-23T07:15:00Z,P3,0.376,20.2
2026-03-23T07:30:00Z,P1,0.528,20.3
2026-03-23T07:30:00Z,P2,1.889,20.3
2026-03-23T07:30:00Z,P3,0.337,20.3
2026-03-23T07:45:00Z,P1,0.416,20.3
2026-03-23T07:45:00Z,P2,0.326,20.3
2026-03-23T07:45:00Z,P3,2.203,20.3
2026-03-23T08:00:00Z,P1,1.394,20.3
2026-03-23T08:00:00Z,P2,1.818,20.3
2026-03-23T08:00:00Z,P3,2.176,20.3
2026-03-23T08:15:00Z,P1,1.586,20.9
2026-03-23T08:15:00Z,P2,4.426,20.9
2026-03-23T08:15:00Z,P3,1.122,20.9
2026-03-23T08:30:00Z,P1,1.778,20.8
2026-03-23T08:30:00Z,P2,3.059,20.8
2026-03-23T08:30:00Z,P3,0.353,20.8
2026-03-23T08:45:00Z,P1,2.525,21.0
2026-03-23T08:45:00Z,P2,3.841,21.0
2026-03-23T08:45:00Z,P3,2.029,21.0
2026-03-23T09:00:00Z,P1,2.478,20.8
2026-03-23T09:00:00Z,P2,2.399,20.8
2026-03-23T09:00:00Z,P3,2.135,20.8
2026-03-23T09:15:00Z,P1,3.569,20.5
2026-03-23T09:15:00Z,P2,0.877,20.5
2026-03-23T09:15:00Z,P3,1.627,20.5
2026-03-23T09:30:00Z,P1,3.726,21.1
2026-03-23T09:30:00Z,P2,1.830,21.1
2026-03-23T09:30:00Z,P3,0.364,21.1
2026-03-23T09:45:00Z,P1,3.790,20.8
2026-03-23T09:45:00Z,P2,4.581,20.8
2026-03-23T09:45:00Z,P3,0.512,20.8
2026-03-23T10:00:00Z,P1,4.150,21.4
2026-03-23T10:00:00Z,P2,3.688,21.4
2026-03-23T10:00:00Z,P3,2.199,21.4
2026-03-23T10:15:00Z,P1,3.984,21.7
2026-03-23T10:15:00Z,P2,0.351,21.7
2026-03-23T10:15:00Z,P3,2.177,21.7
2026-03-23T10:30:00Z,P1,3.763,21.2
2026-03-23T10:30:00Z,P2,1.447,21.2
2026-03-23T10:30:00Z,P3,0.946,21.2
2026-03-23T10:45:00Z,P1,3.763,21.5
2026-03-23T10:45:00Z,P2,2.420,21.5
2026-03-23T10:45:00Z,P3,0.609,21.5
2026-03-23T11:00:00Z,P1,3.717,21.7
2026-03-23T11:00:00Z,P2,1.605,21.7
2026-03-23T11:00:00Z,P3,2.192,21.7
2026-03-23T11:15:00Z,P1,2.707,21.6
2026-03-23T11:15:00Z,P2,3.326,21.6
2026-03-23T11:15:00Z,P3,2.146,21.6
2026-03-23T11:30:00Z,P1,1.595,21.7
2026-03-23T11:30:00Z,P2,4.629,21.7
2026-03-23T11:30:00Z,P3,0.705,21.7
2026-03-23T11:45:00Z,P1,1.673,21.7
2026-03-23T11:45:00Z,P2,0.996,21.7
2026-03-23T11:45:00Z,P3,0.548,21.7
2026-03-23T12:00:00Z,P1,1.627,21.9
2026-03-23T12:00:00Z,P2,0.386,21.9
2026-03-23T12:00:00Z,P3,2.790,21.9
2026-03-23T12:15:00Z,P1,1.575,22.0
2026-03-23T12:15:00Z,P2,3.249,22.0
2026-03-23T12:15:00Z,P3,3.656,22.0
2026-03-23T12:30:00Z,P1,1.594,21.6
2026-03-23T12:30:00Z,P2,4.565,21.6
2026-03-23T12:30:00Z,P3,3.393,21.6
2026-03-23T12:45:00Z,P1,0.475,22.2
2026-03-23T12:45:00Z,P2,3.280,22.2
2026-03-23T12:45:00Z,P3,1.841,22.2
2026-03-23T13:00:00Z,P1,0.323,22.2
2026-03-23T13:00:00Z,P2,0.818,22.2
2026-03-23T13:00:00Z,P3,1.953,22.2
2026-03-23T13:15:00Z,P1,1.323,21.8
2026-03-23T13:15:00Z,P2,2.234,21.8
2026-03-23T13:15:00Z,P3,3.600,21.8
2026-03-23T13:30:00Z,P1,1.603,22.4
2026-03-23T13:30:00Z,P2,4.194,22.4
2026-03-23T13:30:00Z,P3,2.925,22.4
2026-03-23T13:45:00Z,P1,1.574,22.0
2026-03-23T13:45:00Z,P2,2.470,22.0
2026-03-23T13:45:00Z,P3,2.954,22.0
2026-03-23T14:00:00Z,P1,1.389,22.0
2026-03-23T14:00:00Z,P2,3.224,22.0
2026-03-23T14:00:00Z,P3,1.892,22.0
2026-03-23T14:15:00Z,P1,0.324,22.0
2026-03-23T14:15:00Z,P2,2.376,22.0
2026-03-23T14:15:00Z,P3,2.179,22.0
2026-03-23T14:30:00Z,P1,2.033,21.7
2026-03-23T14:30:00Z,P2,1.224,21.7
2026-03-23T14:30:00Z,P3,1.644,21.7
2026-03-23T14:45:00Z,P1,3.788,22.2
2026-03-23T14:45:00Z,P2,0.796,22.2
2026-03-23T14:45:00Z,P3,2.141,22.2
2026-03-23T15:00:00Z,P1,3.696,21.9
2026-03-23T15:00:00Z,P2,4.585,21.9
2026-03-23T15:00:00Z,P3,2.226,21.9
2026-03-23T15:15:00Z,P1,3.297,22.0
2026-03-23T15:15:00Z,P2,3.901,22.0
2026-03-23T15:15:00Z,P3,2.158,22.0
2026-03-23T15:30:00Z,P1,2.504,21.6
2026-03-23T15:30:00Z,P2,0.786,21.6
2026-03-23T15:30:00Z,P3,2.176,21.6
2026-03-23T15:45:00Z,P1,2.783,21.6
2026-03-23T15:45:00Z,P2,2.005,21.6
2026-03-23T15:45:00Z,P3,1.449,21.6
2026-03-23T16:00:00Z,P1,3.783,21.8
2026-03-23T16:00:00Z,P2,3.437,21.8
2026-03-23T16:00:00Z,P3,1.207,21.8
2026-03-23T16:15:00Z,P1,3.131,21.7
2026-03-23T16:15:00Z,P2,2.543,21.7
2026-03-23T16:15:00Z,P3,1.994,21.7
2026-03-23T16:30:00Z,P1,1.554,21.6
2026-03-23T16:30:00Z,P2,3.754,21.6
2026-03-23T16:30:00Z,P3,3.309,21.6
2026-03-23T16:45:00Z,P1,0.666,21.5
2026-03-23T16:45:00Z,P2,4.443,21.5
2026-03-23T16:45:00Z,P3,3.317,21.5
2026-03-23T17:00:00Z,P1,0.391,21.4
2026-03-23T17:00:00Z,P2,2.034,21.4
2026-03-23T17:00:00Z,P3,3.661,21.4
2026-03-23T17:15:00Z,P1,1.237,21.3
2026-03-23T17:15:00Z,P2,3.200,21.3
2026-03-23T17:15:00Z,P3,3.618,21.3
2026-03-23T17:30:00Z,P1,1.601,21.2
2026-03-23T17:30:00Z,P2,4.161,21.2
2026-03-23T17:30:00Z,P3,3.619,21.2
2026-03-23T17:45:00Z,P1,1.595,21.5
2026-03-23T17:45:00Z,P2,4.250,21.5
2026-03-23T17:45:00Z,P3,3.667,21.5
2026-03-23T18:00:00Z,P1,0.610,21.3
2026-03-23T18:00:00Z,P2,4.533,21.3
2026-03-23T18:00:00Z,P3,3.618,21.3
2026-03-23T18:15:00Z,P1,0.321,21.8
2026-03-23T18:15:00Z,P2,4.528,21.8
2026-03-23T18:15:00Z,P3,3.535,21.8
2026-03-23T18:30:00Z,P1,1.297,20.9
2026-03-23T18:30:00Z,P2,4.560,20.9
2026-03-23T18:30:00Z,P3,1.811,20.9
2026-03-23T18:45:00Z,P1,2.155,21.3
2026-03-23T18:45:00Z,P2,4.598,21.3
2026-03-23T18:45:00Z,P3,1.806,21.3
2026-03-23T19:00:00Z,P1,3.719,21.0
2026-03-23T19:00:00Z,P2,4.540,21.0
2026-03-23T19:00:00Z,P3,3.240,21.0
2026-03-23T19:15:00Z,P1,3.325,20.7
2026-03-23T19:15:00Z,P2,2.552,20.7
2026-03-23T19:15:00Z,P3,3.607,20.7
2026-03-23T19:30:00Z,P1,2.458,20.6
2026-03-23T19:30:00Z,P2,2.400,20.6
2026-03-23T19:30:00Z,P3,2.913,20.6
2026-03-23T19:45:00Z,P1,2.603,21.0
2026-03-23T19:45:00Z,P2,0.938,21.0
2026-03-23T19:45:00Z,P3,1.831,21.0
2026-03-23T20:00:00Z,P1,3.661,20.9
2026-03-23T20:00:00Z,P2,3.446,20.9
2026-03-23T20:00:00Z,P3,1.836,20.9
2026-03-23T20:15:00Z,P1,3.717,20.4
2026-03-23T20:15:00Z,P2,4.609,20.4
2026-03-23T20:15:00Z,P3,3.373,20.4
2026-03-23T20:30:00Z,P1,2.651,20.1
2026-03-23T20:30:00Z,P2,1.596,20.1
2026-03-23T20:30:00Z,P3,3.647,20.1
2026-03-23T20:45:00Z,P1,0.306,20.2
2026-03-23T20:45:00Z,P2,0.342,20.2
2026-03-23T20:45:00Z,P3,1.327,20.2
2026-03-23T21:00:00Z,P1,0.339,20.0
2026-03-23T21:00:00Z,P2,1.975,20.0
2026-03-23T21:00:00Z,P3,0.301,20.0
2026-03-23T21:15:00Z,P1,1.465,20.0
2026-03-23T21:15:00Z,P2,2.943,20.0
2026-03-23T21:15:00Z,P3,1.304,20.0
2026-03-23T21:30:00Z,P1,1.596,19.9
2026-03-23T21:30:00Z,P2,2.540,19.9
2026-03-23T21:30:00Z,P3,2.079,19.9
2026-03-23T21:45:00Z,P1,1.631,19.5
2026-03-23T21:45:00Z,P2,3.066,19.5
2026-03-23T21:45:00Z,P3,1.545,19.5
2026-03-23T22:00:00Z,P1,0.639,19.6
2026-03-23T22:00:00Z,P2,2.418,19.6
2026-03-23T22:00:00Z,P3,0.359,19.6
2026-03-23T22:15:00Z,P1,0.348,19.6
2026-03-23T22:15:00Z,P2,0.660,19.6
2026-03-23T22:15:00Z,P3,0.360,19.6
2026-03-23T22:30:00Z,P1,1.099,19.5
2026-03-23T22:30:00Z,P2,1.155,19.5
2026-03-23T22:30:00Z,P3,1.665,19.5
2026-03-23T22:45:00Z,P1,1.569,19.9
2026-03-23T22:45:00Z,P2,2.826,19.9
2026-03-23T22:45:00Z,P3,2.195,19.9
2026-03-23T23:00:00Z,P1,1.599,19.2
2026-03-23T23:00:00Z,P2,2.681,19.2
2026-03-23T23:00:00Z,P3,1.451,19.2
2026-03-23T23:15:00Z,P1,1.005,19.1
2026-03-23T23:15:00Z,P2,3.070,19.1
2026-03-23T23:15:00Z,P3,0.369,19.1
2026-03-23T23:30:00Z,P1,0.359,19.3
2026-03-23T23:30:00Z,P2,2.626,19.3
2026-03-23T23:30:00Z,P3,0.319,19.3
2026-03-23T23:45:00Z,P1,0.349,19.0
2026-03-23T23:45:00Z,P2,1.270,19.0
2026-03-23T23:45:00Z,P3,2.204,19.0
2026-03-24T00:00:00Z,P1,1.612,19.4
2026-03-24T00:00:00Z,P2,0.308,19.4
2026-03-24T00:00:00Z,P3,2.154,19.4
2026-03-24T00:15:00Z,P1,1.601,19.0
2026-03-24T00:15:00Z,P2,3.834,19.0
2026-03-24T00:15:00Z,P3,1.344,19.0
2026-03-24T00:30:00Z,P1,1.595,18.7
2026-03-24T00:30:00Z,P2,4.329,18.7
2026-03-24T00:30:00Z,P3,0.307,18.7
2026-03-24T00:45:00Z,P1,0.359,19.1
2026-03-24T00:45:00Z,P2,1.825,19.1
2026-03-24T00:45:00Z,P3,0.373,19.1
2026-03-24T01:00:00Z,P1,0.296,18.8
2026-03-24T01:00:00Z,P2,1.266,18.8
2026-03-24T01:00:00Z,P3,2.076,18.8
2026-03-24T01:15:00Z,P1,1.381,18.5
2026-03-24T01:15:00Z,P2,2.404,18.5
2026-03-24T01:15:00Z,P3,2.184,18.5
2026-03-24T01:30:00Z,P1,1.602,18.7
2026-03-24T01:30:00Z,P2,0.727,18.7
2026-03-24T01:30:00Z,P3,0.935,18.7
2026-03-24T01:45:00Z,P1,1.946,18.7
2026-03-24T01:45:00Z,P2,1.737,18.7
2026-03-24T01:45:00Z,P3,0.372,18.7
2026-03-24T02:00:00Z,P1,1.882,18.9
2026-03-24T02:00:00Z,P2,4.617,18.9
2026-03-24T02:00:00Z,P3,0.615,18.9
2026-03-24T02:15:00Z,P1,1.577,19.0
2026-03-24T02:15:00Z,P2,3.349,19.0
2026-03-24T02:15:00Z,P3,2.207,19.0
2026-03-24T02:30:00Z,P1,1.567,19.0
2026-03-24T02:30:00Z,P2,0.337,19.0
2026-03-24T02:30:00Z,P3,2.172,19.0
2026-03-24T02:45:00Z,P1,1.635,18.7
2026-03-24T02:45:00Z,P2,2.228,18.7
2026-03-24T02:45:00Z,P3,0.431,18.7
2026-03-24T03:00:00Z,P1,1.602,19.2
2026-03-24T03:00:00Z,P2,2.254,19.2
2026-03-24T03:00:00Z,P3,0.365,19.2
2026-03-24T03:15:00Z,P1,1.626,19.1
2026-03-24T03:15:00Z,P2,0.925,19.1
2026-03-24T03:15:00Z,P3,1.156,19.1
2026-03-24T03:30:00Z,P1,1.569,18.8
2026-03-24T03:30:00Z,P2,3.381,18.8
2026-03-24T03:30:00Z,P3,2.182,18.8
2026-03-24T03:45:00Z,P1,3.612,19.2
2026-03-24T03:45:00Z,P2,4.267,19.2
2026-03-24T03:45:00Z,P3,2.770,19.2
2026-03-24T04:00:00Z,P1,3.711,19.1
2026-03-24T04:00:00Z,P2,1.142,19.1
2026-03-24T04:00:00Z,P3,1.822,19.1
2026-03-24T04:15:00Z,P1,2.871,19.2
2026-03-24T04:15:00Z,P2,0.372,19.2
2026-03-24T04:15:00Z,P3,1.770,19.2
2026-03-24T04:30:00Z,P1,2.447,19.7
2026-03-24T04:30:00Z,P2,2.383,19.7
2026-03-24T04:30:00Z,P3,2.802,19.7
2026-03-24T04:45:00Z,P1,3.109,19.3
2026-03-24T04:45:00Z,P2,2.891,19.3
2026-03-24T04:45:00Z,P3,3.653,19.3
2026-03-24T05:00:00Z,P1,3.761,19.5
2026-03-24T05:00:00Z,P2,2.559,19.5
2026-03-24T05:00:00Z,P3,3.142,19.5
2026-03-24T05:15:00Z,P1,3.619,19.4
2026-03-24T05:15:00Z,P2,3.331,19.4
2026-03-24T05:15:00Z,P3,0.625,19.4
2026-03-24T05:30:00Z,P1,0.983,19.2
2026-03-24T05:30:00Z,P2,1.984,19.2
2026-03-24T05:30:00Z,P3,0.368,19.2
2026-03-24T05:45:00Z,P1,0.339,19.5
2026-03-24T05:45:00Z,P2,0.323,19.5
2026-03-24T05:45:00Z,P3,1.793,19.5
2026-03-24T06:00:00Z,P1,0.438,19.5
2026-03-24T06:00:00Z,P2,2.321,19.5
2026-03-24T06:00:00Z,P3,2.165,19.5
2026-03-24T06:15:00Z,P1,1.542,19.7
2026-03-24T06:15:00Z,P2,4.591,19.7
2026-03-24T06:15:00Z,P3,0.831,19.7
2026-03-24T06:30:00Z,P1,1.574,19.6
2026-03-24T06:30:00Z,P2,2.422,19.6
2026-03-24T06:30:00Z,P3,0.327,19.6
2026-03-24T06:45:00Z,P1,1.398,20.0
2026-03-24T06:45:00Z,P2,1.194,20.0
2026-03-24T06:45:00Z,P3,0.709,20.0
2026-03-24T07:00:00Z,P1,0.366,20.2
2026-03-24T07:00:00Z,P2,2.445,20.2
2026-03-24T07:00:00Z,P3,2.180,20.2
2026-03-24T07:15:00Z,P1,0.416,20.1
2026-03-24T07:15:00Z,P2,0.894,20.1
2026-03-24T07:15:00Z,P3,2.127,20.1
2026-03-24T07:30:00Z,P1,1.427,20.4
2026-03-24T07:30:00Z,P2,2.261,20.4
2026-03-24T07:30:00Z,P3,0.630,20.4
2026-03-24T07:45:00Z,P1,1.564,20.2
2026-03-24T07:45:00Z,P2,4.470,20.2
2026-03-24T07:45:00Z,P3,0.343,20.2
2026-03-24T08:00:00Z,P1,1.516,20.5
2026-03-24T08:00:00Z,P2,3.582,20.5
2026-03-24T08:00:00Z,P3,0.963,20.5
2026-03-24T08:15:00Z,P1,0.856,20.5
2026-03-24T08:15:00Z,P2,1.633,20.5
2026-03-24T08:15:00Z,P3,2.156,20.5
2026-03-24T08:30:00Z,P1,2.035,20.9
2026-03-24T08:30:00Z,P2,1.726,20.9
2026-03-24T08:30:00Z,P3,2.173,20.9
2026-03-24T08:45:00Z,P1,2.581,20.7
2026-03-24T08:45:00Z,P2,2.438,20.7
2026-03-24T08:45:00Z,P3,0.712,20.7
2026-03-24T09:00:00Z,P1,3.750,21.0
2026-03-24T09:00:00Z,P2,0.459,21.0
2026-03-24T09:00:00Z,P3,0.344,21.0
2026-03-24T09:15:00Z,P1,3.702,20.8
2026-03-24T09:15:00Z,P2,3.448,20.8
2026-03-24T09:15:00Z,P3,1.532,20.8
2026-03-24T09:30:00Z,P1,3.293,21.0
2026-03-24T09:30:00Z,P2,4.569,21.0
2026-03-24T09:30:00Z,P3,2.243,21.0
2026-03-24T09:45:00Z,P1,2.491,21.0
2026-03-24T09:45:00Z,P2,2.853,21.0
2026-03-24T09:45:00Z,P3,2.195,21.0
2026-03-24T10:00:00Z,P1,2.625,21.1
2026-03-24T10:00:00Z,P2,0.478,21.1
2026-03-24T10:00:00Z,P3,0.367,21.1
2026-03-24T10:15:00Z,P1,3.755,21.0
2026-03-24T10:15:00Z,P2,2.392,21.0
2026-03-24T10:15:00Z,P3,0.358,21.0
2026-03-24T10:30:00Z,P1,3.744,21.6
2026-03-24T10:30:00Z,P2,2.294,21.6
2026-03-24T10:30:00Z,P3,2.905,21.6
2026-03-24T10:45:00Z,P1,3.170,21.5
2026-03-24T10:45:00Z,P2,2.521,21.5
2026-03-24T10:45:00Z,P3,3.686,21.5
2026-03-24T11:00:00Z,P1,2.472,21.6
2026-03-24T11:00:00Z,P2,3.041,21.6
2026-03-24T11:00:00Z,P3,3.121,21.6
2026-03-24T11:15:00Z,P1,3.563,21.4
2026-03-24T11:15:00Z,P2,4.407,21.4
2026-03-24T11:15:00Z,P3,1.843,21.4
2026-03-24T11:30:00Z,P1,3.697,21.6
2026-03-24T11:30:00Z,P2,3.697,21.6
2026-03-24T11:30:00Z,P3,2.764,21.6
2026-03-24T11:45:00Z,P1,3.724,21.6
2026-03-24T11:45:00Z,P2,2.390,21.6
2026-03-24T11:45:00Z,P3,3.262,21.6
2026-03-24T12:00:00Z,P1,2.514,21.8
2026-03-24T12:00:00Z,P2,0.307,21.8
2026-03-24T12:00:00Z,P3,3.613,21.8
2026-03-24T12:15:00Z,P1,2.486,22.3
2026-03-24T12:15:00Z,P2,1.604,22.3
2026-03-24T12:15:00Z,P3,3.152,22.3
2026-03-24T12:30:00Z,P1,3.504,22.1
2026-03-24T12:30:00Z,P2,4.620,22.1
2026-03-24T12:30:00Z,P3,1.876,22.1
2026-03-24T12:45:00Z,P1,3.696,21.8
2026-03-24T12:45:00Z,P2,2.718,21.8
2026-03-24T12:45:00Z,P3,0.381,21.8
2026-03-24T13:00:00Z,P1,3.169,22.2
2026-03-24T13:00:00Z,P2,3.187,22.2
2026-03-24T13:00:00Z,P3,1.204,22.2
2026-03-24T13:15:00Z,P1,3.268,22.2
2026-03-24T13:15:00Z,P2,4.265,22.2
2026-03-24T13:15:00Z,P3,2.157,22.2
2026-03-24T13:30:00Z,P1,2.485,21.6
2026-03-24T13:30:00Z,P2,1.044,21.6
2026-03-24T13:30:00Z,P3,1.534,21.6
2026-03-24T13:45:00Z,P1,2.611,22.1
2026-03-24T13:45:00Z,P2,0.955,22.1
2026-03-24T13:45:00Z,P3,0.385,22.1
2026-03-24T14:00:00Z,P1,3.331,22.0
2026-03-24T14:00:00Z,P2,2.725,22.0
2026-03-24T14:00:00Z,P3,0.466,22.0
2026-03-24T14:15:00Z,P1,1.593,21.9
2026-03-24T14:15:00Z,P2,2.905,21.9
2026-03-24T14:15:00Z,P3,2.193,21.9
2026-03-24T14:30:00Z,P1,1.571,21.8
2026-03-24T14:30:00Z,P2,3.189,21.8
2026-03-24T14:30:00Z,P3,2.130,21.8
2026-03-24T14:45:00Z,P1,0.350,21.9
2026-03-24T14:45:00Z,P2,3.561,21.9
2026-03-24T14:45:00Z,P3,0.938,21.9
2026-03-24T15:00:00Z,P1,0.340,22.1
2026-03-24T15:00:00Z,P2,2.653,22.1
2026-03-24T15:00:00Z,P3,0.341,22.1
2026-03-24T15:15:00Z,P1,1.639,21.6
2026-03-24T15:15:00Z,P2,1.962,21.6
2026-03-24T15:15:00Z,P3,0.356,21.6
2026-03-24T15:30:00Z,P1,1.618,21.9
2026-03-24T15:30:00Z,P2,4.592,21.9
2026-03-24T15:30:00Z,P3,2.245,21.9
2026-03-24T15:45:00Z,P1,1.513,22.2
2026-03-24T15:45:00Z,P2,4.604,22.2
2026-03-24T15:45:00Z,P3,2.183,22.2
2026-03-24T16:00:00Z,P1,0.630,21.8
2026-03-24T16:00:00Z,P2,4.170,21.8
2026-03-24T16:00:00Z,P3,2.058,21.8
2026-03-24T16:15:00Z,P1,0.373,21.9
2026-03-24T16:15:00Z,P2,2.500,21.9
2026-03-24T16:15:00Z,P3,1.948,21.9
2026-03-24T16:30:00Z,P1,1.265,21.9
2026-03-24T16:30:00Z,P2,3.778,21.9
2026-03-24T16:30:00Z,P3,2.406,21.9
2026-03-24T16:45:00Z,P1,2.155,21.4
2026-03-24T16:45:00Z,P2,3.984,21.4
2026-03-24T16:45:00Z,P3,3.633,21.4
2026-03-24T17:00:00Z,P1,3.713,21.3
2026-03-24T17:00:00Z,P2,4.028,21.3
2026-03-24T17:00:00Z,P3,3.639,21.3
2026-03-24T17:15:00Z,P1,3.679,21.8
2026-03-24T17:15:00Z,P2,4.138,21.8
2026-03-24T17:15:00Z,P3,3.638,21.8
2026-03-24T17:30:00Z,P1,3.968,21.3
2026-03-24T17:30:00Z,P2,4.535,21.3
2026-03-24T17:30:00Z,P3,3.641,21.3
2026-03-24T17:45:00Z,P1,4.069,21.1
2026-03-24T17:45:00Z,P2,4.614,21.1
2026-03-24T17:45:00Z,P3,3.659,21.1
2026-03-24T18:00:00Z,P1,3.755,21.3
2026-03-24T18:00:00Z,P2,4.562,21.3
2026-03-24T18:00:00Z,P3,3.662,21.3
2026-03-24T18:15:00Z,P1,3.690,20.9
2026-03-24T18:15:00Z,P2,4.551,20.9
2026-03-24T18:15:00Z,P3,2.228,20.9
2026-03-24T18:30:00Z,P1,3.704,21.0
2026-03-24T18:30:00Z,P2,4.583,21.0
2026-03-24T18:30:00Z,P3,0.338,21.0
2026-03-24T18:45:00Z,P1,3.708,21.0
2026-03-24T18:45:00Z,P2,3.881,21.0
2026-03-24T18:45:00Z,P3,1.068,21.0
2026-03-24T19:00:00Z,P1,3.756,21.0
2026-03-24T19:00:00Z,P2,2.396,21.0
2026-03-24T19:00:00Z,P3,2.147,21.0
2026-03-24T19:15:00Z,P1,3.300,20.9
2026-03-24T19:15:00Z,P2,2.408,20.9
2026-03-24T19:15:00Z,P3,2.160,20.9
2026-03-24T19:30:00Z,P1,1.556,20.5
2026-03-24T19:30:00Z,P2,0.765,20.5
2026-03-24T19:30:00Z,P3,0.620,20.5
2026-03-24T19:45:00Z,P1,1.635,20.5
2026-03-24T19:45:00Z,P2,3.429,20.5
2026-03-24T19:45:00Z,P3,0.358,20.5
2026-03-24T20:00:00Z,P1,1.369,20.6
2026-03-24T20:00:00Z,P2,4.566,20.6
2026-03-24T20:00:00Z,P3,0.838,20.6
2026-03-24T20:15:00Z,P1,0.326,20.2
2026-03-24T20:15:00Z,P2,0.956,20.2
2026-03-24T20:15:00Z,P3,2.205,20.2
2026-03-24T20:30:00Z,P1,0.349,19.8
2026-03-24T20:30:00Z,P2,1.058,19.8
2026-03-24T20:30:00Z,P3,2.172,19.8
2026-03-24T20:45:00Z,P1,1.548,20.0
2026-03-24T20:45:00Z,P2,2.427,20.0
2026-03-24T20:45:00Z,P3,0.765,20.0
2026-03-24T21:00:00Z,P1,1.632,20.2
2026-03-24T21:00:00Z,P2,3.108,20.2
2026-03-24T21:00:00Z,P3,0.335,20.2
2026-03-24T21:15:00Z,P1,1.584,20.3
2026-03-24T21:15:00Z,P2,2.548,20.3
2026-03-24T21:15:00Z,P3,0.903,20.3
2026-03-24T21:30:00Z,P1,0.429,20.1
2026-03-24T21:30:00Z,P2,3.291,20.1
2026-03-24T21:30:00Z,P3,2.171,20.1
2026-03-24T21:45:00Z,P1,0.334,19.6
2026-03-24T21:45:00Z,P2,1.956,19.6
2026-03-24T21:45:00Z,P3,2.204,19.6
2026-03-24T22:00:00Z,P1,1.046,19.7
2026-03-24T22:00:00Z,P2,0.381,19.7
2026-03-24T22:00:00Z,P3,0.413,19.7
2026-03-24T22:15:00Z,P1,1.635,19.3
2026-03-24T22:15:00Z,P2,2.914,19.3
2026-03-24T22:15:00Z,P3,0.326,19.3
2026-03-24T22:30:00Z,P1,1.560,19.5
2026-03-24T22:30:00Z,P2,4.566,19.5
2026-03-24T22:30:00Z,P3,1.160,19.5
2026-03-24T22:45:00Z,P1,1.072,19.3
2026-03-24T22:45:00Z,P2,2.557,19.3
2026-03-24T22:45:00Z,P3,2.193,19.3
2026-03-24T23:00:00Z,P1,0.361,19.1
2026-03-24T23:00:00Z,P2,0.426,19.1
2026-03-24T23:00:00Z,P3,2.176,19.1
2026-03-24T23:15:00Z,P1,0.838,19.4
2026-03-24T23:15:00Z,P2,2.380,19.4
2026-03-24T23:15:00Z,P3,0.384,19.4
2026-03-24T23:30:00Z,P1,1.607,19.1
2026-03-24T23:30:00Z,P2,1.707,19.1
2026-03-24T23:30:00Z,P3,0.369,19.1
2026-03-24T23:45:00Z,P1,1.595,19.2
2026-03-24T23:45:00Z,P2,2.389,19.2
2026-03-24T23:45:00Z,P3,1.559,19.2
2026-03-25T00:00:00Z,P1,0.927,18.8
2026-03-25T00:00:00Z,P2,4.128,18.8
2026-03-25T00:00:00Z,P3,2.131,18.8
2026-03-25T00:15:00Z,P1,0.321,19.2
2026-03-25T00:15:00Z,P2,1.968,19.2
2026-03-25T00:15:00Z,P3,1.460,19.2
2026-03-25T00:30:00Z,P1,0.872,18.9
2026-03-25T00:30:00Z,P2,0.369,18.9
2026-03-25T00:30:00Z,P3,0.318,18.9
2026-03-25T00:45:00Z,P1,1.554,18.8
2026-03-25T00:45:00Z,P2,1.344,18.8
2026-03-25T00:45:00Z,P3,0.363,18.8
2026-03-25T01:00:00Z,P1,1.630,18.7
2026-03-25T01:00:00Z,P2,3.862,18.7
2026-03-25T01:00:00Z,P3,2.070,18.7
2026-03-25T01:15:00Z,P1,0.937,19.0
2026-03-25T01:15:00Z,P2,2.939,19.0
2026-03-25T01:15:00Z,P3,2.117,19.0
2026-03-25T01:30:00Z,P1,0.347,19.0
2026-03-25T01:30:00Z,P2,2.464,19.0
2026-03-25T01:30:00Z,P3,0.659,19.0
2026-03-25T01:45:00Z,P1,0.876,18.6
2026-03-25T01:45:00Z,P2,2.401,18.6
2026-03-25T01:45:00Z,P3,0.352,18.6
2026-03-25T02:00:00Z,P1,1.593,18.8
2026-03-25T02:00:00Z,P2,0.782,18.8
2026-03-25T02:00:00Z,P3,1.076,18.8
2026-03-25T02:15:00Z,P1,1.544,18.9
2026-03-25T02:15:00Z,P2,1.022,18.9
2026-03-25T02:15:00Z,P3,2.193,18.9
2026-03-25T02:30:00Z,P1,1.146,18.7
2026-03-25T02:30:00Z,P2,3.881,18.7
2026-03-25T02:30:00Z,P3,1.975,18.7
2026-03-25T02:45:00Z,P1,0.316,19.0
2026-03-25T02:45:00Z,P2,3.265,19.0
2026-03-25T02:45:00Z,P3,0.346,19.0
2026-03-25T03:00:00Z,P1,0.347,19.0
2026-03-25T03:00:00Z,P2,1.934,19.0
2026-03-25T03:00:00Z,P3,0.318,19.0
2026-03-25T03:15:00Z,P1,2.981,19.2
2026-03-25T03:15:00Z,P2,2.399,19.2
2026-03-25T03:15:00Z,P3,1.413,19.2
2026-03-25T03:30:00Z,P1,3.703,18.5
2026-03-25T03:30:00Z,P2,1.441,18.5
2026-03-25T03:30:00Z,P3,2.205,18.5
2026-03-25T03:45:00Z,P1,3.480,19.0
2026-03-25T03:45:00Z,P2,0.329,19.0
2026-03-25T03:45:00Z,P3,1.222,19.0
2026-03-25T04:00:00Z,P1,2.446,19.0
2026-03-25T04:00:00Z,P2,3.169,19.0
2026-03-25T04:00:00Z,P3,0.286,19.0
2026-03-25T04:15:00Z,P1,2.457,19.2
2026-03-25T04:15:00Z,P2,4.603,19.2
2026-03-25T04:15:00Z,P3,0.349,19.2
2026-03-25T04:30:00Z,P1,3.550,19.1
2026-03-25T04:30:00Z,P2,1.166,19.1
2026-03-25T04:30:00Z,P3,3.544,19.1
2026-03-25T04:45:00Z,P1,3.805,19.4
2026-03-25T04:45:00Z,P2,1.303,19.4
2026-03-25T04:45:00Z,P3,3.688,19.4
2026-03-25T05:00:00Z,P1,1.615,19.6
2026-03-25T05:00:00Z,P2,2.407,19.6
2026-03-25T05:00:00Z,P3,2.826,19.6
2026-03-25T05:15:00Z,P1,0.518,19.4
2026-03-25T05:15:00Z,P2,1.743,19.4
2026-03-25T05:15:00Z,P3,1.837,19.4
2026-03-25T05:30:00Z,P1,0.353,19.4
2026-03-25T05:30:00Z,P2,2.983,19.4
2026-03-25T05:30:00Z,P3,1.849,19.4
2026-03-25T05:45:00Z,P1,1.306,19.5
2026-03-25T05:45:00Z,P2,4.191,19.5
2026-03-25T05:45:00Z,P3,3.443,19.5
2026-03-25T06:00:00Z,P1,1.620,19.8
2026-03-25T06:00:00Z,P2,1.138,19.8
2026-03-25T06:00:00Z,P3,2.831,19.8
2026-03-25T06:15:00Z,P1,1.590,20.1
2026-03-25T06:15:00Z,P2,0.301,20.1
2026-03-25T06:15:00Z,P3,1.083,20.1
2026-03-25T06:30:00Z,P1,0.652,19.6
2026-03-25T06:30:00Z,P2,2.116,19.6
2026-03-25T06:30:00Z,P3,0.353,19.6
2026-03-25T06:45:00Z,P1,0.305,19.8
2026-03-25T06:45:00Z,P2,3.762,19.8
2026-03-25T06:45:00Z,P3,0.769,19.8
2026-03-25T07:00:00Z,P1,0.879,20.2
2026-03-25T07:00:00Z,P2,2.531,20.2
2026-03-25T07:00:00Z,P3,2.202,20.2
2026-03-25T07:15:00Z,P1,1.566,19.8
2026-03-25T07:15:00Z,P2,2.308,19.8
2026-03-25T07:15:00Z,P3,2.172,19.8
2026-03-25T07:30:00Z,P1,1.595,20.2
2026-03-25T07:30:00Z,P2,2.288,20.2
2026-03-25T07:30:00Z,P3,0.621,20.2
2026-03-25T07:45:00Z,P1,1.108,20.4
2026-03-25T07:45:00Z,P2,0.773,20.4
2026-03-25T07:45:00Z,P3,0.561,20.4
2026-03-25T08:00:00Z,P1,0.329,20.5
2026-03-25T08:00:00Z,P2,4.536,20.5
2026-03-25T08:00:00Z,P3,2.196,20.5
2026-03-25T08:15:00Z,P1,0.595,20.5
2026-03-25T08:15:00Z,P2,3.865,20.5
2026-03-25T08:15:00Z,P3,2.311,20.5
2026-03-25T08:30:00Z,P1,1.610,21.0
2026-03-25T08:30:00Z,P2,1.088,21.0
2026-03-25T08:30:00Z,P3,3.183,21.0
2026-03-25T08:45:00Z,P1,1.654,20.9
2026-03-25T08:45:00Z,P2,1.563,20.9
2026-03-25T08:45:00Z,P3,1.957,20.9
2026-03-25T09:00:00Z,P1,1.615,20.8
2026-03-25T09:00:00Z,P2,2.426,20.8
2026-03-25T09:00:00Z,P3,2.666,20.8
2026-03-25T09:15:00Z,P1,3.156,20.6
2026-03-25T09:15:00Z,P2,4.424,20.6
2026-03-25T09:15:00Z,P3,3.171,20.6
2026-03-25T09:30:00Z,P1,2.624,21.3
2026-03-25T09:30:00Z,P2,2.492,21.3
2026-03-25T09:30:00Z,P3,3.062,21.3
2026-03-25T09:45:00Z,P1,2.379,21.1
2026-03-25T09:45:00Z,P2,3.034,21.1
2026-03-25T09:45:00Z,P3,2.745,21.1
2026-03-25T10:00:00Z,P1,2.702,21.0
2026-03-25T10:00:00Z,P2,2.450,21.0
2026-03-25T10:00:00Z,P3,3.613,21.0
2026-03-25T10:15:00Z,P1,3.426,21.3
2026-03-25T10:15:00Z,P2,0.845,21.3
2026-03-25T10:15:00Z,P3,3.130,21.3
2026-03-25T10:30:00Z,P1,3.703,21.3
2026-03-25T10:30:00Z,P2,1.977,21.3
2026-03-25T10:30:00Z,P3,3.603,21.3
2026-03-25T10:45:00Z,P1,3.474,21.4
2026-03-25T10:45:00Z,P2,4.595,21.4
2026-03-25T10:45:00Z,P3,3.646,21.4
2026-03-25T11:00:00Z,P1,2.465,21.3
2026-03-25T11:00:00Z,P2,3.492,21.3
2026-03-25T11:00:00Z,P3,3.687,21.3
2026-03-25T11:15:00Z,P1,2.567,21.5
2026-03-25T11:15:00Z,P2,0.392,21.5
2026-03-25T11:15:00Z,P3,3.659,21.5
2026-03-25T11:30:00Z,P1,3.740,21.8
2026-03-25T11:30:00Z,P2,1.592,21.8
2026-03-25T11:30:00Z,P3,3.663,21.8
2026-03-25T11:45:00Z,P1,3.731,21.6
2026-03-25T11:45:00Z,P2,3.407,21.6
2026-03-25T11:45:00Z,P3,2.205,21.6
2026-03-25T12:00:00Z,P1,3.735,21.7
2026-03-25T12:00:00Z,P2,2.973,21.7
2026-03-25T12:00:00Z,P3,1.800,21.7
2026-03-25T12:15:00Z,P1,2.522,21.8
2026-03-25T12:15:00Z,P2,3.227,21.8
2026-03-25T12:15:00Z,P3,2.873,21.8
2026-03-25T12:30:00Z,P1,2.483,21.8
2026-03-25T12:30:00Z,P2,2.547,21.8
2026-03-25T12:30:00Z,P3,2.304,21.8
2026-03-25T12:45:00Z,P1,3.650,21.8
2026-03-25T12:45:00Z,P2,1.048,21.8
2026-03-25T12:45:00Z,P3,1.413,21.8
2026-03-25T13:00:00Z,P1,3.712,21.8
2026-03-25T13:00:00Z,P2,1.217,21.8
2026-03-25T13:00:00Z,P3,0.362,21.8
2026-03-25T13:15:00Z,P1,3.693,21.9
2026-03-25T13:15:00Z,P2,4.531,21.9
2026-03-25T13:15:00Z,P3,0.338,21.9
2026-03-25T13:30:00Z,P1,2.467,22.0
2026-03-25T13:30:00Z,P2,3.378,22.0
2026-03-25T13:30:00Z,P3,2.234,22.0
2026-03-25T13:45:00Z,P1,2.439,21.7
2026-03-25T13:45:00Z,P2,0.344,21.7
2026-03-25T13:45:00Z,P3,2.154,21.7
2026-03-25T14:00:00Z,P1,3.730,22.4
2026-03-25T14:00:00Z,P2,2.096,22.4
2026-03-25T14:00:00Z,P3,1.300,22.4
2026-03-25T14:15:00Z,P1,3.450,21.6
2026-03-25T14:15:00Z,P2,3.125,21.6
2026-03-25T14:15:00Z,P3,0.330,21.6
2026-03-25T14:30:00Z,P1,1.589,21.9
2026-03-25T14:30:00Z,P2,2.637,21.9
2026-03-25T14:30:00Z,P3,0.846,21.9
2026-03-25T14:45:00Z,P1,1.008,22.2
2026-03-25T14:45:00Z,P2,4.432,22.2
2026-03-25T14:45:00Z,P3,2.184,22.2
2026-03-25T15:00:00Z,P1,0.353,22.0
2026-03-25T15:00:00Z,P2,2.653,22.0
2026-03-25T15:00:00Z,P3,1.833,22.0
2026-03-25T15:15:00Z,P1,0.462,21.9
2026-03-25T15:15:00Z,P2,0.645,21.9
2026-03-25T15:15:00Z,P3,2.079,21.9
2026-03-25T15:30:00Z,P1,1.582,21.7
2026-03-25T15:30:00Z,P2,0.968,21.7
2026-03-25T15:30:00Z,P3,2.130,21.7
2026-03-25T15:45:00Z,P1,1.571,21.9
2026-03-25T15:45:00Z,P2,3.673,21.9
2026-03-25T15:45:00Z,P3,2.147,21.9
2026-03-25T16:00:00Z,P1,1.634,21.5
2026-03-25T16:00:00Z,P2,3.730,21.5
2026-03-25T16:00:00Z,P3,1.451,21.5
2026-03-25T16:15:00Z,P1,0.364,22.0
2026-03-25T16:15:00Z,P2,1.910,22.0
2026-03-25T16:15:00Z,P3,1.952,22.0
2026-03-25T16:30:00Z,P1,0.358,21.7
2026-03-25T16:30:00Z,P2,3.126,21.7
2026-03-25T16:30:00Z,P3,2.731,21.7
2026-03-25T16:45:00Z,P1,1.104,21.6
2026-03-25T16:45:00Z,P2,4.101,21.6
2026-03-25T16:45:00Z,P3,3.679,21.6
2026-03-25T17:00:00Z,P1,1.595,21.7
2026-03-25T17:00:00Z,P2,4.104,21.7
2026-03-25T17:00:00Z,P3,3.610,21.7
2026-03-25T17:15:00Z,P1,2.033,21.2
2026-03-25T17:15:00Z,P2,4.219,21.2
2026-03-25T17:15:00Z,P3,3.640,21.2
2026-03-25T17:30:00Z,P1,4.087,21.1
2026-03-25T17:30:00Z,P2,4.601,21.1
2026-03-25T17:30:00Z,P3,3.675,21.1
2026-03-25T17:45:00Z,P1,4.005,21.0
2026-03-25T17:45:00Z,P2,4.614,21.0
2026-03-25T17:45:00Z,P3,3.644,21.0
2026-03-25T18:00:00Z,P1,3.753,21.5
2026-03-25T18:00:00Z,P2,4.573,21.5
2026-03-25T18:00:00Z,P3,3.182,21.5
2026-03-25T18:15:00Z,P1,3.761,21.0
2026-03-25T18:15:00Z,P2,4.561,21.0
2026-03-25T18:15:00Z,P3,0.630,21.0
2026-03-25T18:30:00Z,P1,3.721,21.1
2026-03-25T18:30:00Z,P2,4.590,21.1
2026-03-25T18:30:00Z,P3,0.326,21.1
2026-03-25T18:45:00Z,P1,3.731,20.9
2026-03-25T18:45:00Z,P2,2.977,20.9
2026-03-25T18:45:00Z,P3,1.959,20.9
2026-03-25T19:00:00Z,P1,3.718,20.7
2026-03-25T19:00:00Z,P2,0.641,20.7
2026-03-25T19:00:00Z,P3,2.166,20.7
2026-03-25T19:15:00Z,P1,3.584,21.0
2026-03-25T19:15:00Z,P2,0.464,21.0
2026-03-25T19:15:00Z,P3,1.472,21.0
2026-03-25T19:30:00Z,P1,1.634,20.6
2026-03-25T19:30:00Z,P2,4.269,20.6
2026-03-25T19:30:00Z,P3,0.377,20.6
2026-03-25T19:45:00Z,P1,1.598,20.5
2026-03-25T19:45:00Z,P2,4.011,20.5
2026-03-25T19:45:00Z,P3,0.401,20.5
2026-03-25T20:00:00Z,P1,0.615,20.5
2026-03-25T20:00:00Z,P2,1.217,20.5
2026-03-25T20:00:00Z,P3,2.180,20.5
2026-03-25T20:15:00Z,P1,0.353,20.2
2026-03-25T20:15:00Z,P2,1.876,20.2
2026-03-25T20:15:00Z,P3,2.201,20.2
2026-03-25T20:30:00Z,P1,0.782,19.9
2026-03-25T20:30:00Z,P2,2.164,19.9
2026-03-25T20:30:00Z,P3,0.828,19.9
2026-03-25T20:45:00Z,P1,1.560,20.1
2026-03-25T20:45:00Z,P2,1.219,20.1
2026-03-25T20:45:00Z,P3,0.336,20.1
2026-03-25T21:00:00Z,P1,1.626,19.9
2026-03-25T21:00:00Z,P2,3.613,19.9
2026-03-25T21:00:00Z,P3,1.093,19.9
2026-03-25T21:15:00Z,P1,1.579,19.8
2026-03-25T21:15:00Z,P2,4.042,19.8
2026-03-25T21:15:00Z,P3,1.692,19.8
2026-03-25T21:30:00Z,P1,1.624,19.7
2026-03-25T21:30:00Z,P2,4.615,19.7
2026-03-25T21:30:00Z,P3,2.174,19.7
2026-03-25T21:45:00Z,P1,1.572,19.7
2026-03-25T21:45:00Z,P2,2.555,19.7
2026-03-25T21:45:00Z,P3,2.187,19.7
2026-03-25T22:00:00Z,P1,0.304,19.9
2026-03-25T22:00:00Z,P2,0.578,19.9
2026-03-25T22:00:00Z,P3,1.251,19.9
2026-03-25T22:15:00Z,P1,0.328,19.5
2026-03-25T22:15:00Z,P2,1.401,19.5
2026-03-25T22:15:00Z,P3,0.316,19.5
2026-03-25T22:30:00Z,P1,1.426,19.5
2026-03-25T22:30:00Z,P2,4.179,19.5
2026-03-25T22:30:00Z,P3,0.700,19.5
2026-03-25T22:45:00Z,P1,1.582,19.2
2026-03-25T22:45:00Z,P2,2.520,19.2
2026-03-25T22:45:00Z,P3,2.176,19.2
2026-03-25T23:00:00Z,P1,1.560,18.9
2026-03-25T23:00:00Z,P2,2.161,18.9
2026-03-25T23:00:00Z,P3,2.137,18.9
2026-03-25T23:15:00Z,P1,0.584,19.2
2026-03-25T23:15:00Z,P2,2.247,19.2
2026-03-25T23:15:00Z,P3,0.605,19.2
2026-03-25T23:30:00Z,P1,1.368,19.3
2026-03-25T23:30:00Z,P2,0.340,19.3
2026-03-25T23:30:00Z,P3,0.364,19.3
2026-03-25T23:45:00Z,P1,3.385,18.9
2026-03-25T23:45:00Z,P2,2.568,18.9
2026-03-25T23:45:00Z,P3,1.433,18.9
2026-03-26T00:00:00Z,P1,3.756,19.1
2026-03-26T00:00:00Z,P2,4.528,19.1
2026-03-26T00:00:00Z,P3,2.189,19.1
2026-03-26T00:15:00Z,P1,3.726,18.8
2026-03-26T00:15:00Z,P2,1.814,18.8
2026-03-26T00:15:00Z,P3,1.597,18.8
2026-03-26T00:30:00Z,P1,2.658,18.8
2026-03-26T00:30:00Z,P2,0.798,18.8
2026-03-26T00:30:00Z,P3,0.357,18.8
2026-03-26T00:45:00Z,P1,2.464,18.7
2026-03-26T00:45:00Z,P2,2.438,18.7
2026-03-26T00:45:00Z,P3,0.307,18.7
2026-03-26T01:00:00Z,P1,3.139,18.9
2026-03-26T01:00:00Z,P2,1.381,18.9
2026-03-26T01:00:00Z,P3,2.048,18.9
2026-03-26T01:15:00Z,P1,3.728,18.4
2026-03-26T01:15:00Z,P2,2.497,18.4
2026-03-26T01:15:00Z,P3,2.180,18.4
2026-03-26T01:30:00Z,P1,2.121,18.8
2026-03-26T01:30:00Z,P2,4.586,18.8
2026-03-26T01:30:00Z,P3,0.748,18.8
2026-03-26T01:45:00Z,P1,1.582,18.6
2026-03-26T01:45:00Z,P2,1.331,18.6
2026-03-26T01:45:00Z,P3,0.339,18.6
2026-03-26T02:00:00Z,P1,1.429,18.7
2026-03-26T02:00:00Z,P2,0.328,18.7
2026-03-26T02:00:00Z,P3,1.098,18.7
2026-03-26T02:15:00Z,P1,0.362,18.9
2026-03-26T02:15:00Z,P2,2.262,18.9
2026-03-26T02:15:00Z,P3,2.199,18.9
2026-03-26T02:30:00Z,P1,0.351,19.0
2026-03-26T02:30:00Z,P2,1.965,19.0
2026-03-26T02:30:00Z,P3,1.919,19.0
2026-03-26T02:45:00Z,P1,1.554,18.8
2026-03-26T02:45:00Z,P2,2.504,18.8
2026-03-26T02:45:00Z,P3,0.281,18.8
2026-03-26T03:00:00Z,P1,1.601,18.6
2026-03-26T03:00:00Z,P2,3.426,18.6
2026-03-26T03:00:00Z,P3,0.391,18.6
2026-03-26T03:15:00Z,P1,1.401,18.9
2026-03-26T03:15:00Z,P2,2.858,18.9
2026-03-26T03:15:00Z,P3,1.430,18.9
2026-03-26T03:30:00Z,P1,0.341,18.8
2026-03-26T03:30:00Z,P2,1.240,18.8
2026-03-26T03:30:00Z,P3,2.156,18.8
2026-03-26T03:45:00Z,P1,0.371,19.2
2026-03-26T03:45:00Z,P2,0.335,19.2
2026-03-26T03:45:00Z,P3,1.255,19.2
2026-03-26T04:00:00Z,P1,1.455,18.9
2026-03-26T04:00:00Z,P2,3.247,18.9
2026-03-26T04:00:00Z,P3,0.343,18.9
2026-03-26T04:15:00Z,P1,1.614,18.9
2026-03-26T04:15:00Z,P2,4.442,18.9
2026-03-26T04:15:00Z,P3,0.667,18.9
2026-03-26T04:30:00Z,P1,1.591,19.0
2026-03-26T04:30:00Z,P2,2.386,19.0
2026-03-26T04:30:00Z,P3,2.182,19.0
2026-03-26T04:45:00Z,P1,0.692,19.4
2026-03-26T04:45:00Z,P2,1.315,19.4
2026-03-26T04:45:00Z,P3,2.190,19.4
2026-03-26T05:00:00Z,P1,0.400,19.3
2026-03-26T05:00:00Z,P2,2.422,19.3
2026-03-26T05:00:00Z,P3,0.835,19.3
2026-03-26T05:15:00Z,P1,0.848,19.6
2026-03-26T05:15:00Z,P2,1.170,19.6
2026-03-26T05:15:00Z,P3,0.388,19.6
2026-03-26T05:30:00Z,P1,1.688,19.0
2026-03-26T05:30:00Z,P2,3.241,19.0
2026-03-26T05:30:00Z,P3,1.240,19.0
2026-03-26T05:45:00Z,P1,1.627,19.6
2026-03-26T05:45:00Z,P2,4.570,19.6
2026-03-26T05:45:00Z,P3,2.167,19.6
2026-03-26T06:00:00Z,P1,1.011,19.2
2026-03-26T06:00:00Z,P2,2.049,19.2
2026-03-26T06:00:00Z,P3,1.681,19.2
2026-03-26T06:15:00Z,P1,0.348,19.8
2026-03-26T06:15:00Z,P2,0.335,19.8
2026-03-26T06:15:00Z,P3,0.349,19.8
2026-03-26T06:30:00Z,P1,0.616,19.6
2026-03-26T06:30:00Z,P2,2.151,19.6
2026-03-26T06:30:00Z,P3,0.351,19.6
2026-03-26T06:45:00Z,P1,1.875,19.9
2026-03-26T06:45:00Z,P2,3.270,19.9
2026-03-26T06:45:00Z,P3,2.700,19.9
2026-03-26T07:00:00Z,P1,3.764,20.0
2026-03-26T07:00:00Z,P2,2.517,20.0
2026-03-26T07:00:00Z,P3,3.641,20.0
2026-03-26T07:15:00Z,P1,3.729,19.7
2026-03-26T07:15:00Z,P2,3.041,19.7
2026-03-26T07:15:00Z,P3,3.642,19.7
2026-03-26T07:30:00Z,P1,3.163,20.2
2026-03-26T07:30:00Z,P2,4.553,20.2
2026-03-26T07:30:00Z,P3,3.635,20.2
2026-03-26T07:45:00Z,P1,2.470,20.1
2026-03-26T07:45:00Z,P2,2.217,20.1
2026-03-26T07:45:00Z,P3,1.905,20.1
2026-03-26T08:00:00Z,P1,2.508,20.1
2026-03-26T08:00:00Z,P2,1.027,20.1
2026-03-26T08:00:00Z,P3,1.847,20.1
2026-03-26T08:15:00Z,P1,3.722,20.4
2026-03-26T08:15:00Z,P2,2.355,20.4
2026-03-26T08:15:00Z,P3,2.637,20.4
2026-03-26T08:30:00Z,P1,3.723,20.3
2026-03-26T08:30:00Z,P2,0.904,20.3
2026-03-26T08:30:00Z,P3,2.132,20.3
2026-03-26T08:45:00Z,P1,3.485,20.6
2026-03-26T08:45:00Z,P2,2.686,20.6
2026-03-26T08:45:00Z,P3,2.164,20.6
2026-03-26T09:00:00Z,P1,3.247,20.9
2026-03-26T09:00:00Z,P2,4.628,20.9
2026-03-26T09:00:00Z,P3,1.662,20.9
2026-03-26T09:15:00Z,P1,3.519,21.2
2026-03-26T09:15:00Z,P2,3.474,21.2
2026-03-26T09:15:00Z,P3,0.360,21.2
2026-03-26T09:30:00Z,P1,4.108,20.7
2026-03-26T09:30:00Z,P2,0.496,20.7
2026-03-26T09:30:00Z,P3,0.378,20.7
2026-03-26T09:45:00Z,P1,3.746,21.3
2026-03-26T09:45:00Z,P2,2.414,21.3
2026-03-26T09:45:00Z,P3,1.876,21.3
2026-03-26T10:00:00Z,P1,3.781,21.2
2026-03-26T10:00:00Z,P2,2.064,21.2
2026-03-26T10:00:00Z,P3,2.120,21.2
2026-03-26T10:15:00Z,P1,3.722,21.1
2026-03-26T10:15:00Z,P2,2.511,21.1
2026-03-26T10:15:00Z,P3,1.534,21.1
2026-03-26T10:30:00Z,P1,3.699,21.4
2026-03-26T10:30:00Z,P2,4.311,21.4
2026-03-26T10:30:00Z,P3,0.350,21.4
2026-03-26T10:45:00Z,P1,3.760,21.4
2026-03-26T10:45:00Z,P2,3.296,21.4
2026-03-26T10:45:00Z,P3,0.369,21.4
2026-03-26T11:00:00Z,P1,3.728,21.4
2026-03-26T11:00:00Z,P2,2.532,21.4
2026-03-26T11:00:00Z,P3,1.985,21.4
2026-03-26T11:15:00Z,P1,3.732,21.3
2026-03-26T11:15:00Z,P2,3.049,21.3
2026-03-26T11:15:00Z,P3,2.205,21.3
2026-03-26T11:30:00Z,P1,3.492,21.3
2026-03-26T11:30:00Z,P2,2.132,21.3
2026-03-26T11:30:00Z,P3,1.235,21.3
2026-03-26T11:45:00Z,P1,2.468,21.3
2026-03-26T11:45:00Z,P2,0.368,21.3
2026-03-26T11:45:00Z,P3,0.334,21.3
2026-03-26T12:00:00Z,P1,2.563,21.4
2026-03-26T12:00:00Z,P2,2.437,21.4
2026-03-26T12:00:00Z,P3,0.481,21.4
2026-03-26T12:15:00Z,P1,3.731,21.6
2026-03-26T12:15:00Z,P2,4.603,21.6
2026-03-26T12:15:00Z,P3,2.206,21.6
2026-03-26T12:30:00Z,P1,3.686,21.8
2026-03-26T12:30:00Z,P2,3.070,21.8
2026-03-26T12:30:00Z,P3,2.097,21.8
2026-03-26T12:45:00Z,P1,2.333,22.2
2026-03-26T12:45:00Z,P2,0.593,22.2
2026-03-26T12:45:00Z,P3,2.325,22.2
2026-03-26T13:00:00Z,P1,0.711,21.7
2026-03-26T13:00:00Z,P2,2.367,21.7
2026-03-26T13:00:00Z,P3,1.790,21.7
2026-03-26T13:15:00Z,P1,0.339,22.1
2026-03-26T13:15:00Z,P2,1.984,22.1
2026-03-26T13:15:00Z,P3,1.840,22.1
2026-03-26T13:30:00Z,P1,0.951,21.6
2026-03-26T13:30:00Z,P2,2.539,21.6
2026-03-26T13:30:00Z,P3,3.663,21.6
2026-03-26T13:45:00Z,P1,1.650,22.0
2026-03-26T13:45:00Z,P2,4.189,22.0
2026-03-26T13:45:00Z,P3,3.209,22.0
2026-03-26T14:00:00Z,P1,1.635,21.8
2026-03-26T14:00:00Z,P2,2.989,21.8
2026-03-26T14:00:00Z,P3,3.669,21.8
2026-03-26T14:15:00Z,P1,0.923,21.7
2026-03-26T14:15:00Z,P2,0.341,21.7
2026-03-26T14:15:00Z,P3,3.602,21.7
2026-03-26T14:30:00Z,P1,0.414,22.0
2026-03-26T14:30:00Z,P2,1.815,22.0
2026-03-26T14:30:00Z,P3,0.878,22.0
2026-03-26T14:45:00Z,P1,0.571,21.9
2026-03-26T14:45:00Z,P2,2.404,21.9
2026-03-26T14:45:00Z,P3,0.308,21.9
2026-03-26T15:00:00Z,P1,1.586,21.6
2026-03-26T15:00:00Z,P2,2.527,21.6
2026-03-26T15:00:00Z,P3,1.724,21.6
2026-03-26T15:15:00Z,P1,1.611,22.0
2026-03-26T15:15:00Z,P2,3.304,22.0
2026-03-26T15:15:00Z,P3,2.122,22.0
2026-03-26T15:30:00Z,P1,1.615,22.0
2026-03-26T15:30:00Z,P2,4.016,22.0
2026-03-26T15:30:00Z,P3,1.209,22.0
2026-03-26T15:45:00Z,P1,0.568,22.2
2026-03-26T15:45:00Z,P2,1.440,22.2
2026-03-26T15:45:00Z,P3,0.297,22.2
2026-03-26T16:00:00Z,P1,0.333,21.7
2026-03-26T16:00:00Z,P2,0.333,21.7
2026-03-26T16:00:00Z,P3,1.197,21.7
2026-03-26T16:15:00Z,P1,3.155,21.5
2026-03-26T16:15:00Z,P2,3.539,21.5
2026-03-26T16:15:00Z,P3,1.912,21.5
2026-03-26T16:30:00Z,P1,3.207,21.8
2026-03-26T16:30:00Z,P2,4.202,21.8
2026-03-26T16:30:00Z,P3,2.163,21.8
2026-03-26T16:45:00Z,P1,3.750,21.5
2026-03-26T16:45:00Z,P2,2.738,21.5
2026-03-26T16:45:00Z,P3,2.207,21.5
2026-03-26T17:00:00Z,P1,3.391,21.6
2026-03-26T17:00:00Z,P2,4.052,21.6
2026-03-26T17:00:00Z,P3,2.217,21.6
2026-03-26T17:15:00Z,P1,2.497,21.2
2026-03-26T17:15:00Z,P2,4.197,21.2
2026-03-26T17:15:00Z,P3,2.228,21.2
2026-03-26T17:30:00Z,P1,2.571,21.0
2026-03-26T17:30:00Z,P2,4.618,21.0
2026-03-26T17:30:00Z,P3,2.132,21.0
2026-03-26T17:45:00Z,P1,3.704,21.2
2026-03-26T17:45:00Z,P2,4.556,21.2
2026-03-26T17:45:00Z,P3,2.171,21.2
2026-03-26T18:00:00Z,P1,3.706,21.2
2026-03-26T18:00:00Z,P2,4.536,21.2
2026-03-26T18:00:00Z,P3,2.202,21.2
2026-03-26T18:15:00Z,P1,3.646,21.2
2026-03-26T18:15:00Z,P2,4.624,21.2
2026-03-26T18:15:00Z,P3,2.172,21.2
2026-03-26T18:30:00Z,P1,2.481,20.9
2026-03-26T18:30:00Z,P2,4.558,20.9
2026-03-26T18:30:00Z,P3,0.676,20.9
2026-03-26T18:45:00Z,P1,2.836,20.7
2026-03-26T18:45:00Z,P2,4.575,20.7
2026-03-26T18:45:00Z,P3,0.375,20.7
2026-03-26T19:00:00Z,P1,3.785,20.8
2026-03-26T19:00:00Z,P2,3.442,20.8
2026-03-26T19:00:00Z,P3,1.244,20.8
2026-03-26T19:15:00Z,P1,3.696,20.4
2026-03-26T19:15:00Z,P2,1.856,20.4
2026-03-26T19:15:00Z,P3,2.183,20.4
2026-03-26T19:30:00Z,P1,3.002,20.6
2026-03-26T19:30:00Z,P2,0.339,20.6
2026-03-26T19:30:00Z,P3,1.630,20.6
2026-03-26T19:45:00Z,P1,0.361,20.5
2026-03-26T19:45:00Z,P2,2.026,20.5
2026-03-26T19:45:00Z,P3,0.353,20.5
2026-03-26T20:00:00Z,P1,0.349,20.1
2026-03-26T20:00:00Z,P2,4.568,20.1
2026-03-26T20:00:00Z,P3,0.363,20.1
2026-03-26T20:15:00Z,P1,1.105,20.3
2026-03-26T20:15:00Z,P2,2.803,20.3
2026-03-26T20:15:00Z,P3,2.751,20.3
2026-03-26T20:30:00Z,P1,1.571,20.0
2026-03-26T20:30:00Z,P2,1.407,20.0
2026-03-26T20:30:00Z,P3,3.647,20.0
2026-03-26T20:45:00Z,P1,1.633,20.0
2026-03-26T20:45:00Z,P2,2.438,20.0
2026-03-26T20:45:00Z,P3,2.689,20.0
2026-03-26T21:00:00Z,P1,1.199,19.9
2026-03-26T21:00:00Z,P2,1.182,19.9
2026-03-26T21:00:00Z,P3,1.785,19.9
2026-03-26T21:15:00Z,P1,0.334,20.0
2026-03-26T21:15:00Z,P2,1.940,20.0
2026-03-26T21:15:00Z,P3,1.933,20.0
2026-03-26T21:30:00Z,P1,0.501,19.7
2026-03-26T21:30:00Z,P2,4.590,19.7
2026-03-26T21:30:00Z,P3,3.660,19.7
2026-03-26T21:45:00Z,P1,1.600,19.4
2026-03-26T21:45:00Z,P2,2.433,19.4
2026-03-26T21:45:00Z,P3,2.987,19.4
2026-03-26T22:00:00Z,P1,1.599,19.2
2026-03-26T22:00:00Z,P2,0.337,19.2
2026-03-26T22:00:00Z,P3,1.006,19.2
2026-03-26T22:15:00Z,P1,1.483,19.4
2026-03-26T22:15:00Z,P2,1.720,19.4
2026-03-26T22:15:00Z,P3,0.336,19.4
2026-03-26T22:30:00Z,P1,0.346,18.9
2026-03-26T22:30:00Z,P2,2.705,18.9
2026-03-26T22:30:00Z,P3,1.467,18.9
2026-03-26T22:45:00Z,P1,0.343,19.2
2026-03-26T22:45:00Z,P2,2.644,19.2
2026-03-26T22:45:00Z,P3,3.824,19.2
2026-03-26T23:00:00Z,P1,1.360,19.0
2026-03-26T23:00:00Z,P2,3.484,19.0
2026-03-26T23:00:00Z,P3,3.235,19.0
2026-03-26T23:15:00Z,P1,1.629,19.1
2026-03-26T23:15:00Z,P2,2.714,19.1
2026-03-26T23:15:00Z,P3,1.836,19.1
2026-03-26T23:30:00Z,P1,1.449,19.2
2026-03-26T23:30:00Z,P2,0.742,19.2
2026-03-26T23:30:00Z,P3,1.813,19.2
2026-03-26T23:45:00Z,P1,0.362,19.0
2026-03-26T23:45:00Z,P2,0.318,19.0
2026-03-26T23:45:00Z,P3,3.654,19.0
2026-03-27T00:00:00Z,P1,0.587,18.8
2026-03-27T00:00:00Z,P2,4.314,18.8
2026-03-27T00:00:00Z,P3,3.624,18.8
2026-03-27T00:15:00Z,P1,1.298,18.8
2026-03-27T00:15:00Z,P2,4.009,18.8
2026-03-27T00:15:00Z,P3,2.704,18.8
2026-03-27T00:30:00Z,P1,1.598,18.7
2026-03-27T00:30:00Z,P2,0.659,18.7
2026-03-27T00:30:00Z,P3,1.817,18.7
2026-03-27T00:45:00Z,P1,1.575,18.8
2026-03-27T00:45:00Z,P2,1.461,18.8
2026-03-27T00:45:00Z,P3,1.816,18.8
2026-03-27T01:00:00Z,P1,1.614,18.9
2026-03-27T01:00:00Z,P2,2.393,18.9
2026-03-27T01:00:00Z,P3,3.505,18.9
2026-03-27T01:15:00Z,P1,1.842,18.9
2026-03-27T01:15:00Z,P2,0.960,18.9
2026-03-27T01:15:00Z,P3,3.656,18.9
2026-03-27T01:30:00Z,P1,1.986,18.6
2026-03-27T01:30:00Z,P2,3.507,18.6
2026-03-27T01:30:00Z,P3,2.731,18.6
2026-03-27T01:45:00Z,P1,2.856,18.4
2026-03-27T01:45:00Z,P2,4.271,18.4
2026-03-27T01:45:00Z,P3,1.174,18.4
2026-03-27T02:00:00Z,P1,3.715,18.5
2026-03-27T02:00:00Z,P2,1.032,18.5
2026-03-27T02:00:00Z,P3,1.133,18.5
2026-03-27T02:15:00Z,P1,3.728,18.9
2026-03-27T02:15:00Z,P2,0.362,18.9
2026-03-27T02:15:00Z,P3,2.191,18.9
2026-03-27T02:30:00Z,P1,3.736,18.5
2026-03-27T02:30:00Z,P2,2.110,18.5
2026-03-27T02:30:00Z,P3,2.141,18.5
2026-03-27T02:45:00Z,P1,3.658,18.9
2026-03-27T02:45:00Z,P2,3.249,18.9
2026-03-27T02:45:00Z,P3,0.380,18.9
2026-03-27T03:00:00Z,P1,3.746,18.1
2026-03-27T03:00:00Z,P2,2.536,18.1
2026-03-27T03:00:00Z,P3,0.378,18.1
2026-03-27T03:15:00Z,P1,3.764,19.0
2026-03-27T03:15:00Z,P2,2.669,19.0
2026-03-27T03:15:00Z,P3,1.599,19.0
2026-03-27T03:30:00Z,P1,0.899,19.2
2026-03-27T03:30:00Z,P2,2.356,19.2
2026-03-27T03:30:00Z,P3,2.153,19.2
2026-03-27T03:45:00Z,P1,0.353,18.8
2026-03-27T03:45:00Z,P2,1.132,18.8
2026-03-27T03:45:00Z,P3,1.047,18.8
2026-03-27T04:00:00Z,P1,0.755,18.6
2026-03-27T04:00:00Z,P2,0.352,18.6
2026-03-27T04:00:00Z,P3,0.341,18.6
2026-03-27T04:15:00Z,P1,1.566,19.1
2026-03-27T04:15:00Z,P2,3.760,19.1
2026-03-27T04:15:00Z,P3,0.845,19.1
2026-03-27T04:30:00Z,P1,1.598,19.1
2026-03-27T04:30:00Z,P2,4.615,19.1
2026-03-27T04:30:00Z,P3,2.231,19.1
2026-03-27T04:45:00Z,P1,1.099,18.9
2026-03-27T04:45:00Z,P2,0.942,18.9
2026-03-27T04:45:00Z,P3,2.232,18.9
2026-03-27T05:00:00Z,P1,0.313,18.9
2026-03-27T05:00:00Z,P2,0.743,18.9
2026-03-27T05:00:00Z,P3,0.360,18.9
2026-03-27T05:15:00Z,P1,0.685,19.2
2026-03-27T05:15:00Z,P2,2.435,19.2
2026-03-27T05:15:00Z,P3,0.308,19.2
2026-03-27T05:30:00Z,P1,1.580,19.2
2026-03-27T05:30:00Z,P2,1.617,19.2
2026-03-27T05:30:00Z,P3,1.218,19.2
2026-03-27T05:45:00Z,P1,1.625,19.0
2026-03-27T05:45:00Z,P2,2.810,19.0
2026-03-27T05:45:00Z,P3,2.147,19.0
2026-03-27T06:00:00Z,P1,1.096,19.6
2026-03-27T06:00:00Z,P2,4.550,19.6
2026-03-27T06:00:00Z,P3,1.914,19.6
2026-03-27T06:15:00Z,P1,0.342,19.3
2026-03-27T06:15:00Z,P2,1.602,19.3
2026-03-27T06:15:00Z,P3,0.336,19.3
2026-03-27T06:30:00Z,P1,0.613,19.1
2026-03-27T06:30:00Z,P2,0.323,19.1
2026-03-27T06:30:00Z,P3,0.309,19.1
2026-03-27T06:45:00Z,P1,1.613,19.7
2026-03-27T06:45:00Z,P2,2.128,19.7
2026-03-27T06:45:00Z,P3,1.898,19.7
2026-03-27T07:00:00Z,P1,1.660,19.8
2026-03-27T07:00:00Z,P2,3.199,19.8
2026-03-27T07:00:00Z,P3,2.155,19.8
2026-03-27T07:15:00Z,P1,0.923,20.0
2026-03-27T07:15:00Z,P2,2.551,20.0
2026-03-27T07:15:00Z,P3,1.119,20.0
2026-03-27T07:30:00Z,P1,0.364,19.9
2026-03-27T07:30:00Z,P2,4.326,19.9
2026-03-27T07:30:00Z,P3,0.369,19.9
2026-03-27T07:45:00Z,P1,1.022,19.9
2026-03-27T07:45:00Z,P2,4.578,19.9
2026-03-27T07:45:00Z,P3,1.483,19.9
2026-03-27T08:00:00Z,P1,1.405,20.2
2026-03-27T08:00:00Z,P2,3.314,20.2
2026-03-27T08:00:00Z,P3,3.428,20.2
2026-03-27T08:15:00Z,P1,1.576,20.3
2026-03-27T08:15:00Z,P2,2.503,20.3
2026-03-27T08:15:00Z,P3,3.546,20.3
2026-03-27T08:30:00Z,P1,1.642,20.6
2026-03-27T08:30:00Z,P2,3.217,20.6
2026-03-27T08:30:00Z,P3,1.838,20.6
2026-03-27T08:45:00Z,P1,1.621,20.6
2026-03-27T08:45:00Z,P2,2.126,20.6
2026-03-27T08:45:00Z,P3,1.838,20.6
2026-03-27T09:00:00Z,P1,1.175,20.2
2026-03-27T09:00:00Z,P2,0.281,20.2
2026-03-27T09:00:00Z,P3,3.298,20.2
2026-03-27T09:15:00Z,P1,0.344,20.8
2026-03-27T09:15:00Z,P2,1.842,20.8
2026-03-27T09:15:00Z,P3,3.538,20.8
2026-03-27T09:30:00Z,P1,0.545,20.6
2026-03-27T09:30:00Z,P2,4.531,20.6
2026-03-27T09:30:00Z,P3,1.096,20.6
2026-03-27T09:45:00Z,P1,1.626,21.2
2026-03-27T09:45:00Z,P2,2.681,21.2
2026-03-27T09:45:00Z,P3,0.388,21.2
2026-03-27T10:00:00Z,P1,1.569,21.1
2026-03-27T10:00:00Z,P2,1.647,21.1
2026-03-27T10:00:00Z,P3,1.110,21.1
2026-03-27T10:15:00Z,P1,2.460,21.1
2026-03-27T10:15:00Z,P2,3.550,21.1
2026-03-27T10:15:00Z,P3,2.215,21.1
2026-03-27T10:30:00Z,P1,2.503,21.2
2026-03-27T10:30:00Z,P2,2.978,21.2
2026-03-27T10:30:00Z,P3,2.030,21.2
2026-03-27T10:45:00Z,P1,2.423,21.4
2026-03-27T10:45:00Z,P2,1.806,21.4
2026-03-27T10:45:00Z,P3,0.377,21.4
2026-03-27T11:00:00Z,P1,3.666,21.2
2026-03-27T11:00:00Z,P2,4.462,21.2
2026-03-27T11:00:00Z,P3,0.351,21.2
2026-03-27T11:15:00Z,P1,3.737,21.4
2026-03-27T11:15:00Z,P2,4.016,21.4
2026-03-27T11:15:00Z,P3,1.842,21.4
2026-03-27T11:30:00Z,P1,3.720,21.4
2026-03-27T11:30:00Z,P2,3.362,21.4
2026-03-27T11:30:00Z,P3,2.194,21.4
2026-03-27T11:45:00Z,P1,3.734,21.1
2026-03-27T11:45:00Z,P2,4.582,21.1
2026-03-27T11:45:00Z,P3,1.444,21.1
2026-03-27T12:00:00Z,P1,3.650,21.4
2026-03-27T12:00:00Z,P2,4.011,21.4
2026-03-27T12:00:00Z,P3,0.355,21.4
2026-03-27T12:15:00Z,P1,2.459,21.5
2026-03-27T12:15:00Z,P2,2.069,21.5
2026-03-27T12:15:00Z,P3,0.745,21.5
2026-03-27T12:30:00Z,P1,2.477,21.8
2026-03-27T12:30:00Z,P2,1.734,21.8
2026-03-27T12:30:00Z,P3,2.192,21.8
2026-03-27T12:45:00Z,P1,3.039,21.3
2026-03-27T12:45:00Z,P2,2.384,21.3
2026-03-27T12:45:00Z,P3,1.657,21.3
2026-03-27T13:00:00Z,P1,1.544,21.8
2026-03-27T13:00:00Z,P2,1.722,21.8
2026-03-27T13:00:00Z,P3,3.260,21.8
2026-03-27T13:15:00Z,P1,1.588,21.7
2026-03-27T13:15:00Z,P2,2.491,21.7
2026-03-27T13:15:00Z,P3,3.659,21.7
2026-03-27T13:30:00Z,P1,1.652,21.9
2026-03-27T13:30:00Z,P2,4.439,21.9
2026-03-27T13:30:00Z,P3,1.964,21.9
2026-03-27T13:45:00Z,P1,0.345,22.0
2026-03-27T13:45:00Z,P2,2.116,22.0
2026-03-27T13:45:00Z,P3,1.855,22.0
2026-03-27T14:00:00Z,P1,0.319,21.8
2026-03-27T14:00:00Z,P2,0.328,21.8
2026-03-27T14:00:00Z,P3,3.071,21.8
2026-03-27T14:15:00Z,P1,1.295,21.9
2026-03-27T14:15:00Z,P2,1.845,21.9
2026-03-27T14:15:00Z,P3,3.664,21.9
2026-03-27T14:30:00Z,P1,1.588,21.6
2026-03-27T14:30:00Z,P2,4.058,21.6
2026-03-27T14:30:00Z,P3,3.130,21.6
2026-03-27T14:45:00Z,P1,1.616,21.6
2026-03-27T14:45:00Z,P2,3.315,21.6
2026-03-27T14:45:00Z,P3,0.344,21.6
2026-03-27T15:00:00Z,P1,1.615,22.1
2026-03-27T15:00:00Z,P2,1.522,22.1
2026-03-27T15:00:00Z,P3,1.317,22.1
2026-03-27T15:15:00Z,P1,0.352,21.7
2026-03-27T15:15:00Z,P2,2.381,21.7
2026-03-27T15:15:00Z,P3,2.065,21.7
2026-03-27T15:30:00Z,P1,0.375,21.5
2026-03-27T15:30:00Z,P2,1.465,21.5
2026-03-27T15:30:00Z,P3,2.226,21.5
2026-03-27T15:45:00Z,P1,1.603,21.8
2026-03-27T15:45:00Z,P2,2.234,21.8
2026-03-27T15:45:00Z,P3,2.137,21.8
2026-03-27T16:00:00Z,P1,1.547,21.1
2026-03-27T16:00:00Z,P2,4.554,21.1
2026-03-27T16:00:00Z,P3,2.088,21.1
2026-03-27T16:15:00Z,P1,1.599,21.5
2026-03-27T16:15:00Z,P2,3.185,21.5
2026-03-27T16:15:00Z,P3,1.986,21.5
2026-03-27T16:30:00Z,P1,1.511,21.5
2026-03-27T16:30:00Z,P2,0.381,21.5
2026-03-27T16:30:00Z,P3,2.090,21.5
2026-03-27T16:45:00Z,P1,1.926,21.4
2026-03-27T16:45:00Z,P2,2.274,21.4
2026-03-27T16:45:00Z,P3,2.129,21.4
2026-03-27T17:00:00Z,P1,3.265,21.1
2026-03-27T17:00:00Z,P2,3.207,21.1
2026-03-27T17:00:00Z,P3,2.127,21.1
2026-03-27T17:15:00Z,P1,3.711,21.3
2026-03-27T17:15:00Z,P2,2.283,21.3
2026-03-27T17:15:00Z,P3,2.227,21.3
2026-03-27T17:30:00Z,P1,3.779,21.4
2026-03-27T17:30:00Z,P2,4.086,21.4
2026-03-27T17:30:00Z,P3,2.229,21.4
2026-03-27T17:45:00Z,P1,3.127,21.0
2026-03-27T17:45:00Z,P2,4.278,21.0
2026-03-27T17:45:00Z,P3,2.165,21.0
2026-03-27T18:00:00Z,P1,2.454,21.0
2026-03-27T18:00:00Z,P2,4.598,21.0
2026-03-27T18:00:00Z,P3,2.086,21.0
2026-03-27T18:15:00Z,P1,3.001,20.9
2026-03-27T18:15:00Z,P2,4.565,20.9
2026-03-27T18:15:00Z,P3,0.332,20.9
2026-03-27T18:30:00Z,P1,3.708,20.8
2026-03-27T18:30:00Z,P2,4.589,20.8
2026-03-27T18:30:00Z,P3,0.376,20.8
2026-03-27T18:45:00Z,P1,3.722,20.6
2026-03-27T18:45:00Z,P2,4.545,20.6
2026-03-27T18:45:00Z,P3,1.841,20.6
2026-03-27T19:00:00Z,P1,3.309,20.8
2026-03-27T19:00:00Z,P2,4.602,20.8
2026-03-27T19:00:00Z,P3,2.098,20.8
2026-03-27T19:15:00Z,P1,2.385,20.7
2026-03-27T19:15:00Z,P2,4.550,20.7
2026-03-27T19:15:00Z,P3,1.688,20.7
2026-03-27T19:30:00Z,P1,2.703,20.1
2026-03-27T19:30:00Z,P2,2.826,20.1
2026-03-27T19:30:00Z,P3,0.301,20.1
2026-03-27T19:45:00Z,P1,3.703,20.2
2026-03-27T19:45:00Z,P2,1.478,20.2
2026-03-27T19:45:00Z,P3,0.374,20.2
2026-03-27T20:00:00Z,P1,3.718,19.8
2026-03-27T20:00:00Z,P2,0.397,19.8
2026-03-27T20:00:00Z,P3,1.594,19.8
2026-03-27T20:15:00Z,P1,3.739,19.6
2026-03-27T20:15:00Z,P2,2.282,19.6
2026-03-27T20:15:00Z,P3,2.213,19.6
2026-03-27T20:30:00Z,P1,3.742,19.4
2026-03-27T20:30:00Z,P2,3.939,19.4
2026-03-27T20:30:00Z,P3,2.987,19.4
2026-03-27T20:45:00Z,P1,3.118,19.5
2026-03-27T20:45:00Z,P2,4.572,19.5
2026-03-27T20:45:00Z,P3,1.819,19.5
2026-03-27T21:00:00Z,P1,2.470,19.9
2026-03-27T21:00:00Z,P2,2.689,19.9
2026-03-27T21:00:00Z,P3,1.826,19.9
2026-03-27T21:15:00Z,P1,3.011,19.4
2026-03-27T21:15:00Z,P2,0.394,19.4
2026-03-27T21:15:00Z,P3,3.041,19.4
2026-03-27T21:30:00Z,P1,1.876,19.3
2026-03-27T21:30:00Z,P2,1.738,19.3
2026-03-27T21:30:00Z,P3,3.658,19.3
2026-03-27T21:45:00Z,P1,1.605,19.4
2026-03-27T21:45:00Z,P2,3.312,19.4
2026-03-27T21:45:00Z,P3,3.551,19.4
2026-03-27T22:00:00Z,P1,1.331,19.6
2026-03-27T22:00:00Z,P2,2.689,19.6
2026-03-27T22:00:00Z,P3,1.809,19.6
2026-03-27T22:15:00Z,P1,0.348,19.2
2026-03-27T22:15:00Z,P2,2.771,19.2
2026-03-27T22:15:00Z,P3,1.804,19.2
2026-03-27T22:30:00Z,P1,0.794,19.5
2026-03-27T22:30:00Z,P2,2.361,19.5
2026-03-27T22:30:00Z,P3,1.610,19.5
2026-03-27T22:45:00Z,P1,1.983,19.2
2026-03-27T22:45:00Z,P2,0.765,19.2
2026-03-27T22:45:00Z,P3,2.162,19.2
2026-03-27T23:00:00Z,P1,1.847,19.3
2026-03-27T23:00:00Z,P2,1.320,19.3
2026-03-27T23:00:00Z,P3,1.905,19.3
2026-03-27T23:15:00Z,P1,1.579,18.8
2026-03-27T23:15:00Z,P2,4.568,18.8
2026-03-27T23:15:00Z,P3,0.396,18.8
2026-03-27T23:30:00Z,P1,1.604,18.9
2026-03-27T23:30:00Z,P2,3.343,18.9
2026-03-27T23:30:00Z,P3,0.395,18.9
2026-03-27T23:45:00Z,P1,1.580,19.1
2026-03-27T23:45:00Z,P2,0.640,19.1
2026-03-27T23:45:00Z,P3,1.851,19.1
2026-03-28T00:00:00Z,P1,1.627,18.9
2026-03-28T00:00:00Z,P2,2.431,18.9
2026-03-28T00:00:00Z,P3,2.193,18.9
2026-03-28T00:15:00Z,P1,1.615,18.8
2026-03-28T00:15:00Z,P2,1.208,18.8
2026-03-28T00:15:00Z,P3,1.111,18.8
2026-03-28T00:30:00Z,P1,1.621,18.9
2026-03-28T00:30:00Z,P2,1.496,18.9
2026-03-28T00:30:00Z,P3,0.330,18.9
2026-03-28T00:45:00Z,P1,1.586,19.1
2026-03-28T00:45:00Z,P2,4.581,19.1
2026-03-28T00:45:00Z,P3,0.619,19.1
2026-03-28T01:00:00Z,P1,1.614,18.8
2026-03-28T01:00:00Z,P2,2.608,18.8
2026-03-28T01:00:00Z,P3,2.159,18.8
2026-03-28T01:15:00Z,P1,1.628,18.2
2026-03-28T01:15:00Z,P2,0.374,18.2
2026-03-28T01:15:00Z,P3,2.184,18.2
2026-03-28T01:30:00Z,P1,0.600,18.3
2026-03-28T01:30:00Z,P2,2.008,18.3
2026-03-28T01:30:00Z,P3,1.203,18.3
2026-03-28T01:45:00Z,P1,0.372,18.6
2026-03-28T01:45:00Z,P2,1.898,18.6
2026-03-28T01:45:00Z,P3,0.356,18.6
2026-03-28T02:00:00Z,P1,1.142,18.5
2026-03-28T02:00:00Z,P2,2.395,18.5
2026-03-28T02:00:00Z,P3,0.537,18.5
2026-03-28T02:15:00Z,P1,1.620,18.7
2026-03-28T02:15:00Z,P2,3.348,18.7
2026-03-28T02:15:00Z,P3,2.147,18.7
2026-03-28T02:30:00Z,P1,1.629,18.9
2026-03-28T02:30:00Z,P2,3.101,18.9
2026-03-28T02:30:00Z,P3,2.182,18.9
2026-03-28T02:45:00Z,P1,0.698,18.5
2026-03-28T02:45:00Z,P2,1.307,18.5
2026-03-28T02:45:00Z,P3,0.394,18.5
2026-03-28T03:00:00Z,P1,0.336,18.3
2026-03-28T03:00:00Z,P2,0.489,18.3
2026-03-28T03:00:00Z,P3,0.381,18.3
2026-03-28T03:15:00Z,P1,1.694,18.5
2026-03-28T03:15:00Z,P2,2.966,18.5
2026-03-28T03:15:00Z,P3,1.083,18.5
2026-03-28T03:30:00Z,P1,3.737,18.7
2026-03-28T03:30:00Z,P2,3.741,18.7
2026-03-28T03:30:00Z,P3,2.186,18.7
2026-03-28T03:45:00Z,P1,3.725,18.7
2026-03-28T03:45:00Z,P2,2.397,18.7
2026-03-28T03:45:00Z,P3,2.066,18.7
2026-03-28T04:00:00Z,P1,2.903,18.4
2026-03-28T04:00:00Z,P2,1.575,18.4
2026-03-28T04:00:00Z,P3,0.402,18.4
2026-03-28T04:15:00Z,P1,2.479,19.0
2026-03-28T04:15:00Z,P2,2.395,19.0
2026-03-28T04:15:00Z,P3,0.344,19.0
2026-03-28T04:30:00Z,P1,3.007,18.8
2026-03-28T04:30:00Z,P2,0.754,18.8
2026-03-28T04:30:00Z,P3,1.470,18.8
2026-03-28T04:45:00Z,P1,3.695,18.8
2026-03-28T04:45:00Z,P2,1.624,18.8
2026-03-28T04:45:00Z,P3,2.200,18.8
2026-03-28T05:00:00Z,P1,1.852,19.2
2026-03-28T05:00:00Z,P2,4.586,19.2
2026-03-28T05:00:00Z,P3,1.335,19.2
2026-03-28T05:15:00Z,P1,0.802,19.1
2026-03-28T05:15:00Z,P2,2.956,19.1
2026-03-28T05:15:00Z,P3,0.299,19.1
2026-03-28T05:30:00Z,P1,0.382,19.2
2026-03-28T05:30:00Z,P2,0.349,19.2
2026-03-28T05:30:00Z,P3,0.352,19.2
2026-03-28T05:45:00Z,P1,0.951,19.1
2026-03-28T05:45:00Z,P2,2.263,19.1
2026-03-28T05:45:00Z,P3,2.018,19.1
2026-03-28T06:00:00Z,P1,1.597,19.4
2026-03-28T06:00:00Z,P2,3.547,19.4
2026-03-28T06:00:00Z,P3,2.201,19.4
2026-03-28T06:15:00Z,P1,1.597,19.6
2026-03-28T06:15:00Z,P2,2.504,19.6
2026-03-28T06:15:00Z,P3,0.594,19.6
2026-03-28T06:30:00Z,P1,0.727,19.5
2026-03-28T06:30:00Z,P2,2.776,19.5
2026-03-28T06:30:00Z,P3,0.381,19.5
2026-03-28T06:45:00Z,P1,0.365,19.3
2026-03-28T06:45:00Z,P2,2.428,19.3
2026-03-28T06:45:00Z,P3,1.020,19.3
2026-03-28T07:00:00Z,P1,0.917,19.5
2026-03-28T07:00:00Z,P2,0.613,19.5
2026-03-28T07:00:00Z,P3,2.175,19.5
2026-03-28T07:15:00Z,P1,1.604,19.7
2026-03-28T07:15:00Z,P2,1.020,19.7
2026-03-28T07:15:00Z,P3,2.161,19.7
2026-03-28T07:30:00Z,P1,1.599,19.6
2026-03-28T07:30:00Z,P2,3.113,19.6
2026-03-28T07:30:00Z,P3,0.579,19.6
2026-03-28T07:45:00Z,P1,0.851,20.1
2026-03-28T07:45:00Z,P2,3.236,20.1
2026-03-28T07:45:00Z,P3,1.854,20.1
2026-03-28T08:00:00Z,P1,0.383,19.8
2026-03-28T08:00:00Z,P2,2.507,19.8
2026-03-28T08:00:00Z,P3,2.920,19.8
2026-03-28T08:15:00Z,P1,0.805,20.0
2026-03-28T08:15:00Z,P2,2.527,20.0
2026-03-28T08:15:00Z,P3,3.667,20.0
2026-03-28T08:30:00Z,P1,1.618,20.2
2026-03-28T08:30:00Z,P2,1.867,20.2
2026-03-28T08:30:00Z,P3,3.649,20.2
2026-03-28T08:45:00Z,P1,1.623,20.2
2026-03-28T08:45:00Z,P2,0.417,20.2
2026-03-28T08:45:00Z,P3,2.544,20.2
2026-03-28T09:00:00Z,P1,1.581,20.4
2026-03-28T09:00:00Z,P2,1.769,20.4
2026-03-28T09:00:00Z,P3,1.838,20.4
2026-03-28T09:15:00Z,P1,0.412,20.5
2026-03-28T09:15:00Z,P2,4.595,20.5
2026-03-28T09:15:00Z,P3,2.276,20.5
2026-03-28T09:30:00Z,P1,0.386,20.4
2026-03-28T09:30:00Z,P2,2.967,20.4
2026-03-28T09:30:00Z,P3,2.143,20.4
2026-03-28T09:45:00Z,P1,1.936,21.0
2026-03-28T09:45:00Z,P2,1.308,21.0
2026-03-28T09:45:00Z,P3,2.152,21.0
2026-03-28T10:00:00Z,P1,3.645,20.8
2026-03-28T10:00:00Z,P2,2.452,20.8
2026-03-28T10:00:00Z,P3,1.202,20.8
2026-03-28T10:15:00Z,P1,3.719,21.2
2026-03-28T10:15:00Z,P2,3.284,21.2
2026-03-28T10:15:00Z,P3,0.372,21.2
2026-03-28T10:30:00Z,P1,3.747,20.9
2026-03-28T10:30:00Z,P2,3.108,20.9
2026-03-28T10:30:00Z,P3,1.646,20.9
2026-03-28T10:45:00Z,P1,2.628,21.4
2026-03-28T10:45:00Z,P2,4.178,21.4
2026-03-28T10:45:00Z,P3,2.150,21.4
2026-03-28T11:00:00Z,P1,2.466,21.0
2026-03-28T11:00:00Z,P2,1.186,21.0
2026-03-28T11:00:00Z,P3,2.163,21.0
2026-03-28T11:15:00Z,P1,3.394,21.5
2026-03-28T11:15:00Z,P2,0.743,21.5
2026-03-28T11:15:00Z,P3,0.496,21.5
2026-03-28T11:30:00Z,P1,3.694,21.3
2026-03-28T11:30:00Z,P2,2.386,21.3
2026-03-28T11:30:00Z,P3,0.284,21.3
2026-03-28T11:45:00Z,P1,3.689,21.6
2026-03-28T11:45:00Z,P2,3.384,21.6
2026-03-28T11:45:00Z,P3,1.658,21.6
2026-03-28T12:00:00Z,P1,3.043,21.6
2026-03-28T12:00:00Z,P2,2.542,21.6
2026-03-28T12:00:00Z,P3,1.656,21.6
2026-03-28T12:15:00Z,P1,0.297,21.4
2026-03-28T12:15:00Z,P2,2.455,21.4
2026-03-28T12:15:00Z,P3,1.698,21.4
2026-03-28T12:30:00Z,P1,0.753,21.5
2026-03-28T12:30:00Z,P2,2.420,21.5
2026-03-28T12:30:00Z,P3,1.665,21.5
2026-03-28T12:45:00Z,P1,1.591,21.5
2026-03-28T12:45:00Z,P2,0.886,21.5
2026-03-28T12:45:00Z,P3,1.656,21.5
2026-03-28T13:00:00Z,P1,1.594,21.8
2026-03-28T13:00:00Z,P2,0.808,21.8
2026-03-28T13:00:00Z,P3,2.233,21.8
2026-03-28T13:15:00Z,P1,1.638,21.8
2026-03-28T13:15:00Z,P2,4.555,21.8
2026-03-28T13:15:00Z,P3,2.189,21.8
2026-03-28T13:30:00Z,P1,0.318,21.7
2026-03-28T13:30:00Z,P2,3.620,21.7
2026-03-28T13:30:00Z,P3,2.373,21.7
2026-03-28T13:45:00Z,P1,0.372,21.4
2026-03-28T13:45:00Z,P2,1.371,21.4
2026-03-28T13:45:00Z,P3,3.684,21.4
2026-03-28T14:00:00Z,P1,1.408,21.8
2026-03-28T14:00:00Z,P2,2.189,21.8
2026-03-28T14:00:00Z,P3,3.412,21.8
2026-03-28T14:15:00Z,P1,1.579,21.5
2026-03-28T14:15:00Z,P2,2.122,21.5
2026-03-28T14:15:00Z,P3,1.846,21.5
2026-03-28T14:30:00Z,P1,1.570,21.6
2026-03-28T14:30:00Z,P2,1.108,21.6
2026-03-28T14:30:00Z,P3,1.815,21.6
2026-03-28T14:45:00Z,P1,0.734,21.6
2026-03-28T14:45:00Z,P2,3.463,21.6
2026-03-28T14:45:00Z,P3,3.533,21.6
2026-03-28T15:00:00Z,P1,0.377,21.9
2026-03-28T15:00:00Z,P2,4.267,21.9
2026-03-28T15:00:00Z,P3,3.618,21.9
2026-03-28T15:15:00Z,P1,1.084,21.5
2026-03-28T15:15:00Z,P2,0.755,21.5
2026-03-28T15:15:00Z,P3,1.291,21.5
2026-03-28T15:30:00Z,P1,1.604,21.6
2026-03-28T15:30:00Z,P2,1.044,21.6
2026-03-28T15:30:00Z,P3,0.373,21.6
2026-03-28T15:45:00Z,P1,1.600,21.1
2026-03-28T15:45:00Z,P2,2.359,21.1
2026-03-28T15:45:00Z,P3,0.561,21.1
2026-03-28T16:00:00Z,P1,0.810,21.6
2026-03-28T16:00:00Z,P2,2.867,21.6
2026-03-28T16:00:00Z,P3,2.119,21.6
2026-03-28T16:15:00Z,P1,0.347,21.2
2026-03-28T16:15:00Z,P2,2.807,21.2
2026-03-28T16:15:00Z,P3,1.984,21.2
2026-03-28T16:30:00Z,P1,1.031,21.4
2026-03-28T16:30:00Z,P2,3.744,21.4
2026-03-28T16:30:00Z,P3,3.301,21.4
2026-03-28T16:45:00Z,P1,2.196,21.1
2026-03-28T16:45:00Z,P2,1.542,21.1
2026-03-28T16:45:00Z,P3,3.812,21.1
2026-03-28T17:00:00Z,P1,3.765,21.3
2026-03-28T17:00:00Z,P2,1.841,21.3
2026-03-28T17:00:00Z,P3,3.669,21.3
2026-03-28T17:15:00Z,P1,3.292,20.9
2026-03-28T17:15:00Z,P2,3.661,20.9
2026-03-28T17:15:00Z,P3,3.623,20.9
2026-03-28T17:30:00Z,P1,2.505,20.9
2026-03-28T17:30:00Z,P2,4.110,20.9
2026-03-28T17:30:00Z,P3,3.629,20.9
2026-03-28T17:45:00Z,P1,2.683,20.7
2026-03-28T17:45:00Z,P2,4.309,20.7
2026-03-28T17:45:00Z,P3,3.643,20.7
2026-03-28T18:00:00Z,P1,3.763,21.0
2026-03-28T18:00:00Z,P2,4.537,21.0
2026-03-28T18:00:00Z,P3,3.668,21.0
2026-03-28T18:15:00Z,P1,3.733,20.8
2026-03-28T18:15:00Z,P2,4.543,20.8
2026-03-28T18:15:00Z,P3,3.186,20.8
2026-03-28T18:30:00Z,P1,3.771,20.9
2026-03-28T18:30:00Z,P2,4.585,20.9
2026-03-28T18:30:00Z,P3,1.802,20.9
2026-03-28T18:45:00Z,P1,2.676,20.5
2026-03-28T18:45:00Z,P2,4.586,20.5
2026-03-28T18:45:00Z,P3,1.810,20.5
2026-03-28T19:00:00Z,P1,0.467,20.3
2026-03-28T19:00:00Z,P2,4.587,20.3
2026-03-28T19:00:00Z,P3,3.500,20.3
2026-03-28T19:15:00Z,P1,1.127,20.4
2026-03-28T19:15:00Z,P2,4.446,20.4
2026-03-28T19:15:00Z,P3,3.657,20.4
2026-03-28T19:30:00Z,P1,1.593,20.4
2026-03-28T19:30:00Z,P2,1.692,20.4
2026-03-28T19:30:00Z,P3,2.418,20.4
2026-03-28T19:45:00Z,P1,1.615,20.3
2026-03-28T19:45:00Z,P2,0.327,20.3
2026-03-28T19:45:00Z,P3,1.802,20.3
2026-03-28T20:00:00Z,P1,0.860,19.9
2026-03-28T20:00:00Z,P2,1.583,19.9
2026-03-28T20:00:00Z,P3,2.361,19.9
2026-03-28T20:15:00Z,P1,0.341,19.8
2026-03-28T20:15:00Z,P2,4.022,19.8
2026-03-28T20:15:00Z,P3,2.289,19.8
2026-03-28T20:30:00Z,P1,0.962,19.8
2026-03-28T20:30:00Z,P2,2.566,19.8
2026-03-28T20:30:00Z,P3,2.050,19.8
2026-03-28T20:45:00Z,P1,1.558,19.8
2026-03-28T20:45:00Z,P2,2.885,19.8
2026-03-28T20:45:00Z,P3,0.354,19.8
2026-03-28T21:00:00Z,P1,1.598,19.6
2026-03-28T21:00:00Z,P2,2.441,19.6
2026-03-28T21:00:00Z,P3,0.306,19.6
2026-03-28T21:15:00Z,P1,0.749,19.5
2026-03-28T21:15:00Z,P2,0.537,19.5
2026-03-28T21:15:00Z,P3,1.455,19.5
2026-03-28T21:30:00Z,P1,0.339,19.4
2026-03-28T21:30:00Z,P2,3.605,19.4
2026-03-28T21:30:00Z,P3,2.156,19.4
2026-03-28T21:45:00Z,P1,1.613,19.3
2026-03-28T21:45:00Z,P2,4.524,19.3
2026-03-28T21:45:00Z,P3,2.166,19.3
2026-03-28T22:00:00Z,P1,1.678,19.3
2026-03-28T22:00:00Z,P2,1.486,19.3
2026-03-28T22:00:00Z,P3,0.444,19.3
2026-03-28T22:15:00Z,P1,1.583,19.1
2026-03-28T22:15:00Z,P2,0.799,19.1
2026-03-28T22:15:00Z,P3,0.338,19.1
2026-03-28T22:30:00Z,P1,0.950,19.0
2026-03-28T22:30:00Z,P2,2.426,19.0
2026-03-28T22:30:00Z,P3,1.454,19.0
2026-03-28T22:45:00Z,P1,1.914,19.0
2026-03-28T22:45:00Z,P2,1.851,19.0
2026-03-28T22:45:00Z,P3,2.131,19.0
2026-03-28T23:00:00Z,P1,3.325,19.1
2026-03-28T23:00:00Z,P2,2.510,19.1
2026-03-28T23:00:00Z,P3,1.563,19.1
2026-03-28T23:15:00Z,P1,4.116,19.1
2026-03-28T23:15:00Z,P2,3.946,19.1
2026-03-28T23:15:00Z,P3,0.354,19.1
2026-03-28T23:30:00Z,P1,3.841,18.5
2026-03-28T23:30:00Z,P2,2.839,18.5
2026-03-28T23:30:00Z,P3,0.358,18.5
2026-03-28T23:45:00Z,P1,3.697,18.8
2026-03-28T23:45:00Z,P2,0.766,18.8
2026-03-28T23:45:00Z,P3,1.993,18.8
2026-03-29T00:00:00Z,P1,3.727,18.1
2026-03-29T00:00:00Z,P2,0.674,18.1
2026-03-29T00:00:00Z,P3,2.156,18.1
2026-03-29T00:15:00Z,P1,3.707,19.2
2026-03-29T00:15:00Z,P2,3.086,19.2
2026-03-29T00:15:00Z,P3,1.575,19.2
2026-03-29T00:30:00Z,P1,3.763,18.6
2026-03-29T00:30:00Z,P2,3.812,18.6
2026-03-29T00:30:00Z,P3,0.333,18.6
2026-03-29T00:45:00Z,P1,3.745,18.4
2026-03-29T00:45:00Z,P2,2.196,18.4
2026-03-29T00:45:00Z,P3,0.315,18.4
2026-03-29T01:00:00Z,P1,3.753,18.3
2026-03-29T01:00:00Z,P2,1.995,18.3
2026-03-29T01:00:00Z,P3,2.034,18.3
2026-03-29T01:15:00Z,P1,3.760,18.1
2026-03-29T01:15:00Z,P2,1.876,18.1
2026-03-29T01:15:00Z,P3,2.174,18.1
2026-03-29T01:30:00Z,P1,3.752,18.4
2026-03-29T01:30:00Z,P2,0.303,18.4
2026-03-29T01:30:00Z,P3,1.048,18.4
2026-03-29T01:45:00Z,P1,2.686,18.3
2026-03-29T01:45:00Z,P2,3.164,18.3
2026-03-29T01:45:00Z,P3,0.358,18.3
2026-03-29T02:00:00Z,P1,2.538,18.3
2026-03-29T02:00:00Z,P2,4.548,18.3
2026-03-29T02:00:00Z,P3,0.829,18.3
2026-03-29T02:15:00Z,P1,3.186,18.2
2026-03-29T02:15:00Z,P2,1.831,18.2
2026-03-29T02:15:00Z,P3,2.147,18.2
2026-03-29T02:30:00Z,P1,2.288,18.2
2026-03-29T02:30:00Z,P2,1.035,18.2
2026-03-29T02:30:00Z,P3,2.182,18.2
2026-03-29T02:45:00Z,P1,1.643,18.3
2026-03-29T02:45:00Z,P2,2.407,18.3
2026-03-29T02:45:00Z,P3,0.921,18.3
2026-03-29T03:00:00Z,P1,0.942,18.8
2026-03-29T03:00:00Z,P2,1.224,18.8
2026-03-29T03:00:00Z,P3,0.346,18.8
2026-03-29T03:15:00Z,P1,0.314,18.7
2026-03-29T03:15:00Z,P2,3.240,18.7
2026-03-29T03:15:00Z,P3,0.801,18.7
2026-03-29T03:30:00Z,P1,0.807,18.0
2026-03-29T03:30:00Z,P2,4.554,18.0
2026-03-29T03:30:00Z,P3,2.137,18.0
2026-03-29T03:45:00Z,P1,1.599,18.5
2026-03-29T03:45:00Z,P2,0.881,18.5
2026-03-29T03:45:00Z,P3,2.159,18.5
2026-03-29T04:00:00Z,P1,1.584,18.7
2026-03-29T04:00:00Z,P2,0.589,18.7
2026-03-29T04:00:00Z,P3,0.873,18.7
2026-03-29T04:15:00Z,P1,1.262,18.9
2026-03-29T04:15:00Z,P2,2.396,18.9
2026-03-29T04:15:00Z,P3,0.335,18.9
2026-03-29T04:30:00Z,P1,0.304,18.6
2026-03-29T04:30:00Z,P2,1.342,18.6
2026-03-29T04:30:00Z,P3,1.086,18.6
2026-03-29T04:45:00Z,P1,0.332,18.8
2026-03-29T04:45:00Z,P2,2.688,18.8
2026-03-29T04:45:00Z,P3,2.184,18.8
2026-03-29T05:00:00Z,P1,1.396,18.8
2026-03-29T05:00:00Z,P2,4.568,18.8
2026-03-29T05:00:00Z,P3,2.184,18.8
2026-03-29T05:15:00Z,P1,1.624,19.2
2026-03-29T05:15:00Z,P2,1.564,19.2
2026-03-29T05:15:00Z,P3,0.766,19.2
2026-03-29T05:30:00Z,P1,1.589,19.2
2026-03-29T05:30:00Z,P2,0.350,19.2
2026-03-29T05:30:00Z,P3,1.819,19.2
2026-03-29T05:45:00Z,P1,0.623,19.0
2026-03-29T05:45:00Z,P2,2.002,19.0
2026-03-29T05:45:00Z,P3,2.829,19.0
2026-03-29T06:00:00Z,P1,0.305,19.1
2026-03-29T06:00:00Z,P2,2.680,19.1
2026-03-29T06:00:00Z,P3,3.641,19.1
2026-03-29T06:15:00Z,P1,0.723,19.0
2026-03-29T06:15:00Z,P2,2.524,19.0
2026-03-29T06:15:00Z,P3,3.555,19.0
2026-03-29T06:30:00Z,P1,1.597,19.6
2026-03-29T06:30:00Z,P2,2.918,19.6
2026-03-29T06:30:00Z,P3,1.837,19.6
2026-03-29T06:45:00Z,P1,1.274,19.4
2026-03-29T06:45:00Z,P2,1.834,19.4
2026-03-29T06:45:00Z,P3,2.194,19.4
2026-03-29T07:00:00Z,P1,3.153,19.5
2026-03-29T07:00:00Z,P2,2.436,19.5
2026-03-29T07:00:00Z,P3,2.280,19.5
2026-03-29T07:15:00Z,P1,3.717,19.6
2026-03-29T07:15:00Z,P2,2.420,19.6
2026-03-29T07:15:00Z,P3,2.208,19.6
2026-03-29T07:30:00Z,P1,3.159,19.7
2026-03-29T07:30:00Z,P2,2.477,19.7
2026-03-29T07:30:00Z,P3,0.991,19.7
2026-03-29T07:45:00Z,P1,2.479,19.7
2026-03-29T07:45:00Z,P2,3.455,19.7
2026-03-29T07:45:00Z,P3,0.305,19.7
2026-03-29T08:00:00Z,P1,2.916,20.3
2026-03-29T08:00:00Z,P2,2.943,20.3
2026-03-29T08:00:00Z,P3,1.171,20.3
2026-03-29T08:15:00Z,P1,3.764,20.1
2026-03-29T08:15:00Z,P2,0.655,20.1
2026-03-29T08:15:00Z,P3,2.190,20.1
2026-03-29T08:30:00Z,P1,3.695,20.2
2026-03-29T08:30:00Z,P2,0.703,20.2
2026-03-29T08:30:00Z,P3,1.800,20.2
2026-03-29T08:45:00Z,P1,3.031,20.2
2026-03-29T08:45:00Z,P2,3.268,20.2
2026-03-29T08:45:00Z,P3,0.323,20.2
2026-03-29T09:00:00Z,P1,0.310,20.3
2026-03-29T09:00:00Z,P2,3.784,20.3
2026-03-29T09:00:00Z,P3,0.364,20.3
2026-03-29T09:15:00Z,P1,0.731,20.9
2026-03-29T09:15:00Z,P2,2.502,20.9
2026-03-29T09:15:00Z,P3,1.348,20.9
2026-03-29T09:30:00Z,P1,1.558,20.7
2026-03-29T09:30:00Z,P2,2.449,20.7
2026-03-29T09:30:00Z,P3,2.149,20.7
2026-03-29T09:45:00Z,P1,1.606,20.3
2026-03-29T09:45:00Z,P2,2.017,20.3
2026-03-29T09:45:00Z,P3,2.213,20.3
2026-03-29T10:00:00Z,P1,1.307,20.2
2026-03-29T10:00:00Z,P2,0.331,20.2
2026-03-29T10:00:00Z,P3,0.479,20.2
2026-03-29T10:15:00Z,P1,0.390,20.9
2026-03-29T10:15:00Z,P2,3.162,20.9
2026-03-29T10:15:00Z,P3,0.359,20.9
2026-03-29T10:30:00Z,P1,0.369,20.9
2026-03-29T10:30:00Z,P2,4.569,20.9
2026-03-29T10:30:00Z,P3,1.690,20.9
2026-03-29T10:45:00Z,P1,1.417,21.0
2026-03-29T10:45:00Z,P2,2.362,21.0
2026-03-29T10:45:00Z,P3,2.161,21.0
2026-03-29T11:00:00Z,P1,1.602,21.2
2026-03-29T11:00:00Z,P2,0.353,21.2
2026-03-29T11:00:00Z,P3,1.172,21.2
2026-03-29T11:15:00Z,P1,1.533,21.5
2026-03-29T11:15:00Z,P2,2.124,21.5
2026-03-29T11:15:00Z,P3,0.289,21.5
2026-03-29T11:30:00Z,P1,0.354,21.0
2026-03-29T11:30:00Z,P2,2.658,21.0
2026-03-29T11:30:00Z,P3,0.966,21.0
2026-03-29T11:45:00Z,P1,0.353,21.2
2026-03-29T11:45:00Z,P2,3.049,21.2
2026-03-29T11:45:00Z,P3,2.213,21.2
2026-03-29T12:00:00Z,P1,1.389,21.3
2026-03-29T12:00:00Z,P2,3.056,21.3
2026-03-29T12:00:00Z,P3,2.160,21.3
2026-03-29T12:15:00Z,P1,1.620,21.2
2026-03-29T12:15:00Z,P2,2.845,21.2
2026-03-29T12:15:00Z,P3,0.344,21.2
2026-03-29T12:30:00Z,P1,1.603,21.2
2026-03-29T12:30:00Z,P2,1.300,21.2
2026-03-29T12:30:00Z,P3,0.372,21.2
2026-03-29T12:45:00Z,P1,1.609,21.7
2026-03-29T12:45:00Z,P2,0.491,21.7
2026-03-29T12:45:00Z,P3,3.347,21.7
2026-03-29T13:00:00Z,P1,0.733,21.8
2026-03-29T13:00:00Z,P2,4.404,21.8
2026-03-29T13:00:00Z,P3,3.659,21.8
2026-03-29T13:15:00Z,P1,1.428,21.3
2026-03-29T13:15:00Z,P2,4.069,21.3
2026-03-29T13:15:00Z,P3,2.831,21.3
2026-03-29T13:30:00Z,P1,3.025,21.5
2026-03-29T13:30:00Z,P2,1.741,21.5
2026-03-29T13:30:00Z,P3,1.794,21.5
2026-03-29T13:45:00Z,P1,3.685,21.6
2026-03-29T13:45:00Z,P2,2.132,21.6
2026-03-29T13:45:00Z,P3,1.798,21.6
2026-03-29T14:00:00Z,P1,3.701,21.2
2026-03-29T14:00:00Z,P2,2.040,21.2
2026-03-29T14:00:00Z,P3,3.643,21.2
2026-03-29T14:15:00Z,P1,3.589,21.7
2026-03-29T14:15:00Z,P2,0.367,21.7
2026-03-29T14:15:00Z,P3,3.666,21.7
2026-03-29T14:30:00Z,P1,2.499,21.5
2026-03-29T14:30:00Z,P2,3.784,21.5
2026-03-29T14:30:00Z,P3,1.705,21.5
2026-03-29T14:45:00Z,P1,2.573,21.5
2026-03-29T14:45:00Z,P2,4.555,21.5
2026-03-29T14:45:00Z,P3,0.319,21.5
2026-03-29T15:00:00Z,P1,3.421,21.3
2026-03-29T15:00:00Z,P2,1.759,21.3
2026-03-29T15:00:00Z,P3,0.425,21.3
2026-03-29T15:15:00Z,P1,1.616,21.7
2026-03-29T15:15:00Z,P2,0.647,21.7
2026-03-29T15:15:00Z,P3,2.242,21.7
2026-03-29T15:30:00Z,P1,1.358,21.4
2026-03-29T15:30:00Z,P2,2.388,21.4
2026-03-29T15:30:00Z,P3,2.175,21.4
2026-03-29T15:45:00Z,P1,0.311,21.3
2026-03-29T15:45:00Z,P2,2.590,21.3
2026-03-29T15:45:00Z,P3,0.841,21.3
2026-03-29T16:00:00Z,P1,0.398,21.2
2026-03-29T16:00:00Z,P2,2.501,21.2
2026-03-29T16:00:00Z,P3,1.204,21.2
2026-03-29T16:15:00Z,P1,1.267,20.7
2026-03-29T16:15:00Z,P2,4.044,20.7
2026-03-29T16:15:00Z,P3,1.965,20.7
2026-03-29T16:30:00Z,P1,1.597,21.2
2026-03-29T16:30:00Z,P2,4.177,21.2
2026-03-29T16:30:00Z,P3,2.146,21.2
2026-03-29T16:45:00Z,P1,1.625,21.3
2026-03-29T16:45:00Z,P2,4.032,21.3
2026-03-29T16:45:00Z,P3,2.215,21.3
2026-03-29T17:00:00Z,P1,1.582,21.0
2026-03-29T17:00:00Z,P2,4.133,21.0
2026-03-29T17:00:00Z,P3,2.182,21.0
2026-03-29T17:15:00Z,P1,0.848,21.3
2026-03-29T17:15:00Z,P2,4.201,21.3
2026-03-29T17:15:00Z,P3,2.154,21.3
2026-03-29T17:30:00Z,P1,1.927,21.2
2026-03-29T17:30:00Z,P2,4.612,21.2
2026-03-29T17:30:00Z,P3,2.114,21.2
2026-03-29T17:45:00Z,P1,2.778,20.8
2026-03-29T17:45:00Z,P2,4.557,20.8
2026-03-29T17:45:00Z,P3,2.166,20.8
2026-03-29T18:00:00Z,P1,3.780,20.3
2026-03-29T18:00:00Z,P2,4.603,20.3
2026-03-29T18:00:00Z,P3,2.213,20.3
2026-03-29T18:15:00Z,P1,3.740,20.6
2026-03-29T18:15:00Z,P2,4.535,20.6
2026-03-29T18:15:00Z,P3,1.247,20.6
2026-03-29T18:30:00Z,P1,3.721,20.2
2026-03-29T18:30:00Z,P2,3.752,20.2
2026-03-29T18:30:00Z,P3,0.386,20.2
2026-03-29T18:45:00Z,P1,3.768,20.3
2026-03-29T18:45:00Z,P2,2.410,20.3
2026-03-29T18:45:00Z,P3,0.470,20.3
2026-03-29T19:00:00Z,P1,3.715,20.5
2026-03-29T19:00:00Z,P2,0.683,20.5
2026-03-29T19:00:00Z,P3,2.218,20.5
2026-03-29T19:15:00Z,P1,3.761,20.1
2026-03-29T19:15:00Z,P2,1.915,20.1
2026-03-29T19:15:00Z,P3,2.172,20.1
2026-03-29T19:30:00Z,P1,3.699,20.1
2026-03-29T19:30:00Z,P2,4.616,20.1
2026-03-29T19:30:00Z,P3,1.059,20.1
2026-03-29T19:45:00Z,P1,3.561,20.1
2026-03-29T19:45:00Z,P2,2.763,20.1
2026-03-29T19:45:00Z,P3,0.332,20.1
2026-03-29T20:00:00Z,P1,0.800,19.7
2026-03-29T20:00:00Z,P2,0.310,19.7
2026-03-29T20:00:00Z,P3,1.219,19.7
2026-03-29T20:15:00Z,P1,0.347,19.6
2026-03-29T20:15:00Z,P2,2.447,19.6
2026-03-29T20:15:00Z,P3,2.378,19.6
2026-03-29T20:30:00Z,P1,1.055,19.8
2026-03-29T20:30:00Z,P2,2.108,19.8
2026-03-29T20:30:00Z,P3,3.356,19.8
2026-03-29T20:45:00Z,P1,1.597,19.5
2026-03-29T20:45:00Z,P2,1.637,19.5
2026-03-29T20:45:00Z,P3,1.843,19.5
2026-03-29T21:00:00Z,P1,1.591,19.7
2026-03-29T21:00:00Z,P2,3.523,19.7
2026-03-29T21:00:00Z,P3,1.976,19.7
2026-03-29T21:15:00Z,P1,0.635,19.2
2026-03-29T21:15:00Z,P2,3.840,19.2
2026-03-29T21:15:00Z,P3,3.653,19.2
2026-03-29T21:30:00Z,P1,0.322,19.3
2026-03-29T21:30:00Z,P2,0.874,19.3
2026-03-29T21:30:00Z,P3,3.623,19.3
2026-03-29T21:45:00Z,P1,0.902,18.8
2026-03-29T21:45:00Z,P2,0.794,18.8
2026-03-29T21:45:00Z,P3,2.303,18.8
2026-03-29T22:00:00Z,P1,1.601,19.2
2026-03-29T22:00:00Z,P2,2.395,19.2
2026-03-29T22:00:00Z,P3,1.206,19.2
2026-03-29T22:15:00Z,P1,1.619,19.2
2026-03-29T22:15:00Z,P2,2.907,19.2
2026-03-29T22:15:00Z,P3,0.823,19.2
2026-03-29T22:30:00Z,P1,0.708,18.8
2026-03-29T22:30:00Z,P2,2.560,18.8
2026-03-29T22:30:00Z,P3,2.131,18.8
2026-03-29T22:45:00Z,P1,0.380,18.8
2026-03-29T22:45:00Z,P2,2.805,18.8
2026-03-29T22:45:00Z,P3,2.118,18.8
2026-03-29T23:00:00Z,P1,1.079,18.9
2026-03-29T23:00:00Z,P2,1.283,18.9
2026-03-29T23:00:00Z,P3,0.622,18.9
2026-03-29T23:15:00Z,P1,1.596,18.7
2026-03-29T23:15:00Z,P2,0.349,18.7
2026-03-29T23:15:00Z,P3,0.305,18.7
2026-03-29T23:30:00Z,P1,1.567,18.6
2026-03-29T23:30:00Z,P2,2.475,18.6
2026-03-29T23:30:00Z,P3,1.443,18.6
2026-03-29T23:45:00Z,P1,1.121,18.4
2026-03-29T23:45:00Z,P2,3.914,18.4
2026-03-29T23:45:00Z,P3,2.138,18.4
2026-03-30T00:00:00Z,P1,0.332,18.5
2026-03-30T00:00:00Z,P2,2.560,18.5
2026-03-30T00:00:00Z,P3,1.842,18.5
2026-03-30T00:15:00Z,P1,0.464,18.8
2026-03-30T00:15:00Z,P2,1.978,18.8
2026-03-30T00:15:00Z,P3,0.323,18.8
2026-03-30T00:30:00Z,P1,1.523,18.3
2026-03-30T00:30:00Z,P2,2.359,18.3
2026-03-30T00:30:00Z,P3,0.381,18.3
2026-03-30T00:45:00Z,P1,1.590,18.2
2026-03-30T00:45:00Z,P2,0.386,18.2
2026-03-30T00:45:00Z,P3,1.440,18.2
2026-03-30T01:00:00Z,P1,1.338,18.2
2026-03-30T01:00:00Z,P2,0.950,18.2
2026-03-30T01:00:00Z,P3,2.138,18.2
2026-03-30T01:15:00Z,P1,0.359,18.7
2026-03-30T01:15:00Z,P2,4.571,18.7
2026-03-30T01:15:00Z,P3,1.739,18.7
2026-03-30T01:30:00Z,P1,0.385,18.6
2026-03-30T01:30:00Z,P2,3.221,18.6
2026-03-30T01:30:00Z,P3,0.344,18.6
2026-03-30T01:45:00Z,P1,1.507,18.1
2026-03-30T01:45:00Z,P2,0.478,18.1
2026-03-30T01:45:00Z,P3,0.333,18.1
2026-03-30T02:00:00Z,P1,1.637,18.2
2026-03-30T02:00:00Z,P2,2.353,18.2
2026-03-30T02:00:00Z,P3,2.084,18.2
2026-03-30T02:15:00Z,P1,1.623,18.2
2026-03-30T02:15:00Z,P2,1.286,18.2
2026-03-30T02:15:00Z,P3,2.145,18.2
2026-03-30T02:30:00Z,P1,0.488,18.1
2026-03-30T02:30:00Z,P2,1.515,18.1
2026-03-30T02:30:00Z,P3,1.363,18.1
2026-03-30T02:45:00Z,P1,0.292,18.2
2026-03-30T02:45:00Z,P2,4.034,18.2
2026-03-30T02:45:00Z,P3,0.325,18.2
2026-03-30T03:00:00Z,P1,0.871,18.4
2026-03-30T03:00:00Z,P2,2.818,18.4
2026-03-30T03:00:00Z,P3,0.567,18.4
2026-03-30T03:15:00Z,P1,1.589,18.3
2026-03-30T03:15:00Z,P2,0.318,18.3
2026-03-30T03:15:00Z,P3,2.191,18.3
2026-03-30T03:30:00Z,P1,1.639,18.5
2026-03-30T03:30:00Z,P2,1.408,18.5
2026-03-30T03:30:00Z,P3,2.141,18.5
2026-03-30T03:45:00Z,P1,1.256,18.4
2026-03-30T03:45:00Z,P2,2.704,18.4
2026-03-30T03:45:00Z,P3,1.058,18.4
2026-03-30T04:00:00Z,P1,0.296,18.4
2026-03-30T04:00:00Z,P2,2.837,18.4
2026-03-30T04:00:00Z,P3,0.361,18.4
2026-03-30T04:15:00Z,P1,0.369,18.7
2026-03-30T04:15:00Z,P2,2.814,18.7
2026-03-30T04:15:00Z,P3,0.715,18.7
2026-03-30T04:30:00Z,P1,1.558,18.4
2026-03-30T04:30:00Z,P2,2.404,18.4
2026-03-30T04:30:00Z,P3,2.174,18.4
2026-03-30T04:45:00Z,P1,1.560,18.5
2026-03-30T04:45:00Z,P2,1.040,18.5
2026-03-30T04:45:00Z,P3,2.147,18.5
2026-03-30T05:00:00Z,P1,1.436,18.7
2026-03-30T05:00:00Z,P2,0.637,18.7
2026-03-30T05:00:00Z,P3,0.353,18.7
2026-03-30T05:15:00Z,P1,0.319,18.7
2026-03-30T05:15:00Z,P2,3.772,18.7
2026-03-30T05:15:00Z,P3,0.334,18.7
2026-03-30T05:30:00Z,P1,0.354,18.8
2026-03-30T05:30:00Z,P2,3.752,18.8
2026-03-30T05:30:00Z,P3,1.832,18.8
2026-03-30T05:45:00Z,P1,1.389,19.2
2026-03-30T05:45:00Z,P2,1.363,19.2
2026-03-30T05:45:00Z,P3,2.154,19.2
2026-03-30T06:00:00Z,P1,1.610,18.8
2026-03-30T06:00:00Z,P2,2.138,18.8
2026-03-30T06:00:00Z,P3,1.321,18.8
2026-03-30T06:15:00Z,P1,1.577,19.0
2026-03-30T06:15:00Z,P2,1.689,19.0
2026-03-30T06:15:00Z,P3,0.369,19.0
2026-03-30T06:30:00Z,P1,0.645,19.5
2026-03-30T06:30:00Z,P2,1.324,19.5
2026-03-30T06:30:00Z,P3,0.700,19.5
2026-03-30T06:45:00Z,P1,0.469,19.2
2026-03-30T06:45:00Z,P2,4.339,19.2
2026-03-30T06:45:00Z,P3,2.177,19.2
2026-03-30T07:00:00Z,P1,1.599,19.6
2026-03-30T07:00:00Z,P2,4.258,19.6
2026-03-30T07:00:00Z,P3,2.190,19.6
2026-03-30T07:15:00Z,P1,2.514,19.5
2026-03-30T07:15:00Z,P2,1.773,19.5
2026-03-30T07:15:00Z,P3,2.206,19.5
2026-03-30T07:30:00Z,P1,3.752,19.9
2026-03-30T07:30:00Z,P2,1.558,19.9
2026-03-30T07:30:00Z,P3,1.181,19.9
2026-03-30T07:45:00Z,P1,3.740,19.9
2026-03-30T07:45:00Z,P2,2.399,19.9
2026-03-30T07:45:00Z,P3,0.351,19.9
2026-03-30T08:00:00Z,P1,3.765,19.9
2026-03-30T08:00:00Z,P2,0.577,19.9
2026-03-30T08:00:00Z,P3,0.978,19.9
2026-03-30T08:15:00Z,P1,2.588,19.7
2026-03-30T08:15:00Z,P2,3.030,19.7
2026-03-30T08:15:00Z,P3,2.195,19.7
2026-03-30T08:30:00Z,P1,1.952,19.8
2026-03-30T08:30:00Z,P2,4.579,19.8
2026-03-30T08:30:00Z,P3,2.243,19.8
2026-03-30T08:45:00Z,P1,3.202,20.3
2026-03-30T08:45:00Z,P2,4.583,20.3
2026-03-30T08:45:00Z,P3,2.170,20.3
2026-03-30T09:00:00Z,P1,3.709,20.4
2026-03-30T09:00:00Z,P2,2.844,20.4
2026-03-30T09:00:00Z,P3,1.654,20.4
2026-03-30T09:15:00Z,P1,3.721,20.3
2026-03-30T09:15:00Z,P2,1.112,20.3
2026-03-30T09:15:00Z,P3,1.808,20.3
2026-03-30T09:30:00Z,P1,4.077,20.2
2026-03-30T09:30:00Z,P2,2.361,20.2
2026-03-30T09:30:00Z,P3,2.691,20.2
2026-03-30T09:45:00Z,P1,4.014,20.8
2026-03-30T09:45:00Z,P2,1.048,20.8
2026-03-30T09:45:00Z,P3,3.638,20.8
2026-03-30T10:00:00Z,P1,3.729,20.5
2026-03-30T10:00:00Z,P2,2.166,20.5
2026-03-30T10:00:00Z,P3,3.640,20.5
2026-03-30T10:15:00Z,P1,3.705,21.2
2026-03-30T10:15:00Z,P2,4.290,21.2
2026-03-30T10:15:00Z,P3,2.340,21.2
2026-03-30T10:30:00Z,P1,3.700,20.8
2026-03-30T10:30:00Z,P2,3.017,20.8
2026-03-30T10:30:00Z,P3,0.689,20.8
2026-03-30T10:45:00Z,P1,3.733,20.5
2026-03-30T10:45:00Z,P2,0.315,20.5
2026-03-30T10:45:00Z,P3,1.141,20.5
2026-03-30T11:00:00Z,P1,3.739,20.8
2026-03-30T11:00:00Z,P2,1.470,20.8
2026-03-30T11:00:00Z,P3,2.188,20.8
2026-03-30T11:15:00Z,P1,3.783,21.2
2026-03-30T11:15:00Z,P2,2.543,21.2
2026-03-30T11:15:00Z,P3,2.209,21.2
2026-03-30T11:30:00Z,P1,3.702,21.0
2026-03-30T11:30:00Z,P2,4.347,21.0
2026-03-30T11:30:00Z,P3,1.661,21.0
2026-03-30T11:45:00Z,P1,3.461,21.3
2026-03-30T11:45:00Z,P2,2.512,21.3
2026-03-30T11:45:00Z,P3,1.560,21.3
2026-03-30T12:00:00Z,P1,2.457,21.2
2026-03-30T12:00:00Z,P2,1.846,21.2
2026-03-30T12:00:00Z,P3,0.356,21.2
2026-03-30T12:15:00Z,P1,2.483,21.4
2026-03-30T12:15:00Z,P2,2.397,21.4
2026-03-30T12:15:00Z,P3,0.618,21.4
2026-03-30T12:30:00Z,P1,3.770,21.5
2026-03-30T12:30:00Z,P2,0.491,21.5
2026-03-30T12:30:00Z,P3,2.152,21.5
2026-03-30T12:45:00Z,P1,2.615,21.2
2026-03-30T12:45:00Z,P2,2.602,21.2
2026-03-30T12:45:00Z,P3,2.143,21.2
2026-03-30T13:00:00Z,P1,1.507,21.9
2026-03-30T13:00:00Z,P2,4.534,21.9
2026-03-30T13:00:00Z,P3,0.993,21.9
2026-03-30T13:15:00Z,P1,0.307,21.2
2026-03-30T13:15:00Z,P2,2.292,21.2
2026-03-30T13:15:00Z,P3,0.310,21.2
2026-03-30T13:30:00Z,P1,0.330,21.5
2026-03-30T13:30:00Z,P2,0.497,21.5
2026-03-30T13:30:00Z,P3,0.711,21.5
2026-03-30T13:45:00Z,P1,1.508,21.4
2026-03-30T13:45:00Z,P2,2.360,21.4
2026-03-30T13:45:00Z,P3,2.216,21.4
2026-03-30T14:00:00Z,P1,1.580,21.4
2026-03-30T14:00:00Z,P2,3.198,21.4
2026-03-30T14:00:00Z,P3,2.170,21.4
2026-03-30T14:15:00Z,P1,1.570,21.2
2026-03-30T14:15:00Z,P2,2.547,21.2
2026-03-30T14:15:00Z,P3,1.050,21.2
2026-03-30T14:30:00Z,P1,0.741,21.4
2026-03-30T14:30:00Z,P2,3.683,21.4
2026-03-30T14:30:00Z,P3,0.350,21.4
2026-03-30T14:45:00Z,P1,0.416,21.3
2026-03-30T14:45:00Z,P2,2.419,21.3
2026-03-30T14:45:00Z,P3,1.895,21.3
2026-03-30T15:00:00Z,P1,0.860,21.4
2026-03-30T15:00:00Z,P2,1.410,21.4
2026-03-30T15:00:00Z,P3,3.693,21.4
2026-03-30T15:15:00Z,P1,1.579,21.2
2026-03-30T15:15:00Z,P2,1.049,21.2
2026-03-30T15:15:00Z,P3,3.662,21.2
2026-03-30T15:30:00Z,P1,1.627,21.8
2026-03-30T15:30:00Z,P2,4.594,21.8
2026-03-30T15:30:00Z,P3,3.400,21.8
2026-03-30T15:45:00Z,P1,1.147,21.4
2026-03-30T15:45:00Z,P2,3.903,21.4
2026-03-30T15:45:00Z,P3,1.854,21.4
2026-03-30T16:00:00Z,P1,1.650,21.5
2026-03-30T16:00:00Z,P2,0.765,21.5
2026-03-30T16:00:00Z,P3,2.697,21.5
2026-03-30T16:15:00Z,P1,2.718,21.1
2026-03-30T16:15:00Z,P2,2.107,21.1
2026-03-30T16:15:00Z,P3,3.464,21.1
2026-03-30T16:30:00Z,P1,3.751,21.0
2026-03-30T16:30:00Z,P2,2.400,21.0
2026-03-30T16:30:00Z,P3,3.677,21.0
2026-03-30T16:45:00Z,P1,3.738,20.9
2026-03-30T16:45:00Z,P2,1.978,20.9
2026-03-30T16:45:00Z,P3,3.779,20.9
2026-03-30T17:00:00Z,P1,3.477,20.9
2026-03-30T17:00:00Z,P2,3.224,20.9
2026-03-30T17:00:00Z,P3,3.656,20.9
2026-03-30T17:15:00Z,P1,2.475,21.0
2026-03-30T17:15:00Z,P2,4.053,21.0
2026-03-30T17:15:00Z,P3,3.619,21.0
2026-03-30T17:30:00Z,P1,2.585,20.6
2026-03-30T17:30:00Z,P2,4.169,20.6
2026-03-30T17:30:00Z,P3,3.649,20.6
2026-03-30T17:45:00Z,P1,3.744,20.7
2026-03-30T17:45:00Z,P2,4.290,20.7
2026-03-30T17:45:00Z,P3,3.637,20.7
2026-03-30T18:00:00Z,P1,3.582,20.9
2026-03-30T18:00:00Z,P2,4.610,20.9
2026-03-30T18:00:00Z,P3,3.664,20.9
2026-03-30T18:15:00Z,P1,1.636,20.4
2026-03-30T18:15:00Z,P2,4.594,20.4
2026-03-30T18:15:00Z,P3,2.767,20.4
2026-03-30T18:30:00Z,P1,0.462,20.2
2026-03-30T18:30:00Z,P2,4.547,20.2
2026-03-30T18:30:00Z,P3,1.815,20.2
2026-03-30T18:45:00Z,P1,0.353,20.3
2026-03-30T18:45:00Z,P2,4.586,20.3
2026-03-30T18:45:00Z,P3,2.188,20.3
2026-03-30T19:00:00Z,P1,1.567,20.5
2026-03-30T19:00:00Z,P2,4.536,20.5
2026-03-30T19:00:00Z,P3,3.657,20.5
2026-03-30T19:15:00Z,P1,1.599,19.9
2026-03-30T19:15:00Z,P2,3.732,19.9
2026-03-30T19:15:00Z,P3,3.668,19.9
2026-03-30T19:30:00Z,P1,1.612,20.2
2026-03-30T19:30:00Z,P2,0.316,20.2
2026-03-30T19:30:00Z,P3,2.431,20.2
2026-03-30T19:45:00Z,P1,0.535,19.9
2026-03-30T19:45:00Z,P2,1.721,19.9
2026-03-30T19:45:00Z,P3,1.789,19.9
2026-03-30T20:00:00Z,P1,0.301,19.8
2026-03-30T20:00:00Z,P2,2.360,19.8
2026-03-30T20:00:00Z,P3,1.905,19.8
2026-03-30T20:15:00Z,P1,1.302,20.2
2026-03-30T20:15:00Z,P2,2.066,20.2
2026-03-30T20:15:00Z,P3,2.162,20.2
2026-03-30T20:30:00Z,P1,1.655,19.4
2026-03-30T20:30:00Z,P2,3.613,19.4
2026-03-30T20:30:00Z,P3,2.236,19.4
2026-03-30T20:45:00Z,P1,1.596,19.2
2026-03-30T20:45:00Z,P2,3.392,19.2
2026-03-30T20:45:00Z,P3,0.373,19.2
2026-03-30T21:00:00Z,P1,0.587,19.3
2026-03-30T21:00:00Z,P2,0.602,19.3
2026-03-30T21:00:00Z,P3,0.328,19.3
2026-03-30T21:15:00Z,P1,0.319,19.0
2026-03-30T21:15:00Z,P2,1.243,19.0
2026-03-30T21:15:00Z,P3,1.295,19.0
2026-03-30T21:30:00Z,P1,1.114,18.9
2026-03-30T21:30:00Z,P2,2.397,18.9
2026-03-30T21:30:00Z,P3,2.195,18.9
2026-03-30T21:45:00Z,P1,1.589,18.9
2026-03-30T21:45:00Z,P2,2.378,18.9
2026-03-30T21:45:00Z,P3,2.076,18.9
2026-03-30T22:00:00Z,P1,1.574,18.9
2026-03-30T22:00:00Z,P2,3.225,18.9
2026-03-30T22:00:00Z,P3,0.394,18.9
2026-03-30T22:15:00Z,P1,0.501,18.7
2026-03-30T22:15:00Z,P2,3.263,18.7
2026-03-30T22:15:00Z,P3,0.348,18.7
2026-03-30T22:30:00Z,P1,0.324,18.6
2026-03-30T22:30:00Z,P2,1.070,18.6
2026-03-30T22:30:00Z,P3,1.779,18.6
2026-03-30T22:45:00Z,P1,1.071,19.0
2026-03-30T22:45:00Z,P2,0.471,19.0
2026-03-30T22:45:00Z,P3,2.134,19.0
2026-03-30T23:00:00Z,P1,1.573,18.3
2026-03-30T23:00:00Z,P2,2.394,18.3
2026-03-30T23:00:00Z,P3,1.807,18.3
2026-03-30T23:15:00Z,P1,1.375,18.3
2026-03-30T23:15:00Z,P2,3.059,18.3
2026-03-30T23:15:00Z,P3,0.323,18.3
2026-03-30T23:30:00Z,P1,0.379,18.3
2026-03-30T23:30:00Z,P2,2.535,18.3
2026-03-30T23:30:00Z,P3,0.347,18.3
2026-03-30T23:45:00Z,P1,0.381,18.4
2026-03-30T23:45:00Z,P2,3.443,18.4
2026-03-30T23:45:00Z,P3,1.672,18.4
2026-03-31T00:00:00Z,P1,2.943,18.5
2026-03-31T00:00:00Z,P2,2.132,18.5
2026-03-31T00:00:00Z,P3,2.170,18.5
2026-03-31T00:15:00Z,P1,3.726,18.5
2026-03-31T00:15:00Z,P2,0.355,18.5
2026-03-31T00:15:00Z,P3,1.476,18.5
2026-03-31T00:30:00Z,P1,3.694,18.6
2026-03-31T00:30:00Z,P2,0.828,18.6
2026-03-31T00:30:00Z,P3,0.354,18.6
2026-03-31T00:45:00Z,P1,3.360,17.8
2026-03-31T00:45:00Z,P2,3.825,17.8
2026-03-31T00:45:00Z,P3,0.358,17.8
2026-03-31T01:00:00Z,P1,3.437,18.1
2026-03-31T01:00:00Z,P2,3.076,18.1
2026-03-31T01:00:00Z,P3,2.145,18.1
2026-03-31T01:15:00Z,P1,3.363,18.1
2026-03-31T01:15:00Z,P2,1.043,18.1
2026-03-31T01:15:00Z,P3,2.215,18.1
2026-03-31T01:30:00Z,P1,0.856,18.1
2026-03-31T01:30:00Z,P2,2.417,18.1
2026-03-31T01:30:00Z,P3,1.073,18.1
2026-03-31T01:45:00Z,P1,0.376,18.6
2026-03-31T01:45:00Z,P2,1.598,18.6
2026-03-31T01:45:00Z,P3,0.325,18.6
2026-03-31T02:00:00Z,P1,0.394,18.3
2026-03-31T02:00:00Z,P2,0.964,18.3
2026-03-31T02:00:00Z,P3,0.735,18.3
2026-03-31T02:15:00Z,P1,0.365,18.4
2026-03-31T02:15:00Z,P2,4.202,18.4
2026-03-31T02:15:00Z,P3,2.173,18.4
2026-03-31T02:30:00Z,P1,0.775,18.4
2026-03-31T02:30:00Z,P2,3.827,18.4
2026-03-31T02:30:00Z,P3,2.181,18.4
2026-03-31T02:45:00Z,P1,2.031,18.1
2026-03-31T02:45:00Z,P2,0.319,18.1
2026-03-31T02:45:00Z,P3,0.595,18.1
2026-03-31T03:00:00Z,P1,1.794,17.8
2026-03-31T03:00:00Z,P2,1.711,17.8
2026-03-31T03:00:00Z,P3,0.314,17.8
2026-03-31T03:15:00Z,P1,1.278,18.2
2026-03-31T03:15:00Z,P2,2.264,18.2
2026-03-31T03:15:00Z,P3,1.204,18.2
2026-03-31T03:30:00Z,P1,1.052,18.3
2026-03-31T03:30:00Z,P2,1.245,18.3
2026-03-31T03:30:00Z,P3,2.639,18.3
2026-03-31T03:45:00Z,P1,1.190,18.5
2026-03-31T03:45:00Z,P2,3.385,18.5
2026-03-31T03:45:00Z,P3,3.043,18.5
2026-03-31T04:00:00Z,P1,0.797,18.4
2026-03-31T04:00:00Z,P2,4.126,18.4
2026-03-31T04:00:00Z,P3,1.805,18.4
2026-03-31T04:15:00Z,P1,0.318,18.2
2026-03-31T04:15:00Z,P2,0.774,18.2
2026-03-31T04:15:00Z,P3,1.810,18.2
2026-03-31T04:30:00Z,P1,0.376,18.3
2026-03-31T04:30:00Z,P2,0.655,18.3
2026-03-31T04:30:00Z,P3,3.640,18.3
2026-03-31T04:45:00Z,P1,0.366,18.4
2026-03-31T04:45:00Z,P2,2.375,18.4
2026-03-31T04:45:00Z,P3,3.664,18.4
2026-03-31T05:00:00Z,P1,1.157,18.9
2026-03-31T05:00:00Z,P2,2.470,18.9
2026-03-31T05:00:00Z,P3,2.270,18.9
2026-03-31T05:15:00Z,P1,1.603,18.4
2026-03-31T05:15:00Z,P2,2.496,18.4
2026-03-31T05:15:00Z,P3,1.241,18.4
2026-03-31T05:30:00Z,P1,1.613,18.8
2026-03-31T05:30:00Z,P2,4.277,18.8
2026-03-31T05:30:00Z,P3,1.462,18.8
2026-03-31T05:45:00Z,P1,1.567,19.2
2026-03-31T05:45:00Z,P2,1.582,19.2
2026-03-31T05:45:00Z,P3,2.141,19.2
2026-03-31T06:00:00Z,P1,1.576,19.0
2026-03-31T06:00:00Z,P2,0.367,19.0
2026-03-31T06:00:00Z,P3,1.599,19.0
2026-03-31T06:15:00Z,P1,1.583,19.1
2026-03-31T06:15:00Z,P2,2.573,19.1
2026-03-31T06:15:00Z,P3,0.346,19.1
2026-03-31T06:30:00Z,P1,3.701,19.0
2026-03-31T06:30:00Z,P2,4.307,19.0
2026-03-31T06:30:00Z,P3,0.435,19.0
2026-03-31T06:45:00Z,P1,3.734,19.3
2026-03-31T06:45:00Z,P2,2.233,19.3
2026-03-31T06:45:00Z,P3,2.159,19.3
2026-03-31T07:00:00Z,P1,3.685,19.4
2026-03-31T07:00:00Z,P2,1.437,19.4
2026-03-31T07:00:00Z,P3,2.123,19.4
2026-03-31T07:15:00Z,P1,3.673,19.3
2026-03-31T07:15:00Z,P2,2.444,19.3
2026-03-31T07:15:00Z,P3,0.529,19.3
2026-03-31T07:30:00Z,P1,3.703,19.4
2026-03-31T07:30:00Z,P2,1.655,19.4
2026-03-31T07:30:00Z,P3,0.303,19.4
2026-03-31T07:45:00Z,P1,3.766,19.8
2026-03-31T07:45:00Z,P2,2.966,19.8
2026-03-31T07:45:00Z,P3,1.290,19.8
2026-03-31T08:00:00Z,P1,3.751,20.1
2026-03-31T08:00:00Z,P2,4.134,20.1
2026-03-31T08:00:00Z,P3,2.165,20.1
2026-03-31T08:15:00Z,P1,3.720,19.8
2026-03-31T08:15:00Z,P2,1.563,19.8
2026-03-31T08:15:00Z,P3,1.932,19.8
2026-03-31T08:30:00Z,P1,3.299,20.1
2026-03-31T08:30:00Z,P2,0.354,20.1
2026-03-31T08:30:00Z,P3,0.407,20.1
2026-03-31T08:45:00Z,P1,1.606,20.2
2026-03-31T08:45:00Z,P2,2.442,20.2
2026-03-31T08:45:00Z,P3,0.328,20.2
2026-03-31T09:00:00Z,P1,1.666,20.3
2026-03-31T09:00:00Z,P2,4.137,20.3
2026-03-31T09:00:00Z,P3,1.799,20.3
2026-03-31T09:15:00Z,P1,1.660,20.3
2026-03-31T09:15:00Z,P2,2.522,20.3
2026-03-31T09:15:00Z,P3,2.138,20.3
2026-03-31T09:30:00Z,P1,1.603,20.5
2026-03-31T09:30:00Z,P2,1.971,20.5
2026-03-31T09:30:00Z,P3,1.440,20.5
2026-03-31T09:45:00Z,P1,1.607,20.4
2026-03-31T09:45:00Z,P2,2.359,20.4
2026-03-31T09:45:00Z,P3,0.410,20.4
2026-03-31T10:00:00Z,P1,1.639,20.5
2026-03-31T10:00:00Z,P2,1.019,20.5
2026-03-31T10:00:00Z,P3,0.825,20.5
2026-03-31T10:15:00Z,P1,1.600,20.5
2026-03-31T10:15:00Z,P2,1.644,20.5
2026-03-31T10:15:00Z,P3,2.163,20.5
2026-03-31T10:30:00Z,P1,1.658,20.5
2026-03-31T10:30:00Z,P2,4.544,20.5
2026-03-31T10:30:00Z,P3,2.095,20.5
2026-03-31T10:45:00Z,P1,1.568,20.8
2026-03-31T10:45:00Z,P2,3.569,20.8
2026-03-31T10:45:00Z,P3,0.375,20.8
2026-03-31T11:00:00Z,P1,0.380,21.0
2026-03-31T11:00:00Z,P2,0.371,21.0
2026-03-31T11:00:00Z,P3,0.971,21.0
2026-03-31T11:15:00Z,P1,0.708,21.1
2026-03-31T11:15:00Z,P2,2.319,21.1
2026-03-31T11:15:00Z,P3,2.109,21.1
2026-03-31T11:30:00Z,P1,1.595,21.2
2026-03-31T11:30:00Z,P2,4.448,21.2
2026-03-31T11:30:00Z,P3,2.136,21.2
2026-03-31T11:45:00Z,P1,2.314,21.0
2026-03-31T11:45:00Z,P2,3.328,21.0
2026-03-31T11:45:00Z,P3,2.166,21.0
2026-03-31T12:00:00Z,P1,3.737,20.9
2026-03-31T12:00:00Z,P2,2.183,20.9
2026-03-31T12:00:00Z,P3,1.931,20.9
2026-03-31T12:15:00Z,P1,2.582,21.2
2026-03-31T12:15:00Z,P2,2.413,21.2
2026-03-31T12:15:00Z,P3,0.395,21.2
2026-03-31T12:30:00Z,P1,2.448,21.1
2026-03-31T12:30:00Z,P2,1.022,21.1
2026-03-31T12:30:00Z,P3,1.975,21.1
2026-03-31T12:45:00Z,P1,3.452,21.0
2026-03-31T12:45:00Z,P2,3.122,21.0
2026-03-31T12:45:00Z,P3,3.271,21.0
2026-03-31T13:00:00Z,P1,3.754,21.1
2026-03-31T13:00:00Z,P2,4.584,21.1
2026-03-31T13:00:00Z,P3,3.607,21.1
2026-03-31T13:15:00Z,P1,3.761,21.2
2026-03-31T13:15:00Z,P2,2.766,21.2
2026-03-31T13:15:00Z,P3,3.450,21.2
2026-03-31T13:30:00Z,P1,3.672,21.4
2026-03-31T13:30:00Z,P2,0.539,21.4
2026-03-31T13:30:00Z,P3,1.859,21.4
2026-03-31T13:45:00Z,P1,2.414,21.4
2026-03-31T13:45:00Z,P2,2.375,21.4
2026-03-31T13:45:00Z,P3,3.019,21.4
2026-03-31T14:00:00Z,P1,2.551,21.5
2026-03-31T14:00:00Z,P2,2.966,21.5
2026-03-31T14:00:00Z,P3,3.683,21.5
2026-03-31T14:15:00Z,P1,2.958,20.8
2026-03-31T14:15:00Z,P2,2.536,20.8
2026-03-31T14:15:00Z,P3,3.631,20.8
2026-03-31T14:30:00Z,P1,1.588,21.2
2026-03-31T14:30:00Z,P2,3.428,21.2
2026-03-31T14:30:00Z,P3,1.106,21.2
2026-03-31T14:45:00Z,P1,1.573,21.4
2026-03-31T14:45:00Z,P2,2.100,21.4
2026-03-31T14:45:00Z,P3,0.313,21.4
2026-03-31T15:00:00Z,P1,0.773,21.4
2026-03-31T15:00:00Z,P2,0.343,21.4
2026-03-31T15:00:00Z,P3,1.598,21.4
2026-03-31T15:15:00Z,P1,0.316,21.2
2026-03-31T15:15:00Z,P2,1.871,21.2
2026-03-31T15:15:00Z,P3,2.190,21.2
2026-03-31T15:30:00Z,P1,1.055,21.0
2026-03-31T15:30:00Z,P2,3.438,21.0
2026-03-31T15:30:00Z,P3,1.522,21.0
2026-03-31T15:45:00Z,P1,1.595,21.2
2026-03-31T15:45:00Z,P2,2.817,21.2
2026-03-31T15:45:00Z,P3,0.377,21.2
2026-03-31T16:00:00Z,P1,1.619,21.1
2026-03-31T16:00:00Z,P2,2.204,21.1
2026-03-31T16:00:00Z,P3,1.206,21.1
2026-03-31T16:15:00Z,P1,1.172,21.0
2026-03-31T16:15:00Z,P2,2.389,21.0
2026-03-31T16:15:00Z,P3,1.963,21.0
2026-03-31T16:30:00Z,P1,1.592,21.1
2026-03-31T16:30:00Z,P2,2.401,21.1
2026-03-31T16:30:00Z,P3,2.094,21.1
2026-03-31T16:45:00Z,P1,2.905,21.1
2026-03-31T16:45:00Z,P2,4.425,21.1
2026-03-31T16:45:00Z,P3,2.189,21.1
2026-03-31T17:00:00Z,P1,3.669,20.7
2026-03-31T17:00:00Z,P2,2.031,20.7
2026-03-31T17:00:00Z,P3,2.183,20.7
2026-03-31T17:15:00Z,P1,3.691,21.0
2026-03-31T17:15:00Z,P2,3.207,21.0
2026-03-31T17:15:00Z,P3,3.098,21.0
2026-03-31T17:30:00Z,P1,2.991,20.6
2026-03-31T17:30:00Z,P2,4.098,20.6
2026-03-31T17:30:00Z,P3,3.678,20.6
2026-03-31T17:45:00Z,P1,2.451,20.6
2026-03-31T17:45:00Z,P2,4.297,20.6
2026-03-31T17:45:00Z,P3,3.636,20.6
2026-03-31T18:00:00Z,P1,2.814,20.4
2026-03-31T18:00:00Z,P2,4.524,20.4
2026-03-31T18:00:00Z,P3,3.663,20.4
2026-03-31T18:15:00Z,P1,3.698,20.3
2026-03-31T18:15:00Z,P2,4.588,20.3
2026-03-31T18:15:00Z,P3,3.632,20.3
2026-03-31T18:30:00Z,P1,3.731,20.2
2026-03-31T18:30:00Z,P2,4.560,20.2
2026-03-31T18:30:00Z,P3,3.395,20.2
2026-03-31T18:45:00Z,P1,3.687,20.1
2026-03-31T18:45:00Z,P2,4.573,20.1
2026-03-31T18:45:00Z,P3,1.785,20.1
2026-03-31T19:00:00Z,P1,2.587,20.1
2026-03-31T19:00:00Z,P2,4.542,20.1
2026-03-31T19:00:00Z,P3,1.448,20.1
2026-03-31T19:15:00Z,P1,2.511,19.7
2026-03-31T19:15:00Z,P2,4.543,19.7
2026-03-31T19:15:00Z,P3,2.239,19.7
2026-03-31T19:30:00Z,P1,3.100,19.6
2026-03-31T19:30:00Z,P2,3.698,19.6
2026-03-31T19:30:00Z,P3,2.101,19.6
2026-03-31T19:45:00Z,P1,3.667,19.6
2026-03-31T19:45:00Z,P2,0.931,19.6
2026-03-31T19:45:00Z,P3,1.057,19.6
2026-03-31T20:00:00Z,P1,3.700,19.5
2026-03-31T20:00:00Z,P2,0.800,19.5
2026-03-31T20:00:00Z,P3,0.319,19.5
2026-03-31T20:15:00Z,P1,2.798,19.8
2026-03-31T20:15:00Z,P2,2.456,19.8
2026-03-31T20:15:00Z,P3,0.843,19.8
2026-03-31T20:30:00Z,P1,1.644,19.8
2026-03-31T20:30:00Z,P2,3.333,19.8
2026-03-31T20:30:00Z,P3,2.142,19.8
2026-03-31T20:45:00Z,P1,0.969,19.0
2026-03-31T20:45:00Z,P2,2.524,19.0
2026-03-31T20:45:00Z,P3,2.021,19.0
2026-03-31T21:00:00Z,P1,1.610,19.0
2026-03-31T21:00:00Z,P2,2.826,19.0
2026-03-31T21:00:00Z,P3,0.361,19.0
2026-03-31T21:15:00Z,P1,1.568,19.4
2026-03-31T21:15:00Z,P2,2.379,19.4
2026-03-31T21:15:00Z,P3,0.349,19.4
2026-03-31T21:30:00Z,P1,1.362,19.1
2026-03-31T21:30:00Z,P2,2.013,19.1
2026-03-31T21:30:00Z,P3,1.647,19.1
2026-03-31T21:45:00Z,P1,0.399,19.2
2026-03-31T21:45:00Z,P2,1.567,19.2
2026-03-31T21:45:00Z,P3,2.157,19.2
2026-03-31T22:00:00Z,P1,0.352,18.9
2026-03-31T22:00:00Z,P2,3.477,18.9
2026-03-31T22:00:00Z,P3,1.542,18.9
2026-03-31T22:15:00Z,P1,1.340,18.5
2026-03-31T22:15:00Z,P2,3.556,18.5
2026-03-31T22:15:00Z,P3,0.375,18.5
2026-03-31T22:30:00Z,P1,1.726,19.0
2026-03-31T22:30:00Z,P2,0.762,19.0
2026-03-31T22:30:00Z,P3,0.549,19.0
2026-03-31T22:45:00Z,P1,2.022,18.7
2026-03-31T22:45:00Z,P2,0.741,18.7
2026-03-31T22:45:00Z,P3,2.204,18.7
2026-03-31T23:00:00Z,P1,1.752,18.2
2026-03-31T23:00:00Z,P2,2.969,18.2
2026-03-31T23:00:00Z,P3,2.154,18.2
2026-03-31T23:15:00Z,P1,1.613,18.3
2026-03-31T23:15:00Z,P2,3.348,18.3
2026-03-31T23:15:00Z,P3,1.195,18.3
2026-03-31T23:30:00Z,P1,1.598,18.6
2026-03-31T23:30:00Z,P2,2.536,18.6
2026-03-31T23:30:00Z,P3,0.315,18.6
2026-03-31T23:45:00Z,P1,1.573,18.1
2026-03-31T23:45:00Z,P2,2.843,18.1
2026-03-31T23:45:00Z,P3,0.342,18.1
2026-04-01T00:00:00Z,P1,1.584,18.5
2026-04-01T00:00:00Z,P2,1.554,18.5
2026-04-01T00:00:00Z,P3,2.184,18.5
2026-04-01T00:15:00Z,P1,1.625,17.9
2026-04-01T00:15:00Z,P2,0.354,17.9
2026-04-01T00:15:00Z,P3,2.179,17.9
2026-04-01T00:30:00Z,P1,1.571,18.2
2026-04-01T00:30:00Z,P2,2.445,18.2
2026-04-01T00:30:00Z,P3,0.711,18.2
2026-04-01T00:45:00Z,P1,1.555,18.3
2026-04-01T00:45:00Z,P2,4.614,18.3
2026-04-01T00:45:00Z,P3,0.371,18.3
2026-04-01T01:00:00Z,P1,1.609,17.9
2026-04-01T01:00:00Z,P2,2.342,17.9
2026-04-01T01:00:00Z,P3,0.967,17.9
2026-04-01T01:15:00Z,P1,0.366,18.1
2026-04-01T01:15:00Z,P2,1.160,18.1
2026-04-01T01:15:00Z,P3,2.184,18.1
2026-04-01T01:30:00Z,P1,0.331,17.8
2026-04-01T01:30:00Z,P2,2.454,17.8
2026-04-01T01:30:00Z,P3,2.068,17.8
2026-04-01T01:45:00Z,P1,1.102,18.0
2026-04-01T01:45:00Z,P2,0.628,18.0
2026-04-01T01:45:00Z,P3,0.376,18.0
2026-04-01T02:00:00Z,P1,1.551,18.2
2026-04-01T02:00:00Z,P2,1.195,18.2
2026-04-01T02:00:00Z,P3,0.396,18.2
2026-04-01T02:15:00Z,P1,1.621,18.4
2026-04-01T02:15:00Z,P2,4.324,18.4
2026-04-01T02:15:00Z,P3,1.945,18.4
2026-04-01T02:30:00Z,P1,0.665,18.2
2026-04-01T02:30:00Z,P2,2.937,18.2
2026-04-01T02:30:00Z,P3,2.193,18.2
2026-04-01T02:45:00Z,P1,0.356,18.1
2026-04-01T02:45:00Z,P2,1.329,18.1
2026-04-01T02:45:00Z,P3,1.074,18.1
2026-04-01T03:00:00Z,P1,0.827,18.4
2026-04-01T03:00:00Z,P2,2.395,18.4
2026-04-01T03:00:00Z,P3,0.314,18.4
2026-04-01T03:15:00Z,P1,1.559,18.1
2026-04-01T03:15:00Z,P2,1.834,18.1
2026-04-01T03:15:00Z,P3,0.852,18.1
2026-04-01T03:30:00Z,P1,1.595,17.9
2026-04-01T03:30:00Z,P2,1.372,17.9
2026-04-01T03:30:00Z,P3,2.209,17.9
2026-04-01T03:45:00Z,P1,0.799,18.3
2026-04-01T03:45:00Z,P2,4.059,18.3
2026-04-01T03:45:00Z,P3,2.176,18.3
2026-04-01T04:00:00Z,P1,0.368,18.5
2026-04-01T04:00:00Z,P2,2.707,18.5
2026-04-01T04:00:00Z,P3,0.749,18.5
2026-04-01T04:15:00Z,P1,0.758,17.7
2026-04-01T04:15:00Z,P2,0.374,17.7
2026-04-01T04:15:00Z,P3,0.393,17.7
2026-04-01T04:30:00Z,P1,1.566,18.4
2026-04-01T04:30:00Z,P2,1.445,18.4
2026-04-01T04:30:00Z,P3,1.440,18.4
2026-04-01T04:45:00Z,P1,1.580,18.4
2026-04-01T04:45:00Z,P2,3.706,18.4
2026-04-01T04:45:00Z,P3,2.143,18.4
2026-04-01T05:00:00Z,P1,1.404,18.3
2026-04-01T05:00:00Z,P2,2.686,18.3
2026-04-01T05:00:00Z,P3,1.904,18.3
2026-04-01T05:15:00Z,P1,0.325,18.9
2026-04-01T05:15:00Z,P2,2.750,18.9
2026-04-01T05:15:00Z,P3,0.387,18.9
2026-04-01T05:30:00Z,P1,0.421,18.7
2026-04-01T05:30:00Z,P2,2.419,18.7
2026-04-01T05:30:00Z,P3,0.338,18.7
2026-04-01T05:45:00Z,P1,1.567,19.1
2026-04-01T05:45:00Z,P2,0.391,19.1
2026-04-01T05:45:00Z,P3,1.782,19.1
2026-04-01T06:00:00Z,P1,1.618,18.9
2026-04-01T06:00:00Z,P2,0.902,18.9
2026-04-01T06:00:00Z,P3,2.100,18.9
2026-04-01T06:15:00Z,P1,1.573,19.2
2026-04-01T06:15:00Z,P2,4.020,19.2
2026-04-01T06:15:00Z,P3,1.678,19.2
2026-04-01T06:30:00Z,P1,2.516,19.3
2026-04-01T06:30:00Z,P2,3.339,19.3
2026-04-01T06:30:00Z,P3,0.389,19.3
2026-04-01T06:45:00Z,P1,2.439,19.1
2026-04-01T06:45:00Z,P2,1.380,19.1
2026-04-01T06:45:00Z,P3,0.327,19.1
2026-04-01T07:00:00Z,P1,3.301,19.1
2026-04-01T07:00:00Z,P2,2.398,19.1
2026-04-01T07:00:00Z,P3,2.201,19.1
2026-04-01T07:15:00Z,P1,3.711,19.1
2026-04-01T07:15:00Z,P2,1.458,19.1
2026-04-01T07:15:00Z,P3,2.121,19.1
2026-04-01T07:30:00Z,P1,3.745,19.7
2026-04-01T07:30:00Z,P2,2.244,19.7
2026-04-01T07:30:00Z,P3,1.186,19.7
2026-04-01T07:45:00Z,P1,2.808,19.7
2026-04-01T07:45:00Z,P2,4.157,19.7
2026-04-01T07:45:00Z,P3,0.392,19.7
2026-04-01T08:00:00Z,P1,1.524,19.8
2026-04-01T08:00:00Z,P2,3.002,19.8
2026-04-01T08:00:00Z,P3,0.725,19.8
2026-04-01T08:15:00Z,P1,1.181,19.9
2026-04-01T08:15:00Z,P2,0.314,19.9
2026-04-01T08:15:00Z,P3,2.159,19.9
2026-04-01T08:30:00Z,P1,1.582,19.9
2026-04-01T08:30:00Z,P2,1.988,19.9
2026-04-01T08:30:00Z,P3,2.200,19.9
2026-04-01T08:45:00Z,P1,1.565,19.9
2026-04-01T08:45:00Z,P2,3.572,19.9
2026-04-01T08:45:00Z,P3,1.051,19.9
2026-04-01T09:00:00Z,P1,0.718,20.1
2026-04-01T09:00:00Z,P2,2.662,20.1
2026-04-01T09:00:00Z,P3,0.334,20.1
2026-04-01T09:15:00Z,P1,0.343,20.4
2026-04-01T09:15:00Z,P2,1.893,20.4
2026-04-01T09:15:00Z,P3,0.988,20.4
2026-04-01T09:30:00Z,P1,0.972,20.2
2026-04-01T09:30:00Z,P2,2.393,20.2
2026-04-01T09:30:00Z,P3,2.162,20.2
2026-04-01T09:45:00Z,P1,1.638,20.6
2026-04-01T09:45:00Z,P2,1.358,20.6
2026-04-01T09:45:00Z,P3,2.152,20.6
2026-04-01T10:00:00Z,P1,1.585,20.7
2026-04-01T10:00:00Z,P2,1.453,20.7
2026-04-01T10:00:00Z,P3,0.348,20.7
2026-04-01T10:15:00Z,P1,1.126,20.5
2026-04-01T10:15:00Z,P2,4.313,20.5
2026-04-01T10:15:00Z,P3,0.346,20.5
2026-04-01T10:30:00Z,P1,0.342,20.5
2026-04-01T10:30:00Z,P2,3.669,20.5
2026-04-01T10:30:00Z,P3,1.666,20.5
2026-04-01T10:45:00Z,P1,0.610,20.7
2026-04-01T10:45:00Z,P2,0.349,20.7
2026-04-01T10:45:00Z,P3,3.677,20.7
2026-04-01T11:00:00Z,P1,1.604,20.4
2026-04-01T11:00:00Z,P2,1.741,20.4
2026-04-01T11:00:00Z,P3,3.649,20.4
2026-04-01T11:15:00Z,P1,1.261,21.0
2026-04-01T11:15:00Z,P2,3.139,21.0
2026-04-01T11:15:00Z,P3,3.609,21.0
2026-04-01T11:30:00Z,P1,2.744,20.9
2026-04-01T11:30:00Z,P2,2.615,20.9
2026-04-01T11:30:00Z,P3,2.416,20.9
2026-04-01T11:45:00Z,P1,3.717,21.1
2026-04-01T11:45:00Z,P2,4.570,21.1
2026-04-01T11:45:00Z,P3,2.076,21.1
2026-04-01T12:00:00Z,P1,3.505,21.0
2026-04-01T12:00:00Z,P2,2.244,21.0
2026-04-01T12:00:00Z,P3,3.653,21.0
2026-04-01T12:15:00Z,P1,2.491,21.2
2026-04-01T12:15:00Z,P2,0.897,21.2
2026-04-01T12:15:00Z,P3,3.586,21.2
2026-04-01T12:30:00Z,P1,2.470,21.2
2026-04-01T12:30:00Z,P2,4.417,21.2
2026-04-01T12:30:00Z,P3,2.873,21.2
2026-04-01T12:45:00Z,P1,3.752,21.3
2026-04-01T12:45:00Z,P2,4.444,21.3
2026-04-01T12:45:00Z,P3,0.719,21.3
2026-04-01T13:00:00Z,P1,3.686,21.2
2026-04-01T13:00:00Z,P2,0.382,21.2
2026-04-01T13:00:00Z,P3,0.351,21.2
2026-04-01T13:15:00Z,P1,3.603,21.2
2026-04-01T13:15:00Z,P2,0.860,21.2
2026-04-01T13:15:00Z,P3,1.318,21.2
2026-04-01T13:30:00Z,P1,2.362,20.8
2026-04-01T13:30:00Z,P2,2.420,20.8
2026-04-01T13:30:00Z,P3,2.136,20.8
2026-04-01T13:45:00Z,P1,0.351,21.1
2026-04-01T13:45:00Z,P2,3.076,21.1
2026-04-01T13:45:00Z,P3,2.187,21.1
2026-04-01T14:00:00Z,P1,1.579,20.9
2026-04-01T14:00:00Z,P2,2.509,20.9
2026-04-01T14:00:00Z,P3,0.357,20.9
2026-04-01T14:15:00Z,P1,1.529,21.1
2026-04-01T14:15:00Z,P2,3.297,21.1
2026-04-01T14:15:00Z,P3,0.358,21.1
2026-04-01T14:30:00Z,P1,1.436,21.3
2026-04-01T14:30:00Z,P2,1.989,21.3
2026-04-01T14:30:00Z,P3,1.443,21.3
2026-04-01T14:45:00Z,P1,0.338,21.3
2026-04-01T14:45:00Z,P2,0.409,21.3
2026-04-01T14:45:00Z,P3,2.219,21.3
2026-04-01T15:00:00Z,P1,0.333,21.5
2026-04-01T15:00:00Z,P2,2.727,21.5
2026-04-01T15:00:00Z,P3,2.144,21.5
2026-04-01T15:15:00Z,P1,1.612,21.4
2026-04-01T15:15:00Z,P2,4.024,21.4
2026-04-01T15:15:00Z,P3,1.683,21.4
2026-04-01T15:30:00Z,P1,1.579,21.3
2026-04-01T15:30:00Z,P2,4.618,21.3
2026-04-01T15:30:00Z,P3,1.464,21.3
2026-04-01T15:45:00Z,P1,1.553,20.8
2026-04-01T15:45:00Z,P2,2.016,20.8
2026-04-01T15:45:00Z,P3,0.294,20.8
2026-04-01T16:00:00Z,P1,0.666,20.9
2026-04-01T16:00:00Z,P2,0.363,20.9
2026-04-01T16:00:00Z,P3,1.218,20.9
2026-04-01T16:15:00Z,P1,0.371,21.1
2026-04-01T16:15:00Z,P2,1.986,21.1
2026-04-01T16:15:00Z,P3,1.980,21.1
2026-04-01T16:30:00Z,P1,0.970,20.7
2026-04-01T16:30:00Z,P2,4.554,20.7
2026-04-01T16:30:00Z,P3,3.268,20.7
2026-04-01T16:45:00Z,P1,1.606,20.7
2026-04-01T16:45:00Z,P2,2.925,20.7
2026-04-01T16:45:00Z,P3,3.807,20.7
2026-04-01T17:00:00Z,P1,1.614,21.0
2026-04-01T17:00:00Z,P2,4.069,21.0
2026-04-01T17:00:00Z,P3,3.644,21.0
2026-04-01T17:15:00Z,P1,1.612,20.8
2026-04-01T17:15:00Z,P2,3.214,20.8
2026-04-01T17:15:00Z,P3,3.612,20.8
2026-04-01T17:30:00Z,P1,0.817,20.8
2026-04-01T17:30:00Z,P2,4.161,20.8
2026-04-01T17:30:00Z,P3,3.679,20.8
2026-04-01T17:45:00Z,P1,0.334,20.5
2026-04-01T17:45:00Z,P2,4.287,20.5
2026-04-01T17:45:00Z,P3,3.632,20.5
2026-04-01T18:00:00Z,P1,1.553,20.2
2026-04-01T18:00:00Z,P2,4.551,20.2
2026-04-01T18:00:00Z,P3,3.631,20.2
2026-04-01T18:15:00Z,P1,3.734,20.5
2026-04-01T18:15:00Z,P2,4.569,20.5
2026-04-01T18:15:00Z,P3,3.713,20.5
2026-04-01T18:30:00Z,P1,3.721,19.9
2026-04-01T18:30:00Z,P2,4.563,19.9
2026-04-01T18:30:00Z,P3,1.801,19.9
2026-04-01T18:45:00Z,P1,3.049,20.3
2026-04-01T18:45:00Z,P2,4.560,20.3
2026-04-01T18:45:00Z,P3,1.829,20.3
2026-04-01T19:00:00Z,P1,2.439,20.1
2026-04-01T19:00:00Z,P2,3.309,20.1
2026-04-01T19:00:00Z,P3,3.016,20.1
2026-04-01T19:15:00Z,P1,2.816,19.9
2026-04-01T19:15:00Z,P2,2.450,19.9
2026-04-01T19:15:00Z,P3,3.634,19.9
2026-04-01T19:30:00Z,P1,3.694,19.9
2026-04-01T19:30:00Z,P2,0.749,19.9
2026-04-01T19:30:00Z,P3,2.933,19.9
2026-04-01T19:45:00Z,P1,3.734,19.3
2026-04-01T19:45:00Z,P2,1.036,19.3
2026-04-01T19:45:00Z,P3,1.811,19.3
2026-04-01T20:00:00Z,P1,2.015,19.4
2026-04-01T20:00:00Z,P2,4.505,19.4
2026-04-01T20:00:00Z,P3,2.506,19.4
2026-04-01T20:15:00Z,P1,0.343,19.4
2026-04-01T20:15:00Z,P2,4.025,19.4
2026-04-01T20:15:00Z,P3,3.425,19.4
2026-04-01T20:30:00Z,P1,0.305,19.3
2026-04-01T20:30:00Z,P2,2.527,19.3
2026-04-01T20:30:00Z,P3,3.649,19.3
2026-04-01T20:45:00Z,P1,1.611,19.5
2026-04-01T20:45:00Z,P2,1.753,19.5
2026-04-01T20:45:00Z,P3,1.956,19.5
2026-04-01T21:00:00Z,P1,1.598,19.0
2026-04-01T21:00:00Z,P2,2.404,19.0
2026-04-01T21:00:00Z,P3,1.842,19.0
2026-04-01T21:15:00Z,P1,1.197,19.0
2026-04-01T21:15:00Z,P2,0.788,19.0
2026-04-01T21:15:00Z,P3,1.057,19.0
2026-04-01T21:30:00Z,P1,0.338,18.8
2026-04-01T21:30:00Z,P2,1.521,18.8
2026-04-01T21:30:00Z,P3,2.183,18.8
2026-04-01T21:45:00Z,P1,0.303,19.0
2026-04-01T21:45:00Z,P2,4.544,19.0
2026-04-01T21:45:00Z,P3,2.165,19.0
2026-04-01T22:00:00Z,P1,1.640,18.7
2026-04-01T22:00:00Z,P2,2.844,18.7
2026-04-01T22:00:00Z,P3,0.368,18.7
2026-04-01T22:15:00Z,P1,1.557,18.7
2026-04-01T22:15:00Z,P2,0.305,18.7
2026-04-01T22:15:00Z,P3,0.372,18.7
2026-04-01T22:30:00Z,P1,1.739,18.7
2026-04-01T22:30:00Z,P2,1.562,18.7
2026-04-01T22:30:00Z,P3,1.434,18.7
2026-04-01T22:45:00Z,P1,1.961,18.6
2026-04-01T22:45:00Z,P2,2.858,18.6
2026-04-01T22:45:00Z,P3,2.201,18.6
2026-04-01T23:00:00Z,P1,1.783,18.5
2026-04-01T23:00:00Z,P2,2.531,18.5
2026-04-01T23:00:00Z,P3,2.012,18.5
2026-04-01T23:15:00Z,P1,1.641,18.5
2026-04-01T23:15:00Z,P2,3.481,18.5
2026-04-01T23:15:00Z,P3,0.357,18.5
2026-04-01T23:30:00Z,P1,1.641,18.6
2026-04-01T23:30:00Z,P2,2.379,18.6
2026-04-01T23:30:00Z,P3,0.343,18.6
2026-04-01T23:45:00Z,P1,1.549,18.3
2026-04-01T23:45:00Z,P2,0.556,18.3
2026-04-01T23:45:00Z,P3,1.674,18.3
2026-04-02T00:00:00Z,P1,1.656,18.4
2026-04-02T00:00:00Z,P2,0.768,18.4
2026-04-02T00:00:00Z,P3,2.186,18.4
2026-04-02T00:15:00Z,P1,1.550,18.3
2026-04-02T00:15:00Z,P2,3.790,18.3
2026-04-02T00:15:00Z,P3,2.158,18.3
2026-04-02T00:30:00Z,P1,1.594,18.2
2026-04-02T00:30:00Z,P2,3.718,18.2
2026-04-02T00:30:00Z,P3,0.349,18.2
2026-04-02T00:45:00Z,P1,1.330,18.0
2026-04-02T00:45:00Z,P2,1.100,18.0
2026-04-02T00:45:00Z,P3,0.330,18.0
2026-04-02T01:00:00Z,P1,0.331,17.7
2026-04-02T01:00:00Z,P2,2.019,17.7
2026-04-02T01:00:00Z,P3,1.562,17.7
2026-04-02T01:15:00Z,P1,0.691,17.8
2026-04-02T01:15:00Z,P2,1.868,17.8
2026-04-02T01:15:00Z,P3,2.144,17.8
2026-04-02T01:30:00Z,P1,1.565,18.2
2026-04-02T01:30:00Z,P2,1.107,18.2
2026-04-02T01:30:00Z,P3,1.938,18.2
2026-04-02T01:45:00Z,P1,1.648,17.7
2026-04-02T01:45:00Z,P2,4.303,17.7
2026-04-02T01:45:00Z,P3,0.337,17.7
2026-04-02T02:00:00Z,P1,1.071,18.0
2026-04-02T02:00:00Z,P2,4.123,18.0
2026-04-02T02:00:00Z,P3,0.346,18.0
2026-04-02T02:15:00Z,P1,0.352,17.6
2026-04-02T02:15:00Z,P2,0.650,17.6
2026-04-02T02:15:00Z,P3,1.937,17.6
2026-04-02T02:30:00Z,P1,0.587,17.9
2026-04-02T02:30:00Z,P2,1.846,17.9
2026-04-02T02:30:00Z,P3,2.208,17.9
2026-04-02T02:45:00Z,P1,1.577,17.8
2026-04-02T02:45:00Z,P2,1.913,17.8
2026-04-02T02:45:00Z,P3,1.698,17.8
2026-04-02T03:00:00Z,P1,1.597,18.1
2026-04-02T03:00:00Z,P2,0.536,18.1
2026-04-02T03:00:00Z,P3,0.337,18.1
2026-04-02T03:15:00Z,P1,0.815,18.0
2026-04-02T03:15:00Z,P2,3.962,18.0
2026-04-02T03:15:00Z,P3,0.338,18.0
2026-04-02T03:30:00Z,P1,0.314,17.9
2026-04-02T03:30:00Z,P2,4.554,17.9
2026-04-02T03:30:00Z,P3,1.896,17.9
2026-04-02T03:45:00Z,P1,0.504,18.2
2026-04-02T03:45:00Z,P2,1.576,18.2
2026-04-02T03:45:00Z,P3,2.178,18.2
2026-04-02T04:00:00Z,P1,1.591,18.2
2026-04-02T04:00:00Z,P2,1.017,18.2
2026-04-02T04:00:00Z,P3,1.321,18.2
2026-04-02T04:15:00Z,P1,1.619,18.0
2026-04-02T04:15:00Z,P2,2.406,18.0
2026-04-02T04:15:00Z,P3,0.362,18.0
2026-04-02T04:30:00Z,P1,1.167,18.0
2026-04-02T04:30:00Z,P2,0.977,18.0
2026-04-02T04:30:00Z,P3,0.832,18.0
2026-04-02T04:45:00Z,P1,0.364,18.4
2026-04-02T04:45:00Z,P2,2.919,18.4
2026-04-02T04:45:00Z,P3,2.108,18.4
2026-04-02T05:00:00Z,P1,0.362,18.5
2026-04-02T05:00:00Z,P2,4.439,18.5
2026-04-02T05:00:00Z,P3,2.145,18.5
2026-04-02T05:15:00Z,P1,1.468,18.3
2026-04-02T05:15:00Z,P2,1.697,18.3
2026-04-02T05:15:00Z,P3,0.483,18.3
2026-04-02T05:30:00Z,P1,1.581,18.4
2026-04-02T05:30:00Z,P2,0.310,18.4
2026-04-02T05:30:00Z,P3,0.345,18.4
2026-04-02T05:45:00Z,P1,1.234,18.6
2026-04-02T05:45:00Z,P2,1.596,18.6
2026-04-02T05:45:00Z,P3,1.332,18.6
2026-04-02T06:00:00Z,P1,0.345,18.9
2026-04-02T06:00:00Z,P2,3.819,18.9
2026-04-02T06:00:00Z,P3,2.201,18.9
2026-04-02T06:15:00Z,P1,0.411,18.8
2026-04-02T06:15:00Z,P2,2.662,18.8
2026-04-02T06:15:00Z,P3,1.872,18.8
2026-04-02T06:30:00Z,P1,1.401,19.2
2026-04-02T06:30:00Z,P2,1.833,19.2
2026-04-02T06:30:00Z,P3,0.350,19.2
2026-04-02T06:45:00Z,P1,1.594,19.2
2026-04-02T06:45:00Z,P2,2.410,19.2
2026-04-02T06:45:00Z,P3,0.355,19.2
2026-04-02T07:00:00Z,P1,1.552,19.2
2026-04-02T07:00:00Z,P2,1.163,19.2
2026-04-02T07:00:00Z,P3,1.823,19.2
2026-04-02T07:15:00Z,P1,1.053,19.6
2026-04-02T07:15:00Z,P2,0.631,19.6
2026-04-02T07:15:00Z,P3,2.139,19.6
2026-04-02T07:30:00Z,P1,0.305,19.4
2026-04-02T07:30:00Z,P2,4.591,19.4
2026-04-02T07:30:00Z,P3,1.419,19.4
2026-04-02T07:45:00Z,P1,0.361,19.5
2026-04-02T07:45:00Z,P2,2.988,19.5
2026-04-02T07:45:00Z,P3,0.317,19.5
2026-04-02T08:00:00Z,P1,1.608,19.4
2026-04-02T08:00:00Z,P2,1.865,19.4
2026-04-02T08:00:00Z,P3,0.458,19.4
2026-04-02T08:15:00Z,P1,1.891,20.0
2026-04-02T08:15:00Z,P2,3.064,20.0
2026-04-02T08:15:00Z,P3,2.157,20.0
2026-04-02T08:30:00Z,P1,3.739,20.1
2026-04-02T08:30:00Z,P2,4.575,20.1
2026-04-02T08:30:00Z,P3,2.165,20.1
2026-04-02T08:45:00Z,P1,2.471,19.7
2026-04-02T08:45:00Z,P2,3.201,19.7
2026-04-02T08:45:00Z,P3,0.982,19.7
2026-04-02T09:00:00Z,P1,2.884,19.8
2026-04-02T09:00:00Z,P2,3.739,19.8
2026-04-02T09:00:00Z,P3,1.806,19.8
2026-04-02T09:15:00Z,P1,3.219,20.0
2026-04-02T09:15:00Z,P2,4.594,20.0
2026-04-02T09:15:00Z,P3,2.760,20.0
2026-04-02T09:30:00Z,P1,3.375,20.1
2026-04-02T09:30:00Z,P2,2.537,20.1
2026-04-02T09:30:00Z,P3,3.700,20.1
2026-04-02T09:45:00Z,P1,3.433,20.1
2026-04-02T09:45:00Z,P2,2.495,20.1
2026-04-02T09:45:00Z,P3,3.164,20.1
2026-04-02T10:00:00Z,P1,2.458,20.1
2026-04-02T10:00:00Z,P2,2.431,20.1
2026-04-02T10:00:00Z,P3,1.790,20.1
2026-04-02T10:15:00Z,P1,2.709,20.5
2026-04-02T10:15:00Z,P2,1.022,20.5
2026-04-02T10:15:00Z,P3,1.970,20.5
2026-04-02T10:30:00Z,P1,3.693,20.3
2026-04-02T10:30:00Z,P2,1.905,20.3
2026-04-02T10:30:00Z,P3,3.594,20.3
2026-04-02T10:45:00Z,P1,3.729,20.8
2026-04-02T10:45:00Z,P2,4.568,20.8
2026-04-02T10:45:00Z,P3,2.666,20.8
2026-04-02T11:00:00Z,P1,3.551,20.6
2026-04-02T11:00:00Z,P2,2.337,20.6
2026-04-02T11:00:00Z,P3,0.797,20.6
2026-04-02T11:15:00Z,P1,2.505,20.7
2026-04-02T11:15:00Z,P2,0.761,20.7
2026-04-02T11:15:00Z,P3,0.340,20.7
2026-04-02T11:30:00Z,P1,2.493,20.4
2026-04-02T11:30:00Z,P2,2.404,20.4
2026-04-02T11:30:00Z,P3,1.533,20.4
2026-04-02T11:45:00Z,P1,3.387,20.6
2026-04-02T11:45:00Z,P2,2.800,20.6
2026-04-02T11:45:00Z,P3,2.219,20.6
2026-04-02T12:00:00Z,P1,3.730,21.0
2026-04-02T12:00:00Z,P2,3.238,21.0
2026-04-02T12:00:00Z,P3,2.158,21.0
2026-04-02T12:15:00Z,P1,3.751,20.9
2026-04-02T12:15:00Z,P2,2.781,20.9
2026-04-02T12:15:00Z,P3,1.534,20.9
2026-04-02T12:30:00Z,P1,2.862,21.2
2026-04-02T12:30:00Z,P2,2.793,21.2
2026-04-02T12:30:00Z,P3,0.332,21.2
2026-04-02T12:45:00Z,P1,2.521,20.8
2026-04-02T12:45:00Z,P2,2.423,20.8
2026-04-02T12:45:00Z,P3,0.358,20.8
2026-04-02T13:00:00Z,P1,3.718,21.4
2026-04-02T13:00:00Z,P2,1.575,21.4
2026-04-02T13:00:00Z,P3,1.876,21.4
2026-04-02T13:15:00Z,P1,3.689,21.0
2026-04-02T13:15:00Z,P2,2.537,21.0
2026-04-02T13:15:00Z,P3,2.089,21.0
2026-04-02T13:30:00Z,P1,3.722,20.8
2026-04-02T13:30:00Z,P2,4.559,20.8
2026-04-02T13:30:00Z,P3,1.806,20.8
2026-04-02T13:45:00Z,P1,1.795,21.1
2026-04-02T13:45:00Z,P2,3.633,21.1
2026-04-02T13:45:00Z,P3,2.177,21.1
2026-04-02T14:00:00Z,P1,0.356,21.2
2026-04-02T14:00:00Z,P2,0.323,21.2
2026-04-02T14:00:00Z,P3,1.937,21.2
2026-04-02T14:15:00Z,P1,0.329,21.2
2026-04-02T14:15:00Z,P2,1.884,21.2
2026-04-02T14:15:00Z,P3,0.370,21.2
2026-04-02T14:30:00Z,P1,1.635,21.0
2026-04-02T14:30:00Z,P2,2.403,21.0
2026-04-02T14:30:00Z,P3,0.389,21.0
2026-04-02T14:45:00Z,P1,1.596,21.0
2026-04-02T14:45:00Z,P2,1.399,21.0
2026-04-02T14:45:00Z,P3,2.190,21.0
2026-04-02T15:00:00Z,P1,1.411,21.0
2026-04-02T15:00:00Z,P2,3.277,21.0
2026-04-02T15:00:00Z,P3,2.187,21.0
2026-04-02T15:15:00Z,P1,0.329,20.9
2026-04-02T15:15:00Z,P2,4.302,20.9
2026-04-02T15:15:00Z,P3,1.589,20.9
2026-04-02T15:30:00Z,P1,0.328,20.9
2026-04-02T15:30:00Z,P2,2.643,20.9
2026-04-02T15:30:00Z,P3,0.368,20.9
2026-04-02T15:45:00Z,P1,1.509,21.2
2026-04-02T15:45:00Z,P2,3.207,21.2
2026-04-02T15:45:00Z,P3,1.903,21.2
2026-04-02T16:00:00Z,P1,1.613,20.9
2026-04-02T16:00:00Z,P2,3.702,20.9
2026-04-02T16:00:00Z,P3,3.564,20.9
2026-04-02T16:15:00Z,P1,1.299,20.8
2026-04-02T16:15:00Z,P2,1.167,20.8
2026-04-02T16:15:00Z,P3,3.453,20.8
2026-04-02T16:30:00Z,P1,0.358,21.0
2026-04-02T16:30:00Z,P2,1.549,21.0
2026-04-02T16:30:00Z,P3,3.612,21.0
2026-04-02T16:45:00Z,P1,0.514,20.5
2026-04-02T16:45:00Z,P2,3.766,20.5
2026-04-02T16:45:00Z,P3,3.689,20.5
2026-04-02T17:00:00Z,P1,1.565,20.5
2026-04-02T17:00:00Z,P2,4.133,20.5
2026-04-02T17:00:00Z,P3,3.687,20.5
2026-04-02T17:15:00Z,P1,1.644,20.3
2026-04-02T17:15:00Z,P2,4.211,20.3
2026-04-02T17:15:00Z,P3,2.167,20.3
2026-04-02T17:30:00Z,P1,2.001,20.3
2026-04-02T17:30:00Z,P2,4.551,20.3
2026-04-02T17:30:00Z,P3,2.207,20.3
2026-04-02T17:45:00Z,P1,1.866,20.1
2026-04-02T17:45:00Z,P2,4.586,20.1
2026-04-02T17:45:00Z,P3,2.193,20.1
2026-04-02T18:00:00Z,P1,2.603,20.2
2026-04-02T18:00:00Z,P2,4.627,20.2
2026-04-02T18:00:00Z,P3,2.195,20.2
2026-04-02T18:15:00Z,P1,3.756,20.3
2026-04-02T18:15:00Z,P2,4.583,20.3
2026-04-02T18:15:00Z,P3,2.227,20.3
2026-04-02T18:30:00Z,P1,3.765,19.7
2026-04-02T18:30:00Z,P2,4.537,19.7
2026-04-02T18:30:00Z,P3,2.161,19.7
2026-04-02T18:45:00Z,P1,3.683,20.5
2026-04-02T18:45:00Z,P2,4.438,20.5
2026-04-02T18:45:00Z,P3,0.697,20.5
2026-04-02T19:00:00Z,P1,3.725,19.8
2026-04-02T19:00:00Z,P2,2.374,19.8
2026-04-02T19:00:00Z,P3,0.315,19.8
2026-04-02T19:15:00Z,P1,3.774,19.8
2026-04-02T19:15:00Z,P2,0.732,19.8
2026-04-02T19:15:00Z,P3,1.542,19.8
2026-04-02T19:30:00Z,P1,2.445,19.7
2026-04-02T19:30:00Z,P2,0.893,19.7
2026-04-02T19:30:00Z,P3,2.185,19.7
2026-04-02T19:45:00Z,P1,1.620,19.7
2026-04-02T19:45:00Z,P2,4.258,19.7
2026-04-02T19:45:00Z,P3,1.778,19.7
2026-04-02T20:00:00Z,P1,0.569,19.5
2026-04-02T20:00:00Z,P2,3.096,19.5
2026-04-02T20:00:00Z,P3,0.330,19.5
2026-04-02T20:15:00Z,P1,0.379,19.3
2026-04-02T20:15:00Z,P2,1.616,19.3
2026-04-02T20:15:00Z,P3,0.394,19.3
2026-04-02T20:30:00Z,P1,1.264,19.3
2026-04-02T20:30:00Z,P2,2.398,19.3
2026-04-02T20:30:00Z,P3,1.972,19.3
2026-04-02T20:45:00Z,P1,1.611,19.0
2026-04-02T20:45:00Z,P2,1.045,19.0
2026-04-02T20:45:00Z,P3,2.136,19.0
2026-04-02T21:00:00Z,P1,1.587,19.2
2026-04-02T21:00:00Z,P2,1.526,19.2
2026-04-02T21:00:00Z,P3,1.241,19.2
2026-04-02T21:15:00Z,P1,0.830,19.0
2026-04-02T21:15:00Z,P2,4.541,19.0
2026-04-02T21:15:00Z,P3,0.351,19.0
2026-04-02T21:30:00Z,P1,0.328,19.1
2026-04-02T21:30:00Z,P2,2.884,19.1
2026-04-02T21:30:00Z,P3,0.717,19.1
2026-04-02T21:45:00Z,P1,0.574,19.0
2026-04-02T21:45:00Z,P2,0.416,19.0
2026-04-02T21:45:00Z,P3,2.178,19.0
2026-04-02T22:00:00Z,P1,1.611,18.3
2026-04-02T22:00:00Z,P2,1.995,18.3
2026-04-02T22:00:00Z,P3,2.188,18.3
2026-04-02T22:15:00Z,P1,1.601,18.5
2026-04-02T22:15:00Z,P2,2.432,18.5
2026-04-02T22:15:00Z,P3,0.754,18.5
2026-04-02T22:30:00Z,P1,0.952,18.3
2026-04-02T22:30:00Z,P2,1.222,18.3
2026-04-02T22:30:00Z,P3,0.345,18.3
2026-04-02T22:45:00Z,P1,0.369,18.6
2026-04-02T22:45:00Z,P2,3.460,18.6
2026-04-02T22:45:00Z,P3,1.283,18.6
2026-04-02T23:00:00Z,P1,0.711,18.0
2026-04-02T23:00:00Z,P2,4.012,18.0
2026-04-02T23:00:00Z,P3,2.191,18.0
2026-04-02T23:15:00Z,P1,1.610,18.3
2026-04-02T23:15:00Z,P2,0.627,18.3
2026-04-02T23:15:00Z,P3,2.184,18.3
2026-04-02T23:30:00Z,P1,1.600,18.0
2026-04-02T23:30:00Z,P2,1.003,18.0
2026-04-02T23:30:00Z,P3,0.496,18.0
2026-04-02T23:45:00Z,P1,0.929,18.2
2026-04-02T23:45:00Z,P2,2.390,18.2
2026-04-02T23:45:00Z,P3,0.396,18.2
2026-04-03T00:00:00Z,P1,0.347,18.2
2026-04-03T00:00:00Z,P2,1.494,18.2
2026-04-03T00:00:00Z,P3,1.722,18.2
2026-04-03T00:15:00Z,P1,0.366,17.9
2026-04-03T00:15:00Z,P2,2.764,17.9
2026-04-03T00:15:00Z,P3,2.173,17.9
2026-04-03T00:30:00Z,P1,1.643,17.8
2026-04-03T00:30:00Z,P2,3.743,17.8
2026-04-03T00:30:00Z,P3,1.700,17.8
2026-04-03T00:45:00Z,P1,1.550,17.7
2026-04-03T00:45:00Z,P2,1.308,17.7
2026-04-03T00:45:00Z,P3,0.357,17.7
2026-04-03T01:00:00Z,P1,1.457,18.2
2026-04-03T01:00:00Z,P2,0.341,18.2
2026-04-03T01:00:00Z,P3,0.384,18.2
2026-04-03T01:15:00Z,P1,0.320,17.8
2026-04-03T01:15:00Z,P2,2.535,17.8
2026-04-03T01:15:00Z,P3,1.794,17.8
2026-04-03T01:30:00Z,P1,0.319,18.2
2026-04-03T01:30:00Z,P2,4.119,18.2
2026-04-03T01:30:00Z,P3,2.201,18.2
2026-04-03T01:45:00Z,P1,1.447,17.5
2026-04-03T01:45:00Z,P2,2.513,17.5
2026-04-03T01:45:00Z,P3,1.039,17.5
2026-04-03T02:00:00Z,P1,1.599,17.8
2026-04-03T02:00:00Z,P2,1.329,17.8
2026-04-03T02:00:00Z,P3,0.335,17.8
2026-04-03T02:15:00Z,P1,1.408,18.2
2026-04-03T02:15:00Z,P2,2.415,18.2
2026-04-03T02:15:00Z,P3,0.857,18.2
2026-04-03T02:30:00Z,P1,0.382,18.0
2026-04-03T02:30:00Z,P2,0.671,18.0
2026-04-03T02:30:00Z,P3,2.225,18.0
2026-04-03T02:45:00Z,P1,0.375,17.5
2026-04-03T02:45:00Z,P2,1.453,17.5
2026-04-03T02:45:00Z,P3,2.171,17.5
2026-04-03T03:00:00Z,P1,1.609,18.1
2026-04-03T03:00:00Z,P2,4.610,18.1
2026-04-03T03:00:00Z,P3,0.578,18.1
2026-04-03T03:15:00Z,P1,1.650,17.6
2026-04-03T03:15:00Z,P2,3.181,17.6
2026-04-03T03:15:00Z,P3,0.347,17.6
2026-04-03T03:30:00Z,P1,1.376,18.2
2026-04-03T03:30:00Z,P2,0.349,18.2
2026-04-03T03:30:00Z,P3,0.989,18.2
2026-04-03T03:45:00Z,P1,0.389,18.0
2026-04-03T03:45:00Z,P2,2.365,18.0
2026-04-03T03:45:00Z,P3,2.112,18.0
2026-04-03T04:00:00Z,P1,0.324,18.4
2026-04-03T04:00:00Z,P2,1.188,18.4
2026-04-03T04:00:00Z,P3,2.169,18.4
2026-04-03T04:15:00Z,P1,1.425,18.5
2026-04-03T04:15:00Z,P2,1.057,18.5
2026-04-03T04:15:00Z,P3,0.733,18.5
2026-04-03T04:30:00Z,P1,1.544,17.9
2026-04-03T04:30:00Z,P2,4.578,17.9
2026-04-03T04:30:00Z,P3,0.337,17.9
2026-04-03T04:45:00Z,P1,1.239,18.0
2026-04-03T04:45:00Z,P2,3.523,18.0
2026-04-03T04:45:00Z,P3,0.616,18.0
2026-04-03T05:00:00Z,P1,0.339,18.2
2026-04-03T05:00:00Z,P2,0.381,18.2
2026-04-03T05:00:00Z,P3,2.182,18.2
2026-04-03T05:15:00Z,P1,0.598,18.3
2026-04-03T05:15:00Z,P2,1.813,18.3
2026-04-03T05:15:00Z,P3,2.193,18.3
2026-04-03T05:30:00Z,P1,1.646,18.5
2026-04-03T05:30:00Z,P2,2.383,18.5
2026-04-03T05:30:00Z,P3,0.646,18.5
2026-04-03T05:45:00Z,P1,1.569,18.4
2026-04-03T05:45:00Z,P2,2.336,18.4
2026-04-03T05:45:00Z,P3,0.355,18.4
2026-04-03T06:00:00Z,P1,1.119,18.9
2026-04-03T06:00:00Z,P2,3.432,18.9
2026-04-03T06:00:00Z,P3,1.146,18.9
2026-04-03T06:15:00Z,P1,0.371,18.5
2026-04-03T06:15:00Z,P2,2.988,18.5
2026-04-03T06:15:00Z,P3,2.185,18.5
2026-04-03T06:30:00Z,P1,0.581,19.0
2026-04-03T06:30:00Z,P2,1.017,19.0
2026-04-03T06:30:00Z,P3,2.047,19.0
2026-04-03T06:45:00Z,P1,1.626,18.6
2026-04-03T06:45:00Z,P2,0.515,18.6
2026-04-03T06:45:00Z,P3,0.352,18.6
2026-04-03T07:00:00Z,P1,1.622,19.3
2026-04-03T07:00:00Z,P2,3.881,19.3
2026-04-03T07:00:00Z,P3,1.155,19.3
2026-04-03T07:15:00Z,P1,1.500,19.2
2026-04-03T07:15:00Z,P2,3.960,19.2
2026-04-03T07:15:00Z,P3,3.165,19.2
2026-04-03T07:30:00Z,P1,0.345,19.3
2026-04-03T07:30:00Z,P2,2.303,19.3
2026-04-03T07:30:00Z,P3,3.676,19.3
2026-04-03T07:45:00Z,P1,0.671,19.3
2026-04-03T07:45:00Z,P2,1.868,19.3
2026-04-03T07:45:00Z,P3,2.794,19.3
2026-04-03T08:00:00Z,P1,2.188,19.3
2026-04-03T08:00:00Z,P2,2.369,19.3
2026-04-03T08:00:00Z,P3,1.838,19.3
2026-04-03T08:15:00Z,P1,3.761,19.5
2026-04-03T08:15:00Z,P2,1.453,19.5
2026-04-03T08:15:00Z,P3,3.559,19.5
2026-04-03T08:30:00Z,P1,3.504,19.8
2026-04-03T08:30:00Z,P2,1.093,19.8
2026-04-03T08:30:00Z,P3,3.644,19.8
2026-04-03T08:45:00Z,P1,2.498,19.9
2026-04-03T08:45:00Z,P2,4.436,19.9
2026-04-03T08:45:00Z,P3,1.629,19.9
2026-04-03T09:00:00Z,P1,2.800,19.6
2026-04-03T09:00:00Z,P2,4.594,19.6
2026-04-03T09:00:00Z,P3,0.325,19.6
2026-04-03T09:15:00Z,P1,3.755,20.0
2026-04-03T09:15:00Z,P2,2.831,20.0
2026-04-03T09:15:00Z,P3,2.033,20.0
2026-04-03T09:30:00Z,P1,3.796,20.1
2026-04-03T09:30:00Z,P2,2.386,20.1
2026-04-03T09:30:00Z,P3,2.167,20.1
2026-04-03T09:45:00Z,P1,3.756,20.3
2026-04-03T09:45:00Z,P2,2.423,20.3
2026-04-03T09:45:00Z,P3,2.086,20.3
2026-04-03T10:00:00Z,P1,0.649,20.4
2026-04-03T10:00:00Z,P2,0.613,20.4
2026-04-03T10:00:00Z,P3,2.015,20.4
2026-04-03T10:15:00Z,P1,0.328,20.6
2026-04-03T10:15:00Z,P2,2.202,20.6
2026-04-03T10:15:00Z,P3,2.193,20.6
2026-04-03T10:30:00Z,P1,1.261,20.3
2026-04-03T10:30:00Z,P2,4.572,20.3
2026-04-03T10:30:00Z,P3,2.181,20.3
2026-04-03T10:45:00Z,P1,1.591,20.6
2026-04-03T10:45:00Z,P2,2.894,20.6
2026-04-03T10:45:00Z,P3,2.193,20.6
2026-04-03T11:00:00Z,P1,1.578,20.7
2026-04-03T11:00:00Z,P2,0.389,20.7
2026-04-03T11:00:00Z,P3,2.205,20.7
2026-04-03T11:15:00Z,P1,0.511,20.9
2026-04-03T11:15:00Z,P2,2.244,20.9
2026-04-03T11:15:00Z,P3,2.257,20.9
2026-04-03T11:30:00Z,P1,0.309,21.0
2026-04-03T11:30:00Z,P2,2.608,21.0
2026-04-03T11:30:00Z,P3,2.201,21.0
2026-04-03T11:45:00Z,P1,1.142,20.8
2026-04-03T11:45:00Z,P2,2.488,20.8
2026-04-03T11:45:00Z,P3,1.066,20.8
2026-04-03T12:00:00Z,P1,1.592,21.0
2026-04-03T12:00:00Z,P2,3.730,21.0
2026-04-03T12:00:00Z,P3,0.319,21.0
2026-04-03T12:15:00Z,P1,1.674,20.8
2026-04-03T12:15:00Z,P2,2.371,20.8
2026-04-03T12:15:00Z,P3,1.193,20.8
2026-04-03T12:30:00Z,P1,1.004,20.6
2026-04-03T12:30:00Z,P2,0.599,20.6
2026-04-03T12:30:00Z,P3,2.140,20.6
2026-04-03T12:45:00Z,P1,0.392,20.9
2026-04-03T12:45:00Z,P2,3.342,20.9
2026-04-03T12:45:00Z,P3,2.189,20.9
2026-04-03T13:00:00Z,P1,0.643,20.9
2026-04-03T13:00:00Z,P2,4.558,20.9
2026-04-03T13:00:00Z,P3,1.341,20.9
2026-04-03T13:15:00Z,P1,1.576,20.8
2026-04-03T13:15:00Z,P2,2.508,20.8
2026-04-03T13:15:00Z,P3,0.377,20.8
2026-04-03T13:30:00Z,P1,1.582,21.0
2026-04-03T13:30:00Z,P2,0.338,21.0
2026-04-03T13:30:00Z,P3,0.537,21.0
2026-04-03T13:45:00Z,P1,1.627,21.0
2026-04-03T13:45:00Z,P2,2.286,21.0
2026-04-03T13:45:00Z,P3,2.191,21.0
2026-04-03T14:00:00Z,P1,0.514,21.0
2026-04-03T14:00:00Z,P2,2.231,21.0
2026-04-03T14:00:00Z,P3,3.294,21.0
2026-04-03T14:15:00Z,P1,0.324,21.4
2026-04-03T14:15:00Z,P2,2.529,21.4
2026-04-03T14:15:00Z,P3,2.330,21.4
2026-04-03T14:30:00Z,P1,1.185,20.7
2026-04-03T14:30:00Z,P2,3.473,20.7
2026-04-03T14:30:00Z,P3,1.807,20.7
2026-04-03T14:45:00Z,P1,2.312,20.6
2026-04-03T14:45:00Z,P2,2.991,20.6
2026-04-03T14:45:00Z,P3,3.071,20.6
2026-04-03T15:00:00Z,P1,3.708,21.0
2026-04-03T15:00:00Z,P2,0.481,21.0
2026-04-03T15:00:00Z,P3,3.164,21.0
2026-04-03T15:15:00Z,P1,3.144,20.9
2026-04-03T15:15:00Z,P2,0.739,20.9
2026-04-03T15:15:00Z,P3,3.618,20.9
2026-04-03T15:30:00Z,P1,2.476,20.7
2026-04-03T15:30:00Z,P2,3.691,20.7
2026-04-03T15:30:00Z,P3,3.612,20.7
2026-04-03T15:45:00Z,P1,3.602,20.6
2026-04-03T15:45:00Z,P2,4.490,20.6
2026-04-03T15:45:00Z,P3,2.236,20.6
2026-04-03T16:00:00Z,P1,3.713,21.0
2026-04-03T16:00:00Z,P2,2.273,21.0
2026-04-03T16:00:00Z,P3,1.757,21.0
2026-04-03T16:15:00Z,P1,3.752,20.9
2026-04-03T16:15:00Z,P2,1.429,20.9
2026-04-03T16:15:00Z,P3,2.011,20.9
2026-04-03T16:30:00Z,P1,3.524,20.8
2026-04-03T16:30:00Z,P2,3.597,20.8
2026-04-03T16:30:00Z,P3,3.162,20.8
2026-04-03T16:45:00Z,P1,2.477,20.5
2026-04-03T16:45:00Z,P2,2.073,20.5
2026-04-03T16:45:00Z,P3,3.609,20.5
2026-04-03T17:00:00Z,P1,0.763,20.6
2026-04-03T17:00:00Z,P2,4.036,20.6
2026-04-03T17:00:00Z,P3,3.659,20.6
2026-04-03T17:15:00Z,P1,1.569,20.5
2026-04-03T17:15:00Z,P2,4.219,20.5
2026-04-03T17:15:00Z,P3,2.391,20.5
2026-04-03T17:30:00Z,P1,1.996,20.3
2026-04-03T17:30:00Z,P2,4.583,20.3
2026-04-03T17:30:00Z,P3,1.783,20.3
2026-04-03T17:45:00Z,P1,1.797,20.3
2026-04-03T17:45:00Z,P2,4.565,20.3
2026-04-03T17:45:00Z,P3,3.266,20.3
2026-04-03T18:00:00Z,P1,1.619,20.4
2026-04-03T18:00:00Z,P2,4.547,20.4
2026-04-03T18:00:00Z,P3,3.644,20.4
2026-04-03T18:15:00Z,P1,1.597,19.8
2026-04-03T18:15:00Z,P2,4.557,19.8
2026-04-03T18:15:00Z,P3,3.669,19.8
2026-04-03T18:30:00Z,P1,1.575,19.7
2026-04-03T18:30:00Z,P2,4.602,19.7
2026-04-03T18:30:00Z,P3,2.461,19.7
2026-04-03T18:45:00Z,P1,1.608,19.8
2026-04-03T18:45:00Z,P2,3.973,19.8
2026-04-03T18:45:00Z,P3,2.548,19.8
2026-04-03T19:00:00Z,P1,1.616,19.8
2026-04-03T19:00:00Z,P2,4.559,19.8
2026-04-03T19:00:00Z,P3,3.624,19.8
2026-04-03T19:15:00Z,P1,1.599,19.5
2026-04-03T19:15:00Z,P2,4.561,19.5
2026-04-03T19:15:00Z,P3,3.658,19.5
2026-04-03T19:30:00Z,P1,1.649,19.5
2026-04-03T19:30:00Z,P2,2.253,19.5
2026-04-03T19:30:00Z,P3,0.834,19.5
2026-04-03T19:45:00Z,P1,2.306,19.3
2026-04-03T19:45:00Z,P2,0.383,19.3
2026-04-03T19:45:00Z,P3,0.361,19.3
2026-04-03T20:00:00Z,P1,3.709,19.4
2026-04-03T20:00:00Z,P2,1.154,19.4
2026-04-03T20:00:00Z,P3,1.479,19.4
2026-04-03T20:15:00Z,P1,2.720,19.2
2026-04-03T20:15:00Z,P2,2.833,19.2
2026-04-03T20:15:00Z,P3,2.183,19.2
2026-04-03T20:30:00Z,P1,2.464,19.1
2026-04-03T20:30:00Z,P2,3.195,19.1
2026-04-03T20:30:00Z,P3,1.913,19.1
2026-04-03T20:45:00Z,P1,3.544,18.9
2026-04-03T20:45:00Z,P2,2.322,18.9
2026-04-03T20:45:00Z,P3,0.334,18.9
2026-04-03T21:00:00Z,P1,3.738,18.8
2026-04-03T21:00:00Z,P2,2.388,18.8
2026-04-03T21:00:00Z,P3,0.353,18.8
2026-04-03T21:15:00Z,P1,3.699,18.6
2026-04-03T21:15:00Z,P2,1.317,18.6
2026-04-03T21:15:00Z,P3,1.816,18.6
2026-04-03T21:30:00Z,P1,0.930,18.9
2026-04-03T21:30:00Z,P2,0.417,18.9
2026-04-03T21:30:00Z,P3,2.134,18.9
2026-04-03T21:45:00Z,P1,0.319,18.4
2026-04-03T21:45:00Z,P2,4.407,18.4
2026-04-03T21:45:00Z,P3,0.880,18.4
2026-04-03T22:00:00Z,P1,1.372,18.6
2026-04-03T22:00:00Z,P2,3.686,18.6
2026-04-03T22:00:00Z,P3,0.385,18.6
2026-04-03T22:15:00Z,P1,1.560,18.3
2026-04-03T22:15:00Z,P2,0.534,18.3
2026-04-03T22:15:00Z,P3,1.136,18.3
2026-04-03T22:30:00Z,P1,2.089,18.4
2026-04-03T22:30:00Z,P2,1.817,18.4
2026-04-03T22:30:00Z,P3,2.202,18.4
2026-04-03T22:45:00Z,P1,2.147,18.1
2026-04-03T22:45:00Z,P2,2.247,18.1
2026-04-03T22:45:00Z,P3,2.007,18.1
2026-04-03T23:00:00Z,P1,2.211,18.2
2026-04-03T23:00:00Z,P2,1.088,18.2
2026-04-03T23:00:00Z,P3,0.325,18.2
2026-04-03T23:15:00Z,P1,3.050,18.1
2026-04-03T23:15:00Z,P2,3.456,18.1
2026-04-03T23:15:00Z,P3,0.396,18.1
2026-04-03T23:30:00Z,P1,3.724,18.1
2026-04-03T23:30:00Z,P2,4.565,18.1
2026-04-03T23:30:00Z,P3,1.801,18.1
2026-04-03T23:45:00Z,P1,3.676,17.8
2026-04-03T23:45:00Z,P2,0.656,17.8
2026-04-03T23:45:00Z,P3,2.171,17.8
2026-04-04T00:00:00Z,P1,3.144,17.9
2026-04-04T00:00:00Z,P2,1.180,17.9
2026-04-04T00:00:00Z,P3,1.667,17.9
2026-04-04T00:15:00Z,P1,2.432,18.3
2026-04-04T00:15:00Z,P2,2.385,18.3
2026-04-04T00:15:00Z,P3,0.397,18.3
2026-04-04T00:30:00Z,P1,2.604,17.9
2026-04-04T00:30:00Z,P2,0.429,17.9
2026-04-04T00:30:00Z,P3,0.348,17.9
2026-04-04T00:45:00Z,P1,3.779,17.6
2026-04-04T00:45:00Z,P2,3.073,17.6
2026-04-04T00:45:00Z,P3,1.966,17.6
2026-04-04T01:00:00Z,P1,3.746,17.9
2026-04-04T01:00:00Z,P2,4.616,17.9
2026-04-04T01:00:00Z,P3,2.164,17.9
2026-04-04T01:15:00Z,P1,3.651,17.6
2026-04-04T01:15:00Z,P2,1.840,17.6
2026-04-04T01:15:00Z,P3,1.763,17.6
2026-04-04T01:30:00Z,P1,2.477,17.6
2026-04-04T01:30:00Z,P2,0.342,17.6
2026-04-04T01:30:00Z,P3,0.391,17.6
2026-04-04T01:45:00Z,P1,2.465,18.1
2026-04-04T01:45:00Z,P2,2.274,18.1
2026-04-04T01:45:00Z,P3,0.387,18.1
2026-04-04T02:00:00Z,P1,1.496,17.9
2026-04-04T02:00:00Z,P2,1.837,17.9
2026-04-04T02:00:00Z,P3,1.985,17.9
2026-04-04T02:15:00Z,P1,1.618,17.6
2026-04-04T02:15:00Z,P2,2.353,17.6
2026-04-04T02:15:00Z,P3,2.160,17.6
2026-04-04T02:30:00Z,P1,1.322,17.4
2026-04-04T02:30:00Z,P2,3.998,17.4
2026-04-04T02:30:00Z,P3,1.209,17.4
2026-04-04T02:45:00Z,P1,0.352,18.0
2026-04-04T02:45:00Z,P2,2.609,18.0
2026-04-04T02:45:00Z,P3,0.316,18.0
2026-04-04T03:00:00Z,P1,0.347,18.3
2026-04-04T03:00:00Z,P2,0.324,18.3
2026-04-04T03:00:00Z,P3,1.130,18.3
2026-04-04T03:15:00Z,P1,1.449,17.8
2026-04-04T03:15:00Z,P2,1.157,17.8
2026-04-04T03:15:00Z,P3,2.200,17.8
2026-04-04T03:30:00Z,P1,1.640,17.8
2026-04-04T03:30:00Z,P2,3.423,17.8
2026-04-04T03:30:00Z,P3,2.164,17.8
2026-04-04T03:45:00Z,P1,1.196,17.9
2026-04-04T03:45:00Z,P2,2.794,17.9
2026-04-04T03:45:00Z,P3,0.878,17.9
2026-04-04T04:00:00Z,P1,0.333,18.0
2026-04-04T04:00:00Z,P2,1.455,18.0
2026-04-04T04:00:00Z,P3,0.331,18.0
2026-04-04T04:15:00Z,P1,0.410,18.0
2026-04-04T04:15:00Z,P2,2.358,18.0
2026-04-04T04:15:00Z,P3,1.427,18.0
2026-04-04T04:30:00Z,P1,1.594,18.2
2026-04-04T04:30:00Z,P2,1.565,18.2
2026-04-04T04:30:00Z,P3,2.152,18.2
2026-04-04T04:45:00Z,P1,1.643,18.5
2026-04-04T04:45:00Z,P2,0.332,18.5
2026-04-04T04:45:00Z,P3,1.928,18.5
2026-04-04T05:00:00Z,P1,1.158,18.8
2026-04-04T05:00:00Z,P2,3.794,18.8
2026-04-04T05:00:00Z,P3,0.348,18.8
2026-04-04T05:15:00Z,P1,0.333,18.2
2026-04-04T05:15:00Z,P2,4.575,18.2
2026-04-04T05:15:00Z,P3,0.338,18.2
2026-04-04T05:30:00Z,P1,0.422,18.6
2026-04-04T05:30:00Z,P2,0.645,18.6
2026-04-04T05:30:00Z,P3,1.839,18.6
2026-04-04T05:45:00Z,P1,1.578,18.3
2026-04-04T05:45:00Z,P2,0.901,18.3
2026-04-04T05:45:00Z,P3,2.220,18.3
2026-04-04T06:00:00Z,P1,1.589,18.5
2026-04-04T06:00:00Z,P2,2.416,18.5
2026-04-04T06:00:00Z,P3,1.093,18.5
2026-04-04T06:15:00Z,P1,1.640,18.7
2026-04-04T06:15:00Z,P2,0.890,18.7
2026-04-04T06:15:00Z,P3,0.373,18.7
2026-04-04T06:30:00Z,P1,0.737,19.0
2026-04-04T06:30:00Z,P2,3.592,19.0
2026-04-04T06:30:00Z,P3,2.200,19.0
2026-04-04T06:45:00Z,P1,0.362,18.9
2026-04-04T06:45:00Z,P2,4.305,18.9
2026-04-04T06:45:00Z,P3,2.216,18.9
2026-04-04T07:00:00Z,P1,0.798,18.7
2026-04-04T07:00:00Z,P2,1.199,18.7
2026-04-04T07:00:00Z,P3,0.824,18.7
2026-04-04T07:15:00Z,P1,1.593,19.1
2026-04-04T07:15:00Z,P2,1.198,19.1
2026-04-04T07:15:00Z,P3,0.358,19.1
2026-04-04T07:30:00Z,P1,1.576,19.5
2026-04-04T07:30:00Z,P2,2.430,19.5
2026-04-04T07:30:00Z,P3,1.098,19.5
2026-04-04T07:45:00Z,P1,0.860,19.0
2026-04-04T07:45:00Z,P2,1.155,19.0
2026-04-04T07:45:00Z,P3,2.239,19.0
2026-04-04T08:00:00Z,P1,0.340,19.5
2026-04-04T08:00:00Z,P2,2.061,19.5
2026-04-04T08:00:00Z,P3,2.180,19.5
2026-04-04T08:15:00Z,P1,2.608,19.6
2026-04-04T08:15:00Z,P2,4.409,19.6
2026-04-04T08:15:00Z,P3,0.785,19.6
2026-04-04T08:30:00Z,P1,3.682,19.6
2026-04-04T08:30:00Z,P2,2.857,19.6
2026-04-04T08:30:00Z,P3,1.965,19.6
2026-04-04T08:45:00Z,P1,3.714,19.8
2026-04-04T08:45:00Z,P2,0.359,19.8
2026-04-04T08:45:00Z,P3,2.068,19.8
2026-04-04T09:00:00Z,P1,3.505,20.0
2026-04-04T09:00:00Z,P2,1.155,20.0
2026-04-04T09:00:00Z,P3,1.842,20.0
2026-04-04T09:15:00Z,P1,2.474,20.2
2026-04-04T09:15:00Z,P2,2.642,20.2
2026-04-04T09:15:00Z,P3,1.550,20.2
2026-04-04T09:30:00Z,P1,2.430,20.1
2026-04-04T09:30:00Z,P2,3.061,20.1
2026-04-04T09:30:00Z,P3,1.703,20.1
2026-04-04T09:45:00Z,P1,3.669,20.0
2026-04-04T09:45:00Z,P2,2.803,20.0
2026-04-04T09:45:00Z,P3,1.700,20.0
2026-04-04T10:00:00Z,P1,3.665,20.7
2026-04-04T10:00:00Z,P2,2.567,20.7
2026-04-04T10:00:00Z,P3,1.054,20.7
2026-04-04T10:15:00Z,P1,1.735,20.2
2026-04-04T10:15:00Z,P2,2.400,20.2
2026-04-04T10:15:00Z,P3,0.868,20.2
2026-04-04T10:30:00Z,P1,0.663,20.5
2026-04-04T10:30:00Z,P2,2.340,20.5
2026-04-04T10:30:00Z,P3,1.801,20.5
2026-04-04T10:45:00Z,P1,0.325,20.3
2026-04-04T10:45:00Z,P2,2.958,20.3
2026-04-04T10:45:00Z,P3,1.860,20.3
2026-04-04T11:00:00Z,P1,0.834,20.8
2026-04-04T11:00:00Z,P2,3.744,20.8
2026-04-04T11:00:00Z,P3,2.922,20.8
2026-04-04T11:15:00Z,P1,1.609,20.5
2026-04-04T11:15:00Z,P2,1.298,20.5
2026-04-04T11:15:00Z,P3,3.645,20.5
2026-04-04T11:30:00Z,P1,1.566,20.7
2026-04-04T11:30:00Z,P2,0.306,20.7
2026-04-04T11:30:00Z,P3,3.610,20.7
2026-04-04T11:45:00Z,P1,0.953,20.5
2026-04-04T11:45:00Z,P2,2.434,20.5
2026-04-04T11:45:00Z,P3,3.683,20.5
2026-04-04T12:00:00Z,P1,0.334,20.9
2026-04-04T12:00:00Z,P2,4.161,20.9
2026-04-04T12:00:00Z,P3,3.113,20.9
2026-04-04T12:15:00Z,P1,0.875,20.7
2026-04-04T12:15:00Z,P2,2.534,20.7
2026-04-04T12:15:00Z,P3,2.209,20.7
2026-04-04T12:30:00Z,P1,1.602,20.9
2026-04-04T12:30:00Z,P2,2.095,20.9
2026-04-04T12:30:00Z,P3,2.171,20.9
2026-04-04T12:45:00Z,P1,1.613,20.6
2026-04-04T12:45:00Z,P2,2.350,20.6
2026-04-04T12:45:00Z,P3,2.190,20.6
2026-04-04T13:00:00Z,P1,1.205,21.0
2026-04-04T13:00:00Z,P2,0.324,21.0
2026-04-04T13:00:00Z,P3,2.186,21.0
2026-04-04T13:15:00Z,P1,0.354,21.0
2026-04-04T13:15:00Z,P2,2.505,21.0
2026-04-04T13:15:00Z,P3,2.140,21.0
2026-04-04T13:30:00Z,P1,0.383,21.1
2026-04-04T13:30:00Z,P2,4.525,21.1
2026-04-04T13:30:00Z,P3,2.161,21.1
2026-04-04T13:45:00Z,P1,1.603,21.1
2026-04-04T13:45:00Z,P2,2.096,21.1
2026-04-04T13:45:00Z,P3,2.210,21.1
2026-04-04T14:00:00Z,P1,1.601,21.3
2026-04-04T14:00:00Z,P2,1.216,21.3
2026-04-04T14:00:00Z,P3,1.176,21.3
2026-04-04T14:15:00Z,P1,1.625,20.9
2026-04-04T14:15:00Z,P2,2.398,20.9
2026-04-04T14:15:00Z,P3,0.339,20.9
2026-04-04T14:30:00Z,P1,0.514,20.8
2026-04-04T14:30:00Z,P2,0.887,20.8
2026-04-04T14:30:00Z,P3,0.960,20.8
2026-04-04T14:45:00Z,P1,0.758,20.8
2026-04-04T14:45:00Z,P2,2.210,20.8
2026-04-04T14:45:00Z,P3,2.160,20.8
2026-04-04T15:00:00Z,P1,3.020,20.7
2026-04-04T15:00:00Z,P2,4.587,20.7
2026-04-04T15:00:00Z,P3,2.154,20.7
2026-04-04T15:15:00Z,P1,3.709,20.5
2026-04-04T15:15:00Z,P2,1.900,20.5
2026-04-04T15:15:00Z,P3,0.867,20.5
2026-04-04T15:30:00Z,P1,3.694,21.1
2026-04-04T15:30:00Z,P2,0.383,21.1
2026-04-04T15:30:00Z,P3,0.358,21.1
2026-04-04T15:45:00Z,P1,2.944,20.7
2026-04-04T15:45:00Z,P2,2.381,20.7
2026-04-04T15:45:00Z,P3,1.094,20.7
2026-04-04T16:00:00Z,P1,2.431,20.7
2026-04-04T16:00:00Z,P2,2.854,20.7
2026-04-04T16:00:00Z,P3,2.146,20.7
2026-04-04T16:15:00Z,P1,2.898,20.8
2026-04-04T16:15:00Z,P2,1.975,20.8
2026-04-04T16:15:00Z,P3,2.155,20.8
2026-04-04T16:30:00Z,P1,2.447,20.7
2026-04-04T16:30:00Z,P2,3.885,20.7
2026-04-04T16:30:00Z,P3,0.895,20.7
2026-04-04T16:45:00Z,P1,1.605,20.7
2026-04-04T16:45:00Z,P2,4.132,20.7
2026-04-04T16:45:00Z,P3,0.331,20.7
2026-04-04T17:00:00Z,P1,1.970,20.5
2026-04-04T17:00:00Z,P2,4.543,20.5
2026-04-04T17:00:00Z,P3,1.584,20.5
2026-04-04T17:15:00Z,P1,1.960,20.6
2026-04-04T17:15:00Z,P2,4.614,20.6
2026-04-04T17:15:00Z,P3,2.182,20.6
2026-04-04T17:30:00Z,P1,1.573,20.2
2026-04-04T17:30:00Z,P2,4.602,20.2
2026-04-04T17:30:00Z,P3,2.164,20.2
2026-04-04T17:45:00Z,P1,1.622,19.8
2026-04-04T17:45:00Z,P2,4.527,19.8
2026-04-04T17:45:00Z,P3,1.401,19.8
2026-04-04T18:00:00Z,P1,1.588,20.2
2026-04-04T18:00:00Z,P2,4.560,20.2
2026-04-04T18:00:00Z,P3,1.844,20.2
2026-04-04T18:15:00Z,P1,1.565,19.7
2026-04-04T18:15:00Z,P2,4.550,19.7
2026-04-04T18:15:00Z,P3,2.915,19.7
2026-04-04T18:30:00Z,P1,1.565,20.0
2026-04-04T18:30:00Z,P2,3.737,20.0
2026-04-04T18:30:00Z,P3,3.666,20.0
2026-04-04T18:45:00Z,P1,1.590,19.7
2026-04-04T18:45:00Z,P2,2.419,19.7
2026-04-04T18:45:00Z,P3,3.425,19.7
2026-04-04T19:00:00Z,P1,1.564,19.8
2026-04-04T19:00:00Z,P2,1.014,19.8
2026-04-04T19:00:00Z,P3,1.854,19.8
2026-04-04T19:15:00Z,P1,1.583,19.8
2026-04-04T19:15:00Z,P2,0.875,19.8
2026-04-04T19:15:00Z,P3,1.770,19.8
2026-04-04T19:30:00Z,P1,1.247,19.5
2026-04-04T19:30:00Z,P2,4.541,19.5
2026-04-04T19:30:00Z,P3,2.275,19.5
2026-04-04T19:45:00Z,P1,0.328,19.5
2026-04-04T19:45:00Z,P2,3.447,19.5
2026-04-04T19:45:00Z,P3,2.122,19.5
2026-04-04T20:00:00Z,P1,0.326,19.4
2026-04-04T20:00:00Z,P2,0.383,19.4
2026-04-04T20:00:00Z,P3,1.103,19.4
2026-04-04T20:15:00Z,P1,1.586,19.3
2026-04-04T20:15:00Z,P2,2.113,19.3
2026-04-04T20:15:00Z,P3,0.349,19.3
2026-04-04T20:30:00Z,P1,1.548,19.2
2026-04-04T20:30:00Z,P2,2.301,19.2
2026-04-04T20:30:00Z,P3,0.853,19.2
2026-04-04T20:45:00Z,P1,2.569,18.7
2026-04-04T20:45:00Z,P2,1.331,18.7
2026-04-04T20:45:00Z,P3,2.188,18.7
2026-04-04T21:00:00Z,P1,2.557,18.7
2026-04-04T21:00:00Z,P2,2.835,18.7
2026-04-04T21:00:00Z,P3,2.190,18.7
2026-04-04T21:15:00Z,P1,2.498,18.5
2026-04-04T21:15:00Z,P2,3.596,18.5
2026-04-04T21:15:00Z,P3,1.063,18.5
2026-04-04T21:30:00Z,P1,3.427,18.7
2026-04-04T21:30:00Z,P2,1.444,18.7
2026-04-04T21:30:00Z,P3,0.407,18.7
2026-04-04T21:45:00Z,P1,3.736,18.4
2026-04-04T21:45:00Z,P2,0.362,18.4
2026-04-04T21:45:00Z,P3,0.837,18.4
2026-04-04T22:00:00Z,P1,3.361,18.6
2026-04-04T22:00:00Z,P2,1.703,18.6
2026-04-04T22:00:00Z,P3,2.198,18.6
2026-04-04T22:15:00Z,P1,1.464,18.5
2026-04-04T22:15:00Z,P2,4.017,18.5
2026-04-04T22:15:00Z,P3,2.186,18.5
2026-04-04T22:30:00Z,P1,0.445,18.4
2026-04-04T22:30:00Z,P2,2.515,18.4
2026-04-04T22:30:00Z,P3,1.079,18.4
2026-04-04T22:45:00Z,P1,1.607,18.3
2026-04-04T22:45:00Z,P2,1.921,18.3
2026-04-04T22:45:00Z,P3,0.335,18.3
2026-04-04T23:00:00Z,P1,1.542,18.1
2026-04-04T23:00:00Z,P2,2.108,18.1
2026-04-04T23:00:00Z,P3,1.280,18.1
2026-04-04T23:15:00Z,P1,1.396,17.9
2026-04-04T23:15:00Z,P2,0.298,17.9
2026-04-04T23:15:00Z,P3,2.152,17.9
2026-04-04T23:30:00Z,P1,0.330,18.2
2026-04-04T23:30:00Z,P2,1.353,18.2
2026-04-04T23:30:00Z,P3,2.173,18.2
2026-04-04T23:45:00Z,P1,0.814,17.8
2026-04-04T23:45:00Z,P2,4.585,17.8
2026-04-04T23:45:00Z,P3,1.085,17.8
2026-04-05T00:00:00Z,P1,1.614,18.0
2026-04-05T00:00:00Z,P2,3.045,18.0
2026-04-05T00:00:00Z,P3,0.339,18.0
2026-04-05T00:15:00Z,P1,1.615,17.8
2026-04-05T00:15:00Z,P2,0.375,17.8
2026-04-05T00:15:00Z,P3,0.766,17.8
2026-04-05T00:30:00Z,P1,1.580,17.8
2026-04-05T00:30:00Z,P2,2.126,17.8
2026-04-05T00:30:00Z,P3,2.184,17.8
2026-04-05T00:45:00Z,P1,0.501,17.8
2026-04-05T00:45:00Z,P2,1.737,17.8
2026-04-05T00:45:00Z,P3,2.070,17.8
2026-04-05T01:00:00Z,P1,0.370,17.9
2026-04-05T01:00:00Z,P2,1.929,17.9
2026-04-05T01:00:00Z,P3,0.333,17.9
2026-04-05T01:15:00Z,P1,0.948,17.8
2026-04-05T01:15:00Z,P2,3.997,17.8
2026-04-05T01:15:00Z,P3,0.342,17.8
2026-04-05T01:30:00Z,P1,1.603,17.9
2026-04-05T01:30:00Z,P2,3.008,17.9
2026-04-05T01:30:00Z,P3,1.858,17.9
2026-04-05T01:45:00Z,P1,1.605,18.0
2026-04-05T01:45:00Z,P2,0.386,18.0
2026-04-05T01:45:00Z,P3,2.025,18.0
2026-04-05T02:00:00Z,P1,1.027,17.6
2026-04-05T02:00:00Z,P2,1.868,17.6
2026-04-05T02:00:00Z,P3,1.975,17.6
2026-04-05T02:15:00Z,P1,0.404,17.9
2026-04-05T02:15:00Z,P2,2.130,17.9
2026-04-05T02:15:00Z,P3,2.171,17.9
2026-04-05T02:30:00Z,P1,0.730,18.0
2026-04-05T02:30:00Z,P2,2.510,18.0
2026-04-05T02:30:00Z,P3,2.166,18.0
2026-04-05T02:45:00Z,P1,1.567,17.6
2026-04-05T02:45:00Z,P2,3.617,17.6
2026-04-05T02:45:00Z,P3,2.155,17.6
2026-04-05T03:00:00Z,P1,1.650,17.7
2026-04-05T03:00:00Z,P2,2.416,17.7
2026-04-05T03:00:00Z,P3,2.148,17.7
2026-04-05T03:15:00Z,P1,1.055,17.6
2026-04-05T03:15:00Z,P2,0.480,17.6
2026-04-05T03:15:00Z,P3,2.159,17.6
2026-04-05T03:30:00Z,P1,0.369,17.5
2026-04-05T03:30:00Z,P2,1.206,17.5
2026-04-05T03:30:00Z,P3,2.228,17.5
2026-04-05T03:45:00Z,P1,0.529,18.2
2026-04-05T03:45:00Z,P2,3.822,18.2
2026-04-05T03:45:00Z,P3,2.202,18.2
2026-04-05T04:00:00Z,P1,1.645,18.0
2026-04-05T04:00:00Z,P2,3.218,18.0
2026-04-05T04:00:00Z,P3,0.581,18.0
2026-04-05T04:15:00Z,P1,1.613,18.0
2026-04-05T04:15:00Z,P2,1.850,18.0
2026-04-05T04:15:00Z,P3,0.377,18.0
2026-04-05T04:30:00Z,P1,1.150,18.1
2026-04-05T04:30:00Z,P2,2.370,18.1
2026-04-05T04:30:00Z,P3,1.690,18.1
2026-04-05T04:45:00Z,P1,0.324,18.1
2026-04-05T04:45:00Z,P2,1.430,18.1
2026-04-05T04:45:00Z,P3,2.149,18.1
2026-04-05T05:00:00Z,P1,0.602,18.0
2026-04-05T05:00:00Z,P2,0.356,18.0
2026-04-05T05:00:00Z,P3,1.566,18.0
2026-04-05T05:15:00Z,P1,1.563,18.4
2026-04-05T05:15:00Z,P2,3.565,18.4
2026-04-05T05:15:00Z,P3,0.360,18.4
2026-04-05T05:30:00Z,P1,1.604,18.2
2026-04-05T05:30:00Z,P2,4.449,18.2
2026-04-05T05:30:00Z,P3,0.708,18.2
2026-04-05T05:45:00Z,P1,1.468,18.4
2026-04-05T05:45:00Z,P2,0.775,18.4
2026-04-05T05:45:00Z,P3,2.178,18.4
2026-04-05T06:00:00Z,P1,0.360,18.3
2026-04-05T06:00:00Z,P2,1.045,18.3
2026-04-05T06:00:00Z,P3,2.162,18.3
2026-04-05T06:15:00Z,P1,0.355,18.8
2026-04-05T06:15:00Z,P2,2.378,18.8
2026-04-05T06:15:00Z,P3,0.449,18.8
2026-04-05T06:30:00Z,P1,1.449,19.0
2026-04-05T06:30:00Z,P2,0.946,19.0
2026-04-05T06:30:00Z,P3,0.377,19.0
2026-04-05T06:45:00Z,P1,1.587,18.7
2026-04-05T06:45:00Z,P2,3.247,18.7
2026-04-05T06:45:00Z,P3,1.677,18.7
2026-04-05T07:00:00Z,P1,1.588,19.0
2026-04-05T07:00:00Z,P2,4.587,19.0
2026-04-05T07:00:00Z,P3,2.202,19.0
2026-04-05T07:15:00Z,P1,0.598,18.9
2026-04-05T07:15:00Z,P2,1.046,18.9
2026-04-05T07:15:00Z,P3,2.132,18.9
2026-04-05T07:30:00Z,P1,0.365,19.4
2026-04-05T07:30:00Z,P2,0.722,19.4
2026-04-05T07:30:00Z,P3,0.350,19.4
2026-04-05T07:45:00Z,P1,0.966,19.1
2026-04-05T07:45:00Z,P2,2.418,19.1
2026-04-05T07:45:00Z,P3,0.350,19.1
2026-04-05T08:00:00Z,P1,1.591,19.7
2026-04-05T08:00:00Z,P2,1.997,19.7
2026-04-05T08:00:00Z,P3,1.431,19.7
2026-04-05T08:15:00Z,P1,1.639,19.8
2026-04-05T08:15:00Z,P2,2.595,19.8
2026-04-05T08:15:00Z,P3,1.546,19.8
2026-04-05T08:30:00Z,P1,1.538,19.5
2026-04-05T08:30:00Z,P2,3.999,19.5
2026-04-05T08:30:00Z,P3,1.304,19.5
2026-04-05T08:45:00Z,P1,1.709,19.7
2026-04-05T08:45:00Z,P2,2.121,19.7
2026-04-05T08:45:00Z,P3,1.745,19.7
2026-04-05T09:00:00Z,P1,2.469,19.7
2026-04-05T09:00:00Z,P2,0.390,19.7
2026-04-05T09:00:00Z,P3,1.794,19.7
2026-04-05T09:15:00Z,P1,3.511,20.1
2026-04-05T09:15:00Z,P2,1.522,20.1
2026-04-05T09:15:00Z,P3,0.412,20.1
2026-04-05T09:30:00Z,P1,4.019,19.9
2026-04-05T09:30:00Z,P2,4.250,19.9
2026-04-05T09:30:00Z,P3,0.362,19.9
2026-04-05T09:45:00Z,P1,4.095,20.2
2026-04-05T09:45:00Z,P2,2.783,20.2
2026-04-05T09:45:00Z,P3,0.987,20.2
2026-04-05T10:00:00Z,P1,3.725,19.9
2026-04-05T10:00:00Z,P2,1.634,19.9
2026-04-05T10:00:00Z,P3,2.165,19.9
2026-04-05T10:15:00Z,P1,3.773,19.9
2026-04-05T10:15:00Z,P2,2.382,19.9
2026-04-05T10:15:00Z,P3,3.640,19.9
2026-04-05T10:30:00Z,P1,3.718,20.4
2026-04-05T10:30:00Z,P2,1.341,20.4
2026-04-05T10:30:00Z,P3,3.584,20.4
2026-04-05T10:45:00Z,P1,3.734,20.0
2026-04-05T10:45:00Z,P2,1.769,20.0
2026-04-05T10:45:00Z,P3,3.649,20.0
2026-04-05T11:00:00Z,P1,2.702,20.4
2026-04-05T11:00:00Z,P2,4.566,20.4
2026-04-05T11:00:00Z,P3,3.661,20.4
2026-04-05T11:15:00Z,P1,1.577,20.7
2026-04-05T11:15:00Z,P2,3.442,20.7
2026-04-05T11:15:00Z,P3,3.561,20.7
2026-04-05T11:30:00Z,P1,1.610,20.7
2026-04-05T11:30:00Z,P2,0.278,20.7
2026-04-05T11:30:00Z,P3,3.636,20.7
2026-04-05T11:45:00Z,P1,1.599,20.8
2026-04-05T11:45:00Z,P2,2.105,20.8
2026-04-05T11:45:00Z,P3,2.754,20.8
2026-04-05T12:00:00Z,P1,1.623,20.7
2026-04-05T12:00:00Z,P2,2.583,20.7
2026-04-05T12:00:00Z,P3,2.165,20.7
2026-04-05T12:15:00Z,P1,0.844,20.6
2026-04-05T12:15:00Z,P2,2.518,20.6
2026-04-05T12:15:00Z,P3,2.189,20.6
2026-04-05T12:30:00Z,P1,0.309,20.8
2026-04-05T12:30:00Z,P2,3.719,20.8
2026-04-05T12:30:00Z,P3,1.994,20.8
2026-04-05T12:45:00Z,P1,0.585,20.8
2026-04-05T12:45:00Z,P2,2.271,20.8
2026-04-05T12:45:00Z,P3,0.297,20.8
2026-04-05T13:00:00Z,P1,1.671,20.8
2026-04-05T13:00:00Z,P2,0.356,20.8
2026-04-05T13:00:00Z,P3,0.357,20.8
2026-04-05T13:15:00Z,P1,1.559,20.6
2026-04-05T13:15:00Z,P2,1.564,20.6
2026-04-05T13:15:00Z,P3,1.792,20.6
2026-04-05T13:30:00Z,P1,1.661,20.9
2026-04-05T13:30:00Z,P2,3.759,20.9
2026-04-05T13:30:00Z,P3,2.161,20.9
2026-04-05T13:45:00Z,P1,0.522,21.0
2026-04-05T13:45:00Z,P2,2.526,21.0
2026-04-05T13:45:00Z,P3,1.432,21.0
2026-04-05T14:00:00Z,P1,0.366,20.8
2026-04-05T14:00:00Z,P2,2.787,20.8
2026-04-05T14:00:00Z,P3,0.388,20.8
2026-04-05T14:15:00Z,P1,1.266,20.9
2026-04-05T14:15:00Z,P2,2.467,20.9
2026-04-05T14:15:00Z,P3,0.827,20.9
2026-04-05T14:30:00Z,P1,1.601,21.2
2026-04-05T14:30:00Z,P2,0.765,21.2
2026-04-05T14:30:00Z,P3,2.181,21.2
2026-04-05T14:45:00Z,P1,1.607,21.1
2026-04-05T14:45:00Z,P2,1.174,21.1
2026-04-05T14:45:00Z,P3,2.149,21.1
2026-04-05T15:00:00Z,P1,0.695,20.8
2026-04-05T15:00:00Z,P2,4.283,20.8
2026-04-05T15:00:00Z,P3,0.696,20.8
2026-04-05T15:15:00Z,P1,0.365,20.6
2026-04-05T15:15:00Z,P2,2.835,20.6
2026-04-05T15:15:00Z,P3,0.331,20.6
2026-04-05T15:30:00Z,P1,0.982,20.7
2026-04-05T15:30:00Z,P2,1.592,20.7
2026-04-05T15:30:00Z,P3,1.189,20.7
2026-04-05T15:45:00Z,P1,1.580,20.6
2026-04-05T15:45:00Z,P2,2.392,20.6
2026-04-05T15:45:00Z,P3,2.158,20.6
2026-04-05T16:00:00Z,P1,2.450,21.0
2026-04-05T16:00:00Z,P2,1.324,21.0
2026-04-05T16:00:00Z,P3,2.126,21.0
2026-04-05T16:15:00Z,P1,2.884,20.6
2026-04-05T16:15:00Z,P2,2.813,20.6
2026-04-05T16:15:00Z,P3,0.620,20.6
2026-04-05T16:30:00Z,P1,2.372,20.4
2026-04-05T16:30:00Z,P2,4.139,20.4
2026-04-05T16:30:00Z,P3,0.327,20.4
2026-04-05T16:45:00Z,P1,2.475,20.5
2026-04-05T16:45:00Z,P2,3.096,20.5
2026-04-05T16:45:00Z,P3,1.637,20.5
2026-04-05T17:00:00Z,P1,3.767,20.4
2026-04-05T17:00:00Z,P2,3.971,20.4
2026-04-05T17:00:00Z,P3,2.140,20.4
2026-04-05T17:15:00Z,P1,3.812,20.2
2026-04-05T17:15:00Z,P2,4.189,20.2
2026-04-05T17:15:00Z,P3,1.938,20.2
2026-04-05T17:30:00Z,P1,3.451,20.4
2026-04-05T17:30:00Z,P2,4.573,20.4
2026-04-05T17:30:00Z,P3,0.308,20.4
2026-04-05T17:45:00Z,P1,2.440,20.3
2026-04-05T17:45:00Z,P2,4.554,20.3
2026-04-05T17:45:00Z,P3,0.289,20.3
2026-04-05T18:00:00Z,P1,2.692,20.3
2026-04-05T18:00:00Z,P2,4.594,20.3
2026-04-05T18:00:00Z,P3,1.820,20.3
2026-04-05T18:15:00Z,P1,3.747,20.0
2026-04-05T18:15:00Z,P2,4.541,20.0
2026-04-05T18:15:00Z,P3,2.168,20.0
2026-04-05T18:30:00Z,P1,3.669,19.7
2026-04-05T18:30:00Z,P2,4.590,19.7
2026-04-05T18:30:00Z,P3,1.792,19.7
2026-04-05T18:45:00Z,P1,3.458,19.6
2026-04-05T18:45:00Z,P2,2.618,19.6
2026-04-05T18:45:00Z,P3,0.390,19.6
2026-04-05T19:00:00Z,P1,2.465,19.8
2026-04-05T19:00:00Z,P2,1.333,19.8
2026-04-05T19:00:00Z,P3,0.419,19.8
2026-04-05T19:15:00Z,P1,2.454,20.0
2026-04-05T19:15:00Z,P2,0.508,20.0
2026-04-05T19:15:00Z,P3,2.163,20.0
2026-04-05T19:30:00Z,P1,3.671,19.5
2026-04-05T19:30:00Z,P2,3.703,19.5
2026-04-05T19:30:00Z,P3,2.191,19.5
2026-04-05T19:45:00Z,P1,3.702,19.2
2026-04-05T19:45:00Z,P2,3.536,19.2
2026-04-05T19:45:00Z,P3,1.424,19.2
2026-04-05T20:00:00Z,P1,3.689,19.3
2026-04-05T20:00:00Z,P2,1.351,19.3
2026-04-05T20:00:00Z,P3,0.375,19.3
2026-04-05T20:15:00Z,P1,2.527,19.2
2026-04-05T20:15:00Z,P2,2.393,19.2
2026-04-05T20:15:00Z,P3,0.393,19.2
2026-04-05T20:30:00Z,P1,1.366,19.1
2026-04-05T20:30:00Z,P2,1.692,19.1
2026-04-05T20:30:00Z,P3,2.190,19.1
2026-04-05T20:45:00Z,P1,1.305,18.8
2026-04-05T20:45:00Z,P2,0.506,18.8
2026-04-05T20:45:00Z,P3,2.151,18.8
2026-04-05T21:00:00Z,P1,1.641,19.0
2026-04-05T21:00:00Z,P2,3.778,19.0
2026-04-05T21:00:00Z,P3,1.070,19.0
2026-04-05T21:15:00Z,P1,1.637,19.1
2026-04-05T21:15:00Z,P2,4.536,19.1
2026-04-05T21:15:00Z,P3,0.344,19.1
2026-04-05T21:30:00Z,P1,0.751,18.7
2026-04-05T21:30:00Z,P2,0.824,18.7
2026-04-05T21:30:00Z,P3,0.954,18.7
2026-04-05T21:45:00Z,P1,0.386,18.8
2026-04-05T21:45:00Z,P2,0.891,18.8
2026-04-05T21:45:00Z,P3,2.170,18.8
2026-04-05T22:00:00Z,P1,0.937,18.3
2026-04-05T22:00:00Z,P2,2.375,18.3
2026-04-05T22:00:00Z,P3,2.036,18.3
2026-04-05T22:15:00Z,P1,1.585,18.8
2026-04-05T22:15:00Z,P2,2.297,18.8
2026-04-05T22:15:00Z,P3,0.359,18.8
2026-04-05T22:30:00Z,P1,1.660,18.3
2026-04-05T22:30:00Z,P2,2.502,18.3
2026-04-05T22:30:00Z,P3,0.843,18.3
2026-04-05T22:45:00Z,P1,0.948,18.3
2026-04-05T22:45:00Z,P2,4.116,18.3
2026-04-05T22:45:00Z,P3,1.960,18.3
2026-04-05T23:00:00Z,P1,0.341,18.4
2026-04-05T23:00:00Z,P2,1.556,18.4
2026-04-05T23:00:00Z,P3,2.050,18.4
2026-04-05T23:15:00Z,P1,0.561,18.0
2026-04-05T23:15:00Z,P2,0.325,18.0
2026-04-05T23:15:00Z,P3,2.193,18.0
2026-04-05T23:30:00Z,P1,1.589,17.7
2026-04-05T23:30:00Z,P2,1.868,17.7
2026-04-05T23:30:00Z,P3,2.198,17.7
2026-04-05T23:45:00Z,P1,1.569,18.2
2026-04-05T23:45:00Z,P2,3.012,18.2
2026-04-05T23:45:00Z,P3,2.181,18.2
2026-04-06T00:00:00Z,P1,1.455,18.0
2026-04-06T00:00:00Z,P2,2.504,18.0
2026-04-06T00:00:00Z,P3,2.110,18.0
2026-04-06T00:15:00Z,P1,0.287,17.9
2026-04-06T00:15:00Z,P2,3.272,17.9
2026-04-06T00:15:00Z,P3,2.215,17.9
2026-04-06T00:30:00Z,P1,0.359,17.6
2026-04-06T00:30:00Z,P2,1.986,17.6
2026-04-06T00:30:00Z,P3,2.087,17.6
2026-04-06T00:45:00Z,P1,1.238,17.9
2026-04-06T00:45:00Z,P2,0.386,17.9
2026-04-06T00:45:00Z,P3,2.187,17.9
2026-04-06T01:00:00Z,P1,1.606,17.6
2026-04-06T01:00:00Z,P2,1.278,17.6
2026-04-06T01:00:00Z,P3,0.483,17.6
2026-04-06T01:15:00Z,P1,1.655,17.8
2026-04-06T01:15:00Z,P2,4.025,17.8
2026-04-06T01:15:00Z,P3,0.344,17.8
2026-04-06T01:30:00Z,P1,0.471,17.5
2026-04-06T01:30:00Z,P2,2.934,17.5
2026-04-06T01:30:00Z,P3,1.209,17.5
2026-04-06T01:45:00Z,P1,0.332,17.9
2026-04-06T01:45:00Z,P2,1.746,17.9
2026-04-06T01:45:00Z,P3,2.223,17.9
2026-04-06T02:00:00Z,P1,1.422,17.8
2026-04-06T02:00:00Z,P2,2.352,17.8
2026-04-06T02:00:00Z,P3,2.046,17.8
2026-04-06T02:15:00Z,P1,1.926,17.8
2026-04-06T02:15:00Z,P2,1.110,17.8
2026-04-06T02:15:00Z,P3,0.352,17.8
2026-04-06T02:30:00Z,P1,1.772,17.8
2026-04-06T02:30:00Z,P2,0.338,17.8
2026-04-06T02:30:00Z,P3,0.353,17.8
2026-04-06T02:45:00Z,P1,1.620,17.9
2026-04-06T02:45:00Z,P2,3.990,17.9
2026-04-06T02:45:00Z,P3,1.800,17.9
2026-04-06T03:00:00Z,P1,1.642,17.7
2026-04-06T03:00:00Z,P2,4.125,17.7
2026-04-06T03:00:00Z,P3,2.155,17.7
2026-04-06T03:15:00Z,P1,1.628,17.6
2026-04-06T03:15:00Z,P2,1.492,17.6
2026-04-06T03:15:00Z,P3,2.484,17.6
2026-04-06T03:30:00Z,P1,1.535,17.5
2026-04-06T03:30:00Z,P2,1.578,17.5
2026-04-06T03:30:00Z,P3,1.833,17.5
2026-04-06T03:45:00Z,P1,1.652,17.7
2026-04-06T03:45:00Z,P2,2.390,17.7
2026-04-06T03:45:00Z,P3,1.842,17.7
2026-04-06T04:00:00Z,P1,1.588,17.5
2026-04-06T04:00:00Z,P2,1.346,17.5
2026-04-06T04:00:00Z,P3,3.324,17.5
2026-04-06T04:15:00Z,P1,1.595,17.9
2026-04-06T04:15:00Z,P2,3.371,17.9
2026-04-06T04:15:00Z,P3,3.585,17.9
2026-04-06T04:30:00Z,P1,1.610,18.1
2026-04-06T04:30:00Z,P2,4.412,18.1
2026-04-06T04:30:00Z,P3,2.702,18.1
2026-04-06T04:45:00Z,P1,0.847,18.2
2026-04-06T04:45:00Z,P2,0.881,18.2
2026-04-06T04:45:00Z,P3,0.745,18.2
2026-04-06T05:00:00Z,P1,0.350,18.6
2026-04-06T05:00:00Z,P2,0.690,18.6
2026-04-06T05:00:00Z,P3,1.202,18.6
2026-04-06T05:15:00Z,P1,0.459,18.0
2026-04-06T05:15:00Z,P2,2.374,18.0
2026-04-06T05:15:00Z,P3,2.171,18.0
2026-04-06T05:30:00Z,P1,1.577,18.3
2026-04-06T05:30:00Z,P2,2.760,18.3
2026-04-06T05:30:00Z,P3,1.948,18.3
2026-04-06T05:45:00Z,P1,1.604,18.5
2026-04-06T05:45:00Z,P2,2.564,18.5
2026-04-06T05:45:00Z,P3,0.366,18.5
2026-04-06T06:00:00Z,P1,1.200,18.2
2026-04-06T06:00:00Z,P2,2.127,18.2
2026-04-06T06:00:00Z,P3,0.341,18.2
2026-04-06T06:15:00Z,P1,0.332,18.4
2026-04-06T06:15:00Z,P2,2.002,18.4
2026-04-06T06:15:00Z,P3,1.812,18.4
2026-04-06T06:30:00Z,P1,0.369,18.5
2026-04-06T06:30:00Z,P2,0.312,18.5
2026-04-06T06:30:00Z,P3,2.118,18.5
2026-04-06T06:45:00Z,P1,1.610,18.8
2026-04-06T06:45:00Z,P2,2.884,18.8
2026-04-06T06:45:00Z,P3,1.068,18.8
2026-04-06T07:00:00Z,P1,1.586,19.2
2026-04-06T07:00:00Z,P2,4.553,19.2
2026-04-06T07:00:00Z,P3,0.388,19.2
2026-04-06T07:15:00Z,P1,1.564,18.8
2026-04-06T07:15:00Z,P2,4.008,18.8
2026-04-06T07:15:00Z,P3,1.079,18.8
2026-04-06T07:30:00Z,P1,1.280,19.0
2026-04-06T07:30:00Z,P2,2.045,19.0
2026-04-06T07:30:00Z,P3,2.139,19.0
2026-04-06T07:45:00Z,P1,0.324,19.3
2026-04-06T07:45:00Z,P2,2.016,19.3
2026-04-06T07:45:00Z,P3,2.173,19.3
2026-04-06T08:00:00Z,P1,0.468,19.0
2026-04-06T08:00:00Z,P2,2.357,19.0
2026-04-06T08:00:00Z,P3,0.388,19.0
2026-04-06T08:15:00Z,P1,3.727,19.4
2026-04-06T08:15:00Z,P2,4.470,19.4
2026-04-06T08:15:00Z,P3,1.428,19.4
2026-04-06T08:30:00Z,P1,3.722,19.7
2026-04-06T08:30:00Z,P2,2.538,19.7
2026-04-06T08:30:00Z,P3,1.927,19.7
2026-04-06T08:45:00Z,P1,3.749,19.1
2026-04-06T08:45:00Z,P2,3.741,19.1
2026-04-06T08:45:00Z,P3,1.947,19.1
2026-04-06T09:00:00Z,P1,3.569,19.5
2026-04-06T09:00:00Z,P2,4.493,19.5
2026-04-06T09:00:00Z,P3,2.147,19.5
2026-04-06T09:15:00Z,P1,2.447,19.7
2026-04-06T09:15:00Z,P2,2.714,19.7
2026-04-06T09:15:00Z,P3,2.167,19.7
2026-04-06T09:30:00Z,P1,2.551,20.2
2026-04-06T09:30:00Z,P2,0.581,20.2
2026-04-06T09:30:00Z,P3,1.885,20.2
2026-04-06T09:45:00Z,P1,3.752,19.8
2026-04-06T09:45:00Z,P2,1.424,19.8
2026-04-06T09:45:00Z,P3,0.447,19.8
2026-04-06T10:00:00Z,P1,3.720,20.2
2026-04-06T10:00:00Z,P2,4.539,20.2
2026-04-06T10:00:00Z,P3,2.080,20.2
2026-04-06T10:15:00Z,P1,2.998,19.9
2026-04-06T10:15:00Z,P2,3.520,19.9
2026-04-06T10:15:00Z,P3,3.620,19.9
2026-04-06T10:30:00Z,P1,0.874,20.6
2026-04-06T10:30:00Z,P2,0.757,20.6
2026-04-06T10:30:00Z,P3,3.625,20.6
2026-04-06T10:45:00Z,P1,0.318,20.5
2026-04-06T10:45:00Z,P2,2.275,20.5
2026-04-06T10:45:00Z,P3,2.324,20.5
2026-04-06T11:00:00Z,P1,1.167,20.5
2026-04-06T11:00:00Z,P2,2.126,20.5
2026-04-06T11:00:00Z,P3,1.765,20.5
2026-04-06T11:15:00Z,P1,1.623,20.3
2026-04-06T11:15:00Z,P2,1.608,20.3
2026-04-06T11:15:00Z,P3,3.060,20.3
2026-04-06T11:30:00Z,P1,1.580,20.7
2026-04-06T11:30:00Z,P2,3.519,20.7
2026-04-06T11:30:00Z,P3,2.775,20.7
2026-04-06T11:45:00Z,P1,0.931,20.7
2026-04-06T11:45:00Z,P2,3.679,20.7
2026-04-06T11:45:00Z,P3,2.141,20.7
2026-04-06T12:00:00Z,P1,0.290,20.5
2026-04-06T12:00:00Z,P2,0.720,20.5
2026-04-06T12:00:00Z,P3,0.379,20.5
2026-04-06T12:15:00Z,P1,0.643,20.7
2026-04-06T12:15:00Z,P2,1.041,20.7
2026-04-06T12:15:00Z,P3,0.376,20.7
2026-04-06T12:30:00Z,P1,1.621,21.1
2026-04-06T12:30:00Z,P2,2.397,21.1
2026-04-06T12:30:00Z,P3,1.403,21.1
2026-04-06T12:45:00Z,P1,1.614,20.9
2026-04-06T12:45:00Z,P2,3.064,20.9
2026-04-06T12:45:00Z,P3,2.142,20.9
2026-04-06T13:00:00Z,P1,1.613,21.1
2026-04-06T13:00:00Z,P2,3.135,21.1
2026-04-06T13:00:00Z,P3,1.966,21.1
2026-04-06T13:15:00Z,P1,0.397,20.8
2026-04-06T13:15:00Z,P2,3.335,20.8
2026-04-06T13:15:00Z,P3,0.331,20.8
2026-04-06T13:30:00Z,P1,0.381,20.8
2026-04-06T13:30:00Z,P2,0.875,20.8
2026-04-06T13:30:00Z,P3,0.301,20.8
2026-04-06T13:45:00Z,P1,1.199,20.9
2026-04-06T13:45:00Z,P2,0.351,20.9
2026-04-06T13:45:00Z,P3,2.044,20.9
2026-04-06T14:00:00Z,P1,1.641,20.8
2026-04-06T14:00:00Z,P2,2.852,20.8
2026-04-06T14:00:00Z,P3,1.662,20.8
2026-04-06T14:15:00Z,P1,1.594,21.3
2026-04-06T14:15:00Z,P2,4.185,21.3
2026-04-06T14:15:00Z,P3,2.122,21.3
2026-04-06T14:30:00Z,P1,0.779,20.7
2026-04-06T14:30:00Z,P2,2.100,20.7
2026-04-06T14:30:00Z,P3,2.183,20.7
2026-04-06T14:45:00Z,P1,0.396,20.9
2026-04-06T14:45:00Z,P2,1.708,20.9
2026-04-06T14:45:00Z,P3,2.196,20.9
2026-04-06T15:00:00Z,P1,1.510,21.0
2026-04-06T15:00:00Z,P2,2.403,21.0
2026-04-06T15:00:00Z,P3,1.452,21.0
2026-04-06T15:15:00Z,P1,3.730,21.0
2026-04-06T15:15:00Z,P2,3.652,21.0
2026-04-06T15:15:00Z,P3,0.416,21.0
2026-04-06T15:30:00Z,P1,3.735,20.6
2026-04-06T15:30:00Z,P2,2.418,20.6
2026-04-06T15:30:00Z,P3,0.443,20.6
2026-04-06T15:45:00Z,P1,3.568,20.6
2026-04-06T15:45:00Z,P2,2.946,20.6
2026-04-06T15:45:00Z,P3,2.148,20.6
2026-04-06T16:00:00Z,P1,2.492,20.6
2026-04-06T16:00:00Z,P2,4.605,20.6
2026-04-06T16:00:00Z,P3,2.889,20.6
2026-04-06T16:15:00Z,P1,3.203,20.3
2026-04-06T16:15:00Z,P2,1.881,20.3
2026-04-06T16:15:00Z,P3,3.408,20.3
2026-04-06T16:30:00Z,P1,3.662,20.5
2026-04-06T16:30:00Z,P2,0.374,20.5
2026-04-06T16:30:00Z,P3,3.695,20.5
2026-04-06T16:45:00Z,P1,3.748,20.6
2026-04-06T16:45:00Z,P2,1.993,20.6
2026-04-06T16:45:00Z,P3,3.744,20.6
2026-04-06T17:00:00Z,P1,3.542,20.3
2026-04-06T17:00:00Z,P2,3.774,20.3
2026-04-06T17:00:00Z,P3,3.708,20.3
2026-04-06T17:15:00Z,P1,0.917,20.4
2026-04-06T17:15:00Z,P2,2.268,20.4
2026-04-06T17:15:00Z,P3,3.656,20.4
2026-04-06T17:30:00Z,P1,0.633,20.5
2026-04-06T17:30:00Z,P2,4.165,20.5
2026-04-06T17:30:00Z,P3,3.657,20.5
2026-04-06T17:45:00Z,P1,1.599,19.8
2026-04-06T17:45:00Z,P2,4.305,19.8
2026-04-06T17:45:00Z,P3,3.631,19.8
2026-04-06T18:00:00Z,P1,1.544,20.0
2026-04-06T18:00:00Z,P2,4.565,20.0
2026-04-06T18:00:00Z,P3,3.652,20.0
2026-04-06T18:15:00Z,P1,1.053,20.0
2026-04-06T18:15:00Z,P2,4.548,20.0
2026-04-06T18:15:00Z,P3,3.680,20.0
2026-04-06T18:30:00Z,P1,0.333,19.9
2026-04-06T18:30:00Z,P2,4.597,19.9
2026-04-06T18:30:00Z,P3,1.836,19.9
2026-04-06T18:45:00Z,P1,0.701,20.1
2026-04-06T18:45:00Z,P2,4.547,20.1
2026-04-06T18:45:00Z,P3,1.809,20.1
2026-04-06T19:00:00Z,P1,1.611,19.8
2026-04-06T19:00:00Z,P2,4.571,19.8
2026-04-06T19:00:00Z,P3,3.440,19.8
2026-04-06T19:15:00Z,P1,1.620,19.6
2026-04-06T19:15:00Z,P2,4.123,19.6
2026-04-06T19:15:00Z,P3,3.609,19.6
2026-04-06T19:30:00Z,P1,1.294,19.6
2026-04-06T19:30:00Z,P2,1.794,19.6
2026-04-06T19:30:00Z,P3,2.943,19.6
2026-04-06T19:45:00Z,P1,0.403,19.5
2026-04-06T19:45:00Z,P2,0.385,19.5
2026-04-06T19:45:00Z,P3,1.816,19.5
2026-04-06T20:00:00Z,P1,0.436,19.4
2026-04-06T20:00:00Z,P2,1.748,19.4
2026-04-06T20:00:00Z,P3,1.719,19.4
2026-04-06T20:15:00Z,P1,1.482,19.1
2026-04-06T20:15:00Z,P2,4.414,19.1
2026-04-06T20:15:00Z,P3,1.920,19.1
2026-04-06T20:30:00Z,P1,1.655,19.2
2026-04-06T20:30:00Z,P2,2.702,19.2
2026-04-06T20:30:00Z,P3,2.119,19.2
2026-04-06T20:45:00Z,P1,1.560,18.4
2026-04-06T20:45:00Z,P2,1.890,18.4
2026-04-06T20:45:00Z,P3,1.326,18.4
2026-04-06T21:00:00Z,P1,0.615,18.8
2026-04-06T21:00:00Z,P2,2.382,18.8
2026-04-06T21:00:00Z,P3,0.465,18.8
2026-04-06T21:15:00Z,P1,0.784,18.5
2026-04-06T21:15:00Z,P2,0.699,18.5
2026-04-06T21:15:00Z,P3,2.209,18.5
2026-04-06T21:30:00Z,P1,1.637,18.6
2026-04-06T21:30:00Z,P2,2.524,18.6
2026-04-06T21:30:00Z,P3,2.172,18.6
2026-04-06T21:45:00Z,P1,1.630,18.8
2026-04-06T21:45:00Z,P2,4.493,18.8
2026-04-06T21:45:00Z,P3,1.050,18.8
2026-04-06T22:00:00Z,P1,0.810,18.6
2026-04-06T22:00:00Z,P2,2.786,18.6
2026-04-06T22:00:00Z,P3,0.386,18.6
2026-04-06T22:15:00Z,P1,0.372,18.4
2026-04-06T22:15:00Z,P2,0.359,18.4
2026-04-06T22:15:00Z,P3,0.743,18.4
2026-04-06T22:30:00Z,P1,0.942,18.7
2026-04-06T22:30:00Z,P2,1.605,18.7
2026-04-06T22:30:00Z,P3,2.113,18.7
2026-04-06T22:45:00Z,P1,1.991,18.2
2026-04-06T22:45:00Z,P2,2.402,18.2
2026-04-06T22:45:00Z,P3,2.166,18.2
2026-04-06T23:00:00Z,P1,1.793,18.2
2026-04-06T23:00:00Z,P2,2.062,18.2
2026-04-06T23:00:00Z,P3,0.578,18.2
2026-04-06T23:15:00Z,P1,1.652,18.1
2026-04-06T23:15:00Z,P2,3.483,18.1
2026-04-06T23:15:00Z,P3,0.363,18.1
2026-04-06T23:30:00Z,P1,1.639,17.9
2026-04-06T23:30:00Z,P2,3.980,17.9
2026-04-06T23:30:00Z,P3,1.789,17.9
2026-04-06T23:45:00Z,P1,1.593,18.0
2026-04-06T23:45:00Z,P2,1.025,18.0
2026-04-06T23:45:00Z,P3,2.190,18.0
2026-04-07T00:00:00Z,P1,1.600,17.9
2026-04-07T00:00:00Z,P2,0.312,17.9
2026-04-07T00:00:00Z,P3,1.279,17.9
2026-04-07T00:15:00Z,P1,1.552,17.8
2026-04-07T00:15:00Z,P2,2.118,17.8
2026-04-07T00:15:00Z,P3,0.344,17.8
2026-04-07T00:30:00Z,P1,1.632,17.9
2026-04-07T00:30:00Z,P2,2.159,17.9
2026-04-07T00:30:00Z,P3,0.986,17.9
2026-04-07T00:45:00Z,P1,1.608,17.7
2026-04-07T00:45:00Z,P2,2.539,17.7
2026-04-07T00:45:00Z,P3,2.150,17.7
2026-04-07T01:00:00Z,P1,1.555,17.7
2026-04-07T01:00:00Z,P2,3.452,17.7
2026-04-07T01:00:00Z,P3,2.178,17.7
2026-04-07T01:15:00Z,P1,1.555,17.9
2026-04-07T01:15:00Z,P2,2.298,17.9
2026-04-07T01:15:00Z,P3,0.493,17.9
2026-04-07T01:30:00Z,P1,0.862,17.6
2026-04-07T01:30:00Z,P2,0.332,17.6
2026-04-07T01:30:00Z,P3,0.318,17.6
2026-04-07T01:45:00Z,P1,0.337,17.9
2026-04-07T01:45:00Z,P2,1.483,17.9
2026-04-07T01:45:00Z,P3,1.486,17.9
2026-04-07T02:00:00Z,P1,0.717,17.9
2026-04-07T02:00:00Z,P2,4.014,17.9
2026-04-07T02:00:00Z,P3,2.155,17.9
2026-04-07T02:15:00Z,P1,1.601,17.8
2026-04-07T02:15:00Z,P2,2.821,17.8
2026-04-07T02:15:00Z,P3,2.151,17.8
2026-04-07T02:30:00Z,P1,1.628,17.7
2026-04-07T02:30:00Z,P2,0.938,17.7
2026-04-07T02:30:00Z,P3,0.337,17.7
2026-04-07T02:45:00Z,P1,0.954,17.9
2026-04-07T02:45:00Z,P2,2.408,17.9
2026-04-07T02:45:00Z,P3,0.294,17.9
2026-04-07T03:00:00Z,P1,0.383,17.9
2026-04-07T03:00:00Z,P2,1.565,17.9
2026-04-07T03:00:00Z,P3,1.420,17.9
2026-04-07T03:15:00Z,P1,0.789,17.5
2026-04-07T03:15:00Z,P2,0.923,17.5
2026-04-07T03:15:00Z,P3,2.126,17.5
2026-04-07T03:30:00Z,P1,1.622,18.0
2026-04-07T03:30:00Z,P2,3.802,18.0
2026-04-07T03:30:00Z,P3,1.448,18.0
2026-04-07T03:45:00Z,P1,1.603,17.7
2026-04-07T03:45:00Z,P2,4.388,17.7
2026-04-07T03:45:00Z,P3,0.358,17.7
2026-04-07T04:00:00Z,P1,1.015,17.7
2026-04-07T04:00:00Z,P2,0.508,17.7
2026-04-07T04:00:00Z,P3,0.597,17.7
2026-04-07T04:15:00Z,P1,0.371,17.8
2026-04-07T04:15:00Z,P2,1.031,17.8
2026-04-07T04:15:00Z,P3,2.167,17.8
2026-04-07T04:30:00Z,P1,0.656,18.0
2026-04-07T04:30:00Z,P2,2.419,18.0
2026-04-07T04:30:00Z,P3,2.149,18.0
2026-04-07T04:45:00Z,P1,1.597,18.0
2026-04-07T04:45:00Z,P2,0.939,18.0
2026-04-07T04:45:00Z,P3,0.875,18.0
2026-04-07T05:00:00Z,P1,1.628,18.3
2026-04-07T05:00:00Z,P2,2.976,18.3
2026-04-07T05:00:00Z,P3,0.373,18.3
2026-04-07T05:15:00Z,P1,1.099,18.1
2026-04-07T05:15:00Z,P2,4.332,18.1
2026-04-07T05:15:00Z,P3,1.175,18.1
2026-04-07T05:30:00Z,P1,0.351,17.9
2026-04-07T05:30:00Z,P2,1.035,17.9
2026-04-07T05:30:00Z,P3,2.158,17.9
2026-04-07T05:45:00Z,P1,0.595,18.4
2026-04-07T05:45:00Z,P2,0.605,18.4
2026-04-07T05:45:00Z,P3,2.174,18.4
2026-04-07T06:00:00Z,P1,1.567,18.5
2026-04-07T06:00:00Z,P2,2.380,18.5
2026-04-07T06:00:00Z,P3,0.584,18.5
2026-04-07T06:15:00Z,P1,1.564,19.0
2026-04-07T06:15:00Z,P2,2.185,19.0
2026-04-07T06:15:00Z,P3,0.396,19.0
2026-04-07T06:30:00Z,P1,1.370,18.7
2026-04-07T06:30:00Z,P2,2.548,18.7
2026-04-07T06:30:00Z,P3,1.561,18.7
2026-04-07T06:45:00Z,P1,0.388,19.0
2026-04-07T06:45:00Z,P2,3.856,19.0
2026-04-07T06:45:00Z,P3,2.143,19.0
2026-04-07T07:00:00Z,P1,0.437,18.9
2026-04-07T07:00:00Z,P2,1.685,18.9
2026-04-07T07:00:00Z,P3,1.803,18.9
2026-04-07T07:15:00Z,P1,1.521,19.4
2026-04-07T07:15:00Z,P2,0.429,19.4
2026-04-07T07:15:00Z,P3,0.961,19.4
2026-04-07T07:30:00Z,P1,1.530,19.4
2026-04-07T07:30:00Z,P2,1.888,19.4
2026-04-07T07:30:00Z,P3,2.191,19.4
2026-04-07T07:45:00Z,P1,2.479,19.2
2026-04-07T07:45:00Z,P2,4.602,19.2
2026-04-07T07:45:00Z,P3,2.157,19.2
2026-04-07T08:00:00Z,P1,2.478,19.4
2026-04-07T08:00:00Z,P2,3.166,19.4
2026-04-07T08:00:00Z,P3,1.363,19.4
2026-04-07T08:15:00Z,P1,2.507,19.2
2026-04-07T08:15:00Z,P2,1.079,19.2
2026-04-07T08:15:00Z,P3,0.317,19.2
2026-04-07T08:30:00Z,P1,3.244,19.3
2026-04-07T08:30:00Z,P2,2.384,19.3
2026-04-07T08:30:00Z,P3,0.549,19.3
2026-04-07T08:45:00Z,P1,3.781,19.5
2026-04-07T08:45:00Z,P2,1.040,19.5
2026-04-07T08:45:00Z,P3,2.116,19.5
2026-04-07T09:00:00Z,P1,3.732,19.9
2026-04-07T09:00:00Z,P2,2.080,19.9
2026-04-07T09:00:00Z,P3,2.189,19.9
2026-04-07T09:15:00Z,P1,3.069,20.1
2026-04-07T09:15:00Z,P2,4.574,20.1
2026-04-07T09:15:00Z,P3,1.192,20.1
2026-04-07T09:30:00Z,P1,2.073,19.7
2026-04-07T09:30:00Z,P2,3.177,19.7
2026-04-07T09:30:00Z,P3,0.356,19.7
2026-04-07T09:45:00Z,P1,2.922,19.9
2026-04-07T09:45:00Z,P2,0.938,19.9
2026-04-07T09:45:00Z,P3,1.062,19.9
2026-04-07T10:00:00Z,P1,3.749,19.7
2026-04-07T10:00:00Z,P2,2.479,19.7
2026-04-07T10:00:00Z,P3,2.157,19.7
2026-04-07T10:15:00Z,P1,3.722,20.2
2026-04-07T10:15:00Z,P2,3.038,20.2
2026-04-07T10:15:00Z,P3,2.204,20.2
2026-04-07T10:30:00Z,P1,3.187,20.3
2026-04-07T10:30:00Z,P2,2.566,20.3
2026-04-07T10:30:00Z,P3,1.946,20.3
2026-04-07T10:45:00Z,P1,2.457,20.1
2026-04-07T10:45:00Z,P2,4.006,20.1
2026-04-07T10:45:00Z,P3,1.817,20.1
2026-04-07T11:00:00Z,P1,2.661,20.6
2026-04-07T11:00:00Z,P2,2.088,20.6
2026-04-07T11:00:00Z,P3,2.485,20.6
2026-04-07T11:15:00Z,P1,3.684,20.2
2026-04-07T11:15:00Z,P2,1.411,20.2
2026-04-07T11:15:00Z,P3,3.730,20.2
2026-04-07T11:30:00Z,P1,3.751,20.5
2026-04-07T11:30:00Z,P2,3.314,20.5
2026-04-07T11:30:00Z,P3,3.632,20.5
2026-04-07T11:45:00Z,P1,3.493,20.8
2026-04-07T11:45:00Z,P2,4.589,20.8
2026-04-07T11:45:00Z,P3,2.040,20.8
2026-04-07T12:00:00Z,P1,2.398,21.0
2026-04-07T12:00:00Z,P2,2.007,21.0
2026-04-07T12:00:00Z,P3,1.811,21.0
2026-04-07T12:15:00Z,P1,2.482,20.9
2026-04-07T12:15:00Z,P2,0.361,20.9
2026-04-07T12:15:00Z,P3,1.776,20.9
2026-04-07T12:30:00Z,P1,3.621,20.5
2026-04-07T12:30:00Z,P2,2.337,20.5
2026-04-07T12:30:00Z,P3,2.157,20.5
2026-04-07T12:45:00Z,P1,3.772,20.8
2026-04-07T12:45:00Z,P2,2.613,20.8
2026-04-07T12:45:00Z,P3,2.163,20.8
2026-04-07T13:00:00Z,P1,2.211,20.8
2026-04-07T13:00:00Z,P2,2.472,20.8
2026-04-07T13:00:00Z,P3,0.369,20.8
2026-04-07T13:15:00Z,P1,0.422,20.8
2026-04-07T13:15:00Z,P2,3.902,20.8
2026-04-07T13:15:00Z,P3,0.350,20.8
2026-04-07T13:30:00Z,P1,0.368,20.9
2026-04-07T13:30:00Z,P2,2.389,20.9
2026-04-07T13:30:00Z,P3,1.585,20.9
2026-04-07T13:45:00Z,P1,1.266,20.9
2026-04-07T13:45:00Z,P2,0.667,20.9
2026-04-07T13:45:00Z,P3,0.385,20.9
2026-04-07T14:00:00Z,P1,1.602,20.8
2026-04-07T14:00:00Z,P2,0.605,20.8
2026-04-07T14:00:00Z,P3,0.309,20.8
2026-04-07T14:15:00Z,P1,1.592,20.5
2026-04-07T14:15:00Z,P2,3.995,20.5
2026-04-07T14:15:00Z,P3,0.345,20.5
2026-04-07T14:30:00Z,P1,0.551,20.9
2026-04-07T14:30:00Z,P2,3.649,20.9
2026-04-07T14:30:00Z,P3,1.908,20.9
2026-04-07T14:45:00Z,P1,0.370,21.1
2026-04-07T14:45:00Z,P2,1.535,21.1
2026-04-07T14:45:00Z,P3,2.233,21.1
2026-04-07T15:00:00Z,P1,0.950,20.8
2026-04-07T15:00:00Z,P2,2.425,20.8
2026-04-07T15:00:00Z,P3,0.902,20.8
2026-04-07T15:15:00Z,P1,1.595,20.9
2026-04-07T15:15:00Z,P2,1.839,20.9
2026-04-07T15:15:00Z,P3,0.609,20.9
2026-04-07T15:30:00Z,P1,1.532,20.9
2026-04-07T15:30:00Z,P2,1.813,20.9
2026-04-07T15:30:00Z,P3,1.709,20.9
2026-04-07T15:45:00Z,P1,1.605,20.8
2026-04-07T15:45:00Z,P2,4.205,20.8
2026-04-07T15:45:00Z,P3,2.198,20.8
2026-04-07T16:00:00Z,P1,0.417,20.8
2026-04-07T16:00:00Z,P2,4.142,20.8
2026-04-07T16:00:00Z,P3,2.078,20.8
2026-04-07T16:15:00Z,P1,0.956,20.8
2026-04-07T16:15:00Z,P2,1.210,20.8
2026-04-07T16:15:00Z,P3,1.976,20.8
2026-04-07T16:30:00Z,P1,3.400,20.8
2026-04-07T16:30:00Z,P2,2.759,20.8
2026-04-07T16:30:00Z,P3,2.108,20.8
2026-04-07T16:45:00Z,P1,3.731,21.0
2026-04-07T16:45:00Z,P2,4.060,21.0
2026-04-07T16:45:00Z,P3,2.195,21.0
2026-04-07T17:00:00Z,P1,3.711,20.3
2026-04-07T17:00:00Z,P2,4.009,20.3
2026-04-07T17:00:00Z,P3,3.583,20.3
2026-04-07T17:15:00Z,P1,3.137,20.5
2026-04-07T17:15:00Z,P2,4.171,20.5
2026-04-07T17:15:00Z,P3,3.678,20.5
2026-04-07T17:30:00Z,P1,4.118,20.1
2026-04-07T17:30:00Z,P2,4.568,20.1
2026-04-07T17:30:00Z,P3,3.584,20.1
2026-04-07T17:45:00Z,P1,3.976,20.3
2026-04-07T17:45:00Z,P2,4.575,20.3
2026-04-07T17:45:00Z,P3,3.659,20.3
2026-04-07T18:00:00Z,P1,3.710,20.3
2026-04-07T18:00:00Z,P2,4.630,20.3
2026-04-07T18:00:00Z,P3,3.651,20.3
2026-04-07T18:15:00Z,P1,2.755,20.1
2026-04-07T18:15:00Z,P2,4.547,20.1
2026-04-07T18:15:00Z,P3,3.524,20.1
2026-04-07T18:30:00Z,P1,1.573,20.2
2026-04-07T18:30:00Z,P2,4.596,20.2
2026-04-07T18:30:00Z,P3,1.369,20.2
2026-04-07T18:45:00Z,P1,1.632,20.0
2026-04-07T18:45:00Z,P2,2.700,20.0
2026-04-07T18:45:00Z,P3,0.387,20.0
2026-04-07T19:00:00Z,P1,1.575,19.9
2026-04-07T19:00:00Z,P2,1.780,19.9
2026-04-07T19:00:00Z,P3,1.968,19.9
2026-04-07T19:15:00Z,P1,1.571,19.6
2026-04-07T19:15:00Z,P2,3.257,19.6
2026-04-07T19:15:00Z,P3,2.148,19.6
2026-04-07T19:30:00Z,P1,1.620,19.6
2026-04-07T19:30:00Z,P2,2.534,19.6
2026-04-07T19:30:00Z,P3,1.817,19.6
2026-04-07T19:45:00Z,P1,1.603,19.5
2026-04-07T19:45:00Z,P2,1.993,19.5
2026-04-07T19:45:00Z,P3,0.251,19.5
2026-04-07T20:00:00Z,P1,0.349,19.3
2026-04-07T20:00:00Z,P2,2.379,19.3
2026-04-07T20:00:00Z,P3,0.361,19.3
2026-04-07T20:15:00Z,P1,0.372,19.2
2026-04-07T20:15:00Z,P2,1.581,19.2
2026-04-07T20:15:00Z,P3,1.941,19.2
2026-04-07T20:30:00Z,P1,1.223,19.3
2026-04-07T20:30:00Z,P2,2.443,19.3
2026-04-07T20:30:00Z,P3,2.151,19.3
2026-04-07T20:45:00Z,P1,1.597,19.3
2026-04-07T20:45:00Z,P2,4.536,19.3
2026-04-07T20:45:00Z,P3,2.083,19.3
2026-04-07T21:00:00Z,P1,1.577,19.1
2026-04-07T21:00:00Z,P2,3.674,19.1
2026-04-07T21:00:00Z,P3,0.351,19.1
2026-04-07T21:15:00Z,P1,0.621,18.7
2026-04-07T21:15:00Z,P2,0.728,18.7
2026-04-07T21:15:00Z,P3,0.334,18.7
2026-04-07T21:30:00Z,P1,0.331,18.6
2026-04-07T21:30:00Z,P2,2.228,18.6
2026-04-07T21:30:00Z,P3,1.672,18.6
2026-04-07T21:45:00Z,P1,1.089,18.4
2026-04-07T21:45:00Z,P2,1.690,18.4
2026-04-07T21:45:00Z,P3,2.221,18.4
2026-04-07T22:00:00Z,P1,1.561,18.4
2026-04-07T22:00:00Z,P2,0.460,18.4
2026-04-07T22:00:00Z,P3,1.628,18.4
2026-04-07T22:15:00Z,P1,1.629,18.5
2026-04-07T22:15:00Z,P2,4.205,18.5
2026-04-07T22:15:00Z,P3,0.310,18.5
2026-04-07T22:30:00Z,P1,0.521,18.7
2026-04-07T22:30:00Z,P2,4.022,18.7
2026-04-07T22:30:00Z,P3,0.355,18.7
2026-04-07T22:45:00Z,P1,0.368,18.1
2026-04-07T22:45:00Z,P2,0.365,18.1
2026-04-07T22:45:00Z,P3,1.813,18.1
2026-04-07T23:00:00Z,P1,0.942,18.3
2026-04-07T23:00:00Z,P2,1.392,18.3
2026-04-07T23:00:00Z,P3,2.169,18.3
2026-04-07T23:15:00Z,P1,1.652,18.1
2026-04-07T23:15:00Z,P2,2.385,18.1
2026-04-07T23:15:00Z,P3,0.997,18.1
2026-04-07T23:30:00Z,P1,1.596,17.9
2026-04-07T23:30:00Z,P2,1.482,17.9
2026-04-07T23:30:00Z,P3,0.366,17.9
2026-04-07T23:45:00Z,P1,1.064,18.2
2026-04-07T23:45:00Z,P2,2.964,18.2
2026-04-07T23:45:00Z,P3,0.982,18.2
2026-04-08T00:00:00Z,P1,0.343,17.9
2026-04-08T00:00:00Z,P2,4.279,17.9
2026-04-08T00:00:00Z,P3,2.157,17.9
2026-04-08T00:15:00Z,P1,0.493,17.9
2026-04-08T00:15:00Z,P2,1.607,17.9
2026-04-08T00:15:00Z,P3,2.178,17.9
2026-04-08T00:30:00Z,P1,1.263,18.0
2026-04-08T00:30:00Z,P2,0.367,18.0
2026-04-08T00:30:00Z,P3,0.480,18.0
2026-04-08T00:45:00Z,P1,1.290,17.8
2026-04-08T00:45:00Z,P2,1.972,17.8
2026-04-08T00:45:00Z,P3,0.358,17.8
2026-04-08T01:00:00Z,P1,1.261,17.7
2026-04-08T01:00:00Z,P2,3.965,17.7
2026-04-08T01:00:00Z,P3,1.506,17.7
2026-04-08T01:15:00Z,P1,1.239,17.6
2026-04-08T01:15:00Z,P2,2.537,17.6
2026-04-08T01:15:00Z,P3,2.157,17.6
2026-04-08T01:30:00Z,P1,1.606,17.7
2026-04-08T01:30:00Z,P2,3.015,17.7
2026-04-08T01:30:00Z,P3,1.233,17.7
2026-04-08T01:45:00Z,P1,1.607,17.7
2026-04-08T01:45:00Z,P2,2.272,17.7
2026-04-08T01:45:00Z,P3,0.318,17.7
2026-04-08T02:00:00Z,P1,1.599,17.6
2026-04-08T02:00:00Z,P2,0.387,17.6
2026-04-08T02:00:00Z,P3,0.747,17.6
2026-04-08T02:15:00Z,P1,1.561,17.6
2026-04-08T02:15:00Z,P2,1.449,17.6
2026-04-08T02:15:00Z,P3,2.167,17.6
2026-04-08T02:30:00Z,P1,1.604,18.2
2026-04-08T02:30:00Z,P2,4.564,18.2
2026-04-08T02:30:00Z,P3,2.060,18.2
2026-04-08T02:45:00Z,P1,1.607,17.7
2026-04-08T02:45:00Z,P2,2.685,17.7
2026-04-08T02:45:00Z,P3,0.338,17.7
2026-04-08T03:00:00Z,P1,0.668,17.8
2026-04-08T03:00:00Z,P2,2.136,17.8
2026-04-08T03:00:00Z,P3,0.342,17.8
2026-04-08T03:15:00Z,P1,0.357,18.0
2026-04-08T03:15:00Z,P2,2.414,18.0
2026-04-08T03:15:00Z,P3,1.377,18.0
2026-04-08T03:30:00Z,P1,1.058,17.9
2026-04-08T03:30:00Z,P2,1.067,17.9
2026-04-08T03:30:00Z,P3,2.188,17.9
2026-04-08T03:45:00Z,P1,1.564,17.8
2026-04-08T03:45:00Z,P2,1.205,17.8
2026-04-08T03:45:00Z,P3,1.916,17.8
2026-04-08T04:00:00Z,P1,1.618,17.8
2026-04-08T04:00:00Z,P2,4.159,17.8
2026-04-08T04:00:00Z,P3,0.330,17.8
2026-04-08T04:15:00Z,P1,0.948,18.3
2026-04-08T04:15:00Z,P2,3.309,18.3
2026-04-08T04:15:00Z,P3,0.383,18.3
2026-04-08T04:30:00Z,P1,0.315,17.9
2026-04-08T04:30:00Z,P2,0.360,17.9
2026-04-08T04:30:00Z,P3,1.233,17.9
2026-04-08T04:45:00Z,P1,0.345,17.9
2026-04-08T04:45:00Z,P2,1.376,17.9
2026-04-08T04:45:00Z,P3,2.165,17.9
2026-04-08T05:00:00Z,P1,1.612,18.3
2026-04-08T05:00:00Z,P2,2.812,18.3
2026-04-08T05:00:00Z,P3,2.108,18.3
2026-04-08T05:15:00Z,P1,1.549,18.3
2026-04-08T05:15:00Z,P2,2.915,18.3
2026-04-08T05:15:00Z,P3,0.329,18.3
2026-04-08T05:30:00Z,P1,1.354,18.4
2026-04-08T05:30:00Z,P2,2.414,18.4
2026-04-08T05:30:00Z,P3,0.350,18.4
2026-04-08T05:45:00Z,P1,0.365,18.3
2026-04-08T05:45:00Z,P2,2.380,18.3
2026-04-08T05:45:00Z,P3,1.106,18.3
2026-04-08T06:00:00Z,P1,0.407,18.7
2026-04-08T06:00:00Z,P2,1.559,18.7
2026-04-08T06:00:00Z,P3,2.164,18.7
2026-04-08T06:15:00Z,P1,1.624,18.4
2026-04-08T06:15:00Z,P2,0.275,18.4
2026-04-08T06:15:00Z,P3,2.035,18.4
2026-04-08T06:30:00Z,P1,1.644,18.6
2026-04-08T06:30:00Z,P2,2.815,18.6
2026-04-08T06:30:00Z,P3,0.345,18.6
2026-04-08T06:45:00Z,P1,1.568,18.7
2026-04-08T06:45:00Z,P2,4.026,18.7
2026-04-08T06:45:00Z,P3,0.402,18.7
2026-04-08T07:00:00Z,P1,0.594,18.8
2026-04-08T07:00:00Z,P2,1.761,18.8
2026-04-08T07:00:00Z,P3,1.467,18.8
2026-04-08T07:15:00Z,P1,0.358,19.0
2026-04-08T07:15:00Z,P2,1.982,19.0
2026-04-08T07:15:00Z,P3,2.204,19.0
2026-04-08T07:30:00Z,P1,1.250,19.0
2026-04-08T07:30:00Z,P2,3.636,19.0
2026-04-08T07:30:00Z,P3,1.696,19.0
2026-04-08T07:45:00Z,P1,1.581,19.1
2026-04-08T07:45:00Z,P2,2.518,19.1
2026-04-08T07:45:00Z,P3,0.297,19.1
2026-04-08T08:00:00Z,P1,1.626,19.4
2026-04-08T08:00:00Z,P2,3.465,19.4
2026-04-08T08:00:00Z,P3,0.341,19.4
2026-04-08T08:15:00Z,P1,1.823,19.6
2026-04-08T08:15:00Z,P2,2.448,19.6
2026-04-08T08:15:00Z,P3,1.637,19.6
2026-04-08T08:30:00Z,P1,2.467,19.4
2026-04-08T08:30:00Z,P2,0.313,19.4
2026-04-08T08:30:00Z,P3,2.157,19.4
2026-04-08T08:45:00Z,P1,3.428,19.5
2026-04-08T08:45:00Z,P2,1.032,19.5
2026-04-08T08:45:00Z,P3,1.677,19.5
2026-04-08T09:00:00Z,P1,3.780,19.8
2026-04-08T09:00:00Z,P2,4.557,19.8
2026-04-08T09:00:00Z,P3,0.356,19.8
2026-04-08T09:15:00Z,P1,4.102,20.0
2026-04-08T09:15:00Z,P2,4.003,20.0
2026-04-08T09:15:00Z,P3,0.303,20.0
2026-04-08T09:30:00Z,P1,4.030,20.0
2026-04-08T09:30:00Z,P2,0.637,20.0
2026-04-08T09:30:00Z,P3,3.070,20.0
2026-04-08T09:45:00Z,P1,2.888,20.1
2026-04-08T09:45:00Z,P2,1.869,20.1
2026-04-08T09:45:00Z,P3,3.676,20.1
2026-04-08T10:00:00Z,P1,1.554,20.0
2026-04-08T10:00:00Z,P2,2.540,20.0
2026-04-08T10:00:00Z,P3,2.892,20.0
2026-04-08T10:15:00Z,P1,1.576,20.3
2026-04-08T10:15:00Z,P2,2.582,20.3
2026-04-08T10:15:00Z,P3,1.817,20.3
2026-04-08T10:30:00Z,P1,1.612,20.4
2026-04-08T10:30:00Z,P2,3.036,20.4
2026-04-08T10:30:00Z,P3,1.802,20.4
2026-04-08T10:45:00Z,P1,1.603,20.9
2026-04-08T10:45:00Z,P2,2.424,20.9
2026-04-08T10:45:00Z,P3,3.267,20.9
2026-04-08T11:00:00Z,P1,1.634,20.3
2026-04-08T11:00:00Z,P2,1.158,20.3
2026-04-08T11:00:00Z,P3,2.874,20.3
2026-04-08T11:15:00Z,P1,1.622,20.6
2026-04-08T11:15:00Z,P2,1.188,20.6
2026-04-08T11:15:00Z,P3,1.886,20.6
2026-04-08T11:30:00Z,P1,1.618,20.5
2026-04-08T11:30:00Z,P2,4.466,20.5
2026-04-08T11:30:00Z,P3,1.667,20.5
2026-04-08T11:45:00Z,P1,1.036,20.9
2026-04-08T11:45:00Z,P2,2.930,20.9
2026-04-08T11:45:00Z,P3,1.340,20.9
2026-04-08T12:00:00Z,P1,0.319,20.8
2026-04-08T12:00:00Z,P2,1.879,20.8
2026-04-08T12:00:00Z,P3,0.413,20.8
2026-04-08T12:15:00Z,P1,1.257,21.2
2026-04-08T12:15:00Z,P2,2.451,21.2
2026-04-08T12:15:00Z,P3,0.344,21.2
2026-04-08T12:30:00Z,P1,2.494,20.8
2026-04-08T12:30:00Z,P2,3.237,20.8
2026-04-08T12:30:00Z,P3,0.381,20.8
2026-04-08T12:45:00Z,P1,3.723,20.7
2026-04-08T12:45:00Z,P2,3.021,20.7
2026-04-08T12:45:00Z,P3,1.167,20.7
2026-04-08T13:00:00Z,P1,3.715,20.8
2026-04-08T13:00:00Z,P2,2.751,20.8
2026-04-08T13:00:00Z,P3,2.194,20.8
2026-04-08T13:15:00Z,P1,3.740,20.9
2026-04-08T13:15:00Z,P2,4.576,20.9
2026-04-08T13:15:00Z,P3,1.667,20.9
2026-04-08T13:30:00Z,P1,2.543,21.1
2026-04-08T13:30:00Z,P2,2.242,21.1
2026-04-08T13:30:00Z,P3,2.192,21.1
2026-04-08T13:45:00Z,P1,2.518,21.0
2026-04-08T13:45:00Z,P2,0.678,21.0
2026-04-08T13:45:00Z,P3,2.176,21.0
2026-04-08T14:00:00Z,P1,3.531,20.8
2026-04-08T14:00:00Z,P2,2.400,20.8
2026-04-08T14:00:00Z,P3,2.197,20.8
2026-04-08T14:15:00Z,P1,3.707,20.7
2026-04-08T14:15:00Z,P2,2.008,20.7
2026-04-08T14:15:00Z,P3,3.073,20.7
2026-04-08T14:30:00Z,P1,3.739,21.1
2026-04-08T14:30:00Z,P2,2.519,21.1
2026-04-08T14:30:00Z,P3,3.658,21.1
2026-04-08T14:45:00Z,P1,2.933,21.2
2026-04-08T14:45:00Z,P2,4.009,21.2
2026-04-08T14:45:00Z,P3,3.620,21.2
2026-04-08T15:00:00Z,P1,2.507,20.9
2026-04-08T15:00:00Z,P2,4.583,20.9
2026-04-08T15:00:00Z,P3,3.643,20.9
2026-04-08T15:15:00Z,P1,2.970,20.7
2026-04-08T15:15:00Z,P2,3.908,20.7
2026-04-08T15:15:00Z,P3,3.655,20.7
2026-04-08T15:30:00Z,P1,3.194,20.7
2026-04-08T15:30:00Z,P2,0.440,20.7
2026-04-08T15:30:00Z,P3,3.533,20.7
2026-04-08T15:45:00Z,P1,1.607,21.1
2026-04-08T15:45:00Z,P2,1.412,21.1
2026-04-08T15:45:00Z,P3,1.495,21.1
2026-04-08T16:00:00Z,P1,1.568,20.6
2026-04-08T16:00:00Z,P2,2.388,20.6
2026-04-08T16:00:00Z,P3,1.223,20.6
2026-04-08T16:15:00Z,P1,0.334,20.5
2026-04-08T16:15:00Z,P2,2.188,20.5
2026-04-08T16:15:00Z,P3,1.931,20.5
2026-04-08T16:30:00Z,P1,0.332,20.4
2026-04-08T16:30:00Z,P2,3.075,20.4
2026-04-08T16:30:00Z,P3,3.293,20.4
2026-04-08T16:45:00Z,P1,1.405,20.4
2026-04-08T16:45:00Z,P2,3.532,20.4
2026-04-08T16:45:00Z,P3,3.817,20.4
2026-04-08T17:00:00Z,P1,1.583,20.7
2026-04-08T17:00:00Z,P2,2.600,20.7
2026-04-08T17:00:00Z,P3,3.658,20.7
2026-04-08T17:15:00Z,P1,1.550,20.1
2026-04-08T17:15:00Z,P2,2.364,20.1
2026-04-08T17:15:00Z,P3,3.681,20.1
2026-04-08T17:30:00Z,P1,0.536,20.3
2026-04-08T17:30:00Z,P2,4.100,20.3
2026-04-08T17:30:00Z,P3,3.699,20.3
2026-04-08T17:45:00Z,P1,0.334,20.0
2026-04-08T17:45:00Z,P2,4.282,20.0
2026-04-08T17:45:00Z,P3,3.680,20.0
2026-04-08T18:00:00Z,P1,1.193,20.2
2026-04-08T18:00:00Z,P2,4.575,20.2
2026-04-08T18:00:00Z,P3,3.650,20.2
2026-04-08T18:15:00Z,P1,1.613,19.5
2026-04-08T18:15:00Z,P2,4.568,19.5
2026-04-08T18:15:00Z,P3,2.765,19.5
2026-04-08T18:30:00Z,P1,1.643,19.6
2026-04-08T18:30:00Z,P2,4.657,19.6
2026-04-08T18:30:00Z,P3,1.844,19.6
2026-04-08T18:45:00Z,P1,0.519,20.0
2026-04-08T18:45:00Z,P2,4.555,20.0
2026-04-08T18:45:00Z,P3,1.946,20.0
2026-04-08T19:00:00Z,P1,0.301,19.7
2026-04-08T19:00:00Z,P2,4.282,19.7
2026-04-08T19:00:00Z,P3,3.727,19.7
2026-04-08T19:15:00Z,P1,1.228,19.6
2026-04-08T19:15:00Z,P2,2.415,19.6
2026-04-08T19:15:00Z,P3,3.631,19.6
2026-04-08T19:30:00Z,P1,1.594,19.7
2026-04-08T19:30:00Z,P2,2.409,19.7
2026-04-08T19:30:00Z,P3,2.009,19.7
2026-04-08T19:45:00Z,P1,1.630,19.0
2026-04-08T19:45:00Z,P2,0.939,19.0
2026-04-08T19:45:00Z,P3,0.318,19.0
2026-04-08T20:00:00Z,P1,0.831,19.4
2026-04-08T20:00:00Z,P2,2.188,19.4
2026-04-08T20:00:00Z,P3,1.086,19.4
2026-04-08T20:15:00Z,P1,0.317,19.2
2026-04-08T20:15:00Z,P2,4.569,19.2
2026-04-08T20:15:00Z,P3,2.174,19.2
2026-04-08T20:30:00Z,P1,0.906,19.0
2026-04-08T20:30:00Z,P2,2.203,19.0
2026-04-08T20:30:00Z,P3,1.659,19.0
2026-04-08T20:45:00Z,P1,1.905,19.3
2026-04-08T20:45:00Z,P2,0.564,19.3
2026-04-08T20:45:00Z,P3,0.328,19.3
2026-04-08T21:00:00Z,P1,3.738,18.7
2026-04-08T21:00:00Z,P2,2.439,18.7
2026-04-08T21:00:00Z,P3,0.413,18.7
2026-04-08T21:15:00Z,P1,3.175,18.8
2026-04-08T21:15:00Z,P2,2.888,18.8
2026-04-08T21:15:00Z,P3,2.145,18.8
2026-04-08T21:30:00Z,P1,2.493,18.6
2026-04-08T21:30:00Z,P2,2.492,18.6
2026-04-08T21:30:00Z,P3,2.173,18.6
2026-04-08T21:45:00Z,P1,2.621,18.5
2026-04-08T21:45:00Z,P2,3.357,18.5
2026-04-08T21:45:00Z,P3,1.074,18.5
2026-04-08T22:00:00Z,P1,3.705,18.8
2026-04-08T22:00:00Z,P2,1.770,18.8
2026-04-08T22:00:00Z,P3,0.359,18.8
2026-04-08T22:15:00Z,P1,3.747,18.6
2026-04-08T22:15:00Z,P2,0.349,18.6
2026-04-08T22:15:00Z,P3,1.102,18.6
2026-04-08T22:30:00Z,P1,3.547,17.9
2026-04-08T22:30:00Z,P2,2.865,17.9
2026-04-08T22:30:00Z,P3,2.179,17.9
2026-04-08T22:45:00Z,P1,2.001,18.0
2026-04-08T22:45:00Z,P2,4.596,18.0
2026-04-08T22:45:00Z,P3,1.480,18.0
2026-04-08T23:00:00Z,P1,2.205,18.3
2026-04-08T23:00:00Z,P2,2.194,18.3
2026-04-08T23:00:00Z,P3,0.355,18.3
2026-04-08T23:15:00Z,P1,3.390,18.2
2026-04-08T23:15:00Z,P2,1.219,18.2
2026-04-08T23:15:00Z,P3,0.314,18.2
2026-04-08T23:30:00Z,P1,3.682,18.6
2026-04-08T23:30:00Z,P2,2.401,18.6
2026-04-08T23:30:00Z,P3,1.696,18.6
2026-04-08T23:45:00Z,P1,3.768,17.9
2026-04-08T23:45:00Z,P2,0.687,17.9
2026-04-08T23:45:00Z,P3,2.119,17.9
2026-04-09T00:00:00Z,P1,2.433,18.3
2026-04-09T00:00:00Z,P2,1.407,18.3
2026-04-09T00:00:00Z,P3,1.802,18.3
2026-04-09T00:15:00Z,P1,2.472,18.0
2026-04-09T00:15:00Z,P2,4.549,18.0
2026-04-09T00:15:00Z,P3,0.311,18.0
2026-04-09T00:30:00Z,P1,3.330,17.7
2026-04-09T00:30:00Z,P2,3.067,17.7
2026-04-09T00:30:00Z,P3,0.375,17.7
2026-04-09T00:45:00Z,P1,3.700,17.8
2026-04-09T00:45:00Z,P2,0.664,17.8
2026-04-09T00:45:00Z,P3,1.726,17.8
2026-04-09T01:00:00Z,P1,3.754,17.9
2026-04-09T01:00:00Z,P2,2.426,17.9
2026-04-09T01:00:00Z,P3,2.178,17.9
2026-04-09T01:15:00Z,P1,3.484,17.9
2026-04-09T01:15:00Z,P2,1.432,17.9
2026-04-09T01:15:00Z,P3,1.163,17.9
2026-04-09T01:30:00Z,P1,2.691,18.1
2026-04-09T01:30:00Z,P2,2.094,18.1
2026-04-09T01:30:00Z,P3,0.334,18.1
2026-04-09T01:45:00Z,P1,1.301,17.7
2026-04-09T01:45:00Z,P2,4.297,17.7
2026-04-09T01:45:00Z,P3,0.373,17.7
2026-04-09T02:00:00Z,P1,1.268,17.7
2026-04-09T02:00:00Z,P2,2.079,17.7
2026-04-09T02:00:00Z,P3,2.129,17.7
2026-04-09T02:15:00Z,P1,1.315,17.5
2026-04-09T02:15:00Z,P2,0.344,17.5
2026-04-09T02:15:00Z,P3,2.152,17.5
2026-04-09T02:30:00Z,P1,1.305,17.9
2026-04-09T02:30:00Z,P2,2.114,17.9
2026-04-09T02:30:00Z,P3,0.681,17.9
2026-04-09T02:45:00Z,P1,1.626,17.3
2026-04-09T02:45:00Z,P2,2.114,17.3
2026-04-09T02:45:00Z,P3,0.357,17.3
2026-04-09T03:00:00Z,P1,1.590,17.8
2026-04-09T03:00:00Z,P2,2.592,17.8
2026-04-09T03:00:00Z,P3,0.355,17.8
2026-04-09T03:15:00Z,P1,1.629,18.0
2026-04-09T03:15:00Z,P2,3.033,18.0
2026-04-09T03:15:00Z,P3,2.218,18.0
2026-04-09T03:30:00Z,P1,1.615,18.1
2026-04-09T03:30:00Z,P2,2.411,18.1
2026-04-09T03:30:00Z,P3,2.191,18.1
2026-04-09T03:45:00Z,P1,1.603,17.9
2026-04-09T03:45:00Z,P2,0.724,17.9
2026-04-09T03:45:00Z,P3,0.847,17.9
2026-04-09T04:00:00Z,P1,1.625,18.1
2026-04-09T04:00:00Z,P2,0.753,18.1
2026-04-09T04:00:00Z,P3,0.383,18.1
2026-04-09T04:15:00Z,P1,1.602,17.9
2026-04-09T04:15:00Z,P2,4.613,17.9
2026-04-09T04:15:00Z,P3,0.837,17.9
2026-04-09T04:30:00Z,P1,1.637,18.3
2026-04-09T04:30:00Z,P2,3.322,18.3
2026-04-09T04:30:00Z,P3,2.238,18.3
2026-04-09T04:45:00Z,P1,1.634,18.0
2026-04-09T04:45:00Z,P2,0.323,18.0
2026-04-09T04:45:00Z,P3,2.183,18.0
2026-04-09T05:00:00Z,P1,1.572,18.3
2026-04-09T05:00:00Z,P2,2.300,18.3
2026-04-09T05:00:00Z,P3,0.347,18.3
2026-04-09T05:15:00Z,P1,1.084,18.2
2026-04-09T05:15:00Z,P2,2.395,18.2
2026-04-09T05:15:00Z,P3,0.367,18.2
2026-04-09T05:30:00Z,P1,0.298,18.2
2026-04-09T05:30:00Z,P2,2.519,18.2
2026-04-09T05:30:00Z,P3,1.439,18.2
2026-04-09T05:45:00Z,P1,0.425,18.7
2026-04-09T05:45:00Z,P2,3.472,18.7
2026-04-09T05:45:00Z,P3,2.192,18.7
2026-04-09T06:00:00Z,P1,1.657,18.8
2026-04-09T06:00:00Z,P2,2.242,18.8
2026-04-09T06:00:00Z,P3,1.699,18.8
2026-04-09T06:15:00Z,P1,1.543,18.9
2026-04-09T06:15:00Z,P2,0.317,18.9
2026-04-09T06:15:00Z,P3,0.361,18.9
2026-04-09T06:30:00Z,P1,1.438,18.5
2026-04-09T06:30:00Z,P2,1.162,18.5
2026-04-09T06:30:00Z,P3,0.317,18.5
2026-04-09T06:45:00Z,P1,0.376,18.7
2026-04-09T06:45:00Z,P2,4.571,18.7
2026-04-09T06:45:00Z,P3,1.526,18.7
2026-04-09T07:00:00Z,P1,0.353,18.8
2026-04-09T07:00:00Z,P2,3.300,18.8
2026-04-09T07:00:00Z,P3,2.213,18.8
2026-04-09T07:15:00Z,P1,1.280,19.0
2026-04-09T07:15:00Z,P2,1.692,19.0
2026-04-09T07:15:00Z,P3,1.434,19.0
2026-04-09T07:30:00Z,P1,1.565,19.5
2026-04-09T07:30:00Z,P2,2.112,19.5
2026-04-09T07:30:00Z,P3,0.383,19.5
2026-04-09T07:45:00Z,P1,1.603,19.3
2026-04-09T07:45:00Z,P2,2.384,19.3
2026-04-09T07:45:00Z,P3,1.693,19.3
2026-04-09T08:00:00Z,P1,0.680,19.2
2026-04-09T08:00:00Z,P2,0.397,19.2
2026-04-09T08:00:00Z,P3,2.451,19.2
2026-04-09T08:15:00Z,P1,0.397,19.4
2026-04-09T08:15:00Z,P2,3.065,19.4
2026-04-09T08:15:00Z,P3,3.518,19.4
2026-04-09T08:30:00Z,P1,2.058,19.3
2026-04-09T08:30:00Z,P2,4.565,19.3
2026-04-09T08:30:00Z,P3,1.875,19.3
2026-04-09T08:45:00Z,P1,3.676,19.8
2026-04-09T08:45:00Z,P2,1.143,19.8
2026-04-09T08:45:00Z,P3,1.859,19.8
2026-04-09T09:00:00Z,P1,3.702,20.2
2026-04-09T09:00:00Z,P2,0.478,20.2
2026-04-09T09:00:00Z,P3,2.633,20.2
2026-04-09T09:15:00Z,P1,3.101,20.0
2026-04-09T09:15:00Z,P2,2.414,20.0
2026-04-09T09:15:00Z,P3,3.196,20.0
2026-04-09T09:30:00Z,P1,2.486,20.0
2026-04-09T09:30:00Z,P2,3.570,20.0
2026-04-09T09:30:00Z,P3,3.524,20.0
2026-04-09T09:45:00Z,P1,2.916,20.1
2026-04-09T09:45:00Z,P2,3.517,20.1
2026-04-09T09:45:00Z,P3,2.192,20.1
2026-04-09T10:00:00Z,P1,3.695,20.2
2026-04-09T10:00:00Z,P2,2.865,20.2
2026-04-09T10:00:00Z,P3,2.150,20.2
2026-04-09T10:15:00Z,P1,3.721,20.0
2026-04-09T10:15:00Z,P2,1.861,20.0
2026-04-09T10:15:00Z,P3,0.666,20.0
2026-04-09T10:30:00Z,P1,2.392,20.2
2026-04-09T10:30:00Z,P2,0.333,20.2
2026-04-09T10:30:00Z,P3,0.341,20.2
2026-04-09T10:45:00Z,P1,0.352,20.2
2026-04-09T10:45:00Z,P2,3.785,20.2
2026-04-09T10:45:00Z,P3,1.184,20.2
2026-04-09T11:00:00Z,P1,0.318,20.7
2026-04-09T11:00:00Z,P2,4.531,20.7
2026-04-09T11:00:00Z,P3,1.712,20.7
2026-04-09T11:15:00Z,P1,1.345,20.5
2026-04-09T11:15:00Z,P2,4.309,20.5
2026-04-09T11:15:00Z,P3,2.185,20.5
2026-04-09T11:30:00Z,P1,1.584,20.8
2026-04-09T11:30:00Z,P2,0.357,20.8
2026-04-09T11:30:00Z,P3,2.133,20.8
2026-04-09T11:45:00Z,P1,1.621,20.7
2026-04-09T11:45:00Z,P2,1.731,20.7
2026-04-09T11:45:00Z,P3,0.692,20.7
2026-04-09T12:00:00Z,P1,0.751,21.1
2026-04-09T12:00:00Z,P2,2.581,21.1
2026-04-09T12:00:00Z,P3,0.341,21.1
2026-04-09T12:15:00Z,P1,0.376,21.1
2026-04-09T12:15:00Z,P2,2.543,21.1
2026-04-09T12:15:00Z,P3,0.940,21.1
2026-04-09T12:30:00Z,P1,0.953,20.5
2026-04-09T12:30:00Z,P2,3.638,20.5
2026-04-09T12:30:00Z,P3,2.159,20.5
2026-04-09T12:45:00Z,P1,1.600,20.9
2026-04-09T12:45:00Z,P2,3.000,20.9
2026-04-09T12:45:00Z,P3,2.017,20.9
2026-04-09T13:00:00Z,P1,1.570,20.9
2026-04-09T13:00:00Z,P2,2.005,20.9
2026-04-09T13:00:00Z,P3,0.360,20.9
2026-04-09T13:15:00Z,P1,1.648,20.7
2026-04-09T13:15:00Z,P2,2.560,20.7
2026-04-09T13:15:00Z,P3,0.327,20.7
2026-04-09T13:30:00Z,P1,0.427,21.2
2026-04-09T13:30:00Z,P2,4.307,21.2
2026-04-09T13:30:00Z,P3,1.714,21.2
2026-04-09T13:45:00Z,P1,0.384,21.2
2026-04-09T13:45:00Z,P2,1.853,21.2
2026-04-09T13:45:00Z,P3,2.151,21.2
2026-04-09T14:00:00Z,P1,1.408,21.0
2026-04-09T14:00:00Z,P2,0.359,21.0
2026-04-09T14:00:00Z,P3,1.542,21.0
2026-04-09T14:15:00Z,P1,1.650,21.2
2026-04-09T14:15:00Z,P2,2.840,21.2
2026-04-09T14:15:00Z,P3,0.419,21.2
2026-04-09T14:30:00Z,P1,1.574,21.0
2026-04-09T14:30:00Z,P2,4.625,21.0
2026-04-09T14:30:00Z,P3,2.058,21.0
2026-04-09T14:45:00Z,P1,0.848,21.3
2026-04-09T14:45:00Z,P2,2.347,21.3
2026-04-09T14:45:00Z,P3,3.627,21.3
2026-04-09T15:00:00Z,P1,0.684,20.9
2026-04-09T15:00:00Z,P2,1.527,20.9
2026-04-09T15:00:00Z,P3,3.661,20.9
2026-04-09T15:15:00Z,P1,3.119,21.0
2026-04-09T15:15:00Z,P2,2.385,21.0
2026-04-09T15:15:00Z,P3,3.038,21.0
2026-04-09T15:30:00Z,P1,3.751,20.9
2026-04-09T15:30:00Z,P2,1.601,20.9
2026-04-09T15:30:00Z,P3,1.782,20.9
2026-04-09T15:45:00Z,P1,3.692,21.0
2026-04-09T15:45:00Z,P2,0.317,21.0
2026-04-09T15:45:00Z,P3,1.794,21.0
2026-04-09T16:00:00Z,P1,3.736,21.0
2026-04-09T16:00:00Z,P2,3.613,21.0
2026-04-09T16:00:00Z,P3,3.547,21.0
2026-04-09T16:15:00Z,P1,2.853,20.7
2026-04-09T16:15:00Z,P2,4.600,20.7
2026-04-09T16:15:00Z,P3,2.500,20.7
2026-04-09T16:30:00Z,P1,2.504,20.9
2026-04-09T16:30:00Z,P2,2.518,20.9
2026-04-09T16:30:00Z,P3,2.087,20.9
2026-04-09T16:45:00Z,P1,3.416,20.7
2026-04-09T16:45:00Z,P2,3.627,20.7
2026-04-09T16:45:00Z,P3,2.174,20.7
2026-04-09T17:00:00Z,P1,3.750,20.9
2026-04-09T17:00:00Z,P2,4.133,20.9
2026-04-09T17:00:00Z,P3,2.215,20.9
2026-04-09T17:15:00Z,P1,3.751,20.6
2026-04-09T17:15:00Z,P2,4.212,20.6
2026-04-09T17:15:00Z,P3,2.196,20.6
2026-04-09T17:30:00Z,P1,4.052,20.6
2026-04-09T17:30:00Z,P2,4.587,20.6
2026-04-09T17:30:00Z,P3,2.175,20.6
2026-04-09T17:45:00Z,P1,3.685,20.5
2026-04-09T17:45:00Z,P2,4.500,20.5
2026-04-09T17:45:00Z,P3,2.118,20.5
2026-04-09T18:00:00Z,P1,1.554,20.4
2026-04-09T18:00:00Z,P2,4.565,20.4
2026-04-09T18:00:00Z,P3,2.040,20.4
2026-04-09T18:15:00Z,P1,1.552,20.1
2026-04-09T18:15:00Z,P2,4.576,20.1
2026-04-09T18:15:00Z,P3,1.813,20.1
2026-04-09T18:30:00Z,P1,1.587,19.9
2026-04-09T18:30:00Z,P2,4.628,19.9
2026-04-09T18:30:00Z,P3,2.229,19.9
2026-04-09T18:45:00Z,P1,1.662,19.7
2026-04-09T18:45:00Z,P2,3.806,19.7
2026-04-09T18:45:00Z,P3,0.968,19.7
2026-04-09T19:00:00Z,P1,1.578,20.2
2026-04-09T19:00:00Z,P2,2.420,20.2
2026-04-09T19:00:00Z,P3,0.357,20.2
2026-04-09T19:15:00Z,P1,1.642,20.0
2026-04-09T19:15:00Z,P2,2.254,20.0
2026-04-09T19:15:00Z,P3,1.066,20.0
2026-04-09T19:30:00Z,P1,1.676,19.6
2026-04-09T19:30:00Z,P2,0.804,19.6
2026-04-09T19:30:00Z,P3,2.199,19.6
2026-04-09T19:45:00Z,P1,1.597,19.7
2026-04-09T19:45:00Z,P2,3.789,19.7
2026-04-09T19:45:00Z,P3,2.061,19.7
2026-04-09T20:00:00Z,P1,1.525,19.7
2026-04-09T20:00:00Z,P2,3.677,19.7
2026-04-09T20:00:00Z,P3,0.298,19.7
2026-04-09T20:15:00Z,P1,0.282,19.3
2026-04-09T20:15:00Z,P2,0.493,19.3
2026-04-09T20:15:00Z,P3,0.336,19.3
2026-04-09T20:30:00Z,P1,0.505,19.2
2026-04-09T20:30:00Z,P2,0.747,19.2
2026-04-09T20:30:00Z,P3,1.641,19.2
2026-04-09T20:45:00Z,P1,1.596,19.2
2026-04-09T20:45:00Z,P2,3.269,19.2
2026-04-09T20:45:00Z,P3,2.177,19.2
2026-04-09T21:00:00Z,P1,1.610,19.0
2026-04-09T21:00:00Z,P2,3.486,19.0
2026-04-09T21:00:00Z,P3,1.311,19.0
2026-04-09T21:15:00Z,P1,1.451,19.3
2026-04-09T21:15:00Z,P2,2.079,19.3
2026-04-09T21:15:00Z,P3,0.331,19.3
2026-04-09T21:30:00Z,P1,0.369,18.6
2026-04-09T21:30:00Z,P2,1.849,18.6
2026-04-09T21:30:00Z,P3,0.605,18.6
2026-04-09T21:45:00Z,P1,0.428,18.7
2026-04-09T21:45:00Z,P2,2.001,18.7
2026-04-09T21:45:00Z,P3,2.180,18.7
2026-04-09T22:00:00Z,P1,1.368,18.7
2026-04-09T22:00:00Z,P2,0.318,18.7
2026-04-09T22:00:00Z,P3,3.396,18.7
2026-04-09T22:15:00Z,P1,1.578,18.6
2026-04-09T22:15:00Z,P2,2.515,18.6
2026-04-09T22:15:00Z,P3,2.570,18.6
2026-04-09T22:30:00Z,P1,1.582,18.4
2026-04-09T22:30:00Z,P2,4.558,18.4
2026-04-09T22:30:00Z,P3,1.802,18.4
2026-04-09T22:45:00Z,P1,0.739,18.2
2026-04-09T22:45:00Z,P2,2.339,18.2
2026-04-09T22:45:00Z,P3,2.086,18.2
2026-04-09T23:00:00Z,P1,0.319,18.3
2026-04-09T23:00:00Z,P2,1.188,18.3
2026-04-09T23:00:00Z,P3,3.637,18.3
2026-04-09T23:15:00Z,P1,0.990,17.9
2026-04-09T23:15:00Z,P2,2.392,17.9
2026-04-09T23:15:00Z,P3,3.640,17.9
2026-04-09T23:30:00Z,P1,1.541,18.1
2026-04-09T23:30:00Z,P2,0.751,18.1
2026-04-09T23:30:00Z,P3,0.799,18.1
2026-04-09T23:45:00Z,P1,1.552,18.2
2026-04-09T23:45:00Z,P2,1.771,18.2
2026-04-09T23:45:00Z,P3,0.367,18.2
2026-04-10T00:00:00Z,P1,0.689,18.2
2026-04-10T00:00:00Z,P2,4.573,18.2
2026-04-10T00:00:00Z,P3,0.350,18.2
2026-04-10T00:15:00Z,P1,0.380,18.5
2026-04-10T00:15:00Z,P2,2.792,18.5
2026-04-10T00:15:00Z,P3,2.060,18.5
2026-04-10T00:30:00Z,P1,1.735,17.7
2026-04-10T00:30:00Z,P2,0.345,17.7
2026-04-10T00:30:00Z,P3,2.166,17.7
2026-04-10T00:45:00Z,P1,3.762,18.0
2026-04-10T00:45:00Z,P2,1.463,18.0
2026-04-10T00:45:00Z,P3,0.831,18.0
2026-04-10T01:00:00Z,P1,3.615,17.8
2026-04-10T01:00:00Z,P2,2.603,17.8
2026-04-10T01:00:00Z,P3,0.286,17.8
2026-04-10T01:15:00Z,P1,2.482,18.1
2026-04-10T01:15:00Z,P2,2.912,18.1
2026-04-10T01:15:00Z,P3,0.457,18.1
2026-04-10T01:30:00Z,P1,2.491,17.9
2026-04-10T01:30:00Z,P2,2.834,17.9
2026-04-10T01:30:00Z,P3,2.122,17.9
2026-04-10T01:45:00Z,P1,3.559,17.7
2026-04-10T01:45:00Z,P2,2.413,17.7
2026-04-10T01:45:00Z,P3,2.176,17.7
2026-04-10T02:00:00Z,P1,3.697,17.4
2026-04-10T02:00:00Z,P2,1.544,17.4
2026-04-10T02:00:00Z,P3,0.602,17.4
2026-04-10T02:15:00Z,P1,1.518,17.7
2026-04-10T02:15:00Z,P2,0.360,17.7
2026-04-10T02:15:00Z,P3,0.330,17.7
2026-04-10T02:30:00Z,P1,0.321,18.0
2026-04-10T02:30:00Z,P2,3.182,18.0
2026-04-10T02:30:00Z,P3,0.821,18.0
2026-04-10T02:45:00Z,P1,0.342,17.9
2026-04-10T02:45:00Z,P2,4.560,17.9
2026-04-10T02:45:00Z,P3,2.209,17.9
2026-04-10T03:00:00Z,P1,1.487,18.1
2026-04-10T03:00:00Z,P2,2.216,18.1
2026-04-10T03:00:00Z,P3,2.140,18.1
2026-04-10T03:15:00Z,P1,1.594,17.9
2026-04-10T03:15:00Z,P2,0.884,17.9
2026-04-10T03:15:00Z,P3,0.353,17.9
2026-04-10T03:30:00Z,P1,1.236,18.3
2026-04-10T03:30:00Z,P2,2.423,18.3
2026-04-10T03:30:00Z,P3,0.442,18.3
2026-04-10T03:45:00Z,P1,0.393,18.1
2026-04-10T03:45:00Z,P2,0.979,18.1
2026-04-10T03:45:00Z,P3,1.600,18.1
2026-04-10T04:00:00Z,P1,0.424,18.0
2026-04-10T04:00:00Z,P2,0.695,18.0
2026-04-10T04:00:00Z,P3,2.152,18.0
2026-04-10T04:15:00Z,P1,1.564,18.6
2026-04-10T04:15:00Z,P2,4.109,18.6
2026-04-10T04:15:00Z,P3,1.687,18.6
2026-04-10T04:30:00Z,P1,1.608,18.3
2026-04-10T04:30:00Z,P2,2.895,18.3
2026-04-10T04:30:00Z,P3,0.364,18.3
2026-04-10T04:45:00Z,P1,1.083,18.2
2026-04-10T04:45:00Z,P2,1.771,18.2
2026-04-10T04:45:00Z,P3,0.395,18.2
2026-04-10T05:00:00Z,P1,0.330,18.0
2026-04-10T05:00:00Z,P2,2.436,18.0
2026-04-10T05:00:00Z,P3,1.718,18.0
2026-04-10T05:15:00Z,P1,0.373,18.6
2026-04-10T05:15:00Z,P2,1.129,18.6
2026-04-10T05:15:00Z,P3,2.195,18.6
2026-04-10T05:30:00Z,P1,1.620,18.5
2026-04-10T05:30:00Z,P2,1.092,18.5
2026-04-10T05:30:00Z,P3,1.312,18.5
2026-04-10T05:45:00Z,P1,1.620,18.7
2026-04-10T05:45:00Z,P2,4.417,18.7
2026-04-10T05:45:00Z,P3,0.350,18.7
2026-04-10T06:00:00Z,P1,1.579,18.4
2026-04-10T06:00:00Z,P2,4.293,18.4
2026-04-10T06:00:00Z,P3,0.454,18.4
2026-04-10T06:15:00Z,P1,0.422,18.6
2026-04-10T06:15:00Z,P2,0.522,18.6
2026-04-10T06:15:00Z,P3,2.200,18.6
2026-04-10T06:30:00Z,P1,0.297,19.3
2026-04-10T06:30:00Z,P2,1.414,19.3
2026-04-10T06:30:00Z,P3,2.164,19.3
2026-04-10T06:45:00Z,P1,1.016,18.5
2026-04-10T06:45:00Z,P2,2.402,18.5
2026-04-10T06:45:00Z,P3,0.875,18.5
2026-04-10T07:00:00Z,P1,1.623,19.2
2026-04-10T07:00:00Z,P2,2.063,19.2
2026-04-10T07:00:00Z,P3,0.352,19.2
2026-04-10T07:15:00Z,P1,1.556,19.3
2026-04-10T07:15:00Z,P2,2.511,19.3
2026-04-10T07:15:00Z,P3,1.098,19.3
2026-04-10T07:30:00Z,P1,1.048,19.4
2026-04-10T07:30:00Z,P2,4.138,19.4
2026-04-10T07:30:00Z,P3,2.155,19.4
2026-04-10T07:45:00Z,P1,0.335,19.5
2026-04-10T07:45:00Z,P2,2.237,19.5
2026-04-10T07:45:00Z,P3,1.819,19.5
2026-04-10T08:00:00Z,P1,0.684,19.2
2026-04-10T08:00:00Z,P2,0.821,19.2
2026-04-10T08:00:00Z,P3,0.361,19.2
2026-04-10T08:15:00Z,P1,1.641,19.5
2026-04-10T08:15:00Z,P2,3.884,19.5
2026-04-10T08:15:00Z,P3,0.284,19.5
2026-04-10T08:30:00Z,P1,1.526,19.6
2026-04-10T08:30:00Z,P2,4.117,19.6
2026-04-10T08:30:00Z,P3,1.811,19.6
2026-04-10T08:45:00Z,P1,3.284,19.8
2026-04-10T08:45:00Z,P2,2.515,19.8
2026-04-10T08:45:00Z,P3,2.128,19.8
2026-04-10T09:00:00Z,P1,2.958,20.1
2026-04-10T09:00:00Z,P2,2.031,20.1
2026-04-10T09:00:00Z,P3,2.216,20.1
2026-04-10T09:15:00Z,P1,2.477,19.9
2026-04-10T09:15:00Z,P2,2.361,19.9
2026-04-10T09:15:00Z,P3,0.838,19.9
2026-04-10T09:30:00Z,P1,3.121,20.1
2026-04-10T09:30:00Z,P2,0.872,20.1
2026-04-10T09:30:00Z,P3,0.358,20.1
2026-04-10T09:45:00Z,P1,3.721,20.3
2026-04-10T09:45:00Z,P2,2.431,20.3
2026-04-10T09:45:00Z,P3,1.091,20.3
2026-04-10T10:00:00Z,P1,3.730,20.8
2026-04-10T10:00:00Z,P2,4.414,20.8
2026-04-10T10:00:00Z,P3,3.118,20.8
2026-04-10T10:15:00Z,P1,3.396,20.7
2026-04-10T10:15:00Z,P2,2.327,20.7
2026-04-10T10:15:00Z,P3,3.463,20.7
2026-04-10T10:30:00Z,P1,2.467,20.6
2026-04-10T10:30:00Z,P2,1.295,20.6
2026-04-10T10:30:00Z,P3,1.831,20.6
2026-04-10T10:45:00Z,P1,0.705,20.7
2026-04-10T10:45:00Z,P2,2.385,20.7
2026-04-10T10:45:00Z,P3,1.852,20.7
2026-04-10T11:00:00Z,P1,1.604,20.9
2026-04-10T11:00:00Z,P2,0.836,20.9
2026-04-10T11:00:00Z,P3,3.055,20.9
2026-04-10T11:15:00Z,P1,1.566,20.5
2026-04-10T11:15:00Z,P2,2.037,20.5
2026-04-10T11:15:00Z,P3,3.659,20.5
2026-04-10T11:30:00Z,P1,1.182,20.6
2026-04-10T11:30:00Z,P2,4.578,20.6
2026-04-10T11:30:00Z,P3,3.056,20.6
2026-04-10T11:45:00Z,P1,0.298,20.8
2026-04-10T11:45:00Z,P2,2.897,20.8
2026-04-10T11:45:00Z,P3,0.355,20.8
2026-04-10T12:00:00Z,P1,0.644,20.7
2026-04-10T12:00:00Z,P2,0.645,20.7
2026-04-10T12:00:00Z,P3,0.356,20.7
2026-04-10T12:15:00Z,P1,1.581,21.0
2026-04-10T12:15:00Z,P2,2.425,21.0
2026-04-10T12:15:00Z,P3,2.022,21.0
2026-04-10T12:30:00Z,P1,1.571,20.9
2026-04-10T12:30:00Z,P2,2.715,20.9
2026-04-10T12:30:00Z,P3,2.151,20.9
2026-04-10T12:45:00Z,P1,1.208,20.9
2026-04-10T12:45:00Z,P2,2.491,20.9
2026-04-10T12:45:00Z,P3,1.082,20.9
2026-04-10T13:00:00Z,P1,0.376,20.9
2026-04-10T13:00:00Z,P2,2.848,20.9
2026-04-10T13:00:00Z,P3,0.324,20.9
2026-04-10T13:15:00Z,P1,0.704,21.4
2026-04-10T13:15:00Z,P2,2.391,21.4
2026-04-10T13:15:00Z,P3,0.465,21.4
2026-04-10T13:30:00Z,P1,1.605,20.8
2026-04-10T13:30:00Z,P2,0.348,20.8
2026-04-10T13:30:00Z,P3,2.171,20.8
2026-04-10T13:45:00Z,P1,1.618,21.3
2026-04-10T13:45:00Z,P2,2.621,21.3
2026-04-10T13:45:00Z,P3,2.167,21.3
2026-04-10T14:00:00Z,P1,1.430,21.4
2026-04-10T14:00:00Z,P2,4.547,21.4
2026-04-10T14:00:00Z,P3,0.483,21.4
2026-04-10T14:15:00Z,P1,0.320,21.1
2026-04-10T14:15:00Z,P2,1.339,21.1
2026-04-10T14:15:00Z,P3,0.375,21.1
2026-04-10T14:30:00Z,P1,0.438,21.1
2026-04-10T14:30:00Z,P2,1.159,21.1
2026-04-10T14:30:00Z,P3,1.000,21.1
2026-04-10T14:45:00Z,P1,1.618,21.3
2026-04-10T14:45:00Z,P2,2.415,21.3
2026-04-10T14:45:00Z,P3,2.214,21.3
2026-04-10T15:00:00Z,P1,1.580,20.7
2026-04-10T15:00:00Z,P2,2.225,20.7
2026-04-10T15:00:00Z,P3,2.207,20.7
2026-04-10T15:15:00Z,P1,1.544,21.0
2026-04-10T15:15:00Z,P2,2.798,21.0
2026-04-10T15:15:00Z,P3,0.466,21.0
2026-04-10T15:30:00Z,P1,2.444,20.7
2026-04-10T15:30:00Z,P2,4.570,20.7
2026-04-10T15:30:00Z,P3,0.393,20.7
2026-04-10T15:45:00Z,P1,2.657,21.0
2026-04-10T15:45:00Z,P2,3.818,21.0
2026-04-10T15:45:00Z,P3,1.388,21.0
2026-04-10T16:00:00Z,P1,3.742,21.2
2026-04-10T16:00:00Z,P2,0.525,21.2
2026-04-10T16:00:00Z,P3,2.124,21.2
2026-04-10T16:15:00Z,P1,3.703,20.9
2026-04-10T16:15:00Z,P2,1.345,20.9
2026-04-10T16:15:00Z,P3,1.976,20.9
2026-04-10T16:30:00Z,P1,3.258,20.7
2026-04-10T16:30:00Z,P2,2.859,20.7
2026-04-10T16:30:00Z,P3,2.068,20.7
2026-04-10T16:45:00Z,P1,1.959,20.9
2026-04-10T16:45:00Z,P2,3.199,20.9
2026-04-10T16:45:00Z,P3,2.140,20.9
2026-04-10T17:00:00Z,P1,2.431,20.6
2026-04-10T17:00:00Z,P2,3.386,20.6
2026-04-10T17:00:00Z,P3,2.173,20.6
2026-04-10T17:15:00Z,P1,3.583,20.6
2026-04-10T17:15:00Z,P2,4.072,20.6
2026-04-10T17:15:00Z,P3,2.180,20.6
2026-04-10T17:30:00Z,P1,3.771,20.9
2026-04-10T17:30:00Z,P2,4.080,20.9
2026-04-10T17:30:00Z,P3,2.117,20.9
2026-04-10T17:45:00Z,P1,3.751,20.5
2026-04-10T17:45:00Z,P2,4.307,20.5
2026-04-10T17:45:00Z,P3,2.124,20.5
2026-04-10T18:00:00Z,P1,2.849,20.2
2026-04-10T18:00:00Z,P2,4.613,20.2
2026-04-10T18:00:00Z,P3,2.209,20.2
2026-04-10T18:15:00Z,P1,2.453,20.3
2026-04-10T18:15:00Z,P2,4.564,20.3
2026-04-10T18:15:00Z,P3,2.158,20.3
2026-04-10T18:30:00Z,P1,3.278,20.1
2026-04-10T18:30:00Z,P2,4.564,20.1
2026-04-10T18:30:00Z,P3,1.836,20.1
2026-04-10T18:45:00Z,P1,3.715,20.5
2026-04-10T18:45:00Z,P2,4.558,20.5
2026-04-10T18:45:00Z,P3,1.937,20.5
2026-04-10T19:00:00Z,P1,3.697,19.9
2026-04-10T19:00:00Z,P2,4.590,19.9
2026-04-10T19:00:00Z,P3,3.653,19.9
2026-04-10T19:15:00Z,P1,2.991,19.8
2026-04-10T19:15:00Z,P2,4.624,19.8
2026-04-10T19:15:00Z,P3,3.667,19.8
2026-04-10T19:30:00Z,P1,2.513,19.2
2026-04-10T19:30:00Z,P2,1.046,19.2
2026-04-10T19:30:00Z,P3,2.767,19.2
2026-04-10T19:45:00Z,P1,2.890,19.6
2026-04-10T19:45:00Z,P2,0.904,19.6
2026-04-10T19:45:00Z,P3,0.863,19.6
2026-04-10T20:00:00Z,P1,3.727,19.6
2026-04-10T20:00:00Z,P2,2.414,19.6
2026-04-10T20:00:00Z,P3,0.358,19.6
2026-04-10T20:15:00Z,P1,3.715,19.3
2026-04-10T20:15:00Z,P2,3.917,19.3
2026-04-10T20:15:00Z,P3,2.173,19.3
2026-04-10T20:30:00Z,P1,3.765,19.3
2026-04-10T20:30:00Z,P2,2.553,19.3
2026-04-10T20:30:00Z,P3,2.209,19.3
2026-04-10T20:45:00Z,P1,2.553,19.0
2026-04-10T20:45:00Z,P2,3.781,19.0
2026-04-10T20:45:00Z,P3,1.475,19.0
2026-04-10T21:00:00Z,P1,2.472,19.6
2026-04-10T21:00:00Z,P2,2.407,19.6
2026-04-10T21:00:00Z,P3,0.308,19.6
2026-04-10T21:15:00Z,P1,3.465,18.8
2026-04-10T21:15:00Z,P2,0.338,18.8
2026-04-10T21:15:00Z,P3,0.291,18.8
2026-04-10T21:30:00Z,P1,2.161,18.6
2026-04-10T21:30:00Z,P2,1.541,18.6
2026-04-10T21:30:00Z,P3,2.158,18.6
2026-04-10T21:45:00Z,P1,1.601,18.4
2026-04-10T21:45:00Z,P2,4.172,18.4
2026-04-10T21:45:00Z,P3,2.201,18.4
2026-04-10T22:00:00Z,P1,0.512,18.6
2026-04-10T22:00:00Z,P2,2.514,18.6
2026-04-10T22:00:00Z,P3,0.975,18.6
2026-04-10T22:15:00Z,P1,0.340,18.6
2026-04-10T22:15:00Z,P2,1.253,18.6
2026-04-10T22:15:00Z,P3,0.360,18.6
2026-04-10T22:30:00Z,P1,0.949,18.5
2026-04-10T22:30:00Z,P2,2.357,18.5
2026-04-10T22:30:00Z,P3,1.070,18.5
2026-04-10T22:45:00Z,P1,1.580,18.4
2026-04-10T22:45:00Z,P2,0.743,18.4
2026-04-10T22:45:00Z,P3,3.757,18.4
2026-04-10T23:00:00Z,P1,1.816,18.3
2026-04-10T23:00:00Z,P2,1.785,18.3
2026-04-10T23:00:00Z,P3,3.578,18.3
2026-04-10T23:15:00Z,P1,1.982,18.3
2026-04-10T23:15:00Z,P2,4.619,18.3
2026-04-10T23:15:00Z,P3,1.811,18.3
2026-04-10T23:30:00Z,P1,1.719,18.6
2026-04-10T23:30:00Z,P2,2.772,18.6
2026-04-10T23:30:00Z,P3,1.865,18.6
2026-04-10T23:45:00Z,P1,1.592,18.1
2026-04-10T23:45:00Z,P2,0.379,18.1
2026-04-10T23:45:00Z,P3,3.132,18.1
2026-04-11T00:00:00Z,P1,1.597,18.5
2026-04-11T00:00:00Z,P2,2.119,18.5
2026-04-11T00:00:00Z,P3,3.644,18.5
2026-04-11T00:15:00Z,P1,1.617,18.2
2026-04-11T00:15:00Z,P2,3.257,18.2
2026-04-11T00:15:00Z,P3,2.685,18.2
2026-04-11T00:30:00Z,P1,1.276,18.1
2026-04-11T00:30:00Z,P2,2.531,18.1
2026-04-11T00:30:00Z,P3,1.813,18.1
2026-04-11T00:45:00Z,P1,1.186,18.4
2026-04-11T00:45:00Z,P2,2.599,18.4
2026-04-11T00:45:00Z,P3,1.949,18.4
2026-04-11T01:00:00Z,P1,1.358,17.9
2026-04-11T01:00:00Z,P2,2.414,17.9
2026-04-11T01:00:00Z,P3,3.592,17.9
2026-04-11T01:15:00Z,P1,1.607,18.0
2026-04-11T01:15:00Z,P2,1.188,18.0
2026-04-11T01:15:00Z,P3,3.638,18.0
2026-04-11T01:30:00Z,P1,1.599,17.9
2026-04-11T01:30:00Z,P2,0.331,17.9
2026-04-11T01:30:00Z,P3,2.175,17.9
2026-04-11T01:45:00Z,P1,1.622,18.0
2026-04-11T01:45:00Z,P2,4.144,18.0
2026-04-11T01:45:00Z,P3,1.847,18.0
2026-04-11T02:00:00Z,P1,1.547,18.0
2026-04-11T02:00:00Z,P2,4.025,18.0
2026-04-11T02:00:00Z,P3,1.577,18.0
2026-04-11T02:15:00Z,P1,1.566,17.9
2026-04-11T02:15:00Z,P2,1.214,17.9
2026-04-11T02:15:00Z,P3,2.166,17.9
2026-04-11T02:30:00Z,P1,1.592,18.1
2026-04-11T02:30:00Z,P2,2.101,18.1
2026-04-11T02:30:00Z,P3,1.816,18.1
2026-04-11T02:45:00Z,P1,1.617,18.0
2026-04-11T02:45:00Z,P2,2.299,18.0
2026-04-11T02:45:00Z,P3,0.344,18.0
2026-04-11T03:00:00Z,P1,0.766,18.0
2026-04-11T03:00:00Z,P2,0.824,18.0
2026-04-11T03:00:00Z,P3,0.323,18.0
2026-04-11T03:15:00Z,P1,0.375,18.1
2026-04-11T03:15:00Z,P2,3.617,18.1
2026-04-11T03:15:00Z,P3,1.571,18.1
2026-04-11T03:30:00Z,P1,0.862,18.1
2026-04-11T03:30:00Z,P2,4.630,18.1
2026-04-11T03:30:00Z,P3,2.147,18.1
2026-04-11T03:45:00Z,P1,1.583,17.9
2026-04-11T03:45:00Z,P2,0.635,17.9
2026-04-11T03:45:00Z,P3,1.042,17.9
2026-04-11T04:00:00Z,P1,1.584,18.5
2026-04-11T04:00:00Z,P2,1.179,18.5
2026-04-11T04:00:00Z,P3,0.404,18.5
2026-04-11T04:15:00Z,P1,1.214,18.0
2026-04-11T04:15:00Z,P2,2.414,18.0
2026-04-11T04:15:00Z,P3,0.782,18.0
2026-04-11T04:30:00Z,P1,0.318,18.1
2026-04-11T04:30:00Z,P2,2.077,18.1
2026-04-11T04:30:00Z,P3,2.172,18.1
2026-04-11T04:45:00Z,P1,0.415,18.6
2026-04-11T04:45:00Z,P2,2.966,18.6
2026-04-11T04:45:00Z,P3,2.031,18.6
2026-04-11T05:00:00Z,P1,1.606,18.3
2026-04-11T05:00:00Z,P2,3.110,18.3
2026-04-11T05:00:00Z,P3,0.343,18.3
2026-04-11T05:15:00Z,P1,1.562,18.8
2026-04-11T05:15:00Z,P2,1.477,18.8
2026-04-11T05:15:00Z,P3,0.311,18.8
2026-04-11T05:30:00Z,P1,1.139,18.3
2026-04-11T05:30:00Z,P2,0.293,18.3
2026-04-11T05:30:00Z,P3,1.580,18.3
2026-04-11T05:45:00Z,P1,1.786,18.9
2026-04-11T05:45:00Z,P2,2.850,18.9
2026-04-11T05:45:00Z,P3,2.154,18.9
2026-04-11T06:00:00Z,P1,2.763,18.9
2026-04-11T06:00:00Z,P2,4.577,18.9
2026-04-11T06:00:00Z,P3,1.479,18.9
2026-04-11T06:15:00Z,P1,3.722,19.3
2026-04-11T06:15:00Z,P2,2.059,19.3
2026-04-11T06:15:00Z,P3,0.355,19.3
2026-04-11T06:30:00Z,P1,3.745,19.1
2026-04-11T06:30:00Z,P2,1.331,19.1
2026-04-11T06:30:00Z,P3,0.346,19.1
2026-04-11T06:45:00Z,P1,3.156,19.1
2026-04-11T06:45:00Z,P2,2.398,19.1
2026-04-11T06:45:00Z,P3,2.165,19.1
2026-04-11T07:00:00Z,P1,2.501,19.2
2026-04-11T07:00:00Z,P2,0.354,19.2
2026-04-11T07:00:00Z,P3,2.138,19.2
2026-04-11T07:15:00Z,P1,2.783,19.2
2026-04-11T07:15:00Z,P2,3.469,19.2
2026-04-11T07:15:00Z,P3,0.740,19.2
2026-04-11T07:30:00Z,P1,1.591,19.3
2026-04-11T07:30:00Z,P2,4.557,19.3
2026-04-11T07:30:00Z,P3,0.334,19.3
2026-04-11T07:45:00Z,P1,1.522,19.4
2026-04-11T07:45:00Z,P2,1.356,19.4
2026-04-11T07:45:00Z,P3,0.844,19.4
2026-04-11T08:00:00Z,P1,1.252,19.4
2026-04-11T08:00:00Z,P2,0.573,19.4
2026-04-11T08:00:00Z,P3,2.191,19.4
2026-04-11T08:15:00Z,P1,0.314,19.7
2026-04-11T08:15:00Z,P2,2.349,19.7
2026-04-11T08:15:00Z,P3,2.169,19.7
2026-04-11T08:30:00Z,P1,0.341,19.9
2026-04-11T08:30:00Z,P2,2.147,19.9
2026-04-11T08:30:00Z,P3,0.516,19.9
2026-04-11T08:45:00Z,P1,1.670,19.9
2026-04-11T08:45:00Z,P2,2.572,19.9
2026-04-11T08:45:00Z,P3,0.373,19.9
2026-04-11T09:00:00Z,P1,1.584,19.8
2026-04-11T09:00:00Z,P2,3.951,19.8
2026-04-11T09:00:00Z,P3,1.179,19.8
2026-04-11T09:15:00Z,P1,1.573,20.2
2026-04-11T09:15:00Z,P2,1.866,20.2
2026-04-11T09:15:00Z,P3,2.163,20.2
2026-04-11T09:30:00Z,P1,0.344,19.9
2026-04-11T09:30:00Z,P2,0.325,19.9
2026-04-11T09:30:00Z,P3,2.196,19.9
2026-04-11T09:45:00Z,P1,0.349,20.3
2026-04-11T09:45:00Z,P2,2.139,20.3
2026-04-11T09:45:00Z,P3,0.325,20.3
2026-04-11T10:00:00Z,P1,1.453,20.5
2026-04-11T10:00:00Z,P2,3.571,20.5
2026-04-11T10:00:00Z,P3,0.328,20.5
2026-04-11T10:15:00Z,P1,1.560,20.4
2026-04-11T10:15:00Z,P2,2.528,20.4
2026-04-11T10:15:00Z,P3,1.827,20.4
2026-04-11T10:30:00Z,P1,1.489,20.8
2026-04-11T10:30:00Z,P2,2.575,20.8
2026-04-11T10:30:00Z,P3,2.189,20.8
2026-04-11T10:45:00Z,P1,0.308,20.8
2026-04-11T10:45:00Z,P2,1.869,20.8
2026-04-11T10:45:00Z,P3,1.338,20.8
2026-04-11T11:00:00Z,P1,0.331,20.6
2026-04-11T11:00:00Z,P2,0.350,20.6
2026-04-11T11:00:00Z,P3,0.302,20.6
2026-04-11T11:15:00Z,P1,1.382,21.1
2026-04-11T11:15:00Z,P2,3.389,21.1
2026-04-11T11:15:00Z,P3,0.389,21.1
2026-04-11T11:30:00Z,P1,1.568,20.9
2026-04-11T11:30:00Z,P2,4.600,20.9
2026-04-11T11:30:00Z,P3,1.910,20.9
2026-04-11T11:45:00Z,P1,1.585,21.1
2026-04-11T11:45:00Z,P2,1.773,21.1
2026-04-11T11:45:00Z,P3,2.201,21.1
2026-04-11T12:00:00Z,P1,0.392,21.2
2026-04-11T12:00:00Z,P2,0.578,21.2
2026-04-11T12:00:00Z,P3,1.207,21.2
2026-04-11T12:15:00Z,P1,2.537,21.2
2026-04-11T12:15:00Z,P2,2.393,21.2
2026-04-11T12:15:00Z,P3,0.326,21.2
2026-04-11T12:30:00Z,P1,3.576,21.4
2026-04-11T12:30:00Z,P2,1.878,21.4
2026-04-11T12:30:00Z,P3,0.708,21.4
2026-04-11T12:45:00Z,P1,3.727,21.1
2026-04-11T12:45:00Z,P2,2.487,21.1
2026-04-11T12:45:00Z,P3,3.646,21.1
2026-04-11T13:00:00Z,P1,3.722,21.1
2026-04-11T13:00:00Z,P2,4.426,21.1
2026-04-11T13:00:00Z,P3,3.656,21.1
2026-04-11T13:15:00Z,P1,2.821,21.5
2026-04-11T13:15:00Z,P2,2.186,21.5
2026-04-11T13:15:00Z,P3,2.422,21.5
2026-04-11T13:30:00Z,P1,2.472,21.2
2026-04-11T13:30:00Z,P2,0.344,21.2
2026-04-11T13:30:00Z,P3,1.834,21.2
2026-04-11T13:45:00Z,P1,3.118,21.3
2026-04-11T13:45:00Z,P2,2.126,21.3
2026-04-11T13:45:00Z,P3,2.160,21.3
2026-04-11T14:00:00Z,P1,2.170,21.2
2026-04-11T14:00:00Z,P2,2.626,21.2
2026-04-11T14:00:00Z,P3,3.700,21.2
2026-04-11T14:15:00Z,P1,1.640,21.0
2026-04-11T14:15:00Z,P2,2.456,21.0
2026-04-11T14:15:00Z,P3,3.684,21.0
2026-04-11T14:30:00Z,P1,1.025,21.1
2026-04-11T14:30:00Z,P2,4.000,21.1
2026-04-11T14:30:00Z,P3,1.148,21.1
2026-04-11T14:45:00Z,P1,0.377,20.8
2026-04-11T14:45:00Z,P2,2.129,20.8
2026-04-11T14:45:00Z,P3,0.387,20.8
2026-04-11T15:00:00Z,P1,0.666,21.2
2026-04-11T15:00:00Z,P2,0.397,21.2
2026-04-11T15:00:00Z,P3,1.062,21.2
2026-04-11T15:15:00Z,P1,1.590,20.8
2026-04-11T15:15:00Z,P2,1.456,20.8
2026-04-11T15:15:00Z,P3,2.169,20.8
2026-04-11T15:30:00Z,P1,1.666,20.8
2026-04-11T15:30:00Z,P2,3.891,20.8
2026-04-11T15:30:00Z,P3,2.137,20.8
2026-04-11T15:45:00Z,P1,1.427,20.6
2026-04-11T15:45:00Z,P2,3.029,20.6
2026-04-11T15:45:00Z,P3,0.362,20.6
2026-04-11T16:00:00Z,P1,0.337,21.3
2026-04-11T16:00:00Z,P2,1.933,21.3
2026-04-11T16:00:00Z,P3,1.274,21.3
2026-04-11T16:15:00Z,P1,0.440,20.9
2026-04-11T16:15:00Z,P2,2.400,20.9
2026-04-11T16:15:00Z,P3,1.932,20.9
2026-04-11T16:30:00Z,P1,1.595,20.6
2026-04-11T16:30:00Z,P2,2.224,20.6
2026-04-11T16:30:00Z,P3,2.104,20.6
2026-04-11T16:45:00Z,P1,1.616,20.6
2026-04-11T16:45:00Z,P2,2.422,20.6
2026-04-11T16:45:00Z,P3,2.137,20.6
2026-04-11T17:00:00Z,P1,1.010,20.8
2026-04-11T17:00:00Z,P2,4.120,20.8
2026-04-11T17:00:00Z,P3,2.188,20.8
2026-04-11T17:15:00Z,P1,0.580,20.5
2026-04-11T17:15:00Z,P2,4.185,20.5
2026-04-11T17:15:00Z,P3,2.161,20.5
2026-04-11T17:30:00Z,P1,1.940,20.8
2026-04-11T17:30:00Z,P2,4.492,20.8
2026-04-11T17:30:00Z,P3,2.218,20.8
2026-04-11T17:45:00Z,P1,1.811,20.5
2026-04-11T17:45:00Z,P2,4.572,20.5
2026-04-11T17:45:00Z,P3,2.210,20.5
2026-04-11T18:00:00Z,P1,2.350,20.8
2026-04-11T18:00:00Z,P2,4.573,20.8
2026-04-11T18:00:00Z,P3,2.076,20.8
2026-04-11T18:15:00Z,P1,3.724,20.9
2026-04-11T18:15:00Z,P2,4.587,20.9
2026-04-11T18:15:00Z,P3,0.343,20.9
2026-04-11T18:30:00Z,P1,3.704,20.1
2026-04-11T18:30:00Z,P2,4.670,20.1
2026-04-11T18:30:00Z,P3,0.361,20.1
2026-04-11T18:45:00Z,P1,3.750,20.2
2026-04-11T18:45:00Z,P2,4.542,20.2
2026-04-11T18:45:00Z,P3,1.510,20.2
2026-04-11T19:00:00Z,P1,3.725,20.2
2026-04-11T19:00:00Z,P2,2.379,20.2
2026-04-11T19:00:00Z,P3,2.213,20.2
2026-04-11T19:15:00Z,P1,3.688,20.0
2026-04-11T19:15:00Z,P2,0.322,20.0
2026-04-11T19:15:00Z,P3,2.030,20.0
2026-04-11T19:30:00Z,P1,3.705,19.7
2026-04-11T19:30:00Z,P2,1.320,19.7
2026-04-11T19:30:00Z,P3,0.354,19.7
2026-04-11T19:45:00Z,P1,3.686,19.4
2026-04-11T19:45:00Z,P2,3.132,19.4
2026-04-11T19:45:00Z,P3,0.380,19.4
2026-04-11T20:00:00Z,P1,3.705,19.9
2026-04-11T20:00:00Z,P2,3.022,19.9
2026-04-11T20:00:00Z,P3,1.983,19.9
2026-04-11T20:15:00Z,P1,2.462,19.4
2026-04-11T20:15:00Z,P2,2.496,19.4
2026-04-11T20:15:00Z,P3,3.703,19.4
2026-04-11T20:30:00Z,P1,0.771,19.1
2026-04-11T20:30:00Z,P2,2.672,19.1
2026-04-11T20:30:00Z,P3,3.643,19.1
2026-04-11T20:45:00Z,P1,1.429,19.1
2026-04-11T20:45:00Z,P2,1.972,19.1
2026-04-11T20:45:00Z,P3,2.089,19.1
2026-04-11T21:00:00Z,P1,1.563,19.2
2026-04-11T21:00:00Z,P2,0.405,19.2
2026-04-11T21:00:00Z,P3,1.798,19.2
2026-04-11T21:15:00Z,P1,1.555,19.0
2026-04-11T21:15:00Z,P2,2.622,19.0
2026-04-11T21:15:00Z,P3,2.603,19.0
2026-04-11T21:30:00Z,P1,0.355,18.9
2026-04-11T21:30:00Z,P2,4.555,18.9
2026-04-11T21:30:00Z,P3,2.890,18.9
2026-04-11T21:45:00Z,P1,0.371,18.8
2026-04-11T21:45:00Z,P2,1.513,18.8
2026-04-11T21:45:00Z,P3,2.085,18.8
2026-04-11T22:00:00Z,P1,1.167,19.1
2026-04-11T22:00:00Z,P2,1.174,19.1
2026-04-11T22:00:00Z,P3,0.280,19.1
2026-04-11T22:15:00Z,P1,1.566,19.0
2026-04-11T22:15:00Z,P2,2.380,19.0
2026-04-11T22:15:00Z,P3,0.342,19.0
2026-04-11T22:30:00Z,P1,1.975,18.8
2026-04-11T22:30:00Z,P2,2.638,18.8
2026-04-11T22:30:00Z,P3,1.143,18.8
2026-04-11T22:45:00Z,P1,1.965,18.2
2026-04-11T22:45:00Z,P2,2.532,18.2
2026-04-11T22:45:00Z,P3,2.175,18.2
2026-04-11T23:00:00Z,P1,2.219,18.5
2026-04-11T23:00:00Z,P2,3.149,18.5
2026-04-11T23:00:00Z,P3,1.685,18.5
2026-04-11T23:15:00Z,P1,3.212,18.5
2026-04-11T23:15:00Z,P2,2.264,18.5
2026-04-11T23:15:00Z,P3,0.393,18.5
2026-04-11T23:30:00Z,P1,3.690,18.5
2026-04-11T23:30:00Z,P2,0.325,18.5
2026-04-11T23:30:00Z,P3,0.344,18.5
2026-04-11T23:45:00Z,P1,3.415,18.3
2026-04-11T23:45:00Z,P2,1.049,18.3
2026-04-11T23:45:00Z,P3,1.828,18.3
2026-04-12T00:00:00Z,P1,3.350,18.2
2026-04-12T00:00:00Z,P2,4.602,18.2
2026-04-12T00:00:00Z,P3,2.132,18.2
2026-04-12T00:15:00Z,P1,3.691,18.4
2026-04-12T00:15:00Z,P2,3.042,18.4
2026-04-12T00:15:00Z,P3,1.579,18.4
2026-04-12T00:30:00Z,P1,3.752,18.1
2026-04-12T00:30:00Z,P2,0.685,18.1
2026-04-12T00:30:00Z,P3,0.307,18.1
2026-04-12T00:45:00Z,P1,3.721,18.3
2026-04-12T00:45:00Z,P2,2.287,18.3
2026-04-12T00:45:00Z,P3,0.360,18.3
2026-04-12T01:00:00Z,P1,3.489,18.2
2026-04-12T01:00:00Z,P2,1.732,18.2
2026-04-12T01:00:00Z,P3,1.978,18.2
2026-04-12T01:15:00Z,P1,2.519,18.1
2026-04-12T01:15:00Z,P2,1.219,18.1
2026-04-12T01:15:00Z,P3,2.208,18.1
2026-04-12T01:30:00Z,P1,2.493,18.2
2026-04-12T01:30:00Z,P2,4.005,18.2
2026-04-12T01:30:00Z,P3,1.557,18.2
2026-04-12T01:45:00Z,P1,3.103,18.4
2026-04-12T01:45:00Z,P2,3.434,18.4
2026-04-12T01:45:00Z,P3,0.361,18.4
2026-04-12T02:00:00Z,P1,1.615,18.1
2026-04-12T02:00:00Z,P2,0.389,18.1
2026-04-12T02:00:00Z,P3,0.407,18.1
2026-04-12T02:15:00Z,P1,1.594,18.2
2026-04-12T02:15:00Z,P2,1.036,18.2
2026-04-12T02:15:00Z,P3,1.357,18.2
2026-04-12T02:30:00Z,P1,0.346,17.7
2026-04-12T02:30:00Z,P2,2.399,17.7
2026-04-12T02:30:00Z,P3,2.159,17.7
2026-04-12T02:45:00Z,P1,0.337,17.9
2026-04-12T02:45:00Z,P2,2.943,17.9
2026-04-12T02:45:00Z,P3,1.426,17.9
2026-04-12T03:00:00Z,P1,1.410,18.4
2026-04-12T03:00:00Z,P2,2.874,18.4
2026-04-12T03:00:00Z,P3,0.382,18.4
2026-04-12T03:15:00Z,P1,1.656,18.2
2026-04-12T03:15:00Z,P2,3.123,18.2
2026-04-12T03:15:00Z,P3,0.308,18.2
2026-04-12T03:30:00Z,P1,1.616,17.8
2026-04-12T03:30:00Z,P2,1.028,17.8
2026-04-12T03:30:00Z,P3,1.809,17.8
2026-04-12T03:45:00Z,P1,0.589,18.4
2026-04-12T03:45:00Z,P2,0.467,18.4
2026-04-12T03:45:00Z,P3,2.176,18.4
2026-04-12T04:00:00Z,P1,0.358,18.3
2026-04-12T04:00:00Z,P2,2.369,18.3
2026-04-12T04:00:00Z,P3,1.079,18.3
2026-04-12T04:15:00Z,P1,1.121,18.2
2026-04-12T04:15:00Z,P2,3.061,18.2
2026-04-12T04:15:00Z,P3,0.329,18.2
2026-04-12T04:30:00Z,P1,1.593,18.7
2026-04-12T04:30:00Z,P2,2.552,18.7
2026-04-12T04:30:00Z,P3,0.473,18.7
2026-04-12T04:45:00Z,P1,1.552,18.6
2026-04-12T04:45:00Z,P2,3.835,18.6
2026-04-12T04:45:00Z,P3,2.199,18.6
2026-04-12T05:00:00Z,P1,0.880,18.8
2026-04-12T05:00:00Z,P2,1.887,18.8
2026-04-12T05:00:00Z,P3,2.184,18.8
2026-04-12T05:15:00Z,P1,0.401,18.7
2026-04-12T05:15:00Z,P2,0.366,18.7
2026-04-12T05:15:00Z,P3,0.395,18.7
2026-04-12T05:30:00Z,P1,0.750,18.8
2026-04-12T05:30:00Z,P2,1.503,18.8
2026-04-12T05:30:00Z,P3,0.274,18.8
2026-04-12T05:45:00Z,P1,1.599,18.6
2026-04-12T05:45:00Z,P2,3.828,18.6
2026-04-12T05:45:00Z,P3,1.075,18.6
2026-04-12T06:00:00Z,P1,1.614,18.9
2026-04-12T06:00:00Z,P2,2.517,18.9
2026-04-12T06:00:00Z,P3,2.216,18.9
2026-04-12T06:15:00Z,P1,0.967,19.1
2026-04-12T06:15:00Z,P2,1.892,19.1
2026-04-12T06:15:00Z,P3,2.050,19.1
2026-04-12T06:30:00Z,P1,0.340,19.3
2026-04-12T06:30:00Z,P2,2.433,19.3
2026-04-12T06:30:00Z,P3,0.269,19.3
2026-04-12T06:45:00Z,P1,0.703,19.2
2026-04-12T06:45:00Z,P2,0.893,19.2
2026-04-12T06:45:00Z,P3,0.370,19.2
2026-04-12T07:00:00Z,P1,1.564,19.4
2026-04-12T07:00:00Z,P2,0.741,19.4
2026-04-12T07:00:00Z,P3,1.789,19.4
2026-04-12T07:15:00Z,P1,1.589,19.3
2026-04-12T07:15:00Z,P2,4.606,19.3
2026-04-12T07:15:00Z,P3,2.221,19.3
2026-04-12T07:30:00Z,P1,1.390,19.5
2026-04-12T07:30:00Z,P2,3.519,19.5
2026-04-12T07:30:00Z,P3,1.166,19.5
2026-04-12T07:45:00Z,P1,0.347,19.7
2026-04-12T07:45:00Z,P2,0.493,19.7
2026-04-12T07:45:00Z,P3,0.404,19.7
2026-04-12T08:00:00Z,P1,0.370,20.0
2026-04-12T08:00:00Z,P2,2.271,20.0
2026-04-12T08:00:00Z,P3,0.362,20.0
2026-04-12T08:15:00Z,P1,1.470,20.0
2026-04-12T08:15:00Z,P2,2.251,20.0
2026-04-12T08:15:00Z,P3,2.175,20.0
2026-04-12T08:30:00Z,P1,1.628,19.8
2026-04-12T08:30:00Z,P2,2.386,19.8
2026-04-12T08:30:00Z,P3,2.181,19.8
2026-04-12T08:45:00Z,P1,1.585,19.8
2026-04-12T08:45:00Z,P2,3.463,19.8
2026-04-12T08:45:00Z,P3,0.705,19.8
2026-04-12T09:00:00Z,P1,0.506,20.2
2026-04-12T09:00:00Z,P2,3.405,20.2
2026-04-12T09:00:00Z,P3,0.346,20.2
2026-04-12T09:15:00Z,P1,0.392,20.2
2026-04-12T09:15:00Z,P2,0.518,20.2
2026-04-12T09:15:00Z,P3,1.327,20.2
2026-04-12T09:30:00Z,P1,2.033,20.5
2026-04-12T09:30:00Z,P2,1.798,20.5
2026-04-12T09:30:00Z,P3,2.917,20.5
2026-04-12T09:45:00Z,P1,4.126,20.4
2026-04-12T09:45:00Z,P2,4.268,20.4
2026-04-12T09:45:00Z,P3,3.036,20.4
2026-04-12T10:00:00Z,P1,3.976,20.3
2026-04-12T10:00:00Z,P2,4.179,20.3
2026-04-12T10:00:00Z,P3,1.852,20.3
2026-04-12T10:15:00Z,P1,3.735,21.0
2026-04-12T10:15:00Z,P2,1.340,21.0
2026-04-12T10:15:00Z,P3,2.111,21.0
2026-04-12T10:30:00Z,P1,3.715,20.8
2026-04-12T10:30:00Z,P2,1.436,20.8
2026-04-12T10:30:00Z,P3,3.709,20.8
2026-04-12T10:45:00Z,P1,3.692,20.8
2026-04-12T10:45:00Z,P2,2.436,20.8
2026-04-12T10:45:00Z,P3,3.671,20.8
2026-04-12T11:00:00Z,P1,3.742,20.5
2026-04-12T11:00:00Z,P2,1.471,20.5
2026-04-12T11:00:00Z,P3,2.386,20.5
2026-04-12T11:15:00Z,P1,2.278,20.9
2026-04-12T11:15:00Z,P2,2.902,20.9
2026-04-12T11:15:00Z,P3,1.806,20.9
2026-04-12T11:30:00Z,P1,1.585,21.0
2026-04-12T11:30:00Z,P2,4.572,21.0
2026-04-12T11:30:00Z,P3,1.835,21.0
2026-04-12T11:45:00Z,P1,1.572,21.0
2026-04-12T11:45:00Z,P2,1.867,21.0
2026-04-12T11:45:00Z,P3,2.379,21.0
2026-04-12T12:00:00Z,P1,1.586,20.9
2026-04-12T12:00:00Z,P2,0.347,20.9
2026-04-12T12:00:00Z,P3,2.164,20.9
2026-04-12T12:15:00Z,P1,1.656,21.5
2026-04-12T12:15:00Z,P2,1.571,21.5
2026-04-12T12:15:00Z,P3,0.582,21.5
2026-04-12T12:30:00Z,P1,0.519,21.1
2026-04-12T12:30:00Z,P2,4.609,21.1
2026-04-12T12:30:00Z,P3,0.393,21.1
2026-04-12T12:45:00Z,P1,0.344,21.4
2026-04-12T12:45:00Z,P2,2.362,21.4
2026-04-12T12:45:00Z,P3,1.149,21.4
2026-04-12T13:00:00Z,P1,1.369,21.5
2026-04-12T13:00:00Z,P2,0.743,21.5
2026-04-12T13:00:00Z,P3,2.171,21.5
2026-04-12T13:15:00Z,P1,1.602,20.9
2026-04-12T13:15:00Z,P2,2.420,20.9
2026-04-12T13:15:00Z,P3,1.549,20.9
2026-04-12T13:30:00Z,P1,1.626,21.6
2026-04-12T13:30:00Z,P2,1.602,21.6
2026-04-12T13:30:00Z,P3,0.309,21.6
2026-04-12T13:45:00Z,P1,0.777,21.2
2026-04-12T13:45:00Z,P2,2.561,21.2
2026-04-12T13:45:00Z,P3,0.356,21.2
2026-04-12T14:00:00Z,P1,0.320,21.2
2026-04-12T14:00:00Z,P2,4.173,21.2
2026-04-12T14:00:00Z,P3,1.995,21.2
2026-04-12T14:15:00Z,P1,0.871,21.2
2026-04-12T14:15:00Z,P2,3.761,21.2
2026-04-12T14:15:00Z,P3,2.220,21.2
2026-04-12T14:30:00Z,P1,1.626,21.5
2026-04-12T14:30:00Z,P2,0.387,21.5
2026-04-12T14:30:00Z,P3,1.190,21.5
2026-04-12T14:45:00Z,P1,1.574,21.0
2026-04-12T14:45:00Z,P2,1.474,21.0
2026-04-12T14:45:00Z,P3,0.325,21.0
2026-04-12T15:00:00Z,P1,1.193,21.6
2026-04-12T15:00:00Z,P2,2.438,21.6
2026-04-12T15:00:00Z,P3,0.847,21.6
2026-04-12T15:15:00Z,P1,1.048,21.4
2026-04-12T15:15:00Z,P2,2.221,21.4
2026-04-12T15:15:00Z,P3,2.198,21.4
2026-04-12T15:30:00Z,P1,2.800,21.5
2026-04-12T15:30:00Z,P2,2.790,21.5
2026-04-12T15:30:00Z,P3,2.183,21.5
2026-04-12T15:45:00Z,P1,3.711,21.0
2026-04-12T15:45:00Z,P2,3.401,21.0
2026-04-12T15:45:00Z,P3,0.362,21.0
2026-04-12T16:00:00Z,P1,3.741,21.1
2026-04-12T16:00:00Z,P2,1.717,21.1
2026-04-12T16:00:00Z,P3,2.209,21.1
2026-04-12T16:15:00Z,P1,3.669,21.5
2026-04-12T16:15:00Z,P2,0.353,21.5
2026-04-12T16:15:00Z,P3,3.457,21.5
2026-04-12T16:30:00Z,P1,2.769,21.0
2026-04-12T16:30:00Z,P2,2.940,21.0
2026-04-12T16:30:00Z,P3,3.624,21.0
2026-04-12T16:45:00Z,P1,2.462,20.8
2026-04-12T16:45:00Z,P2,4.032,20.8
2026-04-12T16:45:00Z,P3,3.648,20.8
2026-04-12T17:00:00Z,P1,3.063,21.0
2026-04-12T17:00:00Z,P2,4.162,21.0
2026-04-12T17:00:00Z,P3,3.656,21.0
2026-04-12T17:15:00Z,P1,3.308,20.4
2026-04-12T17:15:00Z,P2,4.192,20.4
2026-04-12T17:15:00Z,P3,3.716,20.4
2026-04-12T17:30:00Z,P1,1.560,20.6
2026-04-12T17:30:00Z,P2,4.596,20.6
2026-04-12T17:30:00Z,P3,2.867,20.6
2026-04-12T17:45:00Z,P1,1.010,20.6
2026-04-12T17:45:00Z,P2,4.541,20.6
2026-04-12T17:45:00Z,P3,2.107,20.6
2026-04-12T18:00:00Z,P1,0.395,20.5
2026-04-12T18:00:00Z,P2,4.622,20.5
2026-04-12T18:00:00Z,P3,2.208,20.5
2026-04-12T18:15:00Z,P1,0.701,20.3
2026-04-12T18:15:00Z,P2,4.526,20.3
2026-04-12T18:15:00Z,P3,0.994,20.3
2026-04-12T18:30:00Z,P1,1.557,20.5
2026-04-12T18:30:00Z,P2,4.611,20.5
2026-04-12T18:30:00Z,P3,0.320,20.5
2026-04-12T18:45:00Z,P1,1.434,20.2
2026-04-12T18:45:00Z,P2,4.590,20.2
2026-04-12T18:45:00Z,P3,1.399,20.2
2026-04-12T19:00:00Z,P1,1.425,20.4
2026-04-12T19:00:00Z,P2,3.604,20.4
2026-04-12T19:00:00Z,P3,2.149,20.4
2026-04-12T19:15:00Z,P1,1.623,20.2
2026-04-12T19:15:00Z,P2,0.312,20.2
2026-04-12T19:15:00Z,P3,2.207,20.2
2026-04-12T19:30:00Z,P1,1.050,20.2
2026-04-12T19:30:00Z,P2,1.698,20.2
2026-04-12T19:30:00Z,P3,0.990,20.2
2026-04-12T19:45:00Z,P1,0.334,19.7
2026-04-12T19:45:00Z,P2,2.714,19.7
2026-04-12T19:45:00Z,P3,0.385,19.7
2026-04-12T20:00:00Z,P1,0.789,20.0
2026-04-12T20:00:00Z,P2,2.655,20.0
2026-04-12T20:00:00Z,P3,0.329,20.0
2026-04-12T20:15:00Z,P1,1.654,19.7
2026-04-12T20:15:00Z,P2,3.077,19.7
2026-04-12T20:15:00Z,P3,1.951,19.7
2026-04-12T20:30:00Z,P1,1.612,19.5
2026-04-12T20:30:00Z,P2,2.405,19.5
2026-04-12T20:30:00Z,P3,2.172,19.5
2026-04-12T20:45:00Z,P1,3.257,19.3
2026-04-12T20:45:00Z,P2,0.581,19.3
2026-04-12T20:45:00Z,P3,1.184,19.3
2026-04-12T21:00:00Z,P1,2.455,19.8
2026-04-12T21:00:00Z,P2,1.035,19.8
2026-04-12T21:00:00Z,P3,0.352,19.8
2026-04-12T21:15:00Z,P1,2.462,19.2
2026-04-12T21:15:00Z,P2,4.585,19.2
2026-04-12T21:15:00Z,P3,0.618,19.2
2026-04-12T21:30:00Z,P1,3.667,19.1
2026-04-12T21:30:00Z,P2,3.447,19.1
2026-04-12T21:30:00Z,P3,2.208,19.1
2026-04-12T21:45:00Z,P1,3.775,19.0
2026-04-12T21:45:00Z,P2,1.341,19.0
2026-04-12T21:45:00Z,P3,2.207,19.0
2026-04-12T22:00:00Z,P1,3.708,19.0
2026-04-12T22:00:00Z,P2,2.378,19.0
2026-04-12T22:00:00Z,P3,0.847,19.0
2026-04-12T22:15:00Z,P1,1.309,18.9
2026-04-12T22:15:00Z,P2,1.546,18.9
2026-04-12T22:15:00Z,P3,0.357,18.9
2026-04-12T22:30:00Z,P1,0.390,18.8
2026-04-12T22:30:00Z,P2,0.760,18.8
2026-04-12T22:30:00Z,P3,1.138,18.8
2026-04-12T22:45:00Z,P1,1.135,18.2
2026-04-12T22:45:00Z,P2,4.032,18.2
2026-04-12T22:45:00Z,P3,2.880,18.2
2026-04-12T23:00:00Z,P1,1.577,18.8
2026-04-12T23:00:00Z,P2,3.853,18.8
2026-04-12T23:00:00Z,P3,3.804,18.8
2026-04-12T23:15:00Z,P1,1.525,18.2
2026-04-12T23:15:00Z,P2,0.313,18.2
2026-04-12T23:15:00Z,P3,1.912,18.2
2026-04-12T23:30:00Z,P1,0.857,19.0
2026-04-12T23:30:00Z,P2,1.955,19.0
2026-04-12T23:30:00Z,P3,1.804,19.0
2026-04-12T23:45:00Z,P1,0.370,18.2
2026-04-12T23:45:00Z,P2,2.359,18.2
2026-04-12T23:45:00Z,P3,2.581,18.2
2026-04-13T00:00:00Z,P1,0.572,18.7
2026-04-13T00:00:00Z,P2,0.933,18.7
2026-04-13T00:00:00Z,P3,3.623,18.7
2026-04-13T00:15:00Z,P1,1.601,18.4
2026-04-13T00:15:00Z,P2,3.332,18.4
2026-04-13T00:15:00Z,P3,3.126,18.4
2026-04-13T00:30:00Z,P1,1.566,18.0
2026-04-13T00:30:00Z,P2,4.028,18.0
2026-04-13T00:30:00Z,P3,1.822,18.0
2026-04-13T00:45:00Z,P1,1.206,18.0
2026-04-13T00:45:00Z,P2,0.618,18.0
2026-04-13T00:45:00Z,P3,1.850,18.0
2026-04-13T01:00:00Z,P1,0.327,18.2
2026-04-13T01:00:00Z,P2,0.678,18.2
2026-04-13T01:00:00Z,P3,3.370,18.2
2026-04-13T01:15:00Z,P1,0.457,18.5
2026-04-13T01:15:00Z,P2,2.374,18.5
2026-04-13T01:15:00Z,P3,3.642,18.5
2026-04-13T01:30:00Z,P1,1.629,18.5
2026-04-13T01:30:00Z,P2,2.170,18.5
2026-04-13T01:30:00Z,P3,2.576,18.5
2026-04-13T01:45:00Z,P1,1.926,18.3
2026-04-13T01:45:00Z,P2,2.533,18.3
2026-04-13T01:45:00Z,P3,1.858,18.3
2026-04-13T02:00:00Z,P1,2.016,18.4
2026-04-13T02:00:00Z,P2,3.544,18.4
2026-04-13T02:00:00Z,P3,2.087,18.4
2026-04-13T02:15:00Z,P1,1.622,18.5
2026-04-13T02:15:00Z,P2,1.552,18.5
2026-04-13T02:15:00Z,P3,3.623,18.5
2026-04-13T02:30:00Z,P1,1.569,18.4
2026-04-13T02:30:00Z,P2,0.360,18.4
2026-04-13T02:30:00Z,P3,3.327,18.4
2026-04-13T02:45:00Z,P1,1.615,18.7
2026-04-13T02:45:00Z,P2,2.035,18.7
2026-04-13T02:45:00Z,P3,0.506,18.7
2026-04-13T03:00:00Z,P1,1.597,18.4
2026-04-13T03:00:00Z,P2,4.195,18.4
2026-04-13T03:00:00Z,P3,0.345,18.4
2026-04-13T03:15:00Z,P1,1.609,18.4
2026-04-13T03:15:00Z,P2,2.538,18.4
2026-04-13T03:15:00Z,P3,1.099,18.4
2026-04-13T03:30:00Z,P1,1.578,18.2
2026-04-13T03:30:00Z,P2,2.001,18.2
2026-04-13T03:30:00Z,P3,2.195,18.2
2026-04-13T03:45:00Z,P1,1.557,18.1
2026-04-13T03:45:00Z,P2,1.685,18.1
2026-04-13T03:45:00Z,P3,1.794,18.1
2026-04-13T04:00:00Z,P1,1.653,18.3
2026-04-13T04:00:00Z,P2,0.404,18.3
2026-04-13T04:00:00Z,P3,0.369,18.3
2026-04-13T04:15:00Z,P1,1.019,18.2
2026-04-13T04:15:00Z,P2,2.308,18.2
2026-04-13T04:15:00Z,P3,0.362,18.2
2026-04-13T04:30:00Z,P1,0.344,18.5
2026-04-13T04:30:00Z,P2,4.178,18.5
2026-04-13T04:30:00Z,P3,1.640,18.5
2026-04-13T04:45:00Z,P1,0.330,18.6
2026-04-13T04:45:00Z,P2,2.490,18.6
2026-04-13T04:45:00Z,P3,2.146,18.6
2026-04-13T05:00:00Z,P1,1.575,18.8
2026-04-13T05:00:00Z,P2,1.442,18.8
2026-04-13T05:00:00Z,P3,1.170,18.8
2026-04-13T05:15:00Z,P1,1.660,18.9
2026-04-13T05:15:00Z,P2,2.248,18.9
2026-04-13T05:15:00Z,P3,0.321,18.9
2026-04-13T05:30:00Z,P1,1.620,18.9
2026-04-13T05:30:00Z,P2,0.366,18.9
2026-04-13T05:30:00Z,P3,0.436,18.9
2026-04-13T05:45:00Z,P1,0.666,19.1
2026-04-13T05:45:00Z,P2,3.610,19.1
2026-04-13T05:45:00Z,P3,2.199,19.1
2026-04-13T06:00:00Z,P1,0.299,18.9
2026-04-13T06:00:00Z,P2,4.575,18.9
2026-04-13T06:00:00Z,P3,2.141,18.9
2026-04-13T06:15:00Z,P1,0.984,19.1
2026-04-13T06:15:00Z,P2,1.035,19.1
2026-04-13T06:15:00Z,P3,0.714,19.1
2026-04-13T06:30:00Z,P1,1.637,19.1
2026-04-13T06:30:00Z,P2,0.613,19.1
2026-04-13T06:30:00Z,P3,0.337,19.1
2026-04-13T06:45:00Z,P1,1.628,19.2
2026-04-13T06:45:00Z,P2,2.344,19.2
2026-04-13T06:45:00Z,P3,1.163,19.2
2026-04-13T07:00:00Z,P1,0.755,19.2
2026-04-13T07:00:00Z,P2,1.898,19.2
2026-04-13T07:00:00Z,P3,1.929,19.2
2026-04-13T07:15:00Z,P1,0.300,19.5
2026-04-13T07:15:00Z,P2,3.194,19.5
2026-04-13T07:15:00Z,P3,1.993,19.5
2026-04-13T07:30:00Z,P1,0.910,19.5
2026-04-13T07:30:00Z,P2,3.993,19.5
2026-04-13T07:30:00Z,P3,2.180,19.5
2026-04-13T07:45:00Z,P1,1.628,20.0
2026-04-13T07:45:00Z,P2,0.594,20.0
2026-04-13T07:45:00Z,P3,0.591,20.0
2026-04-13T08:00:00Z,P1,1.596,19.9
2026-04-13T08:00:00Z,P2,0.860,19.9
2026-04-13T08:00:00Z,P3,0.304,19.9
2026-04-13T08:15:00Z,P1,0.954,20.1
2026-04-13T08:15:00Z,P2,2.868,20.1
2026-04-13T08:15:00Z,P3,1.202,20.1
2026-04-13T08:30:00Z,P1,0.334,20.6
2026-04-13T08:30:00Z,P2,3.795,20.6
2026-04-13T08:30:00Z,P3,2.134,20.6
2026-04-13T08:45:00Z,P1,0.991,20.2
2026-04-13T08:45:00Z,P2,2.514,20.2
2026-04-13T08:45:00Z,P3,1.932,20.2
2026-04-13T09:00:00Z,P1,3.395,20.2
2026-04-13T09:00:00Z,P2,2.730,20.2
2026-04-13T09:00:00Z,P3,0.391,20.2
2026-04-13T09:15:00Z,P1,3.717,20.2
2026-04-13T09:15:00Z,P2,1.954,20.2
2026-04-13T09:15:00Z,P3,1.296,20.2
2026-04-13T09:30:00Z,P1,3.735,20.5
2026-04-13T09:30:00Z,P2,0.626,20.5
2026-04-13T09:30:00Z,P3,3.629,20.5
2026-04-13T09:45:00Z,P1,3.383,20.2
2026-04-13T09:45:00Z,P2,3.588,20.2
2026-04-13T09:45:00Z,P3,3.689,20.2
2026-04-13T10:00:00Z,P1,2.467,20.8
2026-04-13T10:00:00Z,P2,4.447,20.8
2026-04-13T10:00:00Z,P3,2.064,20.8
2026-04-13T10:15:00Z,P1,2.709,21.2
2026-04-13T10:15:00Z,P2,2.515,21.2
2026-04-13T10:15:00Z,P3,1.797,21.2
2026-04-13T10:30:00Z,P1,3.710,20.9
2026-04-13T10:30:00Z,P2,3.513,20.9
2026-04-13T10:30:00Z,P3,2.647,20.9
2026-04-13T10:45:00Z,P1,3.746,21.1
2026-04-13T10:45:00Z,P2,3.283,21.1
2026-04-13T10:45:00Z,P3,3.642,21.1
2026-04-13T11:00:00Z,P1,1.869,21.3
2026-04-13T11:00:00Z,P2,0.787,21.3
2026-04-13T11:00:00Z,P3,2.595,21.3
2026-04-13T11:15:00Z,P1,0.593,20.9
2026-04-13T11:15:00Z,P2,0.509,20.9
2026-04-13T11:15:00Z,P3,0.331,20.9
2026-04-13T11:30:00Z,P1,0.323,21.2
2026-04-13T11:30:00Z,P2,3.824,21.2
2026-04-13T11:30:00Z,P3,0.340,21.2
2026-04-13T11:45:00Z,P1,1.114,21.2
2026-04-13T11:45:00Z,P2,4.530,21.2
2026-04-13T11:45:00Z,P3,2.211,21.2
2026-04-13T12:00:00Z,P1,1.593,21.1
2026-04-13T12:00:00Z,P2,3.844,21.1
2026-04-13T12:00:00Z,P3,2.163,21.1
2026-04-13T12:15:00Z,P1,1.594,21.2
2026-04-13T12:15:00Z,P2,2.005,21.2
2026-04-13T12:15:00Z,P3,0.816,21.2
2026-04-13T12:30:00Z,P1,1.155,21.4
2026-04-13T12:30:00Z,P2,1.874,21.4
2026-04-13T12:30:00Z,P3,0.336,21.4
2026-04-13T12:45:00Z,P1,0.349,21.1
2026-04-13T12:45:00Z,P2,2.224,21.1
2026-04-13T12:45:00Z,P3,0.947,21.1
2026-04-13T13:00:00Z,P1,0.497,21.3
2026-04-13T13:00:00Z,P2,0.341,21.3
2026-04-13T13:00:00Z,P3,2.185,21.3
2026-04-13T13:15:00Z,P1,1.590,21.2
2026-04-13T13:15:00Z,P2,3.103,21.2
2026-04-13T13:15:00Z,P3,2.044,21.2
2026-04-13T13:30:00Z,P1,1.603,21.3
2026-04-13T13:30:00Z,P2,4.583,21.3
2026-04-13T13:30:00Z,P3,0.347,21.3
2026-04-13T13:45:00Z,P1,2.448,21.5
2026-04-13T13:45:00Z,P2,4.623,21.5
2026-04-13T13:45:00Z,P3,0.458,21.5
2026-04-13T14:00:00Z,P1,3.446,21.6
2026-04-13T14:00:00Z,P2,0.315,21.6
2026-04-13T14:00:00Z,P3,3.658,21.6
2026-04-13T14:15:00Z,P1,2.436,21.2
2026-04-13T14:15:00Z,P2,2.959,21.2
2026-04-13T14:15:00Z,P3,3.591,21.2
2026-04-13T14:30:00Z,P1,2.645,21.6
2026-04-13T14:30:00Z,P2,4.571,21.6
2026-04-13T14:30:00Z,P3,2.452,21.6
2026-04-13T14:45:00Z,P1,3.686,21.4
2026-04-13T14:45:00Z,P2,2.815,21.4
2026-04-13T14:45:00Z,P3,1.844,21.4
2026-04-13T15:00:00Z,P1,3.190,21.6
2026-04-13T15:00:00Z,P2,4.095,21.6
2026-04-13T15:00:00Z,P3,3.082,21.6
2026-04-13T15:15:00Z,P1,3.721,21.5
2026-04-13T15:15:00Z,P2,3.723,21.5
2026-04-13T15:15:00Z,P3,3.641,21.5
2026-04-13T15:30:00Z,P1,2.766,21.6
2026-04-13T15:30:00Z,P2,0.903,21.6
2026-04-13T15:30:00Z,P3,3.654,21.6
2026-04-13T15:45:00Z,P1,2.515,21.5
2026-04-13T15:45:00Z,P2,0.595,21.5
2026-04-13T15:45:00Z,P3,3.292,21.5
2026-04-13T16:00:00Z,P1,3.243,21.4
2026-04-13T16:00:00Z,P2,2.680,21.4
2026-04-13T16:00:00Z,P3,1.593,21.4
2026-04-13T16:15:00Z,P1,3.692,21.4
2026-04-13T16:15:00Z,P2,3.663,21.4
2026-04-13T16:15:00Z,P3,2.029,21.4
2026-04-13T16:30:00Z,P1,3.300,21.3
2026-04-13T16:30:00Z,P2,2.581,21.3
2026-04-13T16:30:00Z,P3,2.130,21.3
2026-04-13T16:45:00Z,P1,2.426,21.2
2026-04-13T16:45:00Z,P2,2.993,21.2
2026-04-13T16:45:00Z,P3,2.158,21.2
2026-04-13T17:00:00Z,P1,2.401,21.1
2026-04-13T17:00:00Z,P2,3.931,21.1
2026-04-13T17:00:00Z,P3,2.147,21.1
2026-04-13T17:15:00Z,P1,3.012,21.1
2026-04-13T17:15:00Z,P2,2.240,21.1
2026-04-13T17:15:00Z,P3,2.211,21.1
2026-04-13T17:30:00Z,P1,3.759,20.8
2026-04-13T17:30:00Z,P2,4.165,20.8
2026-04-13T17:30:00Z,P3,2.114,20.8
2026-04-13T17:45:00Z,P1,3.721,20.7
2026-04-13T17:45:00Z,P2,4.333,20.7
2026-04-13T17:45:00Z,P3,2.209,20.7
2026-04-13T18:00:00Z,P1,3.731,20.5
2026-04-13T18:00:00Z,P2,4.541,20.5
2026-04-13T18:00:00Z,P3,2.144,20.5
2026-04-13T18:15:00Z,P1,3.760,20.4
2026-04-13T18:15:00Z,P2,4.641,20.4
2026-04-13T18:15:00Z,P3,0.393,20.4
2026-04-13T18:30:00Z,P1,2.479,20.6
2026-04-13T18:30:00Z,P2,4.584,20.6
2026-04-13T18:30:00Z,P3,0.409,20.6
2026-04-13T18:45:00Z,P1,2.472,20.3
2026-04-13T18:45:00Z,P2,4.516,20.3
2026-04-13T18:45:00Z,P3,1.261,20.3
2026-04-13T19:00:00Z,P1,3.547,20.2
2026-04-13T19:00:00Z,P2,4.331,20.2
2026-04-13T19:00:00Z,P3,2.188,20.2
2026-04-13T19:15:00Z,P1,3.757,20.2
2026-04-13T19:15:00Z,P2,2.364,20.2
2026-04-13T19:15:00Z,P3,1.680,20.2
2026-04-13T19:30:00Z,P1,3.722,20.2
2026-04-13T19:30:00Z,P2,2.421,20.2
2026-04-13T19:30:00Z,P3,0.339,20.2
2026-04-13T19:45:00Z,P1,2.659,20.0
2026-04-13T19:45:00Z,P2,0.899,20.0
2026-04-13T19:45:00Z,P3,0.376,20.0
2026-04-13T20:00:00Z,P1,2.466,20.3
2026-04-13T20:00:00Z,P2,2.351,20.3
2026-04-13T20:00:00Z,P3,1.793,20.3
2026-04-13T20:15:00Z,P1,3.264,19.6
2026-04-13T20:15:00Z,P2,4.547,19.6
2026-04-13T20:15:00Z,P3,2.207,19.6
2026-04-13T20:30:00Z,P1,2.418,19.6
2026-04-13T20:30:00Z,P2,2.296,19.6
2026-04-13T20:30:00Z,P3,2.673,19.6
2026-04-13T20:45:00Z,P1,1.572,19.8
2026-04-13T20:45:00Z,P2,0.365,19.8
2026-04-13T20:45:00Z,P3,1.876,19.8
2026-04-13T21:00:00Z,P1,0.844,19.6
2026-04-13T21:00:00Z,P2,2.216,19.6
2026-04-13T21:00:00Z,P3,2.200,19.6
2026-04-13T21:15:00Z,P1,0.258,19.1
2026-04-13T21:15:00Z,P2,3.707,19.1
2026-04-13T21:15:00Z,P3,3.640,19.1
2026-04-13T21:30:00Z,P1,0.947,19.6
2026-04-13T21:30:00Z,P2,2.483,19.6
2026-04-13T21:30:00Z,P3,3.627,19.6
2026-04-13T21:45:00Z,P1,1.613,19.4
2026-04-13T21:45:00Z,P2,1.613,19.4
2026-04-13T21:45:00Z,P3,1.838,19.4
2026-04-13T22:00:00Z,P1,1.590,19.2
2026-04-13T22:00:00Z,P2,2.330,19.2
2026-04-13T22:00:00Z,P3,0.934,19.2
2026-04-13T22:15:00Z,P1,0.351,18.5
2026-04-13T22:15:00Z,P2,0.705,18.5
2026-04-13T22:15:00Z,P3,1.200,18.5
2026-04-13T22:30:00Z,P1,0.750,19.2
2026-04-13T22:30:00Z,P2,0.635,19.2
2026-04-13T22:30:00Z,P3,2.164,19.2
2026-04-13T22:45:00Z,P1,1.964,19.1
2026-04-13T22:45:00Z,P2,4.598,19.1
2026-04-13T22:45:00Z,P3,2.092,19.1
2026-04-13T23:00:00Z,P1,1.821,18.9
2026-04-13T23:00:00Z,P2,3.513,18.9
2026-04-13T23:00:00Z,P3,0.374,18.9
2026-04-13T23:15:00Z,P1,1.627,18.8
2026-04-13T23:15:00Z,P2,1.048,18.8
2026-04-13T23:15:00Z,P3,0.338,18.8
2026-04-13T23:30:00Z,P1,1.566,18.7
2026-04-13T23:30:00Z,P2,2.384,18.7
2026-04-13T23:30:00Z,P3,1.339,18.7
2026-04-13T23:45:00Z,P1,1.565,18.7
2026-04-13T23:45:00Z,P2,1.334,18.7
2026-04-13T23:45:00Z,P3,2.211,18.7
