timestamp,panel,kwh_15min,panel_room_temp_c
2026-03-11T00:00:00Z,P1,0.368,14.1
2026-03-11T00:00:00Z,P2,2.475,14.1
2026-03-11T00:00:00Z,P3,0.314,14.1
2026-03-11T00:15:00Z,P1,2.762,14.4
2026-03-11T00:15:00Z,P2,2.468,14.4
2026-03-11T00:15:00Z,P3,0.296,14.4
2026-03-11T00:30:00Z,P1,1.841,14.5
2026-03-11T00:30:00Z,P2,2.425,14.5
2026-03-11T00:30:00Z,P3,0.277,14.5
2026-03-11T00:45:00Z,P1,1.753,14.3
2026-03-11T00:45:00Z,P2,2.455,14.3
2026-03-11T00:45:00Z,P3,1.657,14.3
2026-03-11T01:00:00Z,P1,2.139,13.9
2026-03-11T01:00:00Z,P2,2.031,13.9
2026-03-11T01:00:00Z,P3,0.346,13.9
2026-03-11T01:15:00Z,P1,2.716,14.4
2026-03-11T01:15:00Z,P2,0.362,14.4
2026-03-11T01:15:00Z,P3,1.607,14.4
2026-03-11T01:30:00Z,P1,1.179,14.2
2026-03-11T01:30:00Z,P2,0.367,14.2
2026-03-11T01:30:00Z,P3,3.306,14.2
2026-03-11T01:45:00Z,P1,1.950,14.0
2026-03-11T01:45:00Z,P2,0.348,14.0
2026-03-11T01:45:00Z,P3,1.799,14.0
2026-03-11T02:00:00Z,P1,3.487,14.0
2026-03-11T02:00:00Z,P2,0.351,14.0
2026-03-11T02:00:00Z,P3,1.766,14.0
2026-03-11T02:15:00Z,P1,0.598,14.0
2026-03-11T02:15:00Z,P2,0.356,14.0
2026-03-11T02:15:00Z,P3,1.783,14.0
2026-03-11T02:30:00Z,P1,2.229,13.6
2026-03-11T02:30:00Z,P2,0.364,13.6
2026-03-11T02:30:00Z,P3,0.401,13.6
2026-03-11T02:45:00Z,P1,2.596,14.1
2026-03-11T02:45:00Z,P2,0.375,14.1
2026-03-11T02:45:00Z,P3,0.436,14.1
2026-03-11T03:00:00Z,P1,1.721,14.3
2026-03-11T03:00:00Z,P2,0.343,14.3
2026-03-11T03:00:00Z,P3,1.571,14.3
2026-03-11T03:15:00Z,P1,1.885,14.1
2026-03-11T03:15:00Z,P2,0.292,14.1
2026-03-11T03:15:00Z,P3,0.338,14.1
2026-03-11T03:30:00Z,P1,2.578,14.2
2026-03-11T03:30:00Z,P2,0.401,14.2
2026-03-11T03:30:00Z,P3,1.934,14.2
2026-03-11T03:45:00Z,P1,1.871,14.1
2026-03-11T03:45:00Z,P2,0.371,14.1
2026-03-11T03:45:00Z,P3,2.974,14.1
2026-03-11T04:00:00Z,P1,1.171,14.4
2026-03-11T04:00:00Z,P2,0.330,14.4
2026-03-11T04:00:00Z,P3,1.796,14.4
2026-03-11T04:15:00Z,P1,3.195,14.2
2026-03-11T04:15:00Z,P2,0.344,14.2
2026-03-11T04:15:00Z,P3,2.073,14.2
2026-03-11T04:30:00Z,P1,2.536,14.4
2026-03-11T04:30:00Z,P2,0.338,14.4
2026-03-11T04:30:00Z,P3,1.337,14.4
2026-03-11T04:45:00Z,P1,0.606,14.5
2026-03-11T04:45:00Z,P2,0.385,14.5
2026-03-11T04:45:00Z,P3,0.340,14.5
2026-03-11T05:00:00Z,P1,3.167,14.3
2026-03-11T05:00:00Z,P2,0.354,14.3
2026-03-11T05:00:00Z,P3,0.628,14.3
2026-03-11T05:15:00Z,P1,1.953,14.4
2026-03-11T05:15:00Z,P2,0.374,14.4
2026-03-11T05:15:00Z,P3,1.593,14.4
2026-03-11T05:30:00Z,P1,1.419,14.9
2026-03-11T05:30:00Z,P2,0.387,14.9
2026-03-11T05:30:00Z,P3,1.444,14.9
2026-03-11T05:45:00Z,P1,1.755,14.5
2026-03-11T05:45:00Z,P2,0.341,14.5
2026-03-11T05:45:00Z,P3,2.143,14.5
2026-03-11T06:00:00Z,P1,2.750,15.0
2026-03-11T06:00:00Z,P2,0.348,15.0
2026-03-11T06:00:00Z,P3,2.714,15.0
2026-03-11T06:15:00Z,P1,2.145,15.1
2026-03-11T06:15:00Z,P2,0.354,15.1
2026-03-11T06:15:00Z,P3,1.518,15.1
2026-03-11T06:30:00Z,P1,0.596,15.6
2026-03-11T06:30:00Z,P2,0.361,15.6
2026-03-11T06:30:00Z,P3,0.903,15.6
2026-03-11T06:45:00Z,P1,3.325,15.4
2026-03-11T06:45:00Z,P2,0.684,15.4
2026-03-11T06:45:00Z,P3,1.466,15.4
2026-03-11T07:00:00Z,P1,3.558,15.7
2026-03-11T07:00:00Z,P2,2.879,15.7
2026-03-11T07:00:00Z,P3,1.753,15.7
2026-03-11T07:15:00Z,P1,4.219,15.5
2026-03-11T07:15:00Z,P2,4.642,15.5
2026-03-11T07:15:00Z,P3,0.897,15.5
2026-03-11T07:30:00Z,P1,2.923,15.9
2026-03-11T07:30:00Z,P2,4.688,15.9
2026-03-11T07:30:00Z,P3,1.128,15.9
2026-03-11T07:45:00Z,P1,3.402,15.9
2026-03-11T07:45:00Z,P2,2.672,15.9
2026-03-11T07:45:00Z,P3,2.613,15.9
2026-03-11T08:00:00Z,P1,2.402,15.9
2026-03-11T08:00:00Z,P2,2.562,15.9
2026-03-11T08:00:00Z,P3,2.555,15.9
2026-03-11T08:15:00Z,P1,3.776,15.9
2026-03-11T08:15:00Z,P2,2.576,15.9
2026-03-11T08:15:00Z,P3,1.780,15.9
2026-03-11T08:30:00Z,P1,2.689,15.9
2026-03-11T08:30:00Z,P2,1.059,15.9
2026-03-11T08:30:00Z,P3,1.206,15.9
2026-03-11T08:45:00Z,P1,4.098,16.4
2026-03-11T08:45:00Z,P2,0.321,16.4
2026-03-11T08:45:00Z,P3,1.130,16.4
2026-03-11T09:00:00Z,P1,2.482,16.6
2026-03-11T09:00:00Z,P2,0.354,16.6
2026-03-11T09:00:00Z,P3,0.352,16.6
2026-03-11T09:15:00Z,P1,3.164,16.3
2026-03-11T09:15:00Z,P2,0.348,16.3
2026-03-11T09:15:00Z,P3,1.552,16.3
2026-03-11T09:30:00Z,P1,1.132,16.9
2026-03-11T09:30:00Z,P2,0.310,16.9
2026-03-11T09:30:00Z,P3,1.382,16.9
2026-03-11T09:45:00Z,P1,2.438,16.6
2026-03-11T09:45:00Z,P2,0.347,16.6
2026-03-11T09:45:00Z,P3,2.203,16.6
2026-03-11T10:00:00Z,P1,3.474,17.2
2026-03-11T10:00:00Z,P2,0.341,17.2
2026-03-11T10:00:00Z,P3,2.894,17.2
2026-03-11T10:15:00Z,P1,0.596,17.3
2026-03-11T10:15:00Z,P2,0.312,17.3
2026-03-11T10:15:00Z,P3,2.732,17.3
2026-03-11T10:30:00Z,P1,3.108,16.8
2026-03-11T10:30:00Z,P2,0.328,16.8
2026-03-11T10:30:00Z,P3,2.422,16.8
2026-03-11T10:45:00Z,P1,2.863,17.6
2026-03-11T10:45:00Z,P2,0.379,17.6
2026-03-11T10:45:00Z,P3,2.040,17.6
2026-03-11T11:00:00Z,P1,1.742,17.4
2026-03-11T11:00:00Z,P2,0.348,17.4
2026-03-11T11:00:00Z,P3,1.981,17.4
2026-03-11T11:15:00Z,P1,3.934,17.6
2026-03-11T11:15:00Z,P2,1.042,17.6
2026-03-11T11:15:00Z,P3,1.834,17.6
2026-03-11T11:30:00Z,P1,4.234,17.4
2026-03-11T11:30:00Z,P2,2.543,17.4
2026-03-11T11:30:00Z,P3,1.852,17.4
2026-03-11T11:45:00Z,P1,4.261,17.9
2026-03-11T11:45:00Z,P2,2.535,17.9
2026-03-11T11:45:00Z,P3,3.141,17.9
2026-03-11T12:00:00Z,P1,0.620,17.8
2026-03-11T12:00:00Z,P2,2.783,17.8
2026-03-11T12:00:00Z,P3,1.799,17.8
2026-03-11T12:15:00Z,P1,2.880,17.6
2026-03-11T12:15:00Z,P2,4.680,17.6
2026-03-11T12:15:00Z,P3,1.581,17.6
2026-03-11T12:30:00Z,P1,2.669,17.8
2026-03-11T12:30:00Z,P2,4.675,17.8
2026-03-11T12:30:00Z,P3,1.467,17.8
2026-03-11T12:45:00Z,P1,1.389,17.9
2026-03-11T12:45:00Z,P2,4.647,17.9
2026-03-11T12:45:00Z,P3,0.326,17.9
2026-03-11T13:00:00Z,P1,2.379,18.2
2026-03-11T13:00:00Z,P2,2.814,18.2
2026-03-11T13:00:00Z,P3,1.782,18.2
2026-03-11T13:15:00Z,P1,2.656,17.8
2026-03-11T13:15:00Z,P2,0.337,17.8
2026-03-11T13:15:00Z,P3,3.172,17.8
2026-03-11T13:30:00Z,P1,2.017,17.9
2026-03-11T13:30:00Z,P2,0.445,17.9
2026-03-11T13:30:00Z,P3,1.929,17.9
2026-03-11T13:45:00Z,P1,1.205,18.2
2026-03-11T13:45:00Z,P2,0.380,18.2
2026-03-11T13:45:00Z,P3,2.821,18.2
2026-03-11T14:00:00Z,P1,3.351,17.6
2026-03-11T14:00:00Z,P2,0.363,17.6
2026-03-11T14:00:00Z,P3,2.256,17.6
2026-03-11T14:15:00Z,P1,1.846,17.9
2026-03-11T14:15:00Z,P2,0.358,17.9
2026-03-11T14:15:00Z,P3,2.164,17.9
2026-03-11T14:30:00Z,P1,1.359,18.3
2026-03-11T14:30:00Z,P2,0.279,18.3
2026-03-11T14:30:00Z,P3,2.981,18.3
2026-03-11T14:45:00Z,P1,3.870,18.3
2026-03-11T14:45:00Z,P2,0.336,18.3
2026-03-11T14:45:00Z,P3,1.829,18.3
2026-03-11T15:00:00Z,P1,1.225,17.6
2026-03-11T15:00:00Z,P2,0.306,17.6
2026-03-11T15:00:00Z,P3,2.594,17.6
2026-03-11T15:15:00Z,P1,3.843,17.6
2026-03-11T15:15:00Z,P2,1.731,17.6
2026-03-11T15:15:00Z,P3,3.441,17.6
2026-03-11T15:30:00Z,P1,3.249,18.0
2026-03-11T15:30:00Z,P2,2.430,18.0
2026-03-11T15:30:00Z,P3,2.464,18.0
2026-03-11T15:45:00Z,P1,1.324,17.8
2026-03-11T15:45:00Z,P2,2.498,17.8
2026-03-11T15:45:00Z,P3,1.850,17.8
2026-03-11T16:00:00Z,P1,1.811,17.8
2026-03-11T16:00:00Z,P2,0.614,17.8
2026-03-11T16:00:00Z,P3,2.717,17.8
2026-03-11T16:15:00Z,P1,3.584,17.5
2026-03-11T16:15:00Z,P2,0.419,17.5
2026-03-11T16:15:00Z,P3,0.879,17.5
2026-03-11T16:30:00Z,P1,0.973,17.4
2026-03-11T16:30:00Z,P2,0.356,17.4
2026-03-11T16:30:00Z,P3,0.354,17.4
2026-03-11T16:45:00Z,P1,1.738,17.6
2026-03-11T16:45:00Z,P2,0.358,17.6
2026-03-11T16:45:00Z,P3,1.270,17.6
2026-03-11T17:00:00Z,P1,3.217,17.1
2026-03-11T17:00:00Z,P2,0.310,17.1
2026-03-11T17:00:00Z,P3,0.842,17.1
2026-03-11T17:15:00Z,P1,1.921,17.5
2026-03-11T17:15:00Z,P2,0.326,17.5
2026-03-11T17:15:00Z,P3,1.174,17.5
2026-03-11T17:30:00Z,P1,2.106,17.1
2026-03-11T17:30:00Z,P2,2.258,17.1
2026-03-11T17:30:00Z,P3,3.139,17.1
2026-03-11T17:45:00Z,P1,2.305,17.5
2026-03-11T17:45:00Z,P2,2.558,17.5
2026-03-11T17:45:00Z,P3,1.999,17.5
2026-03-11T18:00:00Z,P1,3.329,17.4
2026-03-11T18:00:00Z,P2,2.530,17.4
2026-03-11T18:00:00Z,P3,1.829,17.4
2026-03-11T18:15:00Z,P1,0.714,16.9
2026-03-11T18:15:00Z,P2,2.547,16.9
2026-03-11T18:15:00Z,P3,1.954,16.9
2026-03-11T18:30:00Z,P1,3.302,16.7
2026-03-11T18:30:00Z,P2,2.540,16.7
2026-03-11T18:30:00Z,P3,0.565,16.7
2026-03-11T18:45:00Z,P1,4.169,16.4
2026-03-11T18:45:00Z,P2,1.417,16.4
2026-03-11T18:45:00Z,P3,0.350,16.4
2026-03-11T19:00:00Z,P1,2.210,16.4
2026-03-11T19:00:00Z,P2,0.343,16.4
2026-03-11T19:00:00Z,P3,1.872,16.4
2026-03-11T19:15:00Z,P1,2.878,16.4
2026-03-11T19:15:00Z,P2,0.377,16.4
2026-03-11T19:15:00Z,P3,2.247,16.4
2026-03-11T19:30:00Z,P1,4.208,16.4
2026-03-11T19:30:00Z,P2,0.336,16.4
2026-03-11T19:30:00Z,P3,2.557,16.4
2026-03-11T19:45:00Z,P1,2.440,16.2
2026-03-11T19:45:00Z,P2,0.410,16.2
2026-03-11T19:45:00Z,P3,3.491,16.2
2026-03-11T20:00:00Z,P1,0.616,16.2
2026-03-11T20:00:00Z,P2,0.405,16.2
2026-03-11T20:00:00Z,P3,3.423,16.2
2026-03-11T20:15:00Z,P1,3.624,16.4
2026-03-11T20:15:00Z,P2,0.341,16.4
2026-03-11T20:15:00Z,P3,3.399,16.4
2026-03-11T20:30:00Z,P1,1.699,16.3
2026-03-11T20:30:00Z,P2,0.336,16.3
2026-03-11T20:30:00Z,P3,1.472,16.3
2026-03-11T20:45:00Z,P1,0.955,15.7
2026-03-11T20:45:00Z,P2,0.396,15.7
2026-03-11T20:45:00Z,P3,0.391,15.7
2026-03-11T21:00:00Z,P1,3.472,15.7
2026-03-11T21:00:00Z,P2,0.359,15.7
2026-03-11T21:00:00Z,P3,0.916,15.7
2026-03-11T21:15:00Z,P1,2.538,15.4
2026-03-11T21:15:00Z,P2,2.009,15.4
2026-03-11T21:15:00Z,P3,2.758,15.4
2026-03-11T21:30:00Z,P1,4.036,15.2
2026-03-11T21:30:00Z,P2,2.512,15.2
2026-03-11T21:30:00Z,P3,1.870,15.2
2026-03-11T21:45:00Z,P1,2.599,15.5
2026-03-11T21:45:00Z,P2,2.466,15.5
2026-03-11T21:45:00Z,P3,1.796,15.5
2026-03-11T22:00:00Z,P1,3.617,15.2
2026-03-11T22:00:00Z,P2,2.459,15.2
2026-03-11T22:00:00Z,P3,3.126,15.2
2026-03-11T22:15:00Z,P1,2.765,14.9
2026-03-11T22:15:00Z,P2,1.374,14.9
2026-03-11T22:15:00Z,P3,1.813,14.9
2026-03-11T22:30:00Z,P1,2.393,15.1
2026-03-11T22:30:00Z,P2,0.370,15.1
2026-03-11T22:30:00Z,P3,0.813,15.1
2026-03-11T22:45:00Z,P1,1.190,14.8
2026-03-11T22:45:00Z,P2,0.407,14.8
2026-03-11T22:45:00Z,P3,1.571,14.8
2026-03-11T23:00:00Z,P1,3.216,14.4
2026-03-11T23:00:00Z,P2,0.318,14.4
2026-03-11T23:00:00Z,P3,0.348,14.4
2026-03-11T23:15:00Z,P1,2.025,14.9
2026-03-11T23:15:00Z,P2,0.379,14.9
2026-03-11T23:15:00Z,P3,0.325,14.9
2026-03-11T23:30:00Z,P1,0.711,14.8
2026-03-11T23:30:00Z,P2,0.357,14.8
2026-03-11T23:30:00Z,P3,2.307,14.8
2026-03-11T23:45:00Z,P1,3.469,14.8
2026-03-11T23:45:00Z,P2,0.327,14.8
2026-03-11T23:45:00Z,P3,1.780,14.8
2026-03-12T00:00:00Z,P1,2.036,14.4
2026-03-12T00:00:00Z,P2,0.365,14.4
2026-03-12T00:00:00Z,P3,2.268,14.4
2026-03-12T00:15:00Z,P1,0.853,14.7
2026-03-12T00:15:00Z,P2,0.346,14.7
2026-03-12T00:15:00Z,P3,2.545,14.7
2026-03-12T00:30:00Z,P1,3.323,14.1
2026-03-12T00:30:00Z,P2,0.334,14.1
2026-03-12T00:30:00Z,P3,0.330,14.1
2026-03-12T00:45:00Z,P1,2.362,14.6
2026-03-12T00:45:00Z,P2,0.338,14.6
2026-03-12T00:45:00Z,P3,0.491,14.6
2026-03-12T01:00:00Z,P1,3.733,14.2
2026-03-12T01:00:00Z,P2,0.361,14.2
2026-03-12T01:00:00Z,P3,1.652,14.2
2026-03-12T01:15:00Z,P1,2.857,14.6
2026-03-12T01:15:00Z,P2,0.354,14.6
2026-03-12T01:15:00Z,P3,0.307,14.6
2026-03-12T01:30:00Z,P1,3.214,14.3
2026-03-12T01:30:00Z,P2,0.357,14.3
2026-03-12T01:30:00Z,P3,1.173,14.3
2026-03-12T01:45:00Z,P1,3.065,13.9
2026-03-12T01:45:00Z,P2,0.422,13.9
2026-03-12T01:45:00Z,P3,3.034,13.9
2026-03-12T02:00:00Z,P1,2.840,14.2
2026-03-12T02:00:00Z,P2,0.333,14.2
2026-03-12T02:00:00Z,P3,1.856,14.2
2026-03-12T02:15:00Z,P1,3.466,14.3
2026-03-12T02:15:00Z,P2,0.354,14.3
2026-03-12T02:15:00Z,P3,1.798,14.3
2026-03-12T02:30:00Z,P1,0.346,14.1
2026-03-12T02:30:00Z,P2,0.384,14.1
2026-03-12T02:30:00Z,P3,1.811,14.1
2026-03-12T02:45:00Z,P1,2.268,14.4
2026-03-12T02:45:00Z,P2,0.322,14.4
2026-03-12T02:45:00Z,P3,0.707,14.4
2026-03-12T03:00:00Z,P1,2.991,14.5
2026-03-12T03:00:00Z,P2,0.377,14.5
2026-03-12T03:00:00Z,P3,0.356,14.5
2026-03-12T03:15:00Z,P1,1.569,14.5
2026-03-12T03:15:00Z,P2,0.273,14.5
2026-03-12T03:15:00Z,P3,1.573,14.5
2026-03-12T03:30:00Z,P1,1.553,14.6
2026-03-12T03:30:00Z,P2,0.405,14.6
2026-03-12T03:30:00Z,P3,0.589,14.6
2026-03-12T03:45:00Z,P1,2.344,14.5
2026-03-12T03:45:00Z,P2,0.344,14.5
2026-03-12T03:45:00Z,P3,1.960,14.5
2026-03-12T04:00:00Z,P1,2.802,14.3
2026-03-12T04:00:00Z,P2,0.283,14.3
2026-03-12T04:00:00Z,P3,3.183,14.3
2026-03-12T04:15:00Z,P1,0.361,14.8
2026-03-12T04:15:00Z,P2,0.356,14.8
2026-03-12T04:15:00Z,P3,1.771,14.8
2026-03-12T04:30:00Z,P1,3.144,14.5
2026-03-12T04:30:00Z,P2,0.330,14.5
2026-03-12T04:30:00Z,P3,1.172,14.5
2026-03-12T04:45:00Z,P1,2.855,14.6
2026-03-12T04:45:00Z,P2,0.351,14.6
2026-03-12T04:45:00Z,P3,1.693,14.6
2026-03-12T05:00:00Z,P1,1.323,14.8
2026-03-12T05:00:00Z,P2,0.345,14.8
2026-03-12T05:00:00Z,P3,0.347,14.8
2026-03-12T05:15:00Z,P1,1.756,14.9
2026-03-12T05:15:00Z,P2,0.341,14.9
2026-03-12T05:15:00Z,P3,0.797,14.9
2026-03-12T05:30:00Z,P1,2.479,14.5
2026-03-12T05:30:00Z,P2,0.330,14.5
2026-03-12T05:30:00Z,P3,1.261,14.5
2026-03-12T05:45:00Z,P1,2.774,15.2
2026-03-12T05:45:00Z,P2,0.355,15.2
2026-03-12T05:45:00Z,P3,0.648,15.2
2026-03-12T06:00:00Z,P1,0.567,15.2
2026-03-12T06:00:00Z,P2,0.292,15.2
2026-03-12T06:00:00Z,P3,2.692,15.2
2026-03-12T06:15:00Z,P1,3.058,15.4
2026-03-12T06:15:00Z,P2,1.899,15.4
2026-03-12T06:15:00Z,P3,2.307,15.4
2026-03-12T06:30:00Z,P1,2.800,15.2
2026-03-12T06:30:00Z,P2,2.491,15.2
2026-03-12T06:30:00Z,P3,1.780,15.2
2026-03-12T06:45:00Z,P1,0.842,15.7
2026-03-12T06:45:00Z,P2,1.937,15.7
2026-03-12T06:45:00Z,P3,1.702,15.7
2026-03-12T07:00:00Z,P1,2.450,15.6
2026-03-12T07:00:00Z,P2,0.352,15.6
2026-03-12T07:00:00Z,P3,1.054,15.6
2026-03-12T07:15:00Z,P1,2.698,15.8
2026-03-12T07:15:00Z,P2,0.360,15.8
2026-03-12T07:15:00Z,P3,2.085,15.8
2026-03-12T07:30:00Z,P1,3.060,15.6
2026-03-12T07:30:00Z,P2,1.558,15.6
2026-03-12T07:30:00Z,P3,3.425,15.6
2026-03-12T07:45:00Z,P1,2.479,16.2
2026-03-12T07:45:00Z,P2,2.084,16.2
2026-03-12T07:45:00Z,P3,3.127,16.2
2026-03-12T08:00:00Z,P1,4.235,15.9
2026-03-12T08:00:00Z,P2,4.322,15.9
2026-03-12T08:00:00Z,P3,2.836,15.9
2026-03-12T08:15:00Z,P1,4.210,16.0
2026-03-12T08:15:00Z,P2,4.648,16.0
2026-03-12T08:15:00Z,P3,3.024,16.0
2026-03-12T08:30:00Z,P1,4.168,16.5
2026-03-12T08:30:00Z,P2,4.678,16.5
2026-03-12T08:30:00Z,P3,2.261,16.5
2026-03-12T08:45:00Z,P1,4.157,16.7
2026-03-12T08:45:00Z,P2,4.746,16.7
2026-03-12T08:45:00Z,P3,3.359,16.7
2026-03-12T09:00:00Z,P1,1.865,16.9
2026-03-12T09:00:00Z,P2,4.737,16.9
2026-03-12T09:00:00Z,P3,1.894,16.9
2026-03-12T09:15:00Z,P1,1.333,16.8
2026-03-12T09:15:00Z,P2,4.676,16.8
2026-03-12T09:15:00Z,P3,2.083,16.8
2026-03-12T09:30:00Z,P1,3.098,17.0
2026-03-12T09:30:00Z,P2,4.385,17.0
2026-03-12T09:30:00Z,P3,2.970,17.0
2026-03-12T09:45:00Z,P1,1.775,17.4
2026-03-12T09:45:00Z,P2,2.554,17.4
2026-03-12T09:45:00Z,P3,1.827,17.4
2026-03-12T10:00:00Z,P1,1.743,17.2
2026-03-12T10:00:00Z,P2,1.942,17.2
2026-03-12T10:00:00Z,P3,2.500,17.2
2026-03-12T10:15:00Z,P1,3.107,17.4
2026-03-12T10:15:00Z,P2,0.370,17.4
2026-03-12T10:15:00Z,P3,2.452,17.4
2026-03-12T10:30:00Z,P1,2.305,17.5
2026-03-12T10:30:00Z,P2,0.335,17.5
2026-03-12T10:30:00Z,P3,0.380,17.5
2026-03-12T10:45:00Z,P1,1.656,17.5
2026-03-12T10:45:00Z,P2,0.318,17.5
2026-03-12T10:45:00Z,P3,2.940,17.5
2026-03-12T11:00:00Z,P1,2.714,17.7
2026-03-12T11:00:00Z,P2,0.331,17.7
2026-03-12T11:00:00Z,P3,1.845,17.7
2026-03-12T11:15:00Z,P1,2.313,17.8
2026-03-12T11:15:00Z,P2,0.316,17.8
2026-03-12T11:15:00Z,P3,1.940,17.8
2026-03-12T11:30:00Z,P1,1.364,17.6
2026-03-12T11:30:00Z,P2,0.320,17.6
2026-03-12T11:30:00Z,P3,3.234,17.6
2026-03-12T11:45:00Z,P1,3.233,17.9
2026-03-12T11:45:00Z,P2,1.484,17.9
2026-03-12T11:45:00Z,P3,2.404,17.9
2026-03-12T12:00:00Z,P1,3.049,18.2
2026-03-12T12:00:00Z,P2,2.481,18.2
2026-03-12T12:00:00Z,P3,3.415,18.2
2026-03-12T12:15:00Z,P1,1.063,18.1
2026-03-12T12:15:00Z,P2,2.453,18.1
2026-03-12T12:15:00Z,P3,2.472,18.1
2026-03-12T12:30:00Z,P1,3.114,18.0
2026-03-12T12:30:00Z,P2,2.468,18.0
2026-03-12T12:30:00Z,P3,1.310,18.0
2026-03-12T12:45:00Z,P1,2.573,17.8
2026-03-12T12:45:00Z,P2,2.445,17.8
2026-03-12T12:45:00Z,P3,1.630,17.8
2026-03-12T13:00:00Z,P1,2.068,18.2
2026-03-12T13:00:00Z,P2,2.437,18.2
2026-03-12T13:00:00Z,P3,0.380,18.2
2026-03-12T13:15:00Z,P1,3.250,17.8
2026-03-12T13:15:00Z,P2,1.617,17.8
2026-03-12T13:15:00Z,P3,0.656,17.8
2026-03-12T13:30:00Z,P1,4.185,18.1
2026-03-12T13:30:00Z,P2,1.781,18.1
2026-03-12T13:30:00Z,P3,2.763,18.1
2026-03-12T13:45:00Z,P1,2.412,17.9
2026-03-12T13:45:00Z,P2,2.236,17.9
2026-03-12T13:45:00Z,P3,1.813,17.9
2026-03-12T14:00:00Z,P1,2.480,18.1
2026-03-12T14:00:00Z,P2,3.761,18.1
2026-03-12T14:00:00Z,P3,2.231,18.1
2026-03-12T14:15:00Z,P1,4.207,18.0
2026-03-12T14:15:00Z,P2,4.694,18.0
2026-03-12T14:15:00Z,P3,2.857,18.0
2026-03-12T14:30:00Z,P1,1.485,18.3
2026-03-12T14:30:00Z,P2,4.465,18.3
2026-03-12T14:30:00Z,P3,1.804,18.3
2026-03-12T14:45:00Z,P1,1.814,18.0
2026-03-12T14:45:00Z,P2,4.351,18.0
2026-03-12T14:45:00Z,P3,2.430,18.0
2026-03-12T15:00:00Z,P1,2.194,18.1
2026-03-12T15:00:00Z,P2,4.716,18.1
2026-03-12T15:00:00Z,P3,2.820,18.1
2026-03-12T15:15:00Z,P1,3.569,18.0
2026-03-12T15:15:00Z,P2,4.591,18.0
2026-03-12T15:15:00Z,P3,1.781,18.0
2026-03-12T15:30:00Z,P1,3.238,18.1
2026-03-12T15:30:00Z,P2,4.663,18.1
2026-03-12T15:30:00Z,P3,1.427,18.1
2026-03-12T15:45:00Z,P1,2.979,18.1
2026-03-12T15:45:00Z,P2,4.653,18.1
2026-03-12T15:45:00Z,P3,1.510,18.1
2026-03-12T16:00:00Z,P1,3.595,18.1
2026-03-12T16:00:00Z,P2,4.726,18.1
2026-03-12T16:00:00Z,P3,2.540,18.1
2026-03-12T16:15:00Z,P1,2.724,17.6
2026-03-12T16:15:00Z,P2,4.691,17.6
2026-03-12T16:15:00Z,P3,2.128,17.6
2026-03-12T16:30:00Z,P1,3.755,17.9
2026-03-12T16:30:00Z,P2,4.672,17.9
2026-03-12T16:30:00Z,P3,1.778,17.9
2026-03-12T16:45:00Z,P1,2.890,17.7
2026-03-12T16:45:00Z,P2,4.689,17.7
2026-03-12T16:45:00Z,P3,2.793,17.7
2026-03-12T17:00:00Z,P1,3.403,17.5
2026-03-12T17:00:00Z,P2,4.068,17.5
2026-03-12T17:00:00Z,P3,2.140,17.5
2026-03-12T17:15:00Z,P1,3.223,18.0
2026-03-12T17:15:00Z,P2,2.548,18.0
2026-03-12T17:15:00Z,P3,0.582,18.0
2026-03-12T17:30:00Z,P1,0.981,17.3
2026-03-12T17:30:00Z,P2,2.524,17.3
2026-03-12T17:30:00Z,P3,1.880,17.3
2026-03-12T17:45:00Z,P1,2.539,17.3
2026-03-12T17:45:00Z,P2,2.600,17.3
2026-03-12T17:45:00Z,P3,0.448,17.3
2026-03-12T18:00:00Z,P1,2.459,17.2
2026-03-12T18:00:00Z,P2,2.497,17.2
2026-03-12T18:00:00Z,P3,0.759,17.2
2026-03-12T18:15:00Z,P1,2.133,17.4
2026-03-12T18:15:00Z,P2,2.441,17.4
2026-03-12T18:15:00Z,P3,1.447,17.4
2026-03-12T18:30:00Z,P1,1.252,17.5
2026-03-12T18:30:00Z,P2,0.364,17.5
2026-03-12T18:30:00Z,P3,2.579,17.5
2026-03-12T18:45:00Z,P1,3.357,16.7
2026-03-12T18:45:00Z,P2,0.359,16.7
2026-03-12T18:45:00Z,P3,3.626,16.7
2026-03-12T19:00:00Z,P1,1.793,16.9
2026-03-12T19:00:00Z,P2,0.361,16.9
2026-03-12T19:00:00Z,P3,3.738,16.9
2026-03-12T19:15:00Z,P1,1.225,16.2
2026-03-12T19:15:00Z,P2,0.395,16.2
2026-03-12T19:15:00Z,P3,3.818,16.2
2026-03-12T19:30:00Z,P1,3.742,17.0
2026-03-12T19:30:00Z,P2,0.381,17.0
2026-03-12T19:30:00Z,P3,3.503,17.0
2026-03-12T19:45:00Z,P1,1.385,16.3
2026-03-12T19:45:00Z,P2,0.367,16.3
2026-03-12T19:45:00Z,P3,3.429,16.3
2026-03-12T20:00:00Z,P1,1.797,16.2
2026-03-12T20:00:00Z,P2,0.316,16.2
2026-03-12T20:00:00Z,P3,2.599,16.2
2026-03-12T20:15:00Z,P1,3.479,16.2
2026-03-12T20:15:00Z,P2,0.290,16.2
2026-03-12T20:15:00Z,P3,1.845,16.2
2026-03-12T20:30:00Z,P1,1.727,16.0
2026-03-12T20:30:00Z,P2,0.311,16.0
2026-03-12T20:30:00Z,P3,3.056,16.0
2026-03-12T20:45:00Z,P1,1.736,16.2
2026-03-12T20:45:00Z,P2,0.352,16.2
2026-03-12T20:45:00Z,P3,2.032,16.2
2026-03-12T21:00:00Z,P1,2.295,15.8
2026-03-12T21:00:00Z,P2,2.046,15.8
2026-03-12T21:00:00Z,P3,1.825,15.8
2026-03-12T21:15:00Z,P1,2.871,15.6
2026-03-12T21:15:00Z,P2,2.489,15.6
2026-03-12T21:15:00Z,P3,3.112,15.6
2026-03-12T21:30:00Z,P1,1.746,15.6
2026-03-12T21:30:00Z,P2,2.502,15.6
2026-03-12T21:30:00Z,P3,1.841,15.6
2026-03-12T21:45:00Z,P1,1.479,15.9
2026-03-12T21:45:00Z,P2,0.510,15.9
2026-03-12T21:45:00Z,P3,0.744,15.9
2026-03-12T22:00:00Z,P1,3.391,15.1
2026-03-12T22:00:00Z,P2,0.375,15.1
2026-03-12T22:00:00Z,P3,1.445,15.1
2026-03-12T22:15:00Z,P1,1.358,15.2
2026-03-12T22:15:00Z,P2,0.322,15.2
2026-03-12T22:15:00Z,P3,0.834,15.2
2026-03-12T22:30:00Z,P1,1.370,15.2
2026-03-12T22:30:00Z,P2,0.333,15.2
2026-03-12T22:30:00Z,P3,0.366,15.2
2026-03-12T22:45:00Z,P1,3.846,15.1
2026-03-12T22:45:00Z,P2,0.317,15.1
2026-03-12T22:45:00Z,P3,1.371,15.1
2026-03-12T23:00:00Z,P1,0.605,15.0
2026-03-12T23:00:00Z,P2,0.319,15.0
2026-03-12T23:00:00Z,P3,0.764,15.0
2026-03-12T23:15:00Z,P1,1.754,15.5
2026-03-12T23:15:00Z,P2,0.363,15.5
2026-03-12T23:15:00Z,P3,1.698,15.5
2026-03-12T23:30:00Z,P1,3.105,14.7
2026-03-12T23:30:00Z,P2,0.416,14.7
2026-03-12T23:30:00Z,P3,2.989,14.7
2026-03-12T23:45:00Z,P1,1.536,15.1
2026-03-12T23:45:00Z,P2,0.314,15.1
2026-03-12T23:45:00Z,P3,2.020,15.1
2026-03-13T00:00:00Z,P1,1.623,15.1
2026-03-13T00:00:00Z,P2,0.342,15.1
2026-03-13T00:00:00Z,P3,1.279,15.1
2026-03-13T00:15:00Z,P1,2.367,14.6
2026-03-13T00:15:00Z,P2,0.399,14.6
2026-03-13T00:15:00Z,P3,1.461,14.6
2026-03-13T00:30:00Z,P1,2.922,15.0
2026-03-13T00:30:00Z,P2,0.316,15.0
2026-03-13T00:30:00Z,P3,0.655,15.0
2026-03-13T00:45:00Z,P1,0.700,14.6
2026-03-13T00:45:00Z,P2,0.362,14.6
2026-03-13T00:45:00Z,P3,0.378,14.6
2026-03-13T01:00:00Z,P1,2.724,14.2
2026-03-13T01:00:00Z,P2,0.365,14.2
2026-03-13T01:00:00Z,P3,0.678,14.2
2026-03-13T01:15:00Z,P1,3.081,14.5
2026-03-13T01:15:00Z,P2,0.349,14.5
2026-03-13T01:15:00Z,P3,2.432,14.5
2026-03-13T01:30:00Z,P1,1.248,14.9
2026-03-13T01:30:00Z,P2,0.363,14.9
2026-03-13T01:30:00Z,P3,1.847,14.9
2026-03-13T01:45:00Z,P1,1.855,14.5
2026-03-13T01:45:00Z,P2,0.329,14.5
2026-03-13T01:45:00Z,P3,2.236,14.5
2026-03-13T02:00:00Z,P1,2.385,14.4
2026-03-13T02:00:00Z,P2,0.341,14.4
2026-03-13T02:00:00Z,P3,2.218,14.4
2026-03-13T02:15:00Z,P1,2.567,14.4
2026-03-13T02:15:00Z,P2,0.376,14.4
2026-03-13T02:15:00Z,P3,0.326,14.4
2026-03-13T02:30:00Z,P1,0.609,14.3
2026-03-13T02:30:00Z,P2,0.329,14.3
2026-03-13T02:30:00Z,P3,1.040,14.3
2026-03-13T02:45:00Z,P1,3.437,14.6
2026-03-13T02:45:00Z,P2,0.328,14.6
2026-03-13T02:45:00Z,P3,1.086,14.6
2026-03-13T03:00:00Z,P1,2.957,14.2
2026-03-13T03:00:00Z,P2,0.382,14.2
2026-03-13T03:00:00Z,P3,0.342,14.2
2026-03-13T03:15:00Z,P1,0.777,14.8
2026-03-13T03:15:00Z,P2,0.307,14.8
2026-03-13T03:15:00Z,P3,2.237,14.8
2026-03-13T03:30:00Z,P1,2.789,14.9
2026-03-13T03:30:00Z,P2,2.356,14.9
2026-03-13T03:30:00Z,P3,2.287,14.9
2026-03-13T03:45:00Z,P1,2.249,14.9
2026-03-13T03:45:00Z,P2,2.423,14.9
2026-03-13T03:45:00Z,P3,1.821,14.9
2026-03-13T04:00:00Z,P1,1.756,14.8
2026-03-13T04:00:00Z,P2,1.784,14.8
2026-03-13T04:00:00Z,P3,2.132,14.8
2026-03-13T04:15:00Z,P1,1.529,14.8
2026-03-13T04:15:00Z,P2,0.364,14.8
2026-03-13T04:15:00Z,P3,1.159,14.8
2026-03-13T04:30:00Z,P1,3.391,14.7
2026-03-13T04:30:00Z,P2,0.365,14.7
2026-03-13T04:30:00Z,P3,0.371,14.7
2026-03-13T04:45:00Z,P1,1.743,14.8
2026-03-13T04:45:00Z,P2,0.324,14.8
2026-03-13T04:45:00Z,P3,1.433,14.8
2026-03-13T05:00:00Z,P1,0.825,15.1
2026-03-13T05:00:00Z,P2,0.379,15.1
2026-03-13T05:00:00Z,P3,0.640,15.1
2026-03-13T05:15:00Z,P1,3.573,15.4
2026-03-13T05:15:00Z,P2,0.373,15.4
2026-03-13T05:15:00Z,P3,0.323,15.4
2026-03-13T05:30:00Z,P1,1.687,15.6
2026-03-13T05:30:00Z,P2,0.378,15.6
2026-03-13T05:30:00Z,P3,3.041,15.6
2026-03-13T05:45:00Z,P1,1.131,15.2
2026-03-13T05:45:00Z,P2,0.342,15.2
2026-03-13T05:45:00Z,P3,1.773,15.2
2026-03-13T06:00:00Z,P1,3.448,15.3
2026-03-13T06:00:00Z,P2,0.394,15.3
2026-03-13T06:00:00Z,P3,1.835,15.3
2026-03-13T06:15:00Z,P1,1.629,15.4
2026-03-13T06:15:00Z,P2,0.370,15.4
2026-03-13T06:15:00Z,P3,2.317,15.4
2026-03-13T06:30:00Z,P1,1.874,15.7
2026-03-13T06:30:00Z,P2,0.375,15.7
2026-03-13T06:30:00Z,P3,0.432,15.7
2026-03-13T06:45:00Z,P1,1.254,15.7
2026-03-13T06:45:00Z,P2,0.382,15.7
2026-03-13T06:45:00Z,P3,0.347,15.7
2026-03-13T07:00:00Z,P1,3.776,15.9
2026-03-13T07:00:00Z,P2,0.345,15.9
2026-03-13T07:00:00Z,P3,1.771,15.9
2026-03-13T07:15:00Z,P1,2.368,15.8
2026-03-13T07:15:00Z,P2,0.336,15.8
2026-03-13T07:15:00Z,P3,0.330,15.8
2026-03-13T07:30:00Z,P1,2.709,16.4
2026-03-13T07:30:00Z,P2,0.340,16.4
2026-03-13T07:30:00Z,P3,1.105,16.4
2026-03-13T07:45:00Z,P1,4.136,15.7
2026-03-13T07:45:00Z,P2,0.344,15.7
2026-03-13T07:45:00Z,P3,2.573,15.7
2026-03-13T08:00:00Z,P1,4.126,16.4
2026-03-13T08:00:00Z,P2,0.324,16.4
2026-03-13T08:00:00Z,P3,1.874,16.4
2026-03-13T08:15:00Z,P1,4.250,16.6
2026-03-13T08:15:00Z,P2,0.311,16.6
2026-03-13T08:15:00Z,P3,3.020,16.6
2026-03-13T08:30:00Z,P1,3.841,16.7
2026-03-13T08:30:00Z,P2,0.798,16.7
2026-03-13T08:30:00Z,P3,2.786,16.7
2026-03-13T08:45:00Z,P1,2.851,16.5
2026-03-13T08:45:00Z,P2,3.276,16.5
2026-03-13T08:45:00Z,P3,1.306,16.5
2026-03-13T09:00:00Z,P1,3.345,17.1
2026-03-13T09:00:00Z,P2,4.672,17.1
2026-03-13T09:00:00Z,P3,1.786,17.1
2026-03-13T09:15:00Z,P1,3.264,16.9
2026-03-13T09:15:00Z,P2,4.670,16.9
2026-03-13T09:15:00Z,P3,1.953,16.9
2026-03-13T09:30:00Z,P1,2.960,16.9
2026-03-13T09:30:00Z,P2,4.546,16.9
2026-03-13T09:30:00Z,P3,2.427,16.9
2026-03-13T09:45:00Z,P1,1.732,17.2
2026-03-13T09:45:00Z,P2,2.525,17.2
2026-03-13T09:45:00Z,P3,3.467,17.2
2026-03-13T10:00:00Z,P1,1.020,17.3
2026-03-13T10:00:00Z,P2,2.481,17.3
2026-03-13T10:00:00Z,P3,3.434,17.3
2026-03-13T10:15:00Z,P1,3.812,17.7
2026-03-13T10:15:00Z,P2,1.871,17.7
2026-03-13T10:15:00Z,P3,3.436,17.7
2026-03-13T10:30:00Z,P1,2.011,17.7
2026-03-13T10:30:00Z,P2,0.338,17.7
2026-03-13T10:30:00Z,P3,2.458,17.7
2026-03-13T10:45:00Z,P1,1.156,17.5
2026-03-13T10:45:00Z,P2,0.344,17.5
2026-03-13T10:45:00Z,P3,0.667,17.5
2026-03-13T11:00:00Z,P1,3.694,17.5
2026-03-13T11:00:00Z,P2,0.396,17.5
2026-03-13T11:00:00Z,P3,3.060,17.5
2026-03-13T11:15:00Z,P1,2.157,17.7
2026-03-13T11:15:00Z,P2,0.346,17.7
2026-03-13T11:15:00Z,P3,1.815,17.7
2026-03-13T11:30:00Z,P1,1.343,17.6
2026-03-13T11:30:00Z,P2,0.325,17.6
2026-03-13T11:30:00Z,P3,1.759,17.6
2026-03-13T11:45:00Z,P1,2.814,18.0
2026-03-13T11:45:00Z,P2,0.373,18.0
2026-03-13T11:45:00Z,P3,3.045,18.0
2026-03-13T12:00:00Z,P1,2.158,18.3
2026-03-13T12:00:00Z,P2,0.343,18.3
2026-03-13T12:00:00Z,P3,2.250,18.3
2026-03-13T12:15:00Z,P1,1.556,17.9
2026-03-13T12:15:00Z,P2,0.337,17.9
2026-03-13T12:15:00Z,P3,1.359,17.9
2026-03-13T12:30:00Z,P1,3.700,18.2
2026-03-13T12:30:00Z,P2,1.929,18.2
2026-03-13T12:30:00Z,P3,2.042,18.2
2026-03-13T12:45:00Z,P1,3.815,18.0
2026-03-13T12:45:00Z,P2,2.470,18.0
2026-03-13T12:45:00Z,P3,1.412,18.0
2026-03-13T13:00:00Z,P1,2.210,18.5
2026-03-13T13:00:00Z,P2,2.452,18.5
2026-03-13T13:00:00Z,P3,2.004,18.5
2026-03-13T13:15:00Z,P1,2.762,18.3
2026-03-13T13:15:00Z,P2,2.758,18.3
2026-03-13T13:15:00Z,P3,3.079,18.3
2026-03-13T13:30:00Z,P1,3.733,18.3
2026-03-13T13:30:00Z,P2,4.700,18.3
2026-03-13T13:30:00Z,P3,3.097,18.3
2026-03-13T13:45:00Z,P1,4.114,18.6
2026-03-13T13:45:00Z,P2,4.692,18.6
2026-03-13T13:45:00Z,P3,3.567,18.6
2026-03-13T14:00:00Z,P1,2.573,18.1
2026-03-13T14:00:00Z,P2,4.673,18.1
2026-03-13T14:00:00Z,P3,3.641,18.1
2026-03-13T14:15:00Z,P1,3.649,18.4
2026-03-13T14:15:00Z,P2,4.683,18.4
2026-03-13T14:15:00Z,P3,3.422,18.4
2026-03-13T14:30:00Z,P1,2.293,18.3
2026-03-13T14:30:00Z,P2,4.691,18.3
2026-03-13T14:30:00Z,P3,3.432,18.3
2026-03-13T14:45:00Z,P1,1.186,18.2
2026-03-13T14:45:00Z,P2,4.627,18.2
2026-03-13T14:45:00Z,P3,3.475,18.2
2026-03-13T15:00:00Z,P1,3.222,18.2
2026-03-13T15:00:00Z,P2,3.856,18.2
2026-03-13T15:00:00Z,P3,3.447,18.2
2026-03-13T15:15:00Z,P1,1.940,18.1
2026-03-13T15:15:00Z,P2,2.533,18.1
2026-03-13T15:15:00Z,P3,3.460,18.1
2026-03-13T15:30:00Z,P1,1.897,18.3
2026-03-13T15:30:00Z,P2,0.491,18.3
2026-03-13T15:30:00Z,P3,2.976,18.3
2026-03-13T15:45:00Z,P1,2.325,18.0
2026-03-13T15:45:00Z,P2,0.372,18.0
2026-03-13T15:45:00Z,P3,3.460,18.0
2026-03-13T16:00:00Z,P1,4.223,18.2
2026-03-13T16:00:00Z,P2,0.373,18.2
2026-03-13T16:00:00Z,P3,3.455,18.2
2026-03-13T16:15:00Z,P1,3.971,18.3
2026-03-13T16:15:00Z,P2,0.321,18.3
2026-03-13T16:15:00Z,P3,3.466,18.3
2026-03-13T16:30:00Z,P1,2.444,17.5
2026-03-13T16:30:00Z,P2,0.342,17.5
2026-03-13T16:30:00Z,P3,3.453,17.5
2026-03-13T16:45:00Z,P1,1.296,17.5
2026-03-13T16:45:00Z,P2,0.366,17.5
2026-03-13T16:45:00Z,P3,2.534,17.5
2026-03-13T17:00:00Z,P1,2.513,17.7
2026-03-13T17:00:00Z,P2,0.279,17.7
2026-03-13T17:00:00Z,P3,0.424,17.7
2026-03-13T17:15:00Z,P1,2.777,17.8
2026-03-13T17:15:00Z,P2,1.150,17.8
2026-03-13T17:15:00Z,P3,0.494,17.8
2026-03-13T17:30:00Z,P1,1.828,17.6
2026-03-13T17:30:00Z,P2,2.498,17.6
2026-03-13T17:30:00Z,P3,1.630,17.6
2026-03-13T17:45:00Z,P1,1.684,17.4
2026-03-13T17:45:00Z,P2,2.445,17.4
2026-03-13T17:45:00Z,P3,0.353,17.4
2026-03-13T18:00:00Z,P1,3.231,17.5
2026-03-13T18:00:00Z,P2,2.501,17.5
2026-03-13T18:00:00Z,P3,1.774,17.5
2026-03-13T18:15:00Z,P1,1.747,17.3
2026-03-13T18:15:00Z,P2,0.470,17.3
2026-03-13T18:15:00Z,P3,2.411,17.3
2026-03-13T18:30:00Z,P1,0.882,17.5
2026-03-13T18:30:00Z,P2,1.115,17.5
2026-03-13T18:30:00Z,P3,1.771,17.5
2026-03-13T18:45:00Z,P1,3.891,17.5
2026-03-13T18:45:00Z,P2,2.620,17.5
2026-03-13T18:45:00Z,P3,3.003,17.5
2026-03-13T19:00:00Z,P1,1.413,17.1
2026-03-13T19:00:00Z,P2,4.547,17.1
2026-03-13T19:00:00Z,P3,0.889,17.1
2026-03-13T19:15:00Z,P1,1.490,16.8
2026-03-13T19:15:00Z,P2,4.705,16.8
2026-03-13T19:15:00Z,P3,0.500,16.8
2026-03-13T19:30:00Z,P1,3.373,16.7
2026-03-13T19:30:00Z,P2,4.623,16.7
2026-03-13T19:30:00Z,P3,1.870,16.7
2026-03-13T19:45:00Z,P1,1.237,16.7
2026-03-13T19:45:00Z,P2,4.348,16.7
2026-03-13T19:45:00Z,P3,0.312,16.7
2026-03-13T20:00:00Z,P1,2.199,16.3
2026-03-13T20:00:00Z,P2,4.507,16.3
2026-03-13T20:00:00Z,P3,1.161,16.3
2026-03-13T20:15:00Z,P1,4.251,16.2
2026-03-13T20:15:00Z,P2,4.714,16.2
2026-03-13T20:15:00Z,P3,3.181,16.2
2026-03-13T20:30:00Z,P1,3.344,16.3
2026-03-13T20:30:00Z,P2,4.686,16.3
2026-03-13T20:30:00Z,P3,3.481,16.3
2026-03-13T20:45:00Z,P1,4.225,16.1
2026-03-13T20:45:00Z,P2,4.662,16.1
2026-03-13T20:45:00Z,P3,3.115,16.1
2026-03-13T21:00:00Z,P1,4.084,16.0
2026-03-13T21:00:00Z,P2,4.659,16.0
2026-03-13T21:00:00Z,P3,1.532,16.0
2026-03-13T21:15:00Z,P1,3.326,15.9
2026-03-13T21:15:00Z,P2,4.646,15.9
2026-03-13T21:15:00Z,P3,1.231,15.9
2026-03-13T21:30:00Z,P1,3.200,16.4
2026-03-13T21:30:00Z,P2,4.687,16.4
2026-03-13T21:30:00Z,P3,0.824,16.4
2026-03-13T21:45:00Z,P1,2.848,15.4
2026-03-13T21:45:00Z,P2,4.662,15.4
2026-03-13T21:45:00Z,P3,0.366,15.4
2026-03-13T22:00:00Z,P1,3.566,15.7
2026-03-13T22:00:00Z,P2,4.691,15.7
2026-03-13T22:00:00Z,P3,1.623,15.7
2026-03-13T22:15:00Z,P1,2.621,15.2
2026-03-13T22:15:00Z,P2,4.645,15.2
2026-03-13T22:15:00Z,P3,1.325,15.2
2026-03-13T22:30:00Z,P1,3.623,15.3
2026-03-13T22:30:00Z,P2,2.780,15.3
2026-03-13T22:30:00Z,P3,1.787,15.3
2026-03-13T22:45:00Z,P1,2.302,15.2
2026-03-13T22:45:00Z,P2,2.591,15.2
2026-03-13T22:45:00Z,P3,3.228,15.2
2026-03-13T23:00:00Z,P1,1.483,15.1
2026-03-13T23:00:00Z,P2,1.620,15.1
2026-03-13T23:00:00Z,P3,1.592,15.1
2026-03-13T23:15:00Z,P1,1.905,15.6
2026-03-13T23:15:00Z,P2,0.336,15.6
2026-03-13T23:15:00Z,P3,0.609,15.6
2026-03-13T23:30:00Z,P1,2.657,15.1
2026-03-13T23:30:00Z,P2,0.369,15.1
2026-03-13T23:30:00Z,P3,1.572,15.1
2026-03-13T23:45:00Z,P1,1.723,14.9
2026-03-13T23:45:00Z,P2,0.302,14.9
2026-03-13T23:45:00Z,P3,0.376,14.9
2026-03-14T00:00:00Z,P1,0.902,14.9
2026-03-14T00:00:00Z,P2,0.351,14.9
2026-03-14T00:00:00Z,P3,0.319,14.9
2026-03-14T00:15:00Z,P1,3.741,15.0
2026-03-14T00:15:00Z,P2,0.296,15.0
2026-03-14T00:15:00Z,P3,2.977,15.0
2026-03-14T00:30:00Z,P1,2.337,14.7
2026-03-14T00:30:00Z,P2,0.336,14.7
2026-03-14T00:30:00Z,P3,1.929,14.7
2026-03-14T00:45:00Z,P1,2.206,14.8
2026-03-14T00:45:00Z,P2,0.364,14.8
2026-03-14T00:45:00Z,P3,1.923,14.8
2026-03-14T01:00:00Z,P1,4.155,14.7
2026-03-14T01:00:00Z,P2,0.371,14.7
2026-03-14T01:00:00Z,P3,2.809,14.7
2026-03-14T01:15:00Z,P1,3.321,14.6
2026-03-14T01:15:00Z,P2,0.340,14.6
2026-03-14T01:15:00Z,P3,0.326,14.6
2026-03-14T01:30:00Z,P1,2.213,14.8
2026-03-14T01:30:00Z,P2,0.365,14.8
2026-03-14T01:30:00Z,P3,0.307,14.8
2026-03-14T01:45:00Z,P1,3.696,14.4
2026-03-14T01:45:00Z,P2,0.401,14.4
2026-03-14T01:45:00Z,P3,1.739,14.4
2026-03-14T02:00:00Z,P1,2.461,14.9
2026-03-14T02:00:00Z,P2,0.364,14.9
2026-03-14T02:00:00Z,P3,0.385,14.9
2026-03-14T02:15:00Z,P1,1.499,14.2
2026-03-14T02:15:00Z,P2,0.372,14.2
2026-03-14T02:15:00Z,P3,1.273,14.2
2026-03-14T02:30:00Z,P1,1.254,14.8
2026-03-14T02:30:00Z,P2,0.312,14.8
2026-03-14T02:30:00Z,P3,3.169,14.8
2026-03-14T02:45:00Z,P1,3.234,14.5
2026-03-14T02:45:00Z,P2,0.394,14.5
2026-03-14T02:45:00Z,P3,1.851,14.5
2026-03-14T03:00:00Z,P1,2.201,15.0
2026-03-14T03:00:00Z,P2,0.393,15.0
2026-03-14T03:00:00Z,P3,1.738,15.0
2026-03-14T03:15:00Z,P1,0.496,15.4
2026-03-14T03:15:00Z,P2,0.316,15.4
2026-03-14T03:15:00Z,P3,1.568,15.4
2026-03-14T03:30:00Z,P1,3.523,14.7
2026-03-14T03:30:00Z,P2,0.335,14.7
2026-03-14T03:30:00Z,P3,0.308,14.7
2026-03-14T03:45:00Z,P1,1.657,15.1
2026-03-14T03:45:00Z,P2,0.347,15.1
2026-03-14T03:45:00Z,P3,0.431,15.1
2026-03-14T04:00:00Z,P1,1.350,15.0
2026-03-14T04:00:00Z,P2,0.330,15.0
2026-03-14T04:00:00Z,P3,1.429,15.0
2026-03-14T04:15:00Z,P1,2.807,14.8
2026-03-14T04:15:00Z,P2,0.348,14.8
2026-03-14T04:15:00Z,P3,1.400,14.8
2026-03-14T04:30:00Z,P1,2.591,15.0
2026-03-14T04:30:00Z,P2,0.329,15.0
2026-03-14T04:30:00Z,P3,2.331,15.0
2026-03-14T04:45:00Z,P1,1.266,15.0
2026-03-14T04:45:00Z,P2,1.632,15.0
2026-03-14T04:45:00Z,P3,2.900,15.0
2026-03-14T05:00:00Z,P1,1.819,15.3
2026-03-14T05:00:00Z,P2,2.414,15.3
2026-03-14T05:00:00Z,P3,1.330,15.3
2026-03-14T05:15:00Z,P1,3.652,15.6
2026-03-14T05:15:00Z,P2,2.482,15.6
2026-03-14T05:15:00Z,P3,0.502,15.6
2026-03-14T05:30:00Z,P1,0.504,15.3
2026-03-14T05:30:00Z,P2,1.182,15.3
2026-03-14T05:30:00Z,P3,1.426,15.3
2026-03-14T05:45:00Z,P1,2.076,15.4
2026-03-14T05:45:00Z,P2,0.416,15.4
2026-03-14T05:45:00Z,P3,0.322,15.4
2026-03-14T06:00:00Z,P1,2.942,15.9
2026-03-14T06:00:00Z,P2,0.317,15.9
2026-03-14T06:00:00Z,P3,1.368,15.9
2026-03-14T06:15:00Z,P1,2.043,15.8
2026-03-14T06:15:00Z,P2,0.344,15.8
2026-03-14T06:15:00Z,P3,1.639,15.8
2026-03-14T06:30:00Z,P1,1.350,15.8
2026-03-14T06:30:00Z,P2,0.414,15.8
2026-03-14T06:30:00Z,P3,1.767,15.8
2026-03-14T06:45:00Z,P1,2.663,16.2
2026-03-14T06:45:00Z,P2,0.395,16.2
2026-03-14T06:45:00Z,P3,3.039,16.2
2026-03-14T07:00:00Z,P1,2.371,16.1
2026-03-14T07:00:00Z,P2,0.374,16.1
2026-03-14T07:00:00Z,P3,1.991,16.1
2026-03-14T07:15:00Z,P1,0.707,16.1
2026-03-14T07:15:00Z,P2,0.358,16.1
2026-03-14T07:15:00Z,P3,2.148,16.1
2026-03-14T07:30:00Z,P1,3.442,16.3
2026-03-14T07:30:00Z,P2,0.347,16.3
2026-03-14T07:30:00Z,P3,2.694,16.3
2026-03-14T07:45:00Z,P1,2.035,16.2
2026-03-14T07:45:00Z,P2,1.193,16.2
2026-03-14T07:45:00Z,P3,3.427,16.2
2026-03-14T08:00:00Z,P1,2.260,16.7
2026-03-14T08:00:00Z,P2,2.514,16.7
2026-03-14T08:00:00Z,P3,3.362,16.7
2026-03-14T08:15:00Z,P1,3.927,17.1
2026-03-14T08:15:00Z,P2,2.443,17.1
2026-03-14T08:15:00Z,P3,1.831,17.1
2026-03-14T08:30:00Z,P1,1.874,16.6
2026-03-14T08:30:00Z,P2,2.500,16.6
2026-03-14T08:30:00Z,P3,2.344,16.6
2026-03-14T08:45:00Z,P1,1.603,16.8
2026-03-14T08:45:00Z,P2,2.472,16.8
2026-03-14T08:45:00Z,P3,3.593,16.8
2026-03-14T09:00:00Z,P1,2.018,16.8
2026-03-14T09:00:00Z,P2,2.181,16.8
2026-03-14T09:00:00Z,P3,3.591,16.8
2026-03-14T09:15:00Z,P1,2.703,17.2
2026-03-14T09:15:00Z,P2,0.359,17.2
2026-03-14T09:15:00Z,P3,3.484,17.2
2026-03-14T09:30:00Z,P1,1.482,17.4
2026-03-14T09:30:00Z,P2,0.350,17.4
2026-03-14T09:30:00Z,P3,3.495,17.4
2026-03-14T09:45:00Z,P1,2.004,17.2
2026-03-14T09:45:00Z,P2,0.355,17.2
2026-03-14T09:45:00Z,P3,2.966,17.2
2026-03-14T10:00:00Z,P1,3.578,17.9
2026-03-14T10:00:00Z,P2,1.953,17.9
2026-03-14T10:00:00Z,P3,2.012,17.9
2026-03-14T10:15:00Z,P1,0.644,17.5
2026-03-14T10:15:00Z,P2,2.562,17.5
2026-03-14T10:15:00Z,P3,0.674,17.5
2026-03-14T10:30:00Z,P1,2.149,17.8
2026-03-14T10:30:00Z,P2,2.536,17.8
2026-03-14T10:30:00Z,P3,0.356,17.8
2026-03-14T10:45:00Z,P1,0.881,17.5
2026-03-14T10:45:00Z,P2,0.910,17.5
2026-03-14T10:45:00Z,P3,0.642,17.5
2026-03-14T11:00:00Z,P1,1.395,18.1
2026-03-14T11:00:00Z,P2,0.990,18.1
2026-03-14T11:00:00Z,P3,1.148,18.1
2026-03-14T11:15:00Z,P1,4.180,17.9
2026-03-14T11:15:00Z,P2,2.503,17.9
2026-03-14T11:15:00Z,P3,3.467,17.9
2026-03-14T11:30:00Z,P1,2.867,18.1
2026-03-14T11:30:00Z,P2,2.540,18.1
2026-03-14T11:30:00Z,P3,2.040,18.1
2026-03-14T11:45:00Z,P1,1.820,18.3
2026-03-14T11:45:00Z,P2,1.520,18.3
2026-03-14T11:45:00Z,P3,2.034,18.3
2026-03-14T12:00:00Z,P1,1.827,18.4
2026-03-14T12:00:00Z,P2,0.318,18.4
2026-03-14T12:00:00Z,P3,2.735,18.4
2026-03-14T12:15:00Z,P1,2.977,18.2
2026-03-14T12:15:00Z,P2,1.565,18.2
2026-03-14T12:15:00Z,P3,0.519,18.2
2026-03-14T12:30:00Z,P1,1.584,18.3
2026-03-14T12:30:00Z,P2,2.484,18.3
2026-03-14T12:30:00Z,P3,1.024,18.3
2026-03-14T12:45:00Z,P1,1.744,18.5
2026-03-14T12:45:00Z,P2,2.463,18.5
2026-03-14T12:45:00Z,P3,1.407,18.5
2026-03-14T13:00:00Z,P1,3.988,18.5
2026-03-14T13:00:00Z,P2,1.515,18.5
2026-03-14T13:00:00Z,P3,0.376,18.5
2026-03-14T13:15:00Z,P1,2.527,18.4
2026-03-14T13:15:00Z,P2,0.414,18.4
2026-03-14T13:15:00Z,P3,2.150,18.4
2026-03-14T13:30:00Z,P1,3.353,18.1
2026-03-14T13:30:00Z,P2,0.316,18.1
2026-03-14T13:30:00Z,P3,2.445,18.1
2026-03-14T13:45:00Z,P1,3.442,18.6
2026-03-14T13:45:00Z,P2,0.320,18.6
2026-03-14T13:45:00Z,P3,1.823,18.6
2026-03-14T14:00:00Z,P1,2.575,18.5
2026-03-14T14:00:00Z,P2,0.324,18.5
2026-03-14T14:00:00Z,P3,3.018,18.5
2026-03-14T14:15:00Z,P1,3.847,18.3
2026-03-14T14:15:00Z,P2,0.311,18.3
2026-03-14T14:15:00Z,P3,0.868,18.3
2026-03-14T14:30:00Z,P1,2.710,18.8
2026-03-14T14:30:00Z,P2,0.392,18.8
2026-03-14T14:30:00Z,P3,0.383,18.8
2026-03-14T14:45:00Z,P1,3.035,18.9
2026-03-14T14:45:00Z,P2,0.344,18.9
2026-03-14T14:45:00Z,P3,1.681,18.9
2026-03-14T15:00:00Z,P1,1.470,18.5
2026-03-14T15:00:00Z,P2,0.357,18.5
2026-03-14T15:00:00Z,P3,0.366,18.5
2026-03-14T15:15:00Z,P1,1.962,18.7
2026-03-14T15:15:00Z,P2,0.337,18.7
2026-03-14T15:15:00Z,P3,1.030,18.7
2026-03-14T15:30:00Z,P1,3.999,18.2
2026-03-14T15:30:00Z,P2,0.815,18.2
2026-03-14T15:30:00Z,P3,2.505,18.2
2026-03-14T15:45:00Z,P1,0.474,18.0
2026-03-14T15:45:00Z,P2,2.406,18.0
2026-03-14T15:45:00Z,P3,1.777,18.0
2026-03-14T16:00:00Z,P1,2.659,18.8
2026-03-14T16:00:00Z,P2,2.509,18.8
2026-03-14T16:00:00Z,P3,1.820,18.8
2026-03-14T16:15:00Z,P1,3.247,18.3
2026-03-14T16:15:00Z,P2,2.513,18.3
2026-03-14T16:15:00Z,P3,3.401,18.3
2026-03-14T16:30:00Z,P1,1.147,18.5
2026-03-14T16:30:00Z,P2,1.315,18.5
2026-03-14T16:30:00Z,P3,0.736,18.5
2026-03-14T16:45:00Z,P1,1.990,18.3
2026-03-14T16:45:00Z,P2,0.343,18.3
2026-03-14T16:45:00Z,P3,0.904,18.3
2026-03-14T17:00:00Z,P1,2.575,18.0
2026-03-14T17:00:00Z,P2,0.341,18.0
2026-03-14T17:00:00Z,P3,1.231,18.0
2026-03-14T17:15:00Z,P1,2.272,17.9
2026-03-14T17:15:00Z,P2,0.361,17.9
2026-03-14T17:15:00Z,P3,0.357,17.9
2026-03-14T17:30:00Z,P1,1.469,17.9
2026-03-14T17:30:00Z,P2,0.345,17.9
2026-03-14T17:30:00Z,P3,2.575,17.9
2026-03-14T17:45:00Z,P1,2.642,17.8
2026-03-14T17:45:00Z,P2,2.145,17.8
2026-03-14T17:45:00Z,P3,2.087,17.8
2026-03-14T18:00:00Z,P1,2.560,17.3
2026-03-14T18:00:00Z,P2,2.519,17.3
2026-03-14T18:00:00Z,P3,1.775,17.3
2026-03-14T18:15:00Z,P1,0.978,17.5
2026-03-14T18:15:00Z,P2,2.578,17.5
2026-03-14T18:15:00Z,P3,2.756,17.5
2026-03-14T18:30:00Z,P1,3.543,17.5
2026-03-14T18:30:00Z,P2,2.550,17.5
2026-03-14T18:30:00Z,P3,0.891,17.5
2026-03-14T18:45:00Z,P1,3.688,16.8
2026-03-14T18:45:00Z,P2,2.590,16.8
2026-03-14T18:45:00Z,P3,0.295,16.8
2026-03-14T19:00:00Z,P1,2.203,17.3
2026-03-14T19:00:00Z,P2,1.557,17.3
2026-03-14T19:00:00Z,P3,1.362,17.3
2026-03-14T19:15:00Z,P1,3.732,17.2
2026-03-14T19:15:00Z,P2,0.356,17.2
2026-03-14T19:15:00Z,P3,0.724,17.2
2026-03-14T19:30:00Z,P1,3.718,16.9
2026-03-14T19:30:00Z,P2,0.349,16.9
2026-03-14T19:30:00Z,P3,0.953,16.9
2026-03-14T19:45:00Z,P1,2.230,17.1
2026-03-14T19:45:00Z,P2,0.372,17.1
2026-03-14T19:45:00Z,P3,2.984,17.1
2026-03-14T20:00:00Z,P1,2.082,16.7
2026-03-14T20:00:00Z,P2,0.311,16.7
2026-03-14T20:00:00Z,P3,1.986,16.7
2026-03-14T20:15:00Z,P1,3.369,16.7
2026-03-14T20:15:00Z,P2,0.295,16.7
2026-03-14T20:15:00Z,P3,1.736,16.7
2026-03-14T20:30:00Z,P1,1.074,16.5
2026-03-14T20:30:00Z,P2,0.414,16.5
2026-03-14T20:30:00Z,P3,2.047,16.5
2026-03-14T20:45:00Z,P1,1.898,16.3
2026-03-14T20:45:00Z,P2,0.415,16.3
2026-03-14T20:45:00Z,P3,0.669,16.3
2026-03-14T21:00:00Z,P1,3.712,16.3
2026-03-14T21:00:00Z,P2,0.384,16.3
2026-03-14T21:00:00Z,P3,0.363,16.3
2026-03-14T21:15:00Z,P1,0.614,16.0
2026-03-14T21:15:00Z,P2,0.489,16.0
2026-03-14T21:15:00Z,P3,1.450,16.0
2026-03-14T21:30:00Z,P1,2.540,16.0
2026-03-14T21:30:00Z,P2,2.488,16.0
2026-03-14T21:30:00Z,P3,0.836,16.0
2026-03-14T21:45:00Z,P1,3.090,15.8
2026-03-14T21:45:00Z,P2,2.504,15.8
2026-03-14T21:45:00Z,P3,1.320,15.8
2026-03-14T22:00:00Z,P1,0.599,15.9
2026-03-14T22:00:00Z,P2,2.496,15.9
2026-03-14T22:00:00Z,P3,2.905,15.9
2026-03-14T22:15:00Z,P1,2.628,15.8
2026-03-14T22:15:00Z,P2,0.869,15.8
2026-03-14T22:15:00Z,P3,2.042,15.8
2026-03-14T22:30:00Z,P1,2.516,15.8
2026-03-14T22:30:00Z,P2,0.335,15.8
2026-03-14T22:30:00Z,P3,1.713,15.8
2026-03-14T22:45:00Z,P1,1.804,15.5
2026-03-14T22:45:00Z,P2,0.379,15.5
2026-03-14T22:45:00Z,P3,1.898,15.5
2026-03-14T23:00:00Z,P1,1.205,15.5
2026-03-14T23:00:00Z,P2,0.355,15.5
2026-03-14T23:00:00Z,P3,0.323,15.5
2026-03-14T23:15:00Z,P1,3.154,15.2
2026-03-14T23:15:00Z,P2,0.354,15.2
2026-03-14T23:15:00Z,P3,0.344,15.2
2026-03-14T23:30:00Z,P1,2.146,15.3
2026-03-14T23:30:00Z,P2,0.366,15.3
2026-03-14T23:30:00Z,P3,1.535,15.3
2026-03-14T23:45:00Z,P1,0.600,15.1
2026-03-14T23:45:00Z,P2,0.373,15.1
2026-03-14T23:45:00Z,P3,0.454,15.1
2026-03-15T00:00:00Z,P1,3.181,15.1
2026-03-15T00:00:00Z,P2,0.340,15.1
2026-03-15T00:00:00Z,P3,1.926,15.1
2026-03-15T00:15:00Z,P1,2.315,15.0
2026-03-15T00:15:00Z,P2,0.328,15.0
2026-03-15T00:15:00Z,P3,3.084,15.0
2026-03-15T00:30:00Z,P1,0.982,14.9
2026-03-15T00:30:00Z,P2,0.370,14.9
2026-03-15T00:30:00Z,P3,2.159,14.9
2026-03-15T00:45:00Z,P1,3.186,14.8
2026-03-15T00:45:00Z,P2,0.688,14.8
2026-03-15T00:45:00Z,P3,2.718,14.8
2026-03-15T01:00:00Z,P1,2.152,14.8
2026-03-15T01:00:00Z,P2,2.221,14.8
2026-03-15T01:00:00Z,P3,2.657,14.8
2026-03-15T01:15:00Z,P1,1.454,14.8
2026-03-15T01:15:00Z,P2,2.357,14.8
2026-03-15T01:15:00Z,P3,1.821,14.8
2026-03-15T01:30:00Z,P1,2.803,14.9
2026-03-15T01:30:00Z,P2,2.484,14.9
2026-03-15T01:30:00Z,P3,2.920,14.9
2026-03-15T01:45:00Z,P1,1.733,14.8
2026-03-15T01:45:00Z,P2,2.519,14.8
2026-03-15T01:45:00Z,P3,2.034,14.8
2026-03-15T02:00:00Z,P1,1.600,14.8
2026-03-15T02:00:00Z,P2,2.469,14.8
2026-03-15T02:00:00Z,P3,1.825,14.8
2026-03-15T02:15:00Z,P1,2.377,15.0
2026-03-15T02:15:00Z,P2,2.472,15.0
2026-03-15T02:15:00Z,P3,3.015,15.0
2026-03-15T02:30:00Z,P1,2.811,15.0
2026-03-15T02:30:00Z,P2,2.468,15.0
2026-03-15T02:30:00Z,P3,1.815,15.0
2026-03-15T02:45:00Z,P1,1.206,14.9
2026-03-15T02:45:00Z,P2,2.456,14.9
2026-03-15T02:45:00Z,P3,1.783,14.9
2026-03-15T03:00:00Z,P1,2.927,14.9
2026-03-15T03:00:00Z,P2,2.478,14.9
2026-03-15T03:00:00Z,P3,3.129,14.9
2026-03-15T03:15:00Z,P1,2.408,14.7
2026-03-15T03:15:00Z,P2,2.511,14.7
2026-03-15T03:15:00Z,P3,0.487,14.7
2026-03-15T03:30:00Z,P1,1.458,14.8
2026-03-15T03:30:00Z,P2,2.080,14.8
2026-03-15T03:30:00Z,P3,0.350,14.8
2026-03-15T03:45:00Z,P1,1.945,15.0
2026-03-15T03:45:00Z,P2,0.332,15.0
2026-03-15T03:45:00Z,P3,1.803,15.0
2026-03-15T04:00:00Z,P1,3.204,15.3
2026-03-15T04:00:00Z,P2,0.339,15.3
2026-03-15T04:00:00Z,P3,0.439,15.3
2026-03-15T04:15:00Z,P1,0.806,15.2
2026-03-15T04:15:00Z,P2,0.401,15.2
2026-03-15T04:15:00Z,P3,0.455,15.2
2026-03-15T04:30:00Z,P1,2.274,14.8
2026-03-15T04:30:00Z,P2,0.364,14.8
2026-03-15T04:30:00Z,P3,2.816,14.8
2026-03-15T04:45:00Z,P1,3.224,15.3
2026-03-15T04:45:00Z,P2,0.367,15.3
2026-03-15T04:45:00Z,P3,1.794,15.3
2026-03-15T05:00:00Z,P1,0.856,15.0
2026-03-15T05:00:00Z,P2,0.389,15.0
2026-03-15T05:00:00Z,P3,1.789,15.0
2026-03-15T05:15:00Z,P1,1.824,15.5
2026-03-15T05:15:00Z,P2,0.398,15.5
2026-03-15T05:15:00Z,P3,3.134,15.5
2026-03-15T05:30:00Z,P1,2.584,15.6
2026-03-15T05:30:00Z,P2,0.362,15.6
2026-03-15T05:30:00Z,P3,0.346,15.6
2026-03-15T05:45:00Z,P1,2.486,15.6
2026-03-15T05:45:00Z,P2,0.334,15.6
2026-03-15T05:45:00Z,P3,0.838,15.6
2026-03-15T06:00:00Z,P1,0.671,15.9
2026-03-15T06:00:00Z,P2,0.348,15.9
2026-03-15T06:00:00Z,P3,1.198,15.9
2026-03-15T06:15:00Z,P1,3.155,15.9
2026-03-15T06:15:00Z,P2,1.954,15.9
2026-03-15T06:15:00Z,P3,0.308,15.9
2026-03-15T06:30:00Z,P1,2.334,16.1
2026-03-15T06:30:00Z,P2,2.553,16.1
2026-03-15T06:30:00Z,P3,2.268,16.1
2026-03-15T06:45:00Z,P1,1.252,16.2
2026-03-15T06:45:00Z,P2,2.570,16.2
2026-03-15T06:45:00Z,P3,1.716,16.2
2026-03-15T07:00:00Z,P1,3.340,16.2
2026-03-15T07:00:00Z,P2,2.532,16.2
2026-03-15T07:00:00Z,P3,1.949,16.2
2026-03-15T07:15:00Z,P1,2.749,16.7
2026-03-15T07:15:00Z,P2,2.500,16.7
2026-03-15T07:15:00Z,P3,2.178,16.7
2026-03-15T07:30:00Z,P1,3.590,16.3
2026-03-15T07:30:00Z,P2,2.554,16.3
2026-03-15T07:30:00Z,P3,1.394,16.3
2026-03-15T07:45:00Z,P1,2.403,16.5
2026-03-15T07:45:00Z,P2,1.406,16.5
2026-03-15T07:45:00Z,P3,2.512,16.5
2026-03-15T08:00:00Z,P1,3.741,16.8
2026-03-15T08:00:00Z,P2,0.363,16.8
2026-03-15T08:00:00Z,P3,2.132,16.8
2026-03-15T08:15:00Z,P1,3.047,16.9
2026-03-15T08:15:00Z,P2,1.757,16.9
2026-03-15T08:15:00Z,P3,1.799,16.9
2026-03-15T08:30:00Z,P1,3.333,17.1
2026-03-15T08:30:00Z,P2,2.477,17.1
2026-03-15T08:30:00Z,P3,2.776,17.1
2026-03-15T08:45:00Z,P1,2.798,17.2
2026-03-15T08:45:00Z,P2,2.466,17.2
2026-03-15T08:45:00Z,P3,3.013,17.2
2026-03-15T09:00:00Z,P1,4.237,17.1
2026-03-15T09:00:00Z,P2,1.765,17.1
2026-03-15T09:00:00Z,P3,3.635,17.1
2026-03-15T09:15:00Z,P1,4.230,17.4
2026-03-15T09:15:00Z,P2,0.359,17.4
2026-03-15T09:15:00Z,P3,3.635,17.4
2026-03-15T09:30:00Z,P1,4.185,17.4
2026-03-15T09:30:00Z,P2,0.335,17.4
2026-03-15T09:30:00Z,P3,3.478,17.4
2026-03-15T09:45:00Z,P1,2.725,17.5
2026-03-15T09:45:00Z,P2,0.402,17.5
2026-03-15T09:45:00Z,P3,3.437,17.5
2026-03-15T10:00:00Z,P1,3.911,17.6
2026-03-15T10:00:00Z,P2,0.311,17.6
2026-03-15T10:00:00Z,P3,3.487,17.6
2026-03-15T10:15:00Z,P1,1.580,17.4
2026-03-15T10:15:00Z,P2,0.317,17.4
2026-03-15T10:15:00Z,P3,3.410,17.4
2026-03-15T10:30:00Z,P1,1.745,18.1
2026-03-15T10:30:00Z,P2,0.361,18.1
2026-03-15T10:30:00Z,P3,3.430,18.1
2026-03-15T10:45:00Z,P1,2.565,17.8
2026-03-15T10:45:00Z,P2,0.359,17.8
2026-03-15T10:45:00Z,P3,2.014,17.8
2026-03-15T11:00:00Z,P1,2.962,18.1
2026-03-15T11:00:00Z,P2,0.351,18.1
2026-03-15T11:00:00Z,P3,2.024,18.1
2026-03-15T11:15:00Z,P1,1.534,18.0
2026-03-15T11:15:00Z,P2,0.465,18.0
2026-03-15T11:15:00Z,P3,2.783,18.0
2026-03-15T11:30:00Z,P1,1.906,18.4
2026-03-15T11:30:00Z,P2,4.390,18.4
2026-03-15T11:30:00Z,P3,0.343,18.4
2026-03-15T11:45:00Z,P1,4.115,18.6
2026-03-15T11:45:00Z,P2,4.696,18.6
2026-03-15T11:45:00Z,P3,0.931,18.6
2026-03-15T12:00:00Z,P1,3.466,18.1
2026-03-15T12:00:00Z,P2,4.637,18.1
2026-03-15T12:00:00Z,P3,2.612,18.1
2026-03-15T12:15:00Z,P1,2.233,18.4
2026-03-15T12:15:00Z,P2,4.650,18.4
2026-03-15T12:15:00Z,P3,1.791,18.4
2026-03-15T12:30:00Z,P1,3.192,18.5
2026-03-15T12:30:00Z,P2,4.699,18.5
2026-03-15T12:30:00Z,P3,1.865,18.5
2026-03-15T12:45:00Z,P1,2.386,18.6
2026-03-15T12:45:00Z,P2,3.795,18.6
2026-03-15T12:45:00Z,P3,3.109,18.6
2026-03-15T13:00:00Z,P1,2.358,18.6
2026-03-15T13:00:00Z,P2,1.067,18.6
2026-03-15T13:00:00Z,P3,1.856,18.6
2026-03-15T13:15:00Z,P1,2.351,18.4
2026-03-15T13:15:00Z,P2,0.370,18.4
2026-03-15T13:15:00Z,P3,2.430,18.4
2026-03-15T13:30:00Z,P1,4.174,18.7
2026-03-15T13:30:00Z,P2,1.828,18.7
2026-03-15T13:30:00Z,P3,2.603,18.7
2026-03-15T13:45:00Z,P1,3.750,18.9
2026-03-15T13:45:00Z,P2,2.195,18.9
2026-03-15T13:45:00Z,P3,1.018,18.9
2026-03-15T14:00:00Z,P1,2.244,18.7
2026-03-15T14:00:00Z,P2,2.509,18.7
2026-03-15T14:00:00Z,P3,3.623,18.7
2026-03-15T14:15:00Z,P1,3.750,18.8
2026-03-15T14:15:00Z,P2,2.520,18.8
2026-03-15T14:15:00Z,P3,2.176,18.8
2026-03-15T14:30:00Z,P1,2.332,18.6
2026-03-15T14:30:00Z,P2,2.538,18.6
2026-03-15T14:30:00Z,P3,1.778,18.6
2026-03-15T14:45:00Z,P1,1.566,19.0
2026-03-15T14:45:00Z,P2,2.510,19.0
2026-03-15T14:45:00Z,P3,3.109,19.0
2026-03-15T15:00:00Z,P1,2.397,18.2
2026-03-15T15:00:00Z,P2,2.512,18.2
2026-03-15T15:00:00Z,P3,1.766,18.2
2026-03-15T15:15:00Z,P1,2.980,18.3
2026-03-15T15:15:00Z,P2,3.850,18.3
2026-03-15T15:15:00Z,P3,2.238,18.3
2026-03-15T15:30:00Z,P1,1.620,18.6
2026-03-15T15:30:00Z,P2,4.650,18.6
2026-03-15T15:30:00Z,P3,2.785,18.6
2026-03-15T15:45:00Z,P1,1.559,18.8
2026-03-15T15:45:00Z,P2,4.680,18.8
2026-03-15T15:45:00Z,P3,1.838,18.8
2026-03-15T16:00:00Z,P1,3.558,18.5
2026-03-15T16:00:00Z,P2,4.117,18.5
2026-03-15T16:00:00Z,P3,2.541,18.5
2026-03-15T16:15:00Z,P1,0.744,18.3
2026-03-15T16:15:00Z,P2,2.507,18.3
2026-03-15T16:15:00Z,P3,2.443,18.3
2026-03-15T16:30:00Z,P1,2.905,18.2
2026-03-15T16:30:00Z,P2,0.626,18.2
2026-03-15T16:30:00Z,P3,1.762,18.2
2026-03-15T16:45:00Z,P1,2.822,18.5
2026-03-15T16:45:00Z,P2,0.289,18.5
2026-03-15T16:45:00Z,P3,1.992,18.5
2026-03-15T17:00:00Z,P1,1.355,18.3
2026-03-15T17:00:00Z,P2,0.354,18.3
2026-03-15T17:00:00Z,P3,0.402,18.3
2026-03-15T17:15:00Z,P1,2.144,17.7
2026-03-15T17:15:00Z,P2,0.337,17.7
2026-03-15T17:15:00Z,P3,0.979,17.7
2026-03-15T17:30:00Z,P1,2.746,18.2
2026-03-15T17:30:00Z,P2,0.366,18.2
2026-03-15T17:30:00Z,P3,1.106,18.2
2026-03-15T17:45:00Z,P1,2.389,17.7
2026-03-15T17:45:00Z,P2,0.375,17.7
2026-03-15T17:45:00Z,P3,0.345,17.7
2026-03-15T18:00:00Z,P1,0.858,17.8
2026-03-15T18:00:00Z,P2,0.327,17.8
2026-03-15T18:00:00Z,P3,2.651,17.8
2026-03-15T18:15:00Z,P1,3.567,17.5
2026-03-15T18:15:00Z,P2,0.297,17.5
2026-03-15T18:15:00Z,P3,2.311,17.5
2026-03-15T18:30:00Z,P1,1.495,17.6
2026-03-15T18:30:00Z,P2,0.402,17.6
2026-03-15T18:30:00Z,P3,1.784,17.6
2026-03-15T18:45:00Z,P1,1.404,17.2
2026-03-15T18:45:00Z,P2,0.922,17.2
2026-03-15T18:45:00Z,P3,2.448,17.2
2026-03-15T19:00:00Z,P1,3.472,17.2
2026-03-15T19:00:00Z,P2,2.438,17.2
2026-03-15T19:00:00Z,P3,0.365,17.2
2026-03-15T19:15:00Z,P1,2.256,17.1
2026-03-15T19:15:00Z,P2,2.466,17.1
2026-03-15T19:15:00Z,P3,1.177,17.1
2026-03-15T19:30:00Z,P1,1.861,17.4
2026-03-15T19:30:00Z,P2,2.054,17.4
2026-03-15T19:30:00Z,P3,0.872,17.4
2026-03-15T19:45:00Z,P1,2.094,17.1
2026-03-15T19:45:00Z,P2,0.342,17.1
2026-03-15T19:45:00Z,P3,0.916,17.1
2026-03-15T20:00:00Z,P1,3.257,16.9
2026-03-15T20:00:00Z,P2,0.384,16.9
2026-03-15T20:00:00Z,P3,2.923,16.9
2026-03-15T20:15:00Z,P1,1.360,16.8
2026-03-15T20:15:00Z,P2,0.330,16.8
2026-03-15T20:15:00Z,P3,2.229,16.8
2026-03-15T20:30:00Z,P1,1.898,16.5
2026-03-15T20:30:00Z,P2,0.325,16.5
2026-03-15T20:30:00Z,P3,2.064,16.5
2026-03-15T20:45:00Z,P1,3.564,16.8
2026-03-15T20:45:00Z,P2,0.372,16.8
2026-03-15T20:45:00Z,P3,2.548,16.8
2026-03-15T21:00:00Z,P1,0.753,16.3
2026-03-15T21:00:00Z,P2,0.319,16.3
2026-03-15T21:00:00Z,P3,0.352,16.3
2026-03-15T21:15:00Z,P1,2.114,16.3
2026-03-15T21:15:00Z,P2,0.346,16.3
2026-03-15T21:15:00Z,P3,1.090,16.3
2026-03-15T21:30:00Z,P1,3.242,16.0
2026-03-15T21:30:00Z,P2,0.308,16.0
2026-03-15T21:30:00Z,P3,1.129,16.0
2026-03-15T21:45:00Z,P1,0.700,15.8
2026-03-15T21:45:00Z,P2,0.341,15.8
2026-03-15T21:45:00Z,P3,0.348,15.8
2026-03-15T22:00:00Z,P1,3.200,15.7
2026-03-15T22:00:00Z,P2,0.331,15.7
2026-03-15T22:00:00Z,P3,1.594,15.7
2026-03-15T22:15:00Z,P1,1.990,15.7
2026-03-15T22:15:00Z,P2,0.332,15.7
2026-03-15T22:15:00Z,P3,2.559,15.7
2026-03-15T22:30:00Z,P1,1.544,15.5
2026-03-15T22:30:00Z,P2,2.251,15.5
2026-03-15T22:30:00Z,P3,1.783,15.5
2026-03-15T22:45:00Z,P1,2.063,15.6
2026-03-15T22:45:00Z,P2,2.522,15.6
2026-03-15T22:45:00Z,P3,2.324,15.6
2026-03-15T23:00:00Z,P1,2.941,15.3
2026-03-15T23:00:00Z,P2,2.523,15.3
2026-03-15T23:00:00Z,P3,1.021,15.3
2026-03-15T23:15:00Z,P1,1.511,15.7
2026-03-15T23:15:00Z,P2,2.544,15.7
2026-03-15T23:15:00Z,P3,0.347,15.7
2026-03-15T23:30:00Z,P1,1.132,14.9
2026-03-15T23:30:00Z,P2,2.366,14.9
2026-03-15T23:30:00Z,P3,0.878,14.9
2026-03-15T23:45:00Z,P1,3.735,15.3
2026-03-15T23:45:00Z,P2,0.332,15.3
2026-03-15T23:45:00Z,P3,1.165,15.3
2026-03-16T00:00:00Z,P1,0.458,15.6
2026-03-16T00:00:00Z,P2,0.439,15.6
2026-03-16T00:00:00Z,P3,1.004,15.6
2026-03-16T00:15:00Z,P1,2.298,15.2
2026-03-16T00:15:00Z,P2,0.400,15.2
2026-03-16T00:15:00Z,P3,2.319,15.2
2026-03-16T00:30:00Z,P1,2.576,15.3
2026-03-16T00:30:00Z,P2,0.378,15.3
2026-03-16T00:30:00Z,P3,2.457,15.3
2026-03-16T00:45:00Z,P1,3.314,14.9
2026-03-16T00:45:00Z,P2,0.337,14.9
2026-03-16T00:45:00Z,P3,1.775,14.9
2026-03-16T01:00:00Z,P1,3.350,14.9
2026-03-16T01:00:00Z,P2,0.357,14.9
2026-03-16T01:00:00Z,P3,1.933,14.9
2026-03-16T01:15:00Z,P1,2.740,15.1
2026-03-16T01:15:00Z,P2,0.433,15.1
2026-03-16T01:15:00Z,P3,0.624,15.1
2026-03-16T01:30:00Z,P1,3.859,14.9
2026-03-16T01:30:00Z,P2,0.346,14.9
2026-03-16T01:30:00Z,P3,0.585,14.9
2026-03-16T01:45:00Z,P1,2.983,15.2
2026-03-16T01:45:00Z,P2,0.348,15.2
2026-03-16T01:45:00Z,P3,1.433,15.2
2026-03-16T02:00:00Z,P1,3.708,14.8
2026-03-16T02:00:00Z,P2,0.356,14.8
2026-03-16T02:00:00Z,P3,0.318,14.8
2026-03-16T02:15:00Z,P1,1.659,14.7
2026-03-16T02:15:00Z,P2,0.356,14.7
2026-03-16T02:15:00Z,P3,1.136,14.7
2026-03-16T02:30:00Z,P1,1.473,14.9
2026-03-16T02:30:00Z,P2,0.342,14.9
2026-03-16T02:30:00Z,P3,3.149,14.9
2026-03-16T02:45:00Z,P1,2.675,14.5
2026-03-16T02:45:00Z,P2,0.392,14.5
2026-03-16T02:45:00Z,P3,1.781,14.5
2026-03-16T03:00:00Z,P1,2.321,14.8
2026-03-16T03:00:00Z,P2,0.298,14.8
2026-03-16T03:00:00Z,P3,1.760,14.8
2026-03-16T03:15:00Z,P1,1.826,15.1
2026-03-16T03:15:00Z,P2,0.351,15.1
2026-03-16T03:15:00Z,P3,1.763,15.1
2026-03-16T03:30:00Z,P1,1.516,15.2
2026-03-16T03:30:00Z,P2,0.302,15.2
2026-03-16T03:30:00Z,P3,0.419,15.2
2026-03-16T03:45:00Z,P1,3.601,15.1
2026-03-16T03:45:00Z,P2,0.352,15.1
2026-03-16T03:45:00Z,P3,0.330,15.1
2026-03-16T04:00:00Z,P1,1.246,15.0
2026-03-16T04:00:00Z,P2,0.380,15.0
2026-03-16T04:00:00Z,P3,1.839,15.0
2026-03-16T04:15:00Z,P1,1.141,15.2
2026-03-16T04:15:00Z,P2,0.386,15.2
2026-03-16T04:15:00Z,P3,0.348,15.2
2026-03-16T04:30:00Z,P1,3.572,15.1
2026-03-16T04:30:00Z,P2,0.493,15.1
2026-03-16T04:30:00Z,P3,1.445,15.1
2026-03-16T04:45:00Z,P1,1.297,15.5
2026-03-16T04:45:00Z,P2,2.460,15.5
2026-03-16T04:45:00Z,P3,2.673,15.5
2026-03-16T05:00:00Z,P1,1.853,15.3
2026-03-16T05:00:00Z,P2,2.453,15.3
2026-03-16T05:00:00Z,P3,1.845,15.3
2026-03-16T05:15:00Z,P1,1.912,15.3
2026-03-16T05:15:00Z,P2,1.511,15.3
2026-03-16T05:15:00Z,P3,2.789,15.3
2026-03-16T05:30:00Z,P1,3.207,15.4
2026-03-16T05:30:00Z,P2,0.364,15.4
2026-03-16T05:30:00Z,P3,0.885,15.4
2026-03-16T05:45:00Z,P1,1.224,15.9
2026-03-16T05:45:00Z,P2,0.331,15.9
2026-03-16T05:45:00Z,P3,0.382,15.9
2026-03-16T06:00:00Z,P1,1.785,15.8
2026-03-16T06:00:00Z,P2,0.367,15.8
2026-03-16T06:00:00Z,P3,1.544,15.8
2026-03-16T06:15:00Z,P1,3.991,16.1
2026-03-16T06:15:00Z,P2,0.291,16.1
2026-03-16T06:15:00Z,P3,0.485,16.1
2026-03-16T06:30:00Z,P1,0.497,16.2
2026-03-16T06:30:00Z,P2,0.322,16.2
2026-03-16T06:30:00Z,P3,0.317,16.2
2026-03-16T06:45:00Z,P1,1.740,16.2
2026-03-16T06:45:00Z,P2,0.382,16.2
2026-03-16T06:45:00Z,P3,2.897,16.2
2026-03-16T07:00:00Z,P1,3.127,16.4
2026-03-16T07:00:00Z,P2,0.332,16.4
2026-03-16T07:00:00Z,P3,1.790,16.4
2026-03-16T07:15:00Z,P1,3.198,16.6
2026-03-16T07:15:00Z,P2,0.388,16.6
2026-03-16T07:15:00Z,P3,2.565,16.6
2026-03-16T07:30:00Z,P1,2.875,16.3
2026-03-16T07:30:00Z,P2,0.329,16.3
2026-03-16T07:30:00Z,P3,2.850,16.3
2026-03-16T07:45:00Z,P1,4.219,17.0
2026-03-16T07:45:00Z,P2,0.367,17.0
2026-03-16T07:45:00Z,P3,2.241,17.0
2026-03-16T08:00:00Z,P1,2.478,16.9
2026-03-16T08:00:00Z,P2,0.342,16.9
2026-03-16T08:00:00Z,P3,2.437,16.9
2026-03-16T08:15:00Z,P1,4.229,17.0
2026-03-16T08:15:00Z,P2,2.328,17.0
2026-03-16T08:15:00Z,P3,3.493,17.0
2026-03-16T08:30:00Z,P1,4.257,17.4
2026-03-16T08:30:00Z,P2,4.097,17.4
2026-03-16T08:30:00Z,P3,3.621,17.4
2026-03-16T08:45:00Z,P1,4.208,17.3
2026-03-16T08:45:00Z,P2,4.735,17.3
2026-03-16T08:45:00Z,P3,3.509,17.3
2026-03-16T09:00:00Z,P1,4.222,17.5
2026-03-16T09:00:00Z,P2,4.698,17.5
2026-03-16T09:00:00Z,P3,3.488,17.5
2026-03-16T09:15:00Z,P1,4.183,17.5
2026-03-16T09:15:00Z,P2,4.432,17.5
2026-03-16T09:15:00Z,P3,3.440,17.5
2026-03-16T09:30:00Z,P1,4.207,17.4
2026-03-16T09:30:00Z,P2,4.458,17.4
2026-03-16T09:30:00Z,P3,3.444,17.4
2026-03-16T09:45:00Z,P1,2.207,17.7
2026-03-16T09:45:00Z,P2,4.671,17.7
2026-03-16T09:45:00Z,P3,3.435,17.7
2026-03-16T10:00:00Z,P1,2.912,17.8
2026-03-16T10:00:00Z,P2,4.675,17.8
2026-03-16T10:00:00Z,P3,3.224,17.8
2026-03-16T10:15:00Z,P1,3.376,18.0
2026-03-16T10:15:00Z,P2,4.683,18.0
2026-03-16T10:15:00Z,P3,1.828,18.0
2026-03-16T10:30:00Z,P1,1.935,18.2
2026-03-16T10:30:00Z,P2,4.731,18.2
2026-03-16T10:30:00Z,P3,1.992,18.2
2026-03-16T10:45:00Z,P1,1.615,18.2
2026-03-16T10:45:00Z,P2,4.641,18.2
2026-03-16T10:45:00Z,P3,2.972,18.2
2026-03-16T11:00:00Z,P1,3.575,18.2
2026-03-16T11:00:00Z,P2,4.170,18.2
2026-03-16T11:00:00Z,P3,1.799,18.2
2026-03-16T11:15:00Z,P1,1.292,18.5
2026-03-16T11:15:00Z,P2,2.420,18.5
2026-03-16T11:15:00Z,P3,2.437,18.5
2026-03-16T11:30:00Z,P1,2.111,18.6
2026-03-16T11:30:00Z,P2,2.461,18.6
2026-03-16T11:30:00Z,P3,2.440,18.6
2026-03-16T11:45:00Z,P1,4.151,18.6
2026-03-16T11:45:00Z,P2,2.481,18.6
2026-03-16T11:45:00Z,P3,1.387,18.6
2026-03-16T12:00:00Z,P1,3.884,18.2
2026-03-16T12:00:00Z,P2,2.468,18.2
2026-03-16T12:00:00Z,P3,2.958,18.2
2026-03-16T12:15:00Z,P1,1.629,18.6
2026-03-16T12:15:00Z,P2,2.461,18.6
2026-03-16T12:15:00Z,P3,1.740,18.6
2026-03-16T12:30:00Z,P1,1.231,18.6
2026-03-16T12:30:00Z,P2,2.514,18.6
2026-03-16T12:30:00Z,P3,2.469,18.6
2026-03-16T12:45:00Z,P1,3.254,18.6
2026-03-16T12:45:00Z,P2,1.620,18.6
2026-03-16T12:45:00Z,P3,2.450,18.6
2026-03-16T13:00:00Z,P1,1.719,18.5
2026-03-16T13:00:00Z,P2,0.335,18.5
2026-03-16T13:00:00Z,P3,1.801,18.5
2026-03-16T13:15:00Z,P1,1.588,18.9
2026-03-16T13:15:00Z,P2,0.316,18.9
2026-03-16T13:15:00Z,P3,1.723,18.9
2026-03-16T13:30:00Z,P1,2.964,18.7
2026-03-16T13:30:00Z,P2,0.395,18.7
2026-03-16T13:30:00Z,P3,1.001,18.7
2026-03-16T13:45:00Z,P1,2.280,18.7
2026-03-16T13:45:00Z,P2,0.352,18.7
2026-03-16T13:45:00Z,P3,0.290,18.7
2026-03-16T14:00:00Z,P1,1.524,18.9
2026-03-16T14:00:00Z,P2,0.340,18.9
2026-03-16T14:00:00Z,P3,1.685,18.9
2026-03-16T14:15:00Z,P1,2.441,18.6
2026-03-16T14:15:00Z,P2,0.356,18.6
2026-03-16T14:15:00Z,P3,1.508,18.6
2026-03-16T14:30:00Z,P1,3.222,19.0
2026-03-16T14:30:00Z,P2,0.358,19.0
2026-03-16T14:30:00Z,P3,3.008,19.0
2026-03-16T14:45:00Z,P1,3.470,18.7
2026-03-16T14:45:00Z,P2,0.396,18.7
2026-03-16T14:45:00Z,P3,3.429,18.7
2026-03-16T15:00:00Z,P1,2.851,18.5
2026-03-16T15:00:00Z,P2,0.637,18.5
2026-03-16T15:00:00Z,P3,2.604,18.5
2026-03-16T15:15:00Z,P1,3.778,18.7
2026-03-16T15:15:00Z,P2,4.536,18.7
2026-03-16T15:15:00Z,P3,1.800,18.7
2026-03-16T15:30:00Z,P1,2.520,18.5
2026-03-16T15:30:00Z,P2,4.663,18.5
2026-03-16T15:30:00Z,P3,1.778,18.5
2026-03-16T15:45:00Z,P1,3.999,18.4
2026-03-16T15:45:00Z,P2,4.671,18.4
2026-03-16T15:45:00Z,P3,0.390,18.4
2026-03-16T16:00:00Z,P1,2.854,18.5
2026-03-16T16:00:00Z,P2,4.123,18.5
2026-03-16T16:00:00Z,P3,0.999,18.5
2026-03-16T16:15:00Z,P1,3.335,18.5
2026-03-16T16:15:00Z,P2,2.498,18.5
2026-03-16T16:15:00Z,P3,1.148,18.5
2026-03-16T16:30:00Z,P1,1.519,18.0
2026-03-16T16:30:00Z,P2,1.782,18.0
2026-03-16T16:30:00Z,P3,1.197,18.0
2026-03-16T16:45:00Z,P1,1.407,18.4
2026-03-16T16:45:00Z,P2,0.350,18.4
2026-03-16T16:45:00Z,P3,2.615,18.4
2026-03-16T17:00:00Z,P1,3.822,18.2
2026-03-16T17:00:00Z,P2,0.387,18.2
2026-03-16T17:00:00Z,P3,2.516,18.2
2026-03-16T17:15:00Z,P1,0.879,18.2
2026-03-16T17:15:00Z,P2,0.327,18.2
2026-03-16T17:15:00Z,P3,1.797,18.2
2026-03-16T17:30:00Z,P1,1.941,18.1
2026-03-16T17:30:00Z,P2,0.397,18.1
2026-03-16T17:30:00Z,P3,0.525,18.1
2026-03-16T17:45:00Z,P1,3.107,18.0
2026-03-16T17:45:00Z,P2,0.339,18.0
2026-03-16T17:45:00Z,P3,1.697,18.0
2026-03-16T18:00:00Z,P1,1.591,18.1
2026-03-16T18:00:00Z,P2,0.341,18.1
2026-03-16T18:00:00Z,P3,0.420,18.1
2026-03-16T18:15:00Z,P1,2.281,17.7
2026-03-16T18:15:00Z,P2,0.314,17.7
2026-03-16T18:15:00Z,P3,0.329,17.7
2026-03-16T18:30:00Z,P1,2.596,17.7
2026-03-16T18:30:00Z,P2,0.318,17.7
2026-03-16T18:30:00Z,P3,2.760,17.7
2026-03-16T18:45:00Z,P1,2.512,17.9
2026-03-16T18:45:00Z,P2,0.357,17.9
2026-03-16T18:45:00Z,P3,1.802,17.9
2026-03-16T19:00:00Z,P1,0.897,17.5
2026-03-16T19:00:00Z,P2,1.974,17.5
2026-03-16T19:00:00Z,P3,2.413,17.5
2026-03-16T19:15:00Z,P1,3.503,16.9
2026-03-16T19:15:00Z,P2,2.447,16.9
2026-03-16T19:15:00Z,P3,2.604,16.9
2026-03-16T19:30:00Z,P1,2.790,17.0
2026-03-16T19:30:00Z,P2,2.502,17.0
2026-03-16T19:30:00Z,P3,2.243,17.0
2026-03-16T19:45:00Z,P1,0.838,16.7
2026-03-16T19:45:00Z,P2,0.887,16.7
2026-03-16T19:45:00Z,P3,3.030,16.7
2026-03-16T20:00:00Z,P1,3.019,16.7
2026-03-16T20:00:00Z,P2,0.376,16.7
2026-03-16T20:00:00Z,P3,2.131,16.7
2026-03-16T20:15:00Z,P1,2.419,16.7
2026-03-16T20:15:00Z,P2,0.376,16.7
2026-03-16T20:15:00Z,P3,1.809,16.7
2026-03-16T20:30:00Z,P1,1.610,16.8
2026-03-16T20:30:00Z,P2,0.373,16.8
2026-03-16T20:30:00Z,P3,3.298,16.8
2026-03-16T20:45:00Z,P1,2.368,16.7
2026-03-16T20:45:00Z,P2,0.915,16.7
2026-03-16T20:45:00Z,P3,1.898,16.7
2026-03-16T21:00:00Z,P1,4.234,16.5
2026-03-16T21:00:00Z,P2,2.363,16.5
2026-03-16T21:00:00Z,P3,1.919,16.5
2026-03-16T21:15:00Z,P1,3.596,16.3
2026-03-16T21:15:00Z,P2,2.163,16.3
2026-03-16T21:15:00Z,P3,3.358,16.3
2026-03-16T21:30:00Z,P1,2.598,16.4
2026-03-16T21:30:00Z,P2,4.053,16.4
2026-03-16T21:30:00Z,P3,1.816,16.4
2026-03-16T21:45:00Z,P1,1.264,15.9
2026-03-16T21:45:00Z,P2,4.678,15.9
2026-03-16T21:45:00Z,P3,1.748,15.9
2026-03-16T22:00:00Z,P1,2.574,15.6
2026-03-16T22:00:00Z,P2,4.657,15.6
2026-03-16T22:00:00Z,P3,3.117,15.6
2026-03-16T22:15:00Z,P1,2.626,16.0
2026-03-16T22:15:00Z,P2,3.818,16.0
2026-03-16T22:15:00Z,P3,0.356,16.0
2026-03-16T22:30:00Z,P1,1.741,15.8
2026-03-16T22:30:00Z,P2,2.540,15.8
2026-03-16T22:30:00Z,P3,0.564,15.8
2026-03-16T22:45:00Z,P1,1.864,16.1
2026-03-16T22:45:00Z,P2,2.558,16.1
2026-03-16T22:45:00Z,P3,1.674,16.1
2026-03-16T23:00:00Z,P1,3.206,15.9
2026-03-16T23:00:00Z,P2,2.553,15.9
2026-03-16T23:00:00Z,P3,0.358,15.9
2026-03-16T23:15:00Z,P1,1.217,15.7
2026-03-16T23:15:00Z,P2,2.590,15.7
2026-03-16T23:15:00Z,P3,1.721,15.7
2026-03-16T23:30:00Z,P1,1.522,15.3
2026-03-16T23:30:00Z,P2,2.564,15.3
2026-03-16T23:30:00Z,P3,2.487,15.3
2026-03-16T23:45:00Z,P1,3.740,15.4
2026-03-16T23:45:00Z,P2,2.592,15.4
2026-03-16T23:45:00Z,P3,1.736,15.4
2026-03-17T00:00:00Z,P1,1.567,15.3
2026-03-17T00:00:00Z,P2,1.247,15.3
2026-03-17T00:00:00Z,P3,2.380,15.3
2026-03-17T00:15:00Z,P1,1.307,15.4
2026-03-17T00:15:00Z,P2,0.343,15.4
2026-03-17T00:15:00Z,P3,1.621,15.4
2026-03-17T00:30:00Z,P1,3.960,14.8
2026-03-17T00:30:00Z,P2,0.361,14.8
2026-03-17T00:30:00Z,P3,0.324,14.8
2026-03-17T00:45:00Z,P1,2.840,15.1
2026-03-17T00:45:00Z,P2,0.371,15.1
2026-03-17T00:45:00Z,P3,0.739,15.1
2026-03-17T01:00:00Z,P1,2.176,15.1
2026-03-17T01:00:00Z,P2,0.364,15.1
2026-03-17T01:00:00Z,P3,1.354,15.1
2026-03-17T01:15:00Z,P1,4.098,15.0
2026-03-17T01:15:00Z,P2,0.344,15.0
2026-03-17T01:15:00Z,P3,0.347,15.0
2026-03-17T01:30:00Z,P1,3.185,15.1
2026-03-17T01:30:00Z,P2,0.357,15.1
2026-03-17T01:30:00Z,P3,2.729,15.1
2026-03-17T01:45:00Z,P1,1.295,14.7
2026-03-17T01:45:00Z,P2,0.381,14.7
2026-03-17T01:45:00Z,P3,1.802,14.7
2026-03-17T02:00:00Z,P1,2.642,14.9
2026-03-17T02:00:00Z,P2,0.332,14.9
2026-03-17T02:00:00Z,P3,1.778,14.9
2026-03-17T02:15:00Z,P1,2.055,14.8
2026-03-17T02:15:00Z,P2,0.311,14.8
2026-03-17T02:15:00Z,P3,2.986,14.8
2026-03-17T02:30:00Z,P1,1.832,15.0
2026-03-17T02:30:00Z,P2,1.664,15.0
2026-03-17T02:30:00Z,P3,1.608,15.0
2026-03-17T02:45:00Z,P1,1.412,15.0
2026-03-17T02:45:00Z,P2,2.448,15.0
2026-03-17T02:45:00Z,P3,0.394,15.0
2026-03-17T03:00:00Z,P1,3.600,15.1
2026-03-17T03:00:00Z,P2,2.494,15.1
2026-03-17T03:00:00Z,P3,1.629,15.1
2026-03-17T03:15:00Z,P1,1.228,15.4
2026-03-17T03:15:00Z,P2,0.880,15.4
2026-03-17T03:15:00Z,P3,0.378,15.4
2026-03-17T03:30:00Z,P1,1.938,15.1
2026-03-17T03:30:00Z,P2,0.373,15.1
2026-03-17T03:30:00Z,P3,0.682,15.1
2026-03-17T03:45:00Z,P1,3.262,15.0
2026-03-17T03:45:00Z,P2,0.349,15.0
2026-03-17T03:45:00Z,P3,1.766,15.0
2026-03-17T04:00:00Z,P1,0.770,15.2
2026-03-17T04:00:00Z,P2,0.317,15.2
2026-03-17T04:00:00Z,P3,1.724,15.2
2026-03-17T04:15:00Z,P1,2.465,15.6
2026-03-17T04:15:00Z,P2,0.300,15.6
2026-03-17T04:15:00Z,P3,2.306,15.6
2026-03-17T04:30:00Z,P1,3.478,15.5
2026-03-17T04:30:00Z,P2,0.348,15.5
2026-03-17T04:30:00Z,P3,2.555,15.5
2026-03-17T04:45:00Z,P1,0.547,15.4
2026-03-17T04:45:00Z,P2,0.340,15.4
2026-03-17T04:45:00Z,P3,1.415,15.4
2026-03-17T05:00:00Z,P1,1.848,15.8
2026-03-17T05:00:00Z,P2,0.336,15.8
2026-03-17T05:00:00Z,P3,1.438,15.8
2026-03-17T05:15:00Z,P1,3.207,15.7
2026-03-17T05:15:00Z,P2,0.365,15.7
2026-03-17T05:15:00Z,P3,0.646,15.7
2026-03-17T05:30:00Z,P1,1.473,15.8
2026-03-17T05:30:00Z,P2,0.337,15.8
2026-03-17T05:30:00Z,P3,0.697,15.8
2026-03-17T05:45:00Z,P1,1.665,16.2
2026-03-17T05:45:00Z,P2,0.336,16.2
2026-03-17T05:45:00Z,P3,1.450,16.2
2026-03-17T06:00:00Z,P1,2.440,16.0
2026-03-17T06:00:00Z,P2,0.372,16.0
2026-03-17T06:00:00Z,P3,1.438,16.0
2026-03-17T06:15:00Z,P1,2.277,16.0
2026-03-17T06:15:00Z,P2,0.376,16.0
2026-03-17T06:15:00Z,P3,2.128,16.0
2026-03-17T06:30:00Z,P1,1.342,16.3
2026-03-17T06:30:00Z,P2,0.326,16.3
2026-03-17T06:30:00Z,P3,2.939,16.3
2026-03-17T06:45:00Z,P1,2.856,16.7
2026-03-17T06:45:00Z,P2,0.371,16.7
2026-03-17T06:45:00Z,P3,1.766,16.7
2026-03-17T07:00:00Z,P1,2.370,16.2
2026-03-17T07:00:00Z,P2,0.370,16.2
2026-03-17T07:00:00Z,P3,1.317,16.2
2026-03-17T07:15:00Z,P1,0.416,16.3
2026-03-17T07:15:00Z,P2,0.306,16.3
2026-03-17T07:15:00Z,P3,2.160,16.3
2026-03-17T07:30:00Z,P1,3.565,16.7
2026-03-17T07:30:00Z,P2,0.385,16.7
2026-03-17T07:30:00Z,P3,2.153,16.7
2026-03-17T07:45:00Z,P1,3.700,16.9
2026-03-17T07:45:00Z,P2,0.345,16.9
2026-03-17T07:45:00Z,P3,2.047,16.9
2026-03-17T08:00:00Z,P1,2.544,17.2
2026-03-17T08:00:00Z,P2,0.740,17.2
2026-03-17T08:00:00Z,P3,2.662,17.2
2026-03-17T08:15:00Z,P1,3.713,17.0
2026-03-17T08:15:00Z,P2,3.382,17.0
2026-03-17T08:15:00Z,P3,3.390,17.0
2026-03-17T08:30:00Z,P1,2.845,17.4
2026-03-17T08:30:00Z,P2,4.691,17.4
2026-03-17T08:30:00Z,P3,3.228,17.4
2026-03-17T08:45:00Z,P1,4.086,17.5
2026-03-17T08:45:00Z,P2,4.673,17.5
2026-03-17T08:45:00Z,P3,1.781,17.5
2026-03-17T09:00:00Z,P1,2.661,17.5
2026-03-17T09:00:00Z,P2,3.244,17.5
2026-03-17T09:00:00Z,P3,2.684,17.5
2026-03-17T09:15:00Z,P1,3.501,17.3
2026-03-17T09:15:00Z,P2,2.520,17.3
2026-03-17T09:15:00Z,P3,1.024,17.3
2026-03-17T09:30:00Z,P1,3.190,17.7
2026-03-17T09:30:00Z,P2,2.552,17.7
2026-03-17T09:30:00Z,P3,0.273,17.7
2026-03-17T09:45:00Z,P1,0.879,18.0
2026-03-17T09:45:00Z,P2,1.676,18.0
2026-03-17T09:45:00Z,P3,1.693,18.0
2026-03-17T10:00:00Z,P1,2.489,18.2
2026-03-17T10:00:00Z,P2,0.366,18.2
2026-03-17T10:00:00Z,P3,0.575,18.2
2026-03-17T10:15:00Z,P1,1.959,18.3
2026-03-17T10:15:00Z,P2,1.293,18.3
2026-03-17T10:15:00Z,P3,2.937,18.3
2026-03-17T10:30:00Z,P1,4.075,17.8
2026-03-17T10:30:00Z,P2,2.455,17.8
2026-03-17T10:30:00Z,P3,3.400,17.8
2026-03-17T10:45:00Z,P1,2.694,18.5
2026-03-17T10:45:00Z,P2,2.500,18.5
2026-03-17T10:45:00Z,P3,1.771,18.5
2026-03-17T11:00:00Z,P1,3.487,18.3
2026-03-17T11:00:00Z,P2,2.475,18.3
2026-03-17T11:00:00Z,P3,2.132,18.3
2026-03-17T11:15:00Z,P1,3.258,18.2
2026-03-17T11:15:00Z,P2,2.462,18.2
2026-03-17T11:15:00Z,P3,2.797,18.2
2026-03-17T11:30:00Z,P1,2.859,18.6
2026-03-17T11:30:00Z,P2,2.506,18.6
2026-03-17T11:30:00Z,P3,1.820,18.6
2026-03-17T11:45:00Z,P1,3.079,18.6
2026-03-17T11:45:00Z,P2,1.535,18.6
2026-03-17T11:45:00Z,P3,2.291,18.6
2026-03-17T12:00:00Z,P1,0.503,18.6
2026-03-17T12:00:00Z,P2,0.332,18.6
2026-03-17T12:00:00Z,P3,1.976,18.6
2026-03-17T12:15:00Z,P1,3.611,18.6
2026-03-17T12:15:00Z,P2,2.117,18.6
2026-03-17T12:15:00Z,P3,2.523,18.6
2026-03-17T12:30:00Z,P1,3.019,18.8
2026-03-17T12:30:00Z,P2,2.510,18.8
2026-03-17T12:30:00Z,P3,2.504,18.8
2026-03-17T12:45:00Z,P1,4.207,18.6
2026-03-17T12:45:00Z,P2,2.481,18.6
2026-03-17T12:45:00Z,P3,1.082,18.6
2026-03-17T13:00:00Z,P1,3.480,19.3
2026-03-17T13:00:00Z,P2,3.561,19.3
2026-03-17T13:00:00Z,P3,1.882,19.3
2026-03-17T13:15:00Z,P1,2.825,18.7
2026-03-17T13:15:00Z,P2,4.302,18.7
2026-03-17T13:15:00Z,P3,0.378,18.7
2026-03-17T13:30:00Z,P1,0.947,19.0
2026-03-17T13:30:00Z,P2,4.603,19.0
2026-03-17T13:30:00Z,P3,0.373,19.0
2026-03-17T13:45:00Z,P1,3.226,18.7
2026-03-17T13:45:00Z,P2,4.725,18.7
2026-03-17T13:45:00Z,P3,1.648,18.7
2026-03-17T14:00:00Z,P1,1.962,19.3
2026-03-17T14:00:00Z,P2,4.595,19.3
2026-03-17T14:00:00Z,P3,0.276,19.3
2026-03-17T14:15:00Z,P1,1.718,18.9
2026-03-17T14:15:00Z,P2,4.661,18.9
2026-03-17T14:15:00Z,P3,2.501,18.9
2026-03-17T14:30:00Z,P1,2.688,18.7
2026-03-17T14:30:00Z,P2,4.692,18.7
2026-03-17T14:30:00Z,P3,3.820,18.7
2026-03-17T14:45:00Z,P1,4.250,18.7
2026-03-17T14:45:00Z,P2,4.623,18.7
2026-03-17T14:45:00Z,P3,3.484,18.7
2026-03-17T15:00:00Z,P1,2.247,19.2
2026-03-17T15:00:00Z,P2,4.762,19.2
2026-03-17T15:00:00Z,P3,2.977,19.2
2026-03-17T15:15:00Z,P1,1.622,18.5
2026-03-17T15:15:00Z,P2,4.685,18.5
2026-03-17T15:15:00Z,P3,1.792,18.5
2026-03-17T15:30:00Z,P1,3.362,18.6
2026-03-17T15:30:00Z,P2,2.918,18.6
2026-03-17T15:30:00Z,P3,2.884,18.6
2026-03-17T15:45:00Z,P1,1.827,18.8
2026-03-17T15:45:00Z,P2,2.465,18.8
2026-03-17T15:45:00Z,P3,2.177,18.8
2026-03-17T16:00:00Z,P1,1.220,18.4
2026-03-17T16:00:00Z,P2,2.495,18.4
2026-03-17T16:00:00Z,P3,1.775,18.4
2026-03-17T16:15:00Z,P1,3.588,19.0
2026-03-17T16:15:00Z,P2,1.438,19.0
2026-03-17T16:15:00Z,P3,3.242,19.0
2026-03-17T16:30:00Z,P1,2.020,18.5
2026-03-17T16:30:00Z,P2,0.368,18.5
2026-03-17T16:30:00Z,P3,1.829,18.5
2026-03-17T16:45:00Z,P1,1.088,18.1
2026-03-17T16:45:00Z,P2,0.373,18.1
2026-03-17T16:45:00Z,P3,1.807,18.1
2026-03-17T17:00:00Z,P1,3.191,18.5
2026-03-17T17:00:00Z,P2,0.355,18.5
2026-03-17T17:00:00Z,P3,3.495,18.5
2026-03-17T17:15:00Z,P1,2.469,18.2
2026-03-17T17:15:00Z,P2,0.362,18.2
2026-03-17T17:15:00Z,P3,1.878,18.2
2026-03-17T17:30:00Z,P1,1.347,17.8
2026-03-17T17:30:00Z,P2,0.366,17.8
2026-03-17T17:30:00Z,P3,1.919,17.8
2026-03-17T17:45:00Z,P1,2.758,17.9
2026-03-17T17:45:00Z,P2,0.352,17.9
2026-03-17T17:45:00Z,P3,3.194,17.9
2026-03-17T18:00:00Z,P1,2.413,18.3
2026-03-17T18:00:00Z,P2,0.306,18.3
2026-03-17T18:00:00Z,P3,1.814,18.3
2026-03-17T18:15:00Z,P1,1.567,17.8
2026-03-17T18:15:00Z,P2,0.374,17.8
2026-03-17T18:15:00Z,P3,1.765,17.8
2026-03-17T18:30:00Z,P1,2.356,17.6
2026-03-17T18:30:00Z,P2,0.345,17.6
2026-03-17T18:30:00Z,P3,3.094,17.6
2026-03-17T18:45:00Z,P1,3.931,17.5
2026-03-17T18:45:00Z,P2,2.913,17.5
2026-03-17T18:45:00Z,P3,1.784,17.5
2026-03-17T19:00:00Z,P1,2.188,17.6
2026-03-17T19:00:00Z,P2,4.661,17.6
2026-03-17T19:00:00Z,P3,2.138,17.6
2026-03-17T19:15:00Z,P1,2.918,17.7
2026-03-17T19:15:00Z,P2,4.653,17.7
2026-03-17T19:15:00Z,P3,3.022,17.7
2026-03-17T19:30:00Z,P1,4.213,17.2
2026-03-17T19:30:00Z,P2,3.331,17.2
2026-03-17T19:30:00Z,P3,1.833,17.2
2026-03-17T19:45:00Z,P1,3.171,17.1
2026-03-17T19:45:00Z,P2,2.190,17.1
2026-03-17T19:45:00Z,P3,2.333,17.1
2026-03-17T20:00:00Z,P1,1.335,17.0
2026-03-17T20:00:00Z,P2,2.474,17.0
2026-03-17T20:00:00Z,P3,2.822,17.0
2026-03-17T20:15:00Z,P1,3.962,17.0
2026-03-17T20:15:00Z,P2,4.116,17.0
2026-03-17T20:15:00Z,P3,2.433,17.0
2026-03-17T20:30:00Z,P1,4.097,16.3
2026-03-17T20:30:00Z,P2,4.673,16.3
2026-03-17T20:30:00Z,P3,2.746,16.3
2026-03-17T20:45:00Z,P1,4.037,16.6
2026-03-17T20:45:00Z,P2,4.753,16.6
2026-03-17T20:45:00Z,P3,1.787,16.6
2026-03-17T21:00:00Z,P1,2.723,16.3
2026-03-17T21:00:00Z,P2,3.280,16.3
2026-03-17T21:00:00Z,P3,3.365,16.3
2026-03-17T21:15:00Z,P1,3.498,16.3
2026-03-17T21:15:00Z,P2,2.557,16.3
2026-03-17T21:15:00Z,P3,1.794,16.3
2026-03-17T21:30:00Z,P1,2.817,16.2
2026-03-17T21:30:00Z,P2,2.529,16.2
2026-03-17T21:30:00Z,P3,0.326,16.2
2026-03-17T21:45:00Z,P1,3.360,16.0
2026-03-17T21:45:00Z,P2,2.550,16.0
2026-03-17T21:45:00Z,P3,1.759,16.0
2026-03-17T22:00:00Z,P1,3.076,16.0
2026-03-17T22:00:00Z,P2,2.551,16.0
2026-03-17T22:00:00Z,P3,0.368,16.0
2026-03-17T22:15:00Z,P1,2.695,15.8
2026-03-17T22:15:00Z,P2,2.552,15.8
2026-03-17T22:15:00Z,P3,0.487,15.8
2026-03-17T22:30:00Z,P1,1.846,16.0
2026-03-17T22:30:00Z,P2,0.802,16.0
2026-03-17T22:30:00Z,P3,1.548,16.0
2026-03-17T22:45:00Z,P1,1.273,15.3
2026-03-17T22:45:00Z,P2,0.342,15.3
2026-03-17T22:45:00Z,P3,1.667,15.3
2026-03-17T23:00:00Z,P1,3.852,15.5
2026-03-17T23:00:00Z,P2,0.304,15.5
2026-03-17T23:00:00Z,P3,2.255,15.5
2026-03-17T23:15:00Z,P1,1.064,15.4
2026-03-17T23:15:00Z,P2,0.303,15.4
2026-03-17T23:15:00Z,P3,2.860,15.4
2026-03-17T23:30:00Z,P1,1.523,15.7
2026-03-17T23:30:00Z,P2,0.345,15.7
2026-03-17T23:30:00Z,P3,1.718,15.7
2026-03-17T23:45:00Z,P1,3.579,15.5
2026-03-17T23:45:00Z,P2,0.292,15.5
2026-03-17T23:45:00Z,P3,1.522,15.5
2026-03-18T00:00:00Z,P1,0.848,15.6
2026-03-18T00:00:00Z,P2,0.358,15.6
2026-03-18T00:00:00Z,P3,0.558,15.6
2026-03-18T00:15:00Z,P1,2.378,15.3
2026-03-18T00:15:00Z,P2,1.063,15.3
2026-03-18T00:15:00Z,P3,0.336,15.3
2026-03-18T00:30:00Z,P1,3.000,15.4
2026-03-18T00:30:00Z,P2,2.451,15.4
2026-03-18T00:30:00Z,P3,1.793,15.4
2026-03-18T00:45:00Z,P1,1.382,14.9
2026-03-18T00:45:00Z,P2,2.491,14.9
2026-03-18T00:45:00Z,P3,0.380,14.9
2026-03-18T01:00:00Z,P1,2.417,15.3
2026-03-18T01:00:00Z,P2,1.490,15.3
2026-03-18T01:00:00Z,P3,1.672,15.3
2026-03-18T01:15:00Z,P1,1.996,14.8
2026-03-18T01:15:00Z,P2,0.360,14.8
2026-03-18T01:15:00Z,P3,3.060,14.8
2026-03-18T01:30:00Z,P1,3.715,15.0
2026-03-18T01:30:00Z,P2,0.284,15.0
2026-03-18T01:30:00Z,P3,2.160,15.0
2026-03-18T01:45:00Z,P1,2.452,15.1
2026-03-18T01:45:00Z,P2,0.314,15.1
2026-03-18T01:45:00Z,P3,2.711,15.1
2026-03-18T02:00:00Z,P1,3.730,15.0
2026-03-18T02:00:00Z,P2,0.378,15.0
2026-03-18T02:00:00Z,P3,2.122,15.0
2026-03-18T02:15:00Z,P1,2.695,15.2
2026-03-18T02:15:00Z,P2,0.339,15.2
2026-03-18T02:15:00Z,P3,2.232,15.2
2026-03-18T02:30:00Z,P1,3.242,15.6
2026-03-18T02:30:00Z,P2,0.332,15.6
2026-03-18T02:30:00Z,P3,2.818,15.6
2026-03-18T02:45:00Z,P1,1.541,15.3
2026-03-18T02:45:00Z,P2,0.368,15.3
2026-03-18T02:45:00Z,P3,1.791,15.3
2026-03-18T03:00:00Z,P1,1.147,15.1
2026-03-18T03:00:00Z,P2,0.376,15.1
2026-03-18T03:00:00Z,P3,2.186,15.1
2026-03-18T03:15:00Z,P1,3.618,15.2
2026-03-18T03:15:00Z,P2,0.366,15.2
2026-03-18T03:15:00Z,P3,2.803,15.2
2026-03-18T03:30:00Z,P1,1.551,15.2
2026-03-18T03:30:00Z,P2,0.364,15.2
2026-03-18T03:30:00Z,P3,1.787,15.2
2026-03-18T03:45:00Z,P1,1.465,15.1
2026-03-18T03:45:00Z,P2,0.377,15.1
2026-03-18T03:45:00Z,P3,2.337,15.1
2026-03-18T04:00:00Z,P1,2.669,15.2
2026-03-18T04:00:00Z,P2,0.406,15.2
2026-03-18T04:00:00Z,P3,2.656,15.2
2026-03-18T04:15:00Z,P1,2.561,15.7
2026-03-18T04:15:00Z,P2,0.381,15.7
2026-03-18T04:15:00Z,P3,0.638,15.7
2026-03-18T04:30:00Z,P1,1.447,15.6
2026-03-18T04:30:00Z,P2,0.342,15.6
2026-03-18T04:30:00Z,P3,1.326,15.6
2026-03-18T04:45:00Z,P1,1.808,15.6
2026-03-18T04:45:00Z,P2,0.385,15.6
2026-03-18T04:45:00Z,P3,0.671,15.6
2026-03-18T05:00:00Z,P1,3.665,15.5
2026-03-18T05:00:00Z,P2,0.317,15.5
2026-03-18T05:00:00Z,P3,0.553,15.5
2026-03-18T05:15:00Z,P1,0.918,15.6
2026-03-18T05:15:00Z,P2,0.373,15.6
2026-03-18T05:15:00Z,P3,1.456,15.6
2026-03-18T05:30:00Z,P1,1.852,15.8
2026-03-18T05:30:00Z,P2,0.345,15.8
2026-03-18T05:30:00Z,P3,1.249,15.8
2026-03-18T05:45:00Z,P1,3.251,16.1
2026-03-18T05:45:00Z,P2,0.333,16.1
2026-03-18T05:45:00Z,P3,2.595,16.1
2026-03-18T06:00:00Z,P1,1.256,16.1
2026-03-18T06:00:00Z,P2,0.291,16.1
2026-03-18T06:00:00Z,P3,2.481,16.1
2026-03-18T06:15:00Z,P1,1.608,15.9
2026-03-18T06:15:00Z,P2,0.344,15.9
2026-03-18T06:15:00Z,P3,1.805,15.9
2026-03-18T06:30:00Z,P1,3.004,16.2
2026-03-18T06:30:00Z,P2,0.345,16.2
2026-03-18T06:30:00Z,P3,2.007,16.2
2026-03-18T06:45:00Z,P1,1.871,16.2
2026-03-18T06:45:00Z,P2,0.387,16.2
2026-03-18T06:45:00Z,P3,0.463,16.2
2026-03-18T07:00:00Z,P1,1.731,16.8
2026-03-18T07:00:00Z,P2,0.383,16.8
2026-03-18T07:00:00Z,P3,0.432,16.8
2026-03-18T07:15:00Z,P1,2.165,16.7
2026-03-18T07:15:00Z,P2,0.386,16.7
2026-03-18T07:15:00Z,P3,3.242,16.7
2026-03-18T07:30:00Z,P1,3.835,17.0
2026-03-18T07:30:00Z,P2,0.369,17.0
2026-03-18T07:30:00Z,P3,3.593,17.0
2026-03-18T07:45:00Z,P1,2.585,16.7
2026-03-18T07:45:00Z,P2,0.367,16.7
2026-03-18T07:45:00Z,P3,3.464,16.7
2026-03-18T08:00:00Z,P1,3.748,17.0
2026-03-18T08:00:00Z,P2,2.363,17.0
2026-03-18T08:00:00Z,P3,3.513,17.0
2026-03-18T08:15:00Z,P1,3.329,17.1
2026-03-18T08:15:00Z,P2,2.485,17.1
2026-03-18T08:15:00Z,P3,3.484,17.1
2026-03-18T08:30:00Z,P1,3.187,17.4
2026-03-18T08:30:00Z,P2,2.437,17.4
2026-03-18T08:30:00Z,P3,3.459,17.4
2026-03-18T08:45:00Z,P1,1.864,17.7
2026-03-18T08:45:00Z,P2,2.912,17.7
2026-03-18T08:45:00Z,P3,2.736,17.7
2026-03-18T09:00:00Z,P1,2.439,17.4
2026-03-18T09:00:00Z,P2,2.797,17.4
2026-03-18T09:00:00Z,P3,0.775,17.4
2026-03-18T09:15:00Z,P1,3.313,17.4
2026-03-18T09:15:00Z,P2,2.563,17.4
2026-03-18T09:15:00Z,P3,0.373,17.4
2026-03-18T09:30:00Z,P1,3.257,17.8
2026-03-18T09:30:00Z,P2,2.519,17.8
2026-03-18T09:30:00Z,P3,1.841,17.8
2026-03-18T09:45:00Z,P1,2.730,18.2
2026-03-18T09:45:00Z,P2,2.499,18.2
2026-03-18T09:45:00Z,P3,0.460,18.2
2026-03-18T10:00:00Z,P1,3.849,17.9
2026-03-18T10:00:00Z,P2,2.549,17.9
2026-03-18T10:00:00Z,P3,1.534,17.9
2026-03-18T10:15:00Z,P1,2.473,17.8
2026-03-18T10:15:00Z,P2,0.629,17.8
2026-03-18T10:15:00Z,P3,3.156,17.8
2026-03-18T10:30:00Z,P1,3.716,17.8
2026-03-18T10:30:00Z,P2,0.342,17.8
2026-03-18T10:30:00Z,P3,1.748,17.8
2026-03-18T10:45:00Z,P1,2.971,18.1
2026-03-18T10:45:00Z,P2,0.313,18.1
2026-03-18T10:45:00Z,P3,2.183,18.1
2026-03-18T11:00:00Z,P1,2.472,18.4
2026-03-18T11:00:00Z,P2,0.362,18.4
2026-03-18T11:00:00Z,P3,2.276,18.4
2026-03-18T11:15:00Z,P1,1.522,18.5
2026-03-18T11:15:00Z,P2,0.335,18.5
2026-03-18T11:15:00Z,P3,1.421,18.5
2026-03-18T11:30:00Z,P1,2.059,18.9
2026-03-18T11:30:00Z,P2,0.336,18.9
2026-03-18T11:30:00Z,P3,2.320,18.9
2026-03-18T11:45:00Z,P1,3.618,18.9
2026-03-18T11:45:00Z,P2,0.394,18.9
2026-03-18T11:45:00Z,P3,0.810,18.9
2026-03-18T12:00:00Z,P1,1.546,18.5
2026-03-18T12:00:00Z,P2,2.499,18.5
2026-03-18T12:00:00Z,P3,0.358,18.5
2026-03-18T12:15:00Z,P1,2.118,18.9
2026-03-18T12:15:00Z,P2,2.476,18.9
2026-03-18T12:15:00Z,P3,1.190,18.9
2026-03-18T12:30:00Z,P1,4.223,19.2
2026-03-18T12:30:00Z,P2,4.264,19.2
2026-03-18T12:30:00Z,P3,1.954,19.2
2026-03-18T12:45:00Z,P1,4.218,18.9
2026-03-18T12:45:00Z,P2,4.652,18.9
2026-03-18T12:45:00Z,P3,2.027,18.9
2026-03-18T13:00:00Z,P1,4.254,18.8
2026-03-18T13:00:00Z,P2,3.509,18.8
2026-03-18T13:00:00Z,P3,0.868,18.8
2026-03-18T13:15:00Z,P1,3.376,18.7
2026-03-18T13:15:00Z,P2,2.540,18.7
2026-03-18T13:15:00Z,P3,1.843,18.7
2026-03-18T13:30:00Z,P1,2.197,18.8
2026-03-18T13:30:00Z,P2,2.548,18.8
2026-03-18T13:30:00Z,P3,3.298,18.8
2026-03-18T13:45:00Z,P1,4.244,18.8
2026-03-18T13:45:00Z,P2,2.529,18.8
2026-03-18T13:45:00Z,P3,1.920,18.8
2026-03-18T14:00:00Z,P1,3.824,18.8
2026-03-18T14:00:00Z,P2,2.617,18.8
2026-03-18T14:00:00Z,P3,1.779,18.8
2026-03-18T14:15:00Z,P1,2.243,18.7
2026-03-18T14:15:00Z,P2,2.466,18.7
2026-03-18T14:15:00Z,P3,3.082,18.7
2026-03-18T14:30:00Z,P1,2.470,18.6
2026-03-18T14:30:00Z,P2,0.519,18.6
2026-03-18T14:30:00Z,P3,1.758,18.6
2026-03-18T14:45:00Z,P1,3.743,19.0
2026-03-18T14:45:00Z,P2,0.333,19.0
2026-03-18T14:45:00Z,P3,3.065,19.0
2026-03-18T15:00:00Z,P1,3.800,19.0
2026-03-18T15:00:00Z,P2,0.342,19.0
2026-03-18T15:00:00Z,P3,3.322,19.0
2026-03-18T15:15:00Z,P1,2.476,18.5
2026-03-18T15:15:00Z,P2,0.393,18.5
2026-03-18T15:15:00Z,P3,1.859,18.5
2026-03-18T15:30:00Z,P1,3.993,18.7
2026-03-18T15:30:00Z,P2,0.376,18.7
2026-03-18T15:30:00Z,P3,2.457,18.7
2026-03-18T15:45:00Z,P1,2.327,18.7
2026-03-18T15:45:00Z,P2,0.635,18.7
2026-03-18T15:45:00Z,P3,2.658,18.7
2026-03-18T16:00:00Z,P1,1.525,18.6
2026-03-18T16:00:00Z,P2,2.462,18.6
2026-03-18T16:00:00Z,P3,1.806,18.6
2026-03-18T16:15:00Z,P1,1.901,18.1
2026-03-18T16:15:00Z,P2,3.630,18.1
2026-03-18T16:15:00Z,P3,3.038,18.1
2026-03-18T16:30:00Z,P1,3.140,18.5
2026-03-18T16:30:00Z,P2,4.689,18.5
2026-03-18T16:30:00Z,P3,2.266,18.5
2026-03-18T16:45:00Z,P1,2.263,18.7
2026-03-18T16:45:00Z,P2,2.870,18.7
2026-03-18T16:45:00Z,P3,1.796,18.7
2026-03-18T17:00:00Z,P1,0.926,18.1
2026-03-18T17:00:00Z,P2,2.549,18.1
2026-03-18T17:00:00Z,P3,3.313,18.1
2026-03-18T17:15:00Z,P1,3.618,18.4
2026-03-18T17:15:00Z,P2,2.593,18.4
2026-03-18T17:15:00Z,P3,1.810,18.4
2026-03-18T17:30:00Z,P1,2.034,18.2
2026-03-18T17:30:00Z,P2,2.568,18.2
2026-03-18T17:30:00Z,P3,1.948,18.2
2026-03-18T17:45:00Z,P1,1.241,17.9
2026-03-18T17:45:00Z,P2,1.220,17.9
2026-03-18T17:45:00Z,P3,2.918,17.9
2026-03-18T18:00:00Z,P1,3.401,17.9
2026-03-18T18:00:00Z,P2,0.325,17.9
2026-03-18T18:00:00Z,P3,2.363,17.9
2026-03-18T18:15:00Z,P1,2.834,17.7
2026-03-18T18:15:00Z,P2,1.904,17.7
2026-03-18T18:15:00Z,P3,2.795,17.7
2026-03-18T18:30:00Z,P1,3.175,17.7
2026-03-18T18:30:00Z,P2,2.362,17.7
2026-03-18T18:30:00Z,P3,1.775,17.7
2026-03-18T18:45:00Z,P1,0.655,17.5
2026-03-18T18:45:00Z,P2,2.216,17.5
2026-03-18T18:45:00Z,P3,2.256,17.5
2026-03-18T19:00:00Z,P1,3.048,17.6
2026-03-18T19:00:00Z,P2,2.364,17.6
2026-03-18T19:00:00Z,P3,2.677,17.6
2026-03-18T19:15:00Z,P1,2.838,17.2
2026-03-18T19:15:00Z,P2,2.454,17.2
2026-03-18T19:15:00Z,P3,1.835,17.2
2026-03-18T19:30:00Z,P1,2.271,17.4
2026-03-18T19:30:00Z,P2,2.482,17.4
2026-03-18T19:30:00Z,P3,2.008,17.4
2026-03-18T19:45:00Z,P1,4.249,16.9
2026-03-18T19:45:00Z,P2,2.459,16.9
2026-03-18T19:45:00Z,P3,3.085,16.9
2026-03-18T20:00:00Z,P1,2.711,17.1
2026-03-18T20:00:00Z,P2,2.934,17.1
2026-03-18T20:00:00Z,P3,1.947,17.1
2026-03-18T20:15:00Z,P1,3.587,17.0
2026-03-18T20:15:00Z,P2,4.677,17.0
2026-03-18T20:15:00Z,P3,3.473,17.0
2026-03-18T20:30:00Z,P1,2.973,16.6
2026-03-18T20:30:00Z,P2,4.649,16.6
2026-03-18T20:30:00Z,P3,3.418,16.6
2026-03-18T20:45:00Z,P1,3.287,16.9
2026-03-18T20:45:00Z,P2,4.520,16.9
2026-03-18T20:45:00Z,P3,1.993,16.9
2026-03-18T21:00:00Z,P1,3.358,16.4
2026-03-18T21:00:00Z,P2,4.298,16.4
2026-03-18T21:00:00Z,P3,1.799,16.4
2026-03-18T21:15:00Z,P1,1.430,16.0
2026-03-18T21:15:00Z,P2,4.504,16.0
2026-03-18T21:15:00Z,P3,3.262,16.0
2026-03-18T21:30:00Z,P1,1.871,16.2
2026-03-18T21:30:00Z,P2,4.680,16.2
2026-03-18T21:30:00Z,P3,1.407,16.2
2026-03-18T21:45:00Z,P1,2.623,16.4
2026-03-18T21:45:00Z,P2,4.675,16.4
2026-03-18T21:45:00Z,P3,0.672,16.4
2026-03-18T22:00:00Z,P1,2.547,16.4
2026-03-18T22:00:00Z,P2,4.675,16.4
2026-03-18T22:00:00Z,P3,1.469,16.4
2026-03-18T22:15:00Z,P1,0.731,16.0
2026-03-18T22:15:00Z,P2,4.697,16.0
2026-03-18T22:15:00Z,P3,0.370,16.0
2026-03-18T22:30:00Z,P1,2.651,16.0
2026-03-18T22:30:00Z,P2,3.673,16.0
2026-03-18T22:30:00Z,P3,0.369,16.0
2026-03-18T22:45:00Z,P1,3.093,15.9
2026-03-18T22:45:00Z,P2,2.544,15.9
2026-03-18T22:45:00Z,P3,2.718,15.9
2026-03-18T23:00:00Z,P1,0.745,15.4
2026-03-18T23:00:00Z,P2,2.544,15.4
2026-03-18T23:00:00Z,P3,2.114,15.4
2026-03-18T23:15:00Z,P1,2.129,15.9
2026-03-18T23:15:00Z,P2,2.565,15.9
2026-03-18T23:15:00Z,P3,1.788,15.9
2026-03-18T23:30:00Z,P1,2.773,15.1
2026-03-18T23:30:00Z,P2,2.528,15.1
2026-03-18T23:30:00Z,P3,2.318,15.1
2026-03-18T23:45:00Z,P1,1.830,15.2
2026-03-18T23:45:00Z,P2,2.544,15.2
2026-03-18T23:45:00Z,P3,0.861,15.2
2026-03-19T00:00:00Z,P1,0.736,15.2
2026-03-19T00:00:00Z,P2,2.241,15.2
2026-03-19T00:00:00Z,P3,0.355,15.2
2026-03-19T00:15:00Z,P1,3.892,15.3
2026-03-19T00:15:00Z,P2,0.336,15.3
2026-03-19T00:15:00Z,P3,1.212,15.3
2026-03-19T00:30:00Z,P1,2.582,15.4
2026-03-19T00:30:00Z,P2,0.354,15.4
2026-03-19T00:30:00Z,P3,0.839,15.4
2026-03-19T00:45:00Z,P1,3.194,15.2
2026-03-19T00:45:00Z,P2,0.308,15.2
2026-03-19T00:45:00Z,P3,0.861,15.2
2026-03-19T01:00:00Z,P1,3.351,15.1
2026-03-19T01:00:00Z,P2,0.408,15.1
2026-03-19T01:00:00Z,P3,3.009,15.1
2026-03-19T01:15:00Z,P1,2.347,15.4
2026-03-19T01:15:00Z,P2,0.340,15.4
2026-03-19T01:15:00Z,P3,2.124,15.4
2026-03-19T01:30:00Z,P1,3.128,15.1
2026-03-19T01:30:00Z,P2,0.318,15.1
2026-03-19T01:30:00Z,P3,2.124,15.1
2026-03-19T01:45:00Z,P1,2.598,15.5
2026-03-19T01:45:00Z,P2,0.394,15.5
2026-03-19T01:45:00Z,P3,3.203,15.5
2026-03-19T02:00:00Z,P1,3.566,15.1
2026-03-19T02:00:00Z,P2,0.328,15.1
2026-03-19T02:00:00Z,P3,2.251,15.1
2026-03-19T02:15:00Z,P1,2.834,15.0
2026-03-19T02:15:00Z,P2,0.361,15.0
2026-03-19T02:15:00Z,P3,1.791,15.0
2026-03-19T02:30:00Z,P1,3.382,14.8
2026-03-19T02:30:00Z,P2,0.373,14.8
2026-03-19T02:30:00Z,P3,3.060,14.8
2026-03-19T02:45:00Z,P1,3.117,15.3
2026-03-19T02:45:00Z,P2,0.350,15.3
2026-03-19T02:45:00Z,P3,2.038,15.3
2026-03-19T03:00:00Z,P1,2.972,15.5
2026-03-19T03:00:00Z,P2,0.328,15.5
2026-03-19T03:00:00Z,P3,2.125,15.5
2026-03-19T03:15:00Z,P1,3.579,14.9
2026-03-19T03:15:00Z,P2,0.349,14.9
2026-03-19T03:15:00Z,P3,2.793,14.9
2026-03-19T03:30:00Z,P1,2.551,15.0
2026-03-19T03:30:00Z,P2,0.343,15.0
2026-03-19T03:30:00Z,P3,1.781,15.0
2026-03-19T03:45:00Z,P1,3.562,15.4
2026-03-19T03:45:00Z,P2,0.384,15.4
2026-03-19T03:45:00Z,P3,2.488,15.4
2026-03-19T04:00:00Z,P1,2.859,15.2
2026-03-19T04:00:00Z,P2,0.835,15.2
2026-03-19T04:00:00Z,P3,2.683,15.2
2026-03-19T04:15:00Z,P1,0.577,15.5
2026-03-19T04:15:00Z,P2,2.423,15.5
2026-03-19T04:15:00Z,P3,1.358,15.5
2026-03-19T04:30:00Z,P1,3.087,15.3
2026-03-19T04:30:00Z,P2,2.478,15.3
2026-03-19T04:30:00Z,P3,0.847,15.3
2026-03-19T04:45:00Z,P1,2.437,15.5
2026-03-19T04:45:00Z,P2,2.154,15.5
2026-03-19T04:45:00Z,P3,1.081,15.5
2026-03-19T05:00:00Z,P1,1.079,15.7
2026-03-19T05:00:00Z,P2,0.339,15.7
2026-03-19T05:00:00Z,P3,0.314,15.7
2026-03-19T05:15:00Z,P1,2.258,15.7
2026-03-19T05:15:00Z,P2,0.332,15.7
2026-03-19T05:15:00Z,P3,1.254,15.7
2026-03-19T05:30:00Z,P1,2.782,15.9
2026-03-19T05:30:00Z,P2,0.331,15.9
2026-03-19T05:30:00Z,P3,2.505,15.9
2026-03-19T05:45:00Z,P1,1.741,15.9
2026-03-19T05:45:00Z,P2,0.391,15.9
2026-03-19T05:45:00Z,P3,1.910,15.9
2026-03-19T06:00:00Z,P1,0.714,16.3
2026-03-19T06:00:00Z,P2,0.318,16.3
2026-03-19T06:00:00Z,P3,3.008,16.3
2026-03-19T06:15:00Z,P1,3.596,16.4
2026-03-19T06:15:00Z,P2,0.323,16.4
2026-03-19T06:15:00Z,P3,0.429,16.4
2026-03-19T06:30:00Z,P1,2.600,16.9
2026-03-19T06:30:00Z,P2,0.345,16.9
2026-03-19T06:30:00Z,P3,0.903,16.9
2026-03-19T06:45:00Z,P1,1.082,16.5
2026-03-19T06:45:00Z,P2,0.315,16.5
2026-03-19T06:45:00Z,P3,1.197,16.5
2026-03-19T07:00:00Z,P1,2.510,16.6
2026-03-19T07:00:00Z,P2,0.361,16.6
2026-03-19T07:00:00Z,P3,0.350,16.6
2026-03-19T07:15:00Z,P1,4.172,16.4
2026-03-19T07:15:00Z,P2,0.334,16.4
2026-03-19T07:15:00Z,P3,0.691,16.4
2026-03-19T07:30:00Z,P1,2.196,16.9
2026-03-19T07:30:00Z,P2,0.398,16.9
2026-03-19T07:30:00Z,P3,3.503,16.9
2026-03-19T07:45:00Z,P1,2.902,16.7
2026-03-19T07:45:00Z,P2,0.437,16.7
2026-03-19T07:45:00Z,P3,3.649,16.7
2026-03-19T08:00:00Z,P1,4.205,17.1
2026-03-19T08:00:00Z,P2,0.327,17.1
2026-03-19T08:00:00Z,P3,3.596,17.1
2026-03-19T08:15:00Z,P1,2.738,16.8
2026-03-19T08:15:00Z,P2,0.315,16.8
2026-03-19T08:15:00Z,P3,3.028,16.8
2026-03-19T08:30:00Z,P1,2.330,17.1
2026-03-19T08:30:00Z,P2,0.381,17.1
2026-03-19T08:30:00Z,P3,1.954,17.1
2026-03-19T08:45:00Z,P1,3.575,17.5
2026-03-19T08:45:00Z,P2,0.379,17.5
2026-03-19T08:45:00Z,P3,2.040,17.5
2026-03-19T09:00:00Z,P1,0.985,17.6
2026-03-19T09:00:00Z,P2,0.352,17.6
2026-03-19T09:00:00Z,P3,1.078,17.6
2026-03-19T09:15:00Z,P1,2.208,17.3
2026-03-19T09:15:00Z,P2,0.366,17.3
2026-03-19T09:15:00Z,P3,0.625,17.3
2026-03-19T09:30:00Z,P1,3.103,17.9
2026-03-19T09:30:00Z,P2,0.355,17.9
2026-03-19T09:30:00Z,P3,3.202,17.9
2026-03-19T09:45:00Z,P1,2.840,17.7
2026-03-19T09:45:00Z,P2,0.357,17.7
2026-03-19T09:45:00Z,P3,1.822,17.7
2026-03-19T10:00:00Z,P1,1.679,18.0
2026-03-19T10:00:00Z,P2,0.395,18.0
2026-03-19T10:00:00Z,P3,1.836,18.0
2026-03-19T10:15:00Z,P1,2.765,17.6
2026-03-19T10:15:00Z,P2,1.483,17.6
2026-03-19T10:15:00Z,P3,3.138,17.6
2026-03-19T10:30:00Z,P1,4.219,17.6
2026-03-19T10:30:00Z,P2,2.464,17.6
2026-03-19T10:30:00Z,P3,1.648,17.6
2026-03-19T10:45:00Z,P1,3.581,18.0
2026-03-19T10:45:00Z,P2,2.415,18.0
2026-03-19T10:45:00Z,P3,0.899,18.0
2026-03-19T11:00:00Z,P1,0.962,18.3
2026-03-19T11:00:00Z,P2,2.491,18.3
2026-03-19T11:00:00Z,P3,1.347,18.3
2026-03-19T11:15:00Z,P1,3.463,18.4
2026-03-19T11:15:00Z,P2,2.191,18.4
2026-03-19T11:15:00Z,P3,0.302,18.4
2026-03-19T11:30:00Z,P1,1.791,18.4
2026-03-19T11:30:00Z,P2,0.247,18.4
2026-03-19T11:30:00Z,P3,1.075,18.4
2026-03-19T11:45:00Z,P1,1.741,18.2
2026-03-19T11:45:00Z,P2,0.325,18.2
2026-03-19T11:45:00Z,P3,1.376,18.2
2026-03-19T12:00:00Z,P1,2.433,18.5
2026-03-19T12:00:00Z,P2,0.311,18.5
2026-03-19T12:00:00Z,P3,1.773,18.5
2026-03-19T12:15:00Z,P1,2.437,18.8
2026-03-19T12:15:00Z,P2,0.329,18.8
2026-03-19T12:15:00Z,P3,2.998,18.8
2026-03-19T12:30:00Z,P1,1.759,18.7
2026-03-19T12:30:00Z,P2,0.311,18.7
2026-03-19T12:30:00Z,P3,2.706,18.7
2026-03-19T12:45:00Z,P1,1.866,18.7
2026-03-19T12:45:00Z,P2,0.783,18.7
2026-03-19T12:45:00Z,P3,2.952,18.7
2026-03-19T13:00:00Z,P1,3.699,19.1
2026-03-19T13:00:00Z,P2,2.005,19.1
2026-03-19T13:00:00Z,P3,2.666,19.1
2026-03-19T13:15:00Z,P1,4.256,19.0
2026-03-19T13:15:00Z,P2,3.515,19.0
2026-03-19T13:15:00Z,P3,2.483,19.0
2026-03-19T13:30:00Z,P1,3.492,19.0
2026-03-19T13:30:00Z,P2,4.695,19.0
2026-03-19T13:30:00Z,P3,3.443,19.0
2026-03-19T13:45:00Z,P1,2.950,18.5
2026-03-19T13:45:00Z,P2,4.650,18.5
2026-03-19T13:45:00Z,P3,3.453,18.5
2026-03-19T14:00:00Z,P1,3.109,18.9
2026-03-19T14:00:00Z,P2,4.728,18.9
2026-03-19T14:00:00Z,P3,3.447,18.9
2026-03-19T14:15:00Z,P1,3.680,19.0
2026-03-19T14:15:00Z,P2,4.671,19.0
2026-03-19T14:15:00Z,P3,2.632,19.0
2026-03-19T14:30:00Z,P1,2.825,18.7
2026-03-19T14:30:00Z,P2,2.877,18.7
2026-03-19T14:30:00Z,P3,2.036,18.7
2026-03-19T14:45:00Z,P1,3.388,18.9
2026-03-19T14:45:00Z,P2,2.509,18.9
2026-03-19T14:45:00Z,P3,1.990,18.9
2026-03-19T15:00:00Z,P1,3.135,18.9
2026-03-19T15:00:00Z,P2,2.518,18.9
2026-03-19T15:00:00Z,P3,1.651,18.9
2026-03-19T15:15:00Z,P1,3.261,18.7
2026-03-19T15:15:00Z,P2,2.548,18.7
2026-03-19T15:15:00Z,P3,2.171,18.7
2026-03-19T15:30:00Z,P1,3.485,18.8
2026-03-19T15:30:00Z,P2,2.568,18.8
2026-03-19T15:30:00Z,P3,3.487,18.8
2026-03-19T15:45:00Z,P1,2.766,18.9
2026-03-19T15:45:00Z,P2,2.582,18.9
2026-03-19T15:45:00Z,P3,1.876,18.9
2026-03-19T16:00:00Z,P1,3.813,18.3
2026-03-19T16:00:00Z,P2,1.648,18.3
2026-03-19T16:00:00Z,P3,2.018,18.3
2026-03-19T16:15:00Z,P1,2.856,18.5
2026-03-19T16:15:00Z,P2,0.335,18.5
2026-03-19T16:15:00Z,P3,3.369,18.5
2026-03-19T16:30:00Z,P1,4.183,18.7
2026-03-19T16:30:00Z,P2,0.367,18.7
2026-03-19T16:30:00Z,P3,2.944,18.7
2026-03-19T16:45:00Z,P1,1.959,18.1
2026-03-19T16:45:00Z,P2,3.076,18.1
2026-03-19T16:45:00Z,P3,1.865,18.1
2026-03-19T17:00:00Z,P1,1.732,18.6
2026-03-19T17:00:00Z,P2,4.687,18.6
2026-03-19T17:00:00Z,P3,2.005,18.6
2026-03-19T17:15:00Z,P1,2.488,17.9
2026-03-19T17:15:00Z,P2,4.697,17.9
2026-03-19T17:15:00Z,P3,3.005,17.9
2026-03-19T17:30:00Z,P1,2.732,17.9
2026-03-19T17:30:00Z,P2,3.547,17.9
2026-03-19T17:30:00Z,P3,1.779,17.9
2026-03-19T17:45:00Z,P1,1.642,17.9
2026-03-19T17:45:00Z,P2,2.527,17.9
2026-03-19T17:45:00Z,P3,2.302,17.9
2026-03-19T18:00:00Z,P1,1.538,17.8
2026-03-19T18:00:00Z,P2,2.546,17.8
2026-03-19T18:00:00Z,P3,2.808,17.8
2026-03-19T18:15:00Z,P1,3.880,18.0
2026-03-19T18:15:00Z,P2,2.515,18.0
2026-03-19T18:15:00Z,P3,1.807,18.0
2026-03-19T18:30:00Z,P1,0.727,17.7
2026-03-19T18:30:00Z,P2,0.795,17.7
2026-03-19T18:30:00Z,P3,2.359,17.7
2026-03-19T18:45:00Z,P1,2.155,17.8
2026-03-19T18:45:00Z,P2,0.394,17.8
2026-03-19T18:45:00Z,P3,2.698,17.8
2026-03-19T19:00:00Z,P1,3.425,17.4
2026-03-19T19:00:00Z,P2,0.356,17.4
2026-03-19T19:00:00Z,P3,1.798,17.4
2026-03-19T19:15:00Z,P1,3.984,17.1
2026-03-19T19:15:00Z,P2,0.321,17.1
2026-03-19T19:15:00Z,P3,2.568,17.1
2026-03-19T19:30:00Z,P1,4.189,17.4
2026-03-19T19:30:00Z,P2,1.407,17.4
2026-03-19T19:30:00Z,P3,3.047,17.4
2026-03-19T19:45:00Z,P1,3.468,17.5
2026-03-19T19:45:00Z,P2,2.513,17.5
2026-03-19T19:45:00Z,P3,2.852,17.5
2026-03-19T20:00:00Z,P1,3.043,17.2
2026-03-19T20:00:00Z,P2,2.479,17.2
2026-03-19T20:00:00Z,P3,1.824,17.2
2026-03-19T20:15:00Z,P1,3.172,17.1
2026-03-19T20:15:00Z,P2,2.203,17.1
2026-03-19T20:15:00Z,P3,2.883,17.1
2026-03-19T20:30:00Z,P1,2.480,16.7
2026-03-19T20:30:00Z,P2,2.352,16.7
2026-03-19T20:30:00Z,P3,2.281,16.7
2026-03-19T20:45:00Z,P1,0.750,16.8
2026-03-19T20:45:00Z,P2,2.484,16.8
2026-03-19T20:45:00Z,P3,1.773,16.8
2026-03-19T21:00:00Z,P1,3.391,16.6
2026-03-19T21:00:00Z,P2,2.470,16.6
2026-03-19T21:00:00Z,P3,2.928,16.6
2026-03-19T21:15:00Z,P1,2.009,16.3
2026-03-19T21:15:00Z,P2,2.468,16.3
2026-03-19T21:15:00Z,P3,1.992,16.3
2026-03-19T21:30:00Z,P1,0.972,16.2
2026-03-19T21:30:00Z,P2,2.479,16.2
2026-03-19T21:30:00Z,P3,1.397,16.2
2026-03-19T21:45:00Z,P1,3.210,16.5
2026-03-19T21:45:00Z,P2,2.422,16.5
2026-03-19T21:45:00Z,P3,1.121,16.5
2026-03-19T22:00:00Z,P1,1.545,16.0
2026-03-19T22:00:00Z,P2,2.501,16.0
2026-03-19T22:00:00Z,P3,0.389,16.0
2026-03-19T22:15:00Z,P1,1.821,15.9
2026-03-19T22:15:00Z,P2,2.505,15.9
2026-03-19T22:15:00Z,P3,1.611,15.9
2026-03-19T22:30:00Z,P1,1.807,15.8
2026-03-19T22:30:00Z,P2,2.492,15.8
2026-03-19T22:30:00Z,P3,0.931,15.8
2026-03-19T22:45:00Z,P1,2.939,15.6
2026-03-19T22:45:00Z,P2,0.495,15.6
2026-03-19T22:45:00Z,P3,1.796,15.6
2026-03-19T23:00:00Z,P1,0.607,15.8
2026-03-19T23:00:00Z,P2,0.362,15.8
2026-03-19T23:00:00Z,P3,3.191,15.8
2026-03-19T23:15:00Z,P1,2.659,15.4
2026-03-19T23:15:00Z,P2,0.326,15.4
2026-03-19T23:15:00Z,P3,1.791,15.4
2026-03-19T23:30:00Z,P1,3.009,15.5
2026-03-19T23:30:00Z,P2,0.372,15.5
2026-03-19T23:30:00Z,P3,2.074,15.5
2026-03-19T23:45:00Z,P1,1.217,15.4
2026-03-19T23:45:00Z,P2,0.359,15.4
2026-03-19T23:45:00Z,P3,1.598,15.4
2026-03-20T00:00:00Z,P1,1.789,15.4
2026-03-20T00:00:00Z,P2,0.368,15.4
2026-03-20T00:00:00Z,P3,0.365,15.4
2026-03-20T00:15:00Z,P1,3.115,15.2
2026-03-20T00:15:00Z,P2,0.363,15.2
2026-03-20T00:15:00Z,P3,0.805,15.2
2026-03-20T00:30:00Z,P1,2.410,15.1
2026-03-20T00:30:00Z,P2,0.274,15.1
2026-03-20T00:30:00Z,P3,1.242,15.1
2026-03-20T00:45:00Z,P1,3.692,15.1
2026-03-20T00:45:00Z,P2,0.373,15.1
2026-03-20T00:45:00Z,P3,1.067,15.1
2026-03-20T01:00:00Z,P1,3.680,15.5
2026-03-20T01:00:00Z,P2,0.402,15.5
2026-03-20T01:00:00Z,P3,2.656,15.5
2026-03-20T01:15:00Z,P1,4.210,15.1
2026-03-20T01:15:00Z,P2,0.378,15.1
2026-03-20T01:15:00Z,P3,2.576,15.1
2026-03-20T01:30:00Z,P1,4.223,15.2
2026-03-20T01:30:00Z,P2,2.110,15.2
2026-03-20T01:30:00Z,P3,1.913,15.2
2026-03-20T01:45:00Z,P1,3.462,15.2
2026-03-20T01:45:00Z,P2,2.564,15.2
2026-03-20T01:45:00Z,P3,3.125,15.2
2026-03-20T02:00:00Z,P1,3.375,15.2
2026-03-20T02:00:00Z,P2,2.483,15.2
2026-03-20T02:00:00Z,P3,2.158,15.2
2026-03-20T02:15:00Z,P1,2.580,15.2
2026-03-20T02:15:00Z,P2,2.164,15.2
2026-03-20T02:15:00Z,P3,1.980,15.2
2026-03-20T02:30:00Z,P1,3.683,14.9
2026-03-20T02:30:00Z,P2,2.288,14.9
2026-03-20T02:30:00Z,P3,2.020,14.9
2026-03-20T02:45:00Z,P1,2.865,15.2
2026-03-20T02:45:00Z,P2,2.485,15.2
2026-03-20T02:45:00Z,P3,2.000,15.2
2026-03-20T03:00:00Z,P1,3.036,15.1
2026-03-20T03:00:00Z,P2,2.544,15.1
2026-03-20T03:00:00Z,P3,2.001,15.1
2026-03-20T03:15:00Z,P1,3.604,15.3
2026-03-20T03:15:00Z,P2,2.652,15.3
2026-03-20T03:15:00Z,P3,2.026,15.3
2026-03-20T03:30:00Z,P1,2.582,14.9
2026-03-20T03:30:00Z,P2,2.565,14.9
2026-03-20T03:30:00Z,P3,1.773,14.9
2026-03-20T03:45:00Z,P1,3.480,15.2
2026-03-20T03:45:00Z,P2,2.538,15.2
2026-03-20T03:45:00Z,P3,3.232,15.2
2026-03-20T04:00:00Z,P1,3.379,15.5
2026-03-20T04:00:00Z,P2,2.586,15.5
2026-03-20T04:00:00Z,P3,1.756,15.5
2026-03-20T04:15:00Z,P1,2.841,15.4
2026-03-20T04:15:00Z,P2,2.581,15.4
2026-03-20T04:15:00Z,P3,0.677,15.4
2026-03-20T04:30:00Z,P1,3.553,15.2
2026-03-20T04:30:00Z,P2,2.562,15.2
2026-03-20T04:30:00Z,P3,1.337,15.2
2026-03-20T04:45:00Z,P1,0.350,15.9
2026-03-20T04:45:00Z,P2,3.117,15.9
2026-03-20T04:45:00Z,P3,0.315,15.9
2026-03-20T05:00:00Z,P1,2.764,15.6
2026-03-20T05:00:00Z,P2,3.491,15.6
2026-03-20T05:00:00Z,P3,0.344,15.6
2026-03-20T05:15:00Z,P1,2.866,15.8
2026-03-20T05:15:00Z,P2,2.479,15.8
2026-03-20T05:15:00Z,P3,2.206,15.8
2026-03-20T05:30:00Z,P1,1.227,15.8
2026-03-20T05:30:00Z,P2,2.349,15.8
2026-03-20T05:30:00Z,P3,1.953,15.8
2026-03-20T05:45:00Z,P1,2.109,16.4
2026-03-20T05:45:00Z,P2,0.298,16.4
2026-03-20T05:45:00Z,P3,1.777,16.4
2026-03-20T06:00:00Z,P1,2.532,16.0
2026-03-20T06:00:00Z,P2,0.366,16.0
2026-03-20T06:00:00Z,P3,2.630,16.0
2026-03-20T06:15:00Z,P1,2.222,16.1
2026-03-20T06:15:00Z,P2,0.407,16.1
2026-03-20T06:15:00Z,P3,0.330,16.1
2026-03-20T06:30:00Z,P1,0.619,16.3
2026-03-20T06:30:00Z,P2,0.321,16.3
2026-03-20T06:30:00Z,P3,1.319,16.3
2026-03-20T06:45:00Z,P1,3.507,16.3
2026-03-20T06:45:00Z,P2,0.363,16.3
2026-03-20T06:45:00Z,P3,0.921,16.3
2026-03-20T07:00:00Z,P1,2.214,16.8
2026-03-20T07:00:00Z,P2,0.362,16.8
2026-03-20T07:00:00Z,P3,0.328,16.8
2026-03-20T07:15:00Z,P1,1.392,16.5
2026-03-20T07:15:00Z,P2,0.377,16.5
2026-03-20T07:15:00Z,P3,3.517,16.5
2026-03-20T07:30:00Z,P1,2.698,16.5
2026-03-20T07:30:00Z,P2,0.372,16.5
2026-03-20T07:30:00Z,P3,2.157,16.5
2026-03-20T07:45:00Z,P1,2.431,16.8
2026-03-20T07:45:00Z,P2,0.302,16.8
2026-03-20T07:45:00Z,P3,1.777,16.8
2026-03-20T08:00:00Z,P1,1.631,16.7
2026-03-20T08:00:00Z,P2,0.305,16.7
2026-03-20T08:00:00Z,P3,3.017,16.7
2026-03-20T08:15:00Z,P1,2.355,17.2
2026-03-20T08:15:00Z,P2,0.375,17.2
2026-03-20T08:15:00Z,P3,1.808,17.2
2026-03-20T08:30:00Z,P1,2.807,17.2
2026-03-20T08:30:00Z,P2,0.396,17.2
2026-03-20T08:30:00Z,P3,1.635,17.2
2026-03-20T08:45:00Z,P1,1.867,17.4
2026-03-20T08:45:00Z,P2,0.318,17.4
2026-03-20T08:45:00Z,P3,3.118,17.4
2026-03-20T09:00:00Z,P1,2.174,17.3
2026-03-20T09:00:00Z,P2,0.338,17.3
2026-03-20T09:00:00Z,P3,1.821,17.3
2026-03-20T09:15:00Z,P1,3.991,17.4
2026-03-20T09:15:00Z,P2,0.346,17.4
2026-03-20T09:15:00Z,P3,2.880,17.4
2026-03-20T09:30:00Z,P1,0.970,17.5
2026-03-20T09:30:00Z,P2,1.180,17.5
2026-03-20T09:30:00Z,P3,2.011,17.5
2026-03-20T09:45:00Z,P1,2.511,17.9
2026-03-20T09:45:00Z,P2,2.513,17.9
2026-03-20T09:45:00Z,P3,2.267,17.9
2026-03-20T10:00:00Z,P1,3.195,17.8
2026-03-20T10:00:00Z,P2,2.426,17.8
2026-03-20T10:00:00Z,P3,3.041,17.8
2026-03-20T10:15:00Z,P1,1.714,18.2
2026-03-20T10:15:00Z,P2,0.949,18.2
2026-03-20T10:15:00Z,P3,1.828,18.2
2026-03-20T10:30:00Z,P1,1.590,18.0
2026-03-20T10:30:00Z,P2,0.349,18.0
2026-03-20T10:30:00Z,P3,2.990,18.0
2026-03-20T10:45:00Z,P1,2.574,18.1
2026-03-20T10:45:00Z,P2,0.351,18.1
2026-03-20T10:45:00Z,P3,1.775,18.1
2026-03-20T11:00:00Z,P1,2.710,18.1
2026-03-20T11:00:00Z,P2,1.834,18.1
2026-03-20T11:00:00Z,P3,3.051,18.1
2026-03-20T11:15:00Z,P1,1.495,18.5
2026-03-20T11:15:00Z,P2,2.556,18.5
2026-03-20T11:15:00Z,P3,2.246,18.5
2026-03-20T11:30:00Z,P1,1.798,18.4
2026-03-20T11:30:00Z,P2,2.531,18.4
2026-03-20T11:30:00Z,P3,1.674,18.4
2026-03-20T11:45:00Z,P1,3.968,18.2
2026-03-20T11:45:00Z,P2,2.499,18.2
2026-03-20T11:45:00Z,P3,0.308,18.2
2026-03-20T12:00:00Z,P1,0.580,18.4
2026-03-20T12:00:00Z,P2,2.557,18.4
2026-03-20T12:00:00Z,P3,0.448,18.4
2026-03-20T12:15:00Z,P1,2.168,18.8
2026-03-20T12:15:00Z,P2,2.076,18.8
2026-03-20T12:15:00Z,P3,1.973,18.8
2026-03-20T12:30:00Z,P1,3.210,18.9
2026-03-20T12:30:00Z,P2,0.384,18.9
2026-03-20T12:30:00Z,P3,1.761,18.9
2026-03-20T12:45:00Z,P1,2.011,18.7
2026-03-20T12:45:00Z,P2,0.363,18.7
2026-03-20T12:45:00Z,P3,2.562,18.7
2026-03-20T13:00:00Z,P1,1.499,18.6
2026-03-20T13:00:00Z,P2,0.678,18.6
2026-03-20T13:00:00Z,P3,3.077,18.6
2026-03-20T13:15:00Z,P1,2.805,18.6
2026-03-20T13:15:00Z,P2,2.510,18.6
2026-03-20T13:15:00Z,P3,2.155,18.6
2026-03-20T13:30:00Z,P1,2.483,18.8
2026-03-20T13:30:00Z,P2,2.467,18.8
2026-03-20T13:30:00Z,P3,1.583,18.8
2026-03-20T13:45:00Z,P1,0.890,18.6
2026-03-20T13:45:00Z,P2,2.454,18.6
2026-03-20T13:45:00Z,P3,1.583,18.6
2026-03-20T14:00:00Z,P1,3.490,18.6
2026-03-20T14:00:00Z,P2,0.869,18.6
2026-03-20T14:00:00Z,P3,1.705,18.6
2026-03-20T14:15:00Z,P1,1.936,18.7
2026-03-20T14:15:00Z,P2,0.320,18.7
2026-03-20T14:15:00Z,P3,2.571,18.7
2026-03-20T14:30:00Z,P1,1.097,18.8
2026-03-20T14:30:00Z,P2,0.334,18.8
2026-03-20T14:30:00Z,P3,3.456,18.8
2026-03-20T14:45:00Z,P1,3.734,18.6
2026-03-20T14:45:00Z,P2,0.329,18.6
2026-03-20T14:45:00Z,P3,3.450,18.6
2026-03-20T15:00:00Z,P1,1.823,18.9
2026-03-20T15:00:00Z,P2,0.366,18.9
2026-03-20T15:00:00Z,P3,3.427,18.9
2026-03-20T15:15:00Z,P1,1.835,18.8
2026-03-20T15:15:00Z,P2,0.361,18.8
2026-03-20T15:15:00Z,P3,2.272,18.8
2026-03-20T15:30:00Z,P1,2.551,18.8
2026-03-20T15:30:00Z,P2,0.323,18.8
2026-03-20T15:30:00Z,P3,1.965,18.8
2026-03-20T15:45:00Z,P1,2.940,18.6
2026-03-20T15:45:00Z,P2,0.312,18.6
2026-03-20T15:45:00Z,P3,1.934,18.6
2026-03-20T16:00:00Z,P1,1.692,18.8
2026-03-20T16:00:00Z,P2,0.409,18.8
2026-03-20T16:00:00Z,P3,0.526,18.8
2026-03-20T16:15:00Z,P1,1.536,18.6
2026-03-20T16:15:00Z,P2,4.134,18.6
2026-03-20T16:15:00Z,P3,0.393,18.6
2026-03-20T16:30:00Z,P1,3.580,18.5
2026-03-20T16:30:00Z,P2,4.684,18.5
2026-03-20T16:30:00Z,P3,2.894,18.5
2026-03-20T16:45:00Z,P1,1.217,18.3
2026-03-20T16:45:00Z,P2,4.729,18.3
2026-03-20T16:45:00Z,P3,1.943,18.3
2026-03-20T17:00:00Z,P1,1.241,17.9
2026-03-20T17:00:00Z,P2,2.604,17.9
2026-03-20T17:00:00Z,P3,1.909,17.9
2026-03-20T17:15:00Z,P1,3.719,18.2
2026-03-20T17:15:00Z,P2,2.549,18.2
2026-03-20T17:15:00Z,P3,3.328,18.2
2026-03-20T17:30:00Z,P1,3.811,18.0
2026-03-20T17:30:00Z,P2,1.962,18.0
2026-03-20T17:30:00Z,P3,1.604,18.0
2026-03-20T17:45:00Z,P1,2.598,17.6
2026-03-20T17:45:00Z,P2,2.596,17.6
2026-03-20T17:45:00Z,P3,1.638,17.6
2026-03-20T18:00:00Z,P1,2.154,17.8
2026-03-20T18:00:00Z,P2,2.569,17.8
2026-03-20T18:00:00Z,P3,1.989,17.8
2026-03-20T18:15:00Z,P1,2.913,17.7
2026-03-20T18:15:00Z,P2,2.558,17.7
2026-03-20T18:15:00Z,P3,3.334,17.7
2026-03-20T18:30:00Z,P1,3.028,17.4
2026-03-20T18:30:00Z,P2,2.556,17.4
2026-03-20T18:30:00Z,P3,1.907,17.4
2026-03-20T18:45:00Z,P1,2.234,17.4
2026-03-20T18:45:00Z,P2,2.807,17.4
2026-03-20T18:45:00Z,P3,1.812,17.4
2026-03-20T19:00:00Z,P1,3.580,17.2
2026-03-20T19:00:00Z,P2,2.444,17.2
2026-03-20T19:00:00Z,P3,3.054,17.2
2026-03-20T19:15:00Z,P1,4.186,17.0
2026-03-20T19:15:00Z,P2,2.421,17.0
2026-03-20T19:15:00Z,P3,2.256,17.0
2026-03-20T19:30:00Z,P1,4.070,16.9
2026-03-20T19:30:00Z,P2,2.008,16.9
2026-03-20T19:30:00Z,P3,2.029,16.9
2026-03-20T19:45:00Z,P1,4.121,16.9
2026-03-20T19:45:00Z,P2,0.402,16.9
2026-03-20T19:45:00Z,P3,2.000,16.9
2026-03-20T20:00:00Z,P1,2.999,16.8
2026-03-20T20:00:00Z,P2,0.311,16.8
2026-03-20T20:00:00Z,P3,2.143,16.8
2026-03-20T20:15:00Z,P1,4.237,16.8
2026-03-20T20:15:00Z,P2,0.347,16.8
2026-03-20T20:15:00Z,P3,3.463,16.8
2026-03-20T20:30:00Z,P1,4.174,16.6
2026-03-20T20:30:00Z,P2,1.093,16.6
2026-03-20T20:30:00Z,P3,3.449,16.6
2026-03-20T20:45:00Z,P1,4.204,16.4
2026-03-20T20:45:00Z,P2,3.242,16.4
2026-03-20T20:45:00Z,P3,3.730,16.4
2026-03-20T21:00:00Z,P1,2.687,16.4
2026-03-20T21:00:00Z,P2,4.705,16.4
2026-03-20T21:00:00Z,P3,2.329,16.4
2026-03-20T21:15:00Z,P1,3.830,16.3
2026-03-20T21:15:00Z,P2,4.680,16.3
2026-03-20T21:15:00Z,P3,1.816,16.3
2026-03-20T21:30:00Z,P1,2.736,15.9
2026-03-20T21:30:00Z,P2,4.728,15.9
2026-03-20T21:30:00Z,P3,3.077,15.9
2026-03-20T21:45:00Z,P1,3.363,15.9
2026-03-20T21:45:00Z,P2,4.684,15.9
2026-03-20T21:45:00Z,P3,1.720,15.9
2026-03-20T22:00:00Z,P1,3.031,15.8
2026-03-20T22:00:00Z,P2,3.700,15.8
2026-03-20T22:00:00Z,P3,2.226,15.8
2026-03-20T22:15:00Z,P1,3.103,15.6
2026-03-20T22:15:00Z,P2,2.567,15.6
2026-03-20T22:15:00Z,P3,2.815,15.6
2026-03-20T22:30:00Z,P1,1.510,15.7
2026-03-20T22:30:00Z,P2,2.532,15.7
2026-03-20T22:30:00Z,P3,1.814,15.7
2026-03-20T22:45:00Z,P1,1.731,15.5
2026-03-20T22:45:00Z,P2,2.569,15.5
2026-03-20T22:45:00Z,P3,2.383,15.5
2026-03-20T23:00:00Z,P1,3.793,15.8
2026-03-20T23:00:00Z,P2,1.482,15.8
2026-03-20T23:00:00Z,P3,2.550,15.8
2026-03-20T23:15:00Z,P1,0.421,15.3
2026-03-20T23:15:00Z,P2,0.365,15.3
2026-03-20T23:15:00Z,P3,1.769,15.3
2026-03-20T23:30:00Z,P1,2.043,15.6
2026-03-20T23:30:00Z,P2,0.383,15.6
2026-03-20T23:30:00Z,P3,2.228,15.6
2026-03-20T23:45:00Z,P1,2.860,15.5
2026-03-20T23:45:00Z,P2,0.342,15.5
2026-03-20T23:45:00Z,P3,2.875,15.5
2026-03-21T00:00:00Z,P1,2.062,15.0
2026-03-21T00:00:00Z,P2,0.286,15.0
2026-03-21T00:00:00Z,P3,1.792,15.0
2026-03-21T00:15:00Z,P1,1.471,15.0
2026-03-21T00:15:00Z,P2,0.342,15.0
2026-03-21T00:15:00Z,P3,1.960,15.0
2026-03-21T00:30:00Z,P1,2.660,15.1
2026-03-21T00:30:00Z,P2,2.078,15.1
2026-03-21T00:30:00Z,P3,1.216,15.1
2026-03-21T00:45:00Z,P1,2.037,15.1
2026-03-21T00:45:00Z,P2,2.221,15.1
2026-03-21T00:45:00Z,P3,0.393,15.1
2026-03-21T01:00:00Z,P1,2.284,15.2
2026-03-21T01:00:00Z,P2,2.550,15.2
2026-03-21T01:00:00Z,P3,1.011,15.2
2026-03-21T01:15:00Z,P1,2.984,14.9
2026-03-21T01:15:00Z,P2,2.567,14.9
2026-03-21T01:15:00Z,P3,1.106,14.9
2026-03-21T01:30:00Z,P1,1.589,14.8
2026-03-21T01:30:00Z,P2,2.525,14.8
2026-03-21T01:30:00Z,P3,1.332,14.8
2026-03-21T01:45:00Z,P1,1.363,15.0
2026-03-21T01:45:00Z,P2,2.600,15.0
2026-03-21T01:45:00Z,P3,3.143,15.0
2026-03-21T02:00:00Z,P1,3.367,14.7
2026-03-21T02:00:00Z,P2,2.566,14.7
2026-03-21T02:00:00Z,P3,1.900,14.7
2026-03-21T02:15:00Z,P1,1.787,14.7
2026-03-21T02:15:00Z,P2,2.535,14.7
2026-03-21T02:15:00Z,P3,2.072,14.7
2026-03-21T02:30:00Z,P1,0.689,15.0
2026-03-21T02:30:00Z,P2,2.542,15.0
2026-03-21T02:30:00Z,P3,1.239,15.0
2026-03-21T02:45:00Z,P1,3.488,15.1
2026-03-21T02:45:00Z,P2,2.496,15.1
2026-03-21T02:45:00Z,P3,0.358,15.1
2026-03-21T03:00:00Z,P1,1.602,14.7
2026-03-21T03:00:00Z,P2,1.700,14.7
2026-03-21T03:00:00Z,P3,1.454,14.7
2026-03-21T03:15:00Z,P1,1.759,15.4
2026-03-21T03:15:00Z,P2,0.371,15.4
2026-03-21T03:15:00Z,P3,0.799,15.4
2026-03-21T03:30:00Z,P1,2.454,15.1
2026-03-21T03:30:00Z,P2,0.364,15.1
2026-03-21T03:30:00Z,P3,0.328,15.1
2026-03-21T03:45:00Z,P1,2.462,15.3
2026-03-21T03:45:00Z,P2,0.330,15.3
2026-03-21T03:45:00Z,P3,1.158,15.3
2026-03-21T04:00:00Z,P1,1.479,15.3
2026-03-21T04:00:00Z,P2,0.356,15.3
2026-03-21T04:00:00Z,P3,2.613,15.3
2026-03-21T04:15:00Z,P1,1.682,15.2
2026-03-21T04:15:00Z,P2,0.335,15.2
2026-03-21T04:15:00Z,P3,1.816,15.2
2026-03-21T04:30:00Z,P1,3.195,15.2
2026-03-21T04:30:00Z,P2,0.416,15.2
2026-03-21T04:30:00Z,P3,2.750,15.2
2026-03-21T04:45:00Z,P1,0.965,15.5
2026-03-21T04:45:00Z,P2,0.332,15.5
2026-03-21T04:45:00Z,P3,1.057,15.5
2026-03-21T05:00:00Z,P1,1.792,15.3
2026-03-21T05:00:00Z,P2,0.247,15.3
2026-03-21T05:00:00Z,P3,0.336,15.3
2026-03-21T05:15:00Z,P1,3.759,15.6
2026-03-21T05:15:00Z,P2,0.349,15.6
2026-03-21T05:15:00Z,P3,1.632,15.6
2026-03-21T05:30:00Z,P1,0.733,15.6
2026-03-21T05:30:00Z,P2,0.345,15.6
2026-03-21T05:30:00Z,P3,0.361,15.6
2026-03-21T05:45:00Z,P1,1.831,15.6
2026-03-21T05:45:00Z,P2,0.321,15.6
2026-03-21T05:45:00Z,P3,0.365,15.6
2026-03-21T06:00:00Z,P1,2.739,15.9
2026-03-21T06:00:00Z,P2,0.378,15.9
2026-03-21T06:00:00Z,P3,3.021,15.9
2026-03-21T06:15:00Z,P1,2.573,15.7
2026-03-21T06:15:00Z,P2,0.367,15.7
2026-03-21T06:15:00Z,P3,1.874,15.7
2026-03-21T06:30:00Z,P1,1.729,16.5
2026-03-21T06:30:00Z,P2,1.927,16.5
2026-03-21T06:30:00Z,P3,1.904,16.5
2026-03-21T06:45:00Z,P1,1.673,16.1
2026-03-21T06:45:00Z,P2,2.470,16.1
2026-03-21T06:45:00Z,P3,3.181,16.1
2026-03-21T07:00:00Z,P1,3.950,16.4
2026-03-21T07:00:00Z,P2,2.490,16.4
2026-03-21T07:00:00Z,P3,1.017,16.4
2026-03-21T07:15:00Z,P1,0.915,16.4
2026-03-21T07:15:00Z,P2,1.224,16.4
2026-03-21T07:15:00Z,P3,0.931,16.4
2026-03-21T07:30:00Z,P1,1.434,16.8
2026-03-21T07:30:00Z,P2,0.379,16.8
2026-03-21T07:30:00Z,P3,1.345,16.8
2026-03-21T07:45:00Z,P1,3.204,16.7
2026-03-21T07:45:00Z,P2,0.356,16.7
2026-03-21T07:45:00Z,P3,0.332,16.7
2026-03-21T08:00:00Z,P1,1.661,17.2
2026-03-21T08:00:00Z,P2,0.350,17.2
2026-03-21T08:00:00Z,P3,1.022,17.2
2026-03-21T08:15:00Z,P1,1.750,16.7
2026-03-21T08:15:00Z,P2,0.332,16.7
2026-03-21T08:15:00Z,P3,1.198,16.7
2026-03-21T08:30:00Z,P1,1.761,17.1
2026-03-21T08:30:00Z,P2,0.371,17.1
2026-03-21T08:30:00Z,P3,1.805,17.1
2026-03-21T08:45:00Z,P1,3.807,17.3
2026-03-21T08:45:00Z,P2,0.317,17.3
2026-03-21T08:45:00Z,P3,3.236,17.3
2026-03-21T09:00:00Z,P1,0.488,17.6
2026-03-21T09:00:00Z,P2,0.346,17.6
2026-03-21T09:00:00Z,P3,1.929,17.6
2026-03-21T09:15:00Z,P1,2.651,17.5
2026-03-21T09:15:00Z,P2,0.351,17.5
2026-03-21T09:15:00Z,P3,1.682,17.5
2026-03-21T09:30:00Z,P1,2.519,17.4
2026-03-21T09:30:00Z,P2,0.305,17.4
2026-03-21T09:30:00Z,P3,1.775,17.4
2026-03-21T09:45:00Z,P1,1.715,17.5
2026-03-21T09:45:00Z,P2,0.409,17.5
2026-03-21T09:45:00Z,P3,0.354,17.5
2026-03-21T10:00:00Z,P1,1.770,17.9
2026-03-21T10:00:00Z,P2,0.346,17.9
2026-03-21T10:00:00Z,P3,0.579,17.9
2026-03-21T10:15:00Z,P1,2.850,18.0
2026-03-21T10:15:00Z,P2,0.354,18.0
2026-03-21T10:15:00Z,P3,1.372,18.0
2026-03-21T10:30:00Z,P1,2.259,18.0
2026-03-21T10:30:00Z,P2,0.389,18.0
2026-03-21T10:30:00Z,P3,0.997,18.0
2026-03-21T10:45:00Z,P1,0.903,17.7
2026-03-21T10:45:00Z,P2,0.335,17.7
2026-03-21T10:45:00Z,P3,2.342,17.7
2026-03-21T11:00:00Z,P1,3.731,18.1
2026-03-21T11:00:00Z,P2,0.338,18.1
2026-03-21T11:00:00Z,P3,2.654,18.1
2026-03-21T11:15:00Z,P1,2.910,18.3
2026-03-21T11:15:00Z,P2,2.154,18.3
2026-03-21T11:15:00Z,P3,2.417,18.3
2026-03-21T11:30:00Z,P1,4.244,18.6
2026-03-21T11:30:00Z,P2,3.063,18.6
2026-03-21T11:30:00Z,P3,3.472,18.6
2026-03-21T11:45:00Z,P1,2.564,18.7
2026-03-21T11:45:00Z,P2,4.670,18.7
2026-03-21T11:45:00Z,P3,2.133,18.7
2026-03-21T12:00:00Z,P1,3.834,18.5
2026-03-21T12:00:00Z,P2,4.633,18.5
2026-03-21T12:00:00Z,P3,1.679,18.5
2026-03-21T12:15:00Z,P1,1.638,18.5
2026-03-21T12:15:00Z,P2,4.506,18.5
2026-03-21T12:15:00Z,P3,1.712,18.5
2026-03-21T12:30:00Z,P1,3.081,18.5
2026-03-21T12:30:00Z,P2,4.228,18.5
2026-03-21T12:30:00Z,P3,2.892,18.5
2026-03-21T12:45:00Z,P1,1.764,18.3
2026-03-21T12:45:00Z,P2,4.645,18.3
2026-03-21T12:45:00Z,P3,3.119,18.3
2026-03-21T13:00:00Z,P1,2.209,18.4
2026-03-21T13:00:00Z,P2,4.650,18.4
2026-03-21T13:00:00Z,P3,2.017,18.4
2026-03-21T13:15:00Z,P1,4.244,18.9
2026-03-21T13:15:00Z,P2,4.711,18.9
2026-03-21T13:15:00Z,P3,1.811,18.9
2026-03-21T13:30:00Z,P1,3.458,18.9
2026-03-21T13:30:00Z,P2,4.684,18.9
2026-03-21T13:30:00Z,P3,2.138,18.9
2026-03-21T13:45:00Z,P1,2.183,18.9
2026-03-21T13:45:00Z,P2,4.220,18.9
2026-03-21T13:45:00Z,P3,2.138,18.9
2026-03-21T14:00:00Z,P1,4.055,18.5
2026-03-21T14:00:00Z,P2,2.220,18.5
2026-03-21T14:00:00Z,P3,1.848,18.5
2026-03-21T14:15:00Z,P1,4.186,18.8
2026-03-21T14:15:00Z,P2,2.332,18.8
2026-03-21T14:15:00Z,P3,1.795,18.8
2026-03-21T14:30:00Z,P1,3.764,18.5
2026-03-21T14:30:00Z,P2,2.471,18.5
2026-03-21T14:30:00Z,P3,3.236,18.5
2026-03-21T14:45:00Z,P1,2.883,19.0
2026-03-21T14:45:00Z,P2,2.477,19.0
2026-03-21T14:45:00Z,P3,3.453,19.0
2026-03-21T15:00:00Z,P1,3.224,18.6
2026-03-21T15:00:00Z,P2,2.495,18.6
2026-03-21T15:00:00Z,P3,3.472,18.6
2026-03-21T15:15:00Z,P1,3.625,18.4
2026-03-21T15:15:00Z,P2,2.474,18.4
2026-03-21T15:15:00Z,P3,3.447,18.4
2026-03-21T15:30:00Z,P1,2.592,18.6
2026-03-21T15:30:00Z,P2,2.477,18.6
2026-03-21T15:30:00Z,P3,3.654,18.6
2026-03-21T15:45:00Z,P1,3.864,18.8
2026-03-21T15:45:00Z,P2,2.492,18.8
2026-03-21T15:45:00Z,P3,3.656,18.8
2026-03-21T16:00:00Z,P1,3.079,18.3
2026-03-21T16:00:00Z,P2,2.450,18.3
2026-03-21T16:00:00Z,P3,3.489,18.3
2026-03-21T16:15:00Z,P1,2.135,18.6
2026-03-21T16:15:00Z,P2,2.457,18.6
2026-03-21T16:15:00Z,P3,3.444,18.6
2026-03-21T16:30:00Z,P1,1.735,18.2
2026-03-21T16:30:00Z,P2,2.431,18.2
2026-03-21T16:30:00Z,P3,2.322,18.2
2026-03-21T16:45:00Z,P1,2.431,18.0
2026-03-21T16:45:00Z,P2,2.446,18.0
2026-03-21T16:45:00Z,P3,1.953,18.0
2026-03-21T17:00:00Z,P1,3.061,18.4
2026-03-21T17:00:00Z,P2,0.653,18.4
2026-03-21T17:00:00Z,P3,2.010,18.4
2026-03-21T17:15:00Z,P1,0.833,18.4
2026-03-21T17:15:00Z,P2,0.384,18.4
2026-03-21T17:15:00Z,P3,2.039,18.4
2026-03-21T17:30:00Z,P1,2.753,17.6
2026-03-21T17:30:00Z,P2,0.297,17.6
2026-03-21T17:30:00Z,P3,2.506,17.6
2026-03-21T17:45:00Z,P1,2.785,18.0
2026-03-21T17:45:00Z,P2,1.194,18.0
2026-03-21T17:45:00Z,P3,3.447,18.0
2026-03-21T18:00:00Z,P1,0.864,17.7
2026-03-21T18:00:00Z,P2,2.566,17.7
2026-03-21T18:00:00Z,P3,2.533,17.7
2026-03-21T18:15:00Z,P1,2.900,17.5
2026-03-21T18:15:00Z,P2,2.540,17.5
2026-03-21T18:15:00Z,P3,1.773,17.5
2026-03-21T18:30:00Z,P1,2.454,17.7
2026-03-21T18:30:00Z,P2,2.575,17.7
2026-03-21T18:30:00Z,P3,1.753,17.7
2026-03-21T18:45:00Z,P1,1.495,16.9
2026-03-21T18:45:00Z,P2,2.617,16.9
2026-03-21T18:45:00Z,P3,0.342,16.9
2026-03-21T19:00:00Z,P1,2.007,16.7
2026-03-21T19:00:00Z,P2,1.931,16.7
2026-03-21T19:00:00Z,P3,0.369,16.7
2026-03-21T19:15:00Z,P1,2.696,17.2
2026-03-21T19:15:00Z,P2,0.357,17.2
2026-03-21T19:15:00Z,P3,1.787,17.2
2026-03-21T19:30:00Z,P1,2.095,16.8
2026-03-21T19:30:00Z,P2,0.343,16.8
2026-03-21T19:30:00Z,P3,0.439,16.8
2026-03-21T19:45:00Z,P1,0.694,16.9
2026-03-21T19:45:00Z,P2,0.334,16.9
2026-03-21T19:45:00Z,P3,2.457,16.9
2026-03-21T20:00:00Z,P1,3.211,16.4
2026-03-21T20:00:00Z,P2,0.355,16.4
2026-03-21T20:00:00Z,P3,2.570,16.4
2026-03-21T20:15:00Z,P1,2.995,16.8
2026-03-21T20:15:00Z,P2,0.327,16.8
2026-03-21T20:15:00Z,P3,1.783,16.8
2026-03-21T20:30:00Z,P1,0.893,16.5
2026-03-21T20:30:00Z,P2,1.614,16.5
2026-03-21T20:30:00Z,P3,1.779,16.5
2026-03-21T20:45:00Z,P1,2.685,16.6
2026-03-21T20:45:00Z,P2,2.500,16.6
2026-03-21T20:45:00Z,P3,0.912,16.6
2026-03-21T21:00:00Z,P1,2.460,16.3
2026-03-21T21:00:00Z,P2,2.473,16.3
2026-03-21T21:00:00Z,P3,0.345,16.3
2026-03-21T21:15:00Z,P1,1.984,16.0
2026-03-21T21:15:00Z,P2,0.757,16.0
2026-03-21T21:15:00Z,P3,1.477,16.0
2026-03-21T21:30:00Z,P1,0.824,16.0
2026-03-21T21:30:00Z,P2,0.378,16.0
2026-03-21T21:30:00Z,P3,1.017,16.0
2026-03-21T21:45:00Z,P1,2.935,16.1
2026-03-21T21:45:00Z,P2,0.370,16.1
2026-03-21T21:45:00Z,P3,1.794,16.1
2026-03-21T22:00:00Z,P1,3.010,15.3
2026-03-21T22:00:00Z,P2,0.376,15.3
2026-03-21T22:00:00Z,P3,3.134,15.3
2026-03-21T22:15:00Z,P1,1.011,16.0
2026-03-21T22:15:00Z,P2,0.367,16.0
2026-03-21T22:15:00Z,P3,1.759,16.0
2026-03-21T22:30:00Z,P1,2.973,15.8
2026-03-21T22:30:00Z,P2,0.344,15.8
2026-03-21T22:30:00Z,P3,1.289,15.8
2026-03-21T22:45:00Z,P1,2.220,15.1
2026-03-21T22:45:00Z,P2,0.373,15.1
2026-03-21T22:45:00Z,P3,1.545,15.1
2026-03-21T23:00:00Z,P1,1.738,15.1
2026-03-21T23:00:00Z,P2,0.387,15.1
2026-03-21T23:00:00Z,P3,0.333,15.1
2026-03-21T23:15:00Z,P1,1.700,14.9
2026-03-21T23:15:00Z,P2,0.330,14.9
2026-03-21T23:15:00Z,P3,1.063,14.9
2026-03-21T23:30:00Z,P1,3.101,15.0
2026-03-21T23:30:00Z,P2,0.381,15.0
2026-03-21T23:30:00Z,P3,1.032,15.0
2026-03-21T23:45:00Z,P1,1.563,15.0
2026-03-21T23:45:00Z,P2,0.350,15.0
2026-03-21T23:45:00Z,P3,0.360,15.0
2026-03-22T00:00:00Z,P1,0.856,15.1
2026-03-22T00:00:00Z,P2,0.376,15.1
2026-03-22T00:00:00Z,P3,1.935,15.1
2026-03-22T00:15:00Z,P1,3.196,15.5
2026-03-22T00:15:00Z,P2,0.392,15.5
2026-03-22T00:15:00Z,P3,2.610,15.5
2026-03-22T00:30:00Z,P1,2.439,15.1
2026-03-22T00:30:00Z,P2,0.333,15.1
2026-03-22T00:30:00Z,P3,1.791,15.1
2026-03-22T00:45:00Z,P1,0.750,14.8
2026-03-22T00:45:00Z,P2,0.274,14.8
2026-03-22T00:45:00Z,P3,1.981,14.8
2026-03-22T01:00:00Z,P1,3.237,14.9
2026-03-22T01:00:00Z,P2,0.339,14.9
2026-03-22T01:00:00Z,P3,1.325,14.9
2026-03-22T01:15:00Z,P1,1.819,14.6
2026-03-22T01:15:00Z,P2,1.106,14.6
2026-03-22T01:15:00Z,P3,0.360,14.6
2026-03-22T01:30:00Z,P1,1.632,15.2
2026-03-22T01:30:00Z,P2,2.463,15.2
2026-03-22T01:30:00Z,P3,0.990,15.2
2026-03-22T01:45:00Z,P1,2.272,14.9
2026-03-22T01:45:00Z,P2,2.472,14.9
2026-03-22T01:45:00Z,P3,0.994,14.9
2026-03-22T02:00:00Z,P1,3.147,15.1
2026-03-22T02:00:00Z,P2,2.038,15.1
2026-03-22T02:00:00Z,P3,0.350,15.1
2026-03-22T02:15:00Z,P1,1.250,14.5
2026-03-22T02:15:00Z,P2,0.321,14.5
2026-03-22T02:15:00Z,P3,2.722,14.5
2026-03-22T02:30:00Z,P1,1.234,14.4
2026-03-22T02:30:00Z,P2,0.315,14.4
2026-03-22T02:30:00Z,P3,2.275,14.4
2026-03-22T02:45:00Z,P1,3.600,14.5
2026-03-22T02:45:00Z,P2,0.424,14.5
2026-03-22T02:45:00Z,P3,1.849,14.5
2026-03-22T03:00:00Z,P1,1.172,15.0
2026-03-22T03:00:00Z,P2,0.447,15.0
2026-03-22T03:00:00Z,P3,2.245,15.0
2026-03-22T03:15:00Z,P1,1.713,15.0
2026-03-22T03:15:00Z,P2,0.383,15.0
2026-03-22T03:15:00Z,P3,0.762,15.0
2026-03-22T03:30:00Z,P1,2.482,14.8
2026-03-22T03:30:00Z,P2,0.331,14.8
2026-03-22T03:30:00Z,P3,0.342,14.8
2026-03-22T03:45:00Z,P1,2.109,14.9
2026-03-22T03:45:00Z,P2,0.293,14.9
2026-03-22T03:45:00Z,P3,1.308,14.9
2026-03-22T04:00:00Z,P1,0.865,15.1
2026-03-22T04:00:00Z,P2,0.330,15.1
2026-03-22T04:00:00Z,P3,0.948,15.1
2026-03-22T04:15:00Z,P1,3.291,15.0
2026-03-22T04:15:00Z,P2,0.368,15.0
2026-03-22T04:15:00Z,P3,1.628,15.0
2026-03-22T04:30:00Z,P1,2.173,15.3
2026-03-22T04:30:00Z,P2,0.357,15.3
2026-03-22T04:30:00Z,P3,3.018,15.3
2026-03-22T04:45:00Z,P1,0.762,15.3
2026-03-22T04:45:00Z,P2,0.350,15.3
2026-03-22T04:45:00Z,P3,2.077,15.3
2026-03-22T05:00:00Z,P1,3.448,15.5
2026-03-22T05:00:00Z,P2,0.324,15.5
2026-03-22T05:00:00Z,P3,1.411,15.5
2026-03-22T05:15:00Z,P1,1.870,15.5
2026-03-22T05:15:00Z,P2,0.389,15.5
2026-03-22T05:15:00Z,P3,1.651,15.5
2026-03-22T05:30:00Z,P1,1.503,15.5
2026-03-22T05:30:00Z,P2,0.321,15.5
2026-03-22T05:30:00Z,P3,0.345,15.5
2026-03-22T05:45:00Z,P1,2.659,15.4
2026-03-22T05:45:00Z,P2,0.350,15.4
2026-03-22T05:45:00Z,P3,0.325,15.4
2026-03-22T06:00:00Z,P1,2.549,15.7
2026-03-22T06:00:00Z,P2,0.330,15.7
2026-03-22T06:00:00Z,P3,1.896,15.7
2026-03-22T06:15:00Z,P1,1.702,16.1
2026-03-22T06:15:00Z,P2,0.321,16.1
2026-03-22T06:15:00Z,P3,0.792,16.1
2026-03-22T06:30:00Z,P1,0.997,16.2
2026-03-22T06:30:00Z,P2,0.329,16.2
2026-03-22T06:30:00Z,P3,2.587,16.2
2026-03-22T06:45:00Z,P1,4.120,16.1
2026-03-22T06:45:00Z,P2,0.364,16.1
2026-03-22T06:45:00Z,P3,2.770,16.1
2026-03-22T07:00:00Z,P1,0.956,16.0
2026-03-22T07:00:00Z,P2,0.331,16.0
2026-03-22T07:00:00Z,P3,1.774,16.0
2026-03-22T07:15:00Z,P1,2.741,16.4
2026-03-22T07:15:00Z,P2,0.354,16.4
2026-03-22T07:15:00Z,P3,2.755,16.4
2026-03-22T07:30:00Z,P1,4.197,16.2
2026-03-22T07:30:00Z,P2,0.357,16.2
2026-03-22T07:30:00Z,P3,1.449,16.2
2026-03-22T07:45:00Z,P1,2.779,16.6
2026-03-22T07:45:00Z,P2,0.773,16.6
2026-03-22T07:45:00Z,P3,2.975,16.6
2026-03-22T08:00:00Z,P1,3.085,16.9
2026-03-22T08:00:00Z,P2,2.443,16.9
2026-03-22T08:00:00Z,P3,2.678,16.9
2026-03-22T08:15:00Z,P1,4.059,16.7
2026-03-22T08:15:00Z,P2,3.666,16.7
2026-03-22T08:15:00Z,P3,1.837,16.7
2026-03-22T08:30:00Z,P1,3.244,16.9
2026-03-22T08:30:00Z,P2,4.710,16.9
2026-03-22T08:30:00Z,P3,2.982,16.9
2026-03-22T08:45:00Z,P1,3.595,16.8
2026-03-22T08:45:00Z,P2,4.712,16.8
2026-03-22T08:45:00Z,P3,2.151,16.8
2026-03-22T09:00:00Z,P1,2.509,16.9
2026-03-22T09:00:00Z,P2,2.822,16.9
2026-03-22T09:00:00Z,P3,1.812,16.9
2026-03-22T09:15:00Z,P1,3.895,17.1
2026-03-22T09:15:00Z,P2,2.558,17.1
2026-03-22T09:15:00Z,P3,3.488,17.1
2026-03-22T09:30:00Z,P1,2.998,17.1
2026-03-22T09:30:00Z,P2,2.241,17.1
2026-03-22T09:30:00Z,P3,1.798,17.1
2026-03-22T09:45:00Z,P1,3.237,17.6
2026-03-22T09:45:00Z,P2,0.355,17.6
2026-03-22T09:45:00Z,P3,1.974,17.6
2026-03-22T10:00:00Z,P1,2.532,17.5
2026-03-22T10:00:00Z,P2,0.387,17.5
2026-03-22T10:00:00Z,P3,2.994,17.5
2026-03-22T10:15:00Z,P1,0.558,17.5
2026-03-22T10:15:00Z,P2,0.345,17.5
2026-03-22T10:15:00Z,P3,1.391,17.5
2026-03-22T10:30:00Z,P1,2.927,17.6
2026-03-22T10:30:00Z,P2,0.362,17.6
2026-03-22T10:30:00Z,P3,1.041,17.6
2026-03-22T10:45:00Z,P1,2.816,17.9
2026-03-22T10:45:00Z,P2,0.379,17.9
2026-03-22T10:45:00Z,P3,1.219,17.9
2026-03-22T11:00:00Z,P1,1.370,18.4
2026-03-22T11:00:00Z,P2,0.319,18.4
2026-03-22T11:00:00Z,P3,0.333,18.4
2026-03-22T11:15:00Z,P1,1.586,17.8
2026-03-22T11:15:00Z,P2,0.355,17.8
2026-03-22T11:15:00Z,P3,0.872,17.8
2026-03-22T11:30:00Z,P1,3.152,18.1
2026-03-22T11:30:00Z,P2,0.391,18.1
2026-03-22T11:30:00Z,P3,1.989,18.1
2026-03-22T11:45:00Z,P1,2.136,18.2
2026-03-22T11:45:00Z,P2,0.528,18.2
2026-03-22T11:45:00Z,P3,1.770,18.2
2026-03-22T12:00:00Z,P1,0.875,18.2
2026-03-22T12:00:00Z,P2,3.774,18.2
2026-03-22T12:00:00Z,P3,3.117,18.2
2026-03-22T12:15:00Z,P1,3.719,18.3
2026-03-22T12:15:00Z,P2,4.653,18.3
2026-03-22T12:15:00Z,P3,1.754,18.3
2026-03-22T12:30:00Z,P1,2.058,18.3
2026-03-22T12:30:00Z,P2,4.677,18.3
2026-03-22T12:30:00Z,P3,2.414,18.3
2026-03-22T12:45:00Z,P1,1.243,18.2
2026-03-22T12:45:00Z,P2,4.640,18.2
2026-03-22T12:45:00Z,P3,2.721,18.2
2026-03-22T13:00:00Z,P1,3.000,18.2
2026-03-22T13:00:00Z,P2,4.533,18.2
2026-03-22T13:00:00Z,P3,1.787,18.2
2026-03-22T13:15:00Z,P1,2.593,18.6
2026-03-22T13:15:00Z,P2,3.317,18.6
2026-03-22T13:15:00Z,P3,2.892,18.6
2026-03-22T13:30:00Z,P1,1.750,18.6
2026-03-22T13:30:00Z,P2,2.489,18.6
2026-03-22T13:30:00Z,P3,3.237,18.6
2026-03-22T13:45:00Z,P1,1.061,18.6
2026-03-22T13:45:00Z,P2,2.544,18.6
2026-03-22T13:45:00Z,P3,3.161,18.6
2026-03-22T14:00:00Z,P1,3.948,18.4
2026-03-22T14:00:00Z,P2,2.555,18.4
2026-03-22T14:00:00Z,P3,2.803,18.4
2026-03-22T14:15:00Z,P1,1.147,18.4
2026-03-22T14:15:00Z,P2,2.564,18.4
2026-03-22T14:15:00Z,P3,3.491,18.4
2026-03-22T14:30:00Z,P1,1.722,18.8
2026-03-22T14:30:00Z,P2,2.568,18.8
2026-03-22T14:30:00Z,P3,1.990,18.8
2026-03-22T14:45:00Z,P1,3.258,18.4
2026-03-22T14:45:00Z,P2,2.520,18.4
2026-03-22T14:45:00Z,P3,1.675,18.4
2026-03-22T15:00:00Z,P1,2.036,18.0
2026-03-22T15:00:00Z,P2,2.530,18.0
2026-03-22T15:00:00Z,P3,0.324,18.0
2026-03-22T15:15:00Z,P1,1.864,18.2
2026-03-22T15:15:00Z,P2,2.588,18.2
2026-03-22T15:15:00Z,P3,0.674,18.2
2026-03-22T15:30:00Z,P1,2.567,18.5
2026-03-22T15:30:00Z,P2,2.519,18.5
2026-03-22T15:30:00Z,P3,1.352,18.5
2026-03-22T15:45:00Z,P1,2.919,18.0
2026-03-22T15:45:00Z,P2,4.645,18.0
2026-03-22T15:45:00Z,P3,0.356,18.0
2026-03-22T16:00:00Z,P1,1.204,18.6
2026-03-22T16:00:00Z,P2,4.774,18.6
2026-03-22T16:00:00Z,P3,2.879,18.6
2026-03-22T16:15:00Z,P1,2.448,17.9
2026-03-22T16:15:00Z,P2,3.974,17.9
2026-03-22T16:15:00Z,P3,2.097,17.9
2026-03-22T16:30:00Z,P1,3.463,18.0
2026-03-22T16:30:00Z,P2,0.984,18.0
2026-03-22T16:30:00Z,P3,1.780,18.0
2026-03-22T16:45:00Z,P1,0.632,18.1
2026-03-22T16:45:00Z,P2,0.403,18.1
2026-03-22T16:45:00Z,P3,3.345,18.1
2026-03-22T17:00:00Z,P1,2.901,18.2
2026-03-22T17:00:00Z,P2,0.407,18.2
2026-03-22T17:00:00Z,P3,1.810,18.2
2026-03-22T17:15:00Z,P1,2.736,17.8
2026-03-22T17:15:00Z,P2,0.417,17.8
2026-03-22T17:15:00Z,P3,1.787,17.8
2026-03-22T17:30:00Z,P1,1.154,17.9
2026-03-22T17:30:00Z,P2,0.420,17.9
2026-03-22T17:30:00Z,P3,3.337,17.9
2026-03-22T17:45:00Z,P1,2.389,17.4
2026-03-22T17:45:00Z,P2,0.347,17.4
2026-03-22T17:45:00Z,P3,1.778,17.4
2026-03-22T18:00:00Z,P1,2.706,17.6
2026-03-22T18:00:00Z,P2,0.326,17.6
2026-03-22T18:00:00Z,P3,2.139,17.6
2026-03-22T18:15:00Z,P1,2.123,17.6
2026-03-22T18:15:00Z,P2,0.304,17.6
2026-03-22T18:15:00Z,P3,3.131,17.6
2026-03-22T18:30:00Z,P1,1.121,17.2
2026-03-22T18:30:00Z,P2,0.349,17.2
2026-03-22T18:30:00Z,P3,1.792,17.2
2026-03-22T18:45:00Z,P1,3.219,17.1
2026-03-22T18:45:00Z,P2,0.364,17.1
2026-03-22T18:45:00Z,P3,1.788,17.1
2026-03-22T19:00:00Z,P1,2.392,17.0
2026-03-22T19:00:00Z,P2,0.367,17.0
2026-03-22T19:00:00Z,P3,3.660,17.0
2026-03-22T19:15:00Z,P1,0.543,17.1
2026-03-22T19:15:00Z,P2,0.280,17.1
2026-03-22T19:15:00Z,P3,2.158,17.1
2026-03-22T19:30:00Z,P1,3.983,16.6
2026-03-22T19:30:00Z,P2,0.820,16.6
2026-03-22T19:30:00Z,P3,2.464,16.6
2026-03-22T19:45:00Z,P1,3.964,16.5
2026-03-22T19:45:00Z,P2,2.478,16.5
2026-03-22T19:45:00Z,P3,3.466,16.5
2026-03-22T20:00:00Z,P1,2.851,16.5
2026-03-22T20:00:00Z,P2,2.479,16.5
2026-03-22T20:00:00Z,P3,2.421,16.5
2026-03-22T20:15:00Z,P1,3.233,16.5
2026-03-22T20:15:00Z,P2,2.418,16.5
2026-03-22T20:15:00Z,P3,1.795,16.5
2026-03-22T20:30:00Z,P1,3.216,16.2
2026-03-22T20:30:00Z,P2,2.185,16.2
2026-03-22T20:30:00Z,P3,2.595,16.2
2026-03-22T20:45:00Z,P1,2.425,16.4
2026-03-22T20:45:00Z,P2,2.338,16.4
2026-03-22T20:45:00Z,P3,2.458,16.4
2026-03-22T21:00:00Z,P1,1.694,16.0
2026-03-22T21:00:00Z,P2,2.472,16.0
2026-03-22T21:00:00Z,P3,1.802,16.0
2026-03-22T21:15:00Z,P1,1.799,15.9
2026-03-22T21:15:00Z,P2,2.533,15.9
2026-03-22T21:15:00Z,P3,2.850,15.9
2026-03-22T21:30:00Z,P1,3.066,15.4
2026-03-22T21:30:00Z,P2,2.476,15.4
2026-03-22T21:30:00Z,P3,2.232,15.4
2026-03-22T21:45:00Z,P1,1.483,15.5
2026-03-22T21:45:00Z,P2,2.481,15.5
2026-03-22T21:45:00Z,P3,2.013,15.5
2026-03-22T22:00:00Z,P1,1.663,15.7
2026-03-22T22:00:00Z,P2,2.472,15.7
2026-03-22T22:00:00Z,P3,2.809,15.7
2026-03-22T22:15:00Z,P1,3.554,15.4
2026-03-22T22:15:00Z,P2,2.476,15.4
2026-03-22T22:15:00Z,P3,1.817,15.4
2026-03-22T22:30:00Z,P1,0.465,15.5
2026-03-22T22:30:00Z,P2,2.432,15.5
2026-03-22T22:30:00Z,P3,2.475,15.5
2026-03-22T22:45:00Z,P1,2.504,15.2
2026-03-22T22:45:00Z,P2,2.454,15.2
2026-03-22T22:45:00Z,P3,2.475,15.2
2026-03-22T23:00:00Z,P1,3.111,15.1
2026-03-22T23:00:00Z,P2,2.517,15.1
2026-03-22T23:00:00Z,P3,1.036,15.1
2026-03-22T23:15:00Z,P1,0.966,14.9
2026-03-22T23:15:00Z,P2,0.481,14.9
2026-03-22T23:15:00Z,P3,1.117,14.9
2026-03-22T23:30:00Z,P1,2.372,15.0
2026-03-22T23:30:00Z,P2,0.280,15.0
2026-03-22T23:30:00Z,P3,0.648,15.0
2026-03-22T23:45:00Z,P1,1.949,14.9
2026-03-22T23:45:00Z,P2,0.304,14.9
2026-03-22T23:45:00Z,P3,0.329,14.9
2026-03-23T00:00:00Z,P1,3.052,14.9
2026-03-23T00:00:00Z,P2,0.358,14.9
2026-03-23T00:00:00Z,P3,1.649,14.9
2026-03-23T00:15:00Z,P1,2.195,14.7
2026-03-23T00:15:00Z,P2,0.379,14.7
2026-03-23T00:15:00Z,P3,1.439,14.7
2026-03-23T00:30:00Z,P1,4.211,15.0
2026-03-23T00:30:00Z,P2,2.502,15.0
2026-03-23T00:30:00Z,P3,1.895,15.0
2026-03-23T00:45:00Z,P1,4.195,14.3
2026-03-23T00:45:00Z,P2,2.517,14.3
2026-03-23T00:45:00Z,P3,3.228,14.3
2026-03-23T01:00:00Z,P1,4.089,15.1
2026-03-23T01:00:00Z,P2,2.549,15.1
2026-03-23T01:00:00Z,P3,1.816,15.1
2026-03-23T01:15:00Z,P1,4.177,14.7
2026-03-23T01:15:00Z,P2,2.525,14.7
2026-03-23T01:15:00Z,P3,1.764,14.7
2026-03-23T01:30:00Z,P1,4.206,14.7
2026-03-23T01:30:00Z,P2,2.462,14.7
2026-03-23T01:30:00Z,P3,2.002,14.7
2026-03-23T01:45:00Z,P1,3.167,14.7
2026-03-23T01:45:00Z,P2,0.356,14.7
2026-03-23T01:45:00Z,P3,0.336,14.7
2026-03-23T02:00:00Z,P1,3.416,14.6
2026-03-23T02:00:00Z,P2,0.477,14.6
2026-03-23T02:00:00Z,P3,0.814,14.6
2026-03-23T02:15:00Z,P1,2.607,14.8
2026-03-23T02:15:00Z,P2,2.476,14.8
2026-03-23T02:15:00Z,P3,1.239,14.8
2026-03-23T02:30:00Z,P1,3.733,14.8
2026-03-23T02:30:00Z,P2,2.436,14.8
2026-03-23T02:30:00Z,P3,0.342,14.8
2026-03-23T02:45:00Z,P1,2.982,14.8
2026-03-23T02:45:00Z,P2,2.449,14.8
2026-03-23T02:45:00Z,P3,2.561,14.8
2026-03-23T03:00:00Z,P1,3.228,14.5
2026-03-23T03:00:00Z,P2,0.944,14.5
2026-03-23T03:00:00Z,P3,2.780,14.5
2026-03-23T03:15:00Z,P1,3.341,14.7
2026-03-23T03:15:00Z,P2,0.324,14.7
2026-03-23T03:15:00Z,P3,1.752,14.7
2026-03-23T03:30:00Z,P1,2.889,14.8
2026-03-23T03:30:00Z,P2,0.311,14.8
2026-03-23T03:30:00Z,P3,1.317,14.8
2026-03-23T03:45:00Z,P1,3.719,14.9
2026-03-23T03:45:00Z,P2,0.330,14.9
2026-03-23T03:45:00Z,P3,1.535,14.9
2026-03-23T04:00:00Z,P1,2.519,14.9
2026-03-23T04:00:00Z,P2,0.290,14.9
2026-03-23T04:00:00Z,P3,0.378,14.9
2026-03-23T04:15:00Z,P1,3.818,15.2
2026-03-23T04:15:00Z,P2,0.397,15.2
2026-03-23T04:15:00Z,P3,0.376,15.2
2026-03-23T04:30:00Z,P1,2.081,15.2
2026-03-23T04:30:00Z,P2,0.379,15.2
2026-03-23T04:30:00Z,P3,1.538,15.2
2026-03-23T04:45:00Z,P1,1.520,15.5
2026-03-23T04:45:00Z,P2,0.374,15.5
2026-03-23T04:45:00Z,P3,0.310,15.5
2026-03-23T05:00:00Z,P1,2.720,15.2
2026-03-23T05:00:00Z,P2,0.328,15.2
2026-03-23T05:00:00Z,P3,2.378,15.2
2026-03-23T05:15:00Z,P1,2.382,15.1
2026-03-23T05:15:00Z,P2,0.357,15.1
2026-03-23T05:15:00Z,P3,2.454,15.1
2026-03-23T05:30:00Z,P1,1.766,15.3
2026-03-23T05:30:00Z,P2,0.326,15.3
2026-03-23T05:30:00Z,P3,1.806,15.3
2026-03-23T05:45:00Z,P1,0.994,15.2
2026-03-23T05:45:00Z,P2,0.377,15.2
2026-03-23T05:45:00Z,P3,2.847,15.2
2026-03-23T06:00:00Z,P1,3.517,15.7
2026-03-23T06:00:00Z,P2,0.363,15.7
2026-03-23T06:00:00Z,P3,1.536,15.7
2026-03-23T06:15:00Z,P1,3.704,15.9
2026-03-23T06:15:00Z,P2,1.785,15.9
2026-03-23T06:15:00Z,P3,0.343,15.9
2026-03-23T06:30:00Z,P1,4.114,15.3
2026-03-23T06:30:00Z,P2,2.483,15.3
2026-03-23T06:30:00Z,P3,2.872,15.3
2026-03-23T06:45:00Z,P1,2.222,15.8
2026-03-23T06:45:00Z,P2,2.461,15.8
2026-03-23T06:45:00Z,P3,1.784,15.8
2026-03-23T07:00:00Z,P1,1.683,15.9
2026-03-23T07:00:00Z,P2,0.612,15.9
2026-03-23T07:00:00Z,P3,1.733,15.9
2026-03-23T07:15:00Z,P1,3.350,16.1
2026-03-23T07:15:00Z,P2,0.362,16.1
2026-03-23T07:15:00Z,P3,2.925,16.1
2026-03-23T07:30:00Z,P1,1.113,16.6
2026-03-23T07:30:00Z,P2,0.353,16.6
2026-03-23T07:30:00Z,P3,0.512,16.6
2026-03-23T07:45:00Z,P1,2.024,16.8
2026-03-23T07:45:00Z,P2,0.300,16.8
2026-03-23T07:45:00Z,P3,0.623,16.8
2026-03-23T08:00:00Z,P1,3.633,16.4
2026-03-23T08:00:00Z,P2,1.313,16.4
2026-03-23T08:00:00Z,P3,2.595,16.4
2026-03-23T08:15:00Z,P1,3.867,16.8
2026-03-23T08:15:00Z,P2,2.405,16.8
2026-03-23T08:15:00Z,P3,3.428,16.8
2026-03-23T08:30:00Z,P1,3.702,16.5
2026-03-23T08:30:00Z,P2,2.424,16.5
2026-03-23T08:30:00Z,P3,2.095,16.5
2026-03-23T08:45:00Z,P1,3.080,16.8
2026-03-23T08:45:00Z,P2,2.495,16.8
2026-03-23T08:45:00Z,P3,2.267,16.8
2026-03-23T09:00:00Z,P1,3.696,16.8
2026-03-23T09:00:00Z,P2,2.493,16.8
2026-03-23T09:00:00Z,P3,3.231,16.8
2026-03-23T09:15:00Z,P1,2.150,17.1
2026-03-23T09:15:00Z,P2,2.490,17.1
2026-03-23T09:15:00Z,P3,1.792,17.1
2026-03-23T09:30:00Z,P1,1.359,17.1
2026-03-23T09:30:00Z,P2,1.748,17.1
2026-03-23T09:30:00Z,P3,1.938,17.1
2026-03-23T09:45:00Z,P1,4.085,17.1
2026-03-23T09:45:00Z,P2,2.513,17.1
2026-03-23T09:45:00Z,P3,3.453,17.1
2026-03-23T10:00:00Z,P1,4.234,17.2
2026-03-23T10:00:00Z,P2,2.544,17.2
2026-03-23T10:00:00Z,P3,3.412,17.2
2026-03-23T10:15:00Z,P1,1.351,17.7
2026-03-23T10:15:00Z,P2,2.574,17.7
2026-03-23T10:15:00Z,P3,1.798,17.7
2026-03-23T10:30:00Z,P1,2.691,17.3
2026-03-23T10:30:00Z,P2,2.527,17.3
2026-03-23T10:30:00Z,P3,2.610,17.3
2026-03-23T10:45:00Z,P1,2.819,17.8
2026-03-23T10:45:00Z,P2,2.492,17.8
2026-03-23T10:45:00Z,P3,2.471,17.8
2026-03-23T11:00:00Z,P1,0.490,18.0
2026-03-23T11:00:00Z,P2,2.565,18.0
2026-03-23T11:00:00Z,P3,1.769,18.0
2026-03-23T11:15:00Z,P1,3.337,17.5
2026-03-23T11:15:00Z,P2,4.103,17.5
2026-03-23T11:15:00Z,P3,3.235,17.5
2026-03-23T11:30:00Z,P1,2.335,18.1
2026-03-23T11:30:00Z,P2,4.663,18.1
2026-03-23T11:30:00Z,P3,3.043,18.1
2026-03-23T11:45:00Z,P1,1.804,18.2
2026-03-23T11:45:00Z,P2,4.663,18.2
2026-03-23T11:45:00Z,P3,1.786,18.2
2026-03-23T12:00:00Z,P1,3.619,18.0
2026-03-23T12:00:00Z,P2,4.684,18.0
2026-03-23T12:00:00Z,P3,3.251,18.0
2026-03-23T12:15:00Z,P1,3.711,18.3
2026-03-23T12:15:00Z,P2,4.638,18.3
2026-03-23T12:15:00Z,P3,1.788,18.3
2026-03-23T12:30:00Z,P1,1.441,18.2
2026-03-23T12:30:00Z,P2,4.671,18.2
2026-03-23T12:30:00Z,P3,1.953,18.2
2026-03-23T12:45:00Z,P1,2.303,18.0
2026-03-23T12:45:00Z,P2,4.098,18.0
2026-03-23T12:45:00Z,P3,2.277,18.0
2026-03-23T13:00:00Z,P1,2.733,18.4
2026-03-23T13:00:00Z,P2,2.466,18.4
2026-03-23T13:00:00Z,P3,1.364,18.4
2026-03-23T13:15:00Z,P1,1.847,18.5
2026-03-23T13:15:00Z,P2,0.668,18.5
2026-03-23T13:15:00Z,P3,2.195,18.5
2026-03-23T13:30:00Z,P1,2.329,18.3
2026-03-23T13:30:00Z,P2,0.388,18.3
2026-03-23T13:30:00Z,P3,2.042,18.3
2026-03-23T13:45:00Z,P1,3.090,18.3
2026-03-23T13:45:00Z,P2,0.334,18.3
2026-03-23T13:45:00Z,P3,1.981,18.3
2026-03-23T14:00:00Z,P1,3.611,18.8
2026-03-23T14:00:00Z,P2,0.399,18.8
2026-03-23T14:00:00Z,P3,3.384,18.8
2026-03-23T14:15:00Z,P1,2.640,18.3
2026-03-23T14:15:00Z,P2,0.369,18.3
2026-03-23T14:15:00Z,P3,3.459,18.3
2026-03-23T14:30:00Z,P1,3.732,18.1
2026-03-23T14:30:00Z,P2,0.378,18.1
2026-03-23T14:30:00Z,P3,3.266,18.1
2026-03-23T14:45:00Z,P1,2.942,18.5
2026-03-23T14:45:00Z,P2,0.330,18.5
2026-03-23T14:45:00Z,P3,1.820,18.5
2026-03-23T15:00:00Z,P1,4.187,18.3
2026-03-23T15:00:00Z,P2,0.389,18.3
2026-03-23T15:00:00Z,P3,1.201,18.3
2026-03-23T15:15:00Z,P1,4.181,18.5
2026-03-23T15:15:00Z,P2,0.329,18.5
2026-03-23T15:15:00Z,P3,1.996,18.5
2026-03-23T15:30:00Z,P1,2.367,17.8
2026-03-23T15:30:00Z,P2,0.349,17.8
2026-03-23T15:30:00Z,P3,2.798,17.8
2026-03-23T15:45:00Z,P1,2.879,18.0
2026-03-23T15:45:00Z,P2,0.348,18.0
2026-03-23T15:45:00Z,P3,1.787,18.0
2026-03-23T16:00:00Z,P1,4.229,18.0
2026-03-23T16:00:00Z,P2,0.445,18.0
2026-03-23T16:00:00Z,P3,2.804,18.0
2026-03-23T16:15:00Z,P1,2.455,18.1
2026-03-23T16:15:00Z,P2,2.491,18.1
2026-03-23T16:15:00Z,P3,2.359,18.1
2026-03-23T16:30:00Z,P1,1.119,18.2
2026-03-23T16:30:00Z,P2,2.499,18.2
2026-03-23T16:30:00Z,P3,0.712,18.2
2026-03-23T16:45:00Z,P1,3.225,17.9
2026-03-23T16:45:00Z,P2,2.395,17.9
2026-03-23T16:45:00Z,P3,1.767,17.9
2026-03-23T17:00:00Z,P1,2.280,17.6
2026-03-23T17:00:00Z,P2,0.818,17.6
2026-03-23T17:00:00Z,P3,0.355,17.6
2026-03-23T17:15:00Z,P1,0.606,17.7
2026-03-23T17:15:00Z,P2,0.359,17.7
2026-03-23T17:15:00Z,P3,0.554,17.7
2026-03-23T17:30:00Z,P1,3.662,17.5
2026-03-23T17:30:00Z,P2,0.360,17.5
2026-03-23T17:30:00Z,P3,2.840,17.5
2026-03-23T17:45:00Z,P1,1.811,17.5
2026-03-23T17:45:00Z,P2,2.336,17.5
2026-03-23T17:45:00Z,P3,1.756,17.5
2026-03-23T18:00:00Z,P1,1.731,17.8
2026-03-23T18:00:00Z,P2,2.521,17.8
2026-03-23T18:00:00Z,P3,2.104,17.8
2026-03-23T18:15:00Z,P1,2.257,17.3
2026-03-23T18:15:00Z,P2,2.533,17.3
2026-03-23T18:15:00Z,P3,1.949,17.3
2026-03-23T18:30:00Z,P1,2.418,17.2
2026-03-23T18:30:00Z,P2,2.421,17.2
2026-03-23T18:30:00Z,P3,0.326,17.2
2026-03-23T18:45:00Z,P1,1.489,16.8
2026-03-23T18:45:00Z,P2,2.194,16.8
2026-03-23T18:45:00Z,P3,1.902,16.8
2026-03-23T19:00:00Z,P1,1.726,17.1
2026-03-23T19:00:00Z,P2,3.676,17.1
2026-03-23T19:00:00Z,P3,0.539,17.1
2026-03-23T19:15:00Z,P1,3.157,16.7
2026-03-23T19:15:00Z,P2,4.406,16.7
2026-03-23T19:15:00Z,P3,0.913,16.7
2026-03-23T19:30:00Z,P1,0.855,16.8
2026-03-23T19:30:00Z,P2,4.663,16.8
2026-03-23T19:30:00Z,P3,3.023,16.8
2026-03-23T19:45:00Z,P1,3.035,15.9
2026-03-23T19:45:00Z,P2,4.639,15.9
2026-03-23T19:45:00Z,P3,1.772,15.9
2026-03-23T20:00:00Z,P1,4.219,16.6
2026-03-23T20:00:00Z,P2,4.673,16.6
2026-03-23T20:00:00Z,P3,2.682,16.6
2026-03-23T20:15:00Z,P1,3.367,15.9
2026-03-23T20:15:00Z,P2,4.656,15.9
2026-03-23T20:15:00Z,P3,2.586,15.9
2026-03-23T20:30:00Z,P1,3.035,16.0
2026-03-23T20:30:00Z,P2,4.742,16.0
2026-03-23T20:30:00Z,P3,1.474,16.0
2026-03-23T20:45:00Z,P1,0.767,15.5
2026-03-23T20:45:00Z,P2,4.682,15.5
2026-03-23T20:45:00Z,P3,1.325,15.5
2026-03-23T21:00:00Z,P1,2.958,15.6
2026-03-23T21:00:00Z,P2,4.635,15.6
2026-03-23T21:00:00Z,P3,0.926,15.6
2026-03-23T21:15:00Z,P1,2.236,15.6
2026-03-23T21:15:00Z,P2,4.684,15.6
2026-03-23T21:15:00Z,P3,0.384,15.6
2026-03-23T21:30:00Z,P1,1.601,15.4
2026-03-23T21:30:00Z,P2,3.656,15.4
2026-03-23T21:30:00Z,P3,1.794,15.4
2026-03-23T21:45:00Z,P1,2.007,15.4
2026-03-23T21:45:00Z,P2,2.512,15.4
2026-03-23T21:45:00Z,P3,1.009,15.4
2026-03-23T22:00:00Z,P1,2.911,15.3
2026-03-23T22:00:00Z,P2,1.775,15.3
2026-03-23T22:00:00Z,P3,2.213,15.3
2026-03-23T22:15:00Z,P1,2.367,15.3
2026-03-23T22:15:00Z,P2,0.358,15.3
2026-03-23T22:15:00Z,P3,2.812,15.3
2026-03-23T22:30:00Z,P1,0.373,15.1
2026-03-23T22:30:00Z,P2,0.358,15.1
2026-03-23T22:30:00Z,P3,1.796,15.1
2026-03-23T22:45:00Z,P1,3.350,15.0
2026-03-23T22:45:00Z,P2,0.350,15.0
2026-03-23T22:45:00Z,P3,1.005,15.0
2026-03-23T23:00:00Z,P1,2.569,15.2
2026-03-23T23:00:00Z,P2,0.395,15.2
2026-03-23T23:00:00Z,P3,1.341,15.2
2026-03-23T23:15:00Z,P1,0.815,15.0
2026-03-23T23:15:00Z,P2,0.374,15.0
2026-03-23T23:15:00Z,P3,0.331,15.0
2026-03-23T23:30:00Z,P1,2.531,14.6
2026-03-23T23:30:00Z,P2,0.370,14.6
2026-03-23T23:30:00Z,P3,0.978,14.6
2026-03-23T23:45:00Z,P1,2.587,14.8
2026-03-23T23:45:00Z,P2,0.322,14.8
2026-03-23T23:45:00Z,P3,1.945,14.8
2026-03-24T00:00:00Z,P1,1.521,14.9
2026-03-24T00:00:00Z,P2,0.362,14.9
2026-03-24T00:00:00Z,P3,1.787,14.9
2026-03-24T00:15:00Z,P1,1.358,14.9
2026-03-24T00:15:00Z,P2,0.343,14.9
2026-03-24T00:15:00Z,P3,2.556,14.9
2026-03-24T00:30:00Z,P1,3.093,14.9
2026-03-24T00:30:00Z,P2,0.339,14.9
2026-03-24T00:30:00Z,P3,2.743,14.9
2026-03-24T00:45:00Z,P1,1.487,14.6
2026-03-24T00:45:00Z,P2,0.371,14.6
2026-03-24T00:45:00Z,P3,2.149,14.6
2026-03-24T01:00:00Z,P1,1.385,14.4
2026-03-24T01:00:00Z,P2,0.345,14.4
2026-03-24T01:00:00Z,P3,3.028,14.4
2026-03-24T01:15:00Z,P1,3.610,14.5
2026-03-24T01:15:00Z,P2,0.361,14.5
2026-03-24T01:15:00Z,P3,1.760,14.5
2026-03-24T01:30:00Z,P1,0.884,14.7
2026-03-24T01:30:00Z,P2,0.393,14.7
2026-03-24T01:30:00Z,P3,1.960,14.7
2026-03-24T01:45:00Z,P1,2.112,14.5
2026-03-24T01:45:00Z,P2,0.380,14.5
2026-03-24T01:45:00Z,P3,3.104,14.5
2026-03-24T02:00:00Z,P1,2.824,14.4
2026-03-24T02:00:00Z,P2,0.400,14.4
2026-03-24T02:00:00Z,P3,1.808,14.4
2026-03-24T02:15:00Z,P1,2.914,14.4
2026-03-24T02:15:00Z,P2,0.360,14.4
2026-03-24T02:15:00Z,P3,2.129,14.4
2026-03-24T02:30:00Z,P1,1.365,14.8
2026-03-24T02:30:00Z,P2,0.384,14.8
2026-03-24T02:30:00Z,P3,2.752,14.8
2026-03-24T02:45:00Z,P1,0.917,14.6
2026-03-24T02:45:00Z,P2,0.361,14.6
2026-03-24T02:45:00Z,P3,1.836,14.6
2026-03-24T03:00:00Z,P1,3.727,14.6
2026-03-24T03:00:00Z,P2,0.337,14.6
2026-03-24T03:00:00Z,P3,2.471,14.6
2026-03-24T03:15:00Z,P1,0.868,14.7
2026-03-24T03:15:00Z,P2,0.323,14.7
2026-03-24T03:15:00Z,P3,1.274,14.7
2026-03-24T03:30:00Z,P1,1.749,14.7
2026-03-24T03:30:00Z,P2,0.364,14.7
2026-03-24T03:30:00Z,P3,0.390,14.7
2026-03-24T03:45:00Z,P1,2.863,14.5
2026-03-24T03:45:00Z,P2,0.343,14.5
2026-03-24T03:45:00Z,P3,1.210,14.5
2026-03-24T04:00:00Z,P1,2.039,14.7
2026-03-24T04:00:00Z,P2,0.346,14.7
2026-03-24T04:00:00Z,P3,0.993,14.7
2026-03-24T04:15:00Z,P1,1.190,14.8
2026-03-24T04:15:00Z,P2,0.365,14.8
2026-03-24T04:15:00Z,P3,0.528,14.8
2026-03-24T04:30:00Z,P1,1.941,15.0
2026-03-24T04:30:00Z,P2,0.362,15.0
2026-03-24T04:30:00Z,P3,3.217,15.0
2026-03-24T04:45:00Z,P1,3.236,14.9
2026-03-24T04:45:00Z,P2,0.395,14.9
2026-03-24T04:45:00Z,P3,1.777,14.9
2026-03-24T05:00:00Z,P1,1.100,15.2
2026-03-24T05:00:00Z,P2,0.356,15.2
2026-03-24T05:00:00Z,P3,1.990,15.2
2026-03-24T05:15:00Z,P1,2.061,15.2
2026-03-24T05:15:00Z,P2,1.056,15.2
2026-03-24T05:15:00Z,P3,2.221,15.2
2026-03-24T05:30:00Z,P1,3.578,15.2
2026-03-24T05:30:00Z,P2,2.483,15.2
2026-03-24T05:30:00Z,P3,0.332,15.2
2026-03-24T05:45:00Z,P1,0.548,15.6
2026-03-24T05:45:00Z,P2,2.465,15.6
2026-03-24T05:45:00Z,P3,1.221,15.6
2026-03-24T06:00:00Z,P1,2.163,15.4
2026-03-24T06:00:00Z,P2,1.224,15.4
2026-03-24T06:00:00Z,P3,0.935,15.4
2026-03-24T06:15:00Z,P1,3.467,15.2
2026-03-24T06:15:00Z,P2,0.347,15.2
2026-03-24T06:15:00Z,P3,0.606,15.2
2026-03-24T06:30:00Z,P1,0.846,15.4
2026-03-24T06:30:00Z,P2,0.338,15.4
2026-03-24T06:30:00Z,P3,3.134,15.4
2026-03-24T06:45:00Z,P1,3.012,16.0
2026-03-24T06:45:00Z,P2,0.327,16.0
2026-03-24T06:45:00Z,P3,2.491,16.0
2026-03-24T07:00:00Z,P1,4.201,16.1
2026-03-24T07:00:00Z,P2,1.697,16.1
2026-03-24T07:00:00Z,P3,3.491,16.1
2026-03-24T07:15:00Z,P1,4.092,15.9
2026-03-24T07:15:00Z,P2,4.563,15.9
2026-03-24T07:15:00Z,P3,2.917,15.9
2026-03-24T07:30:00Z,P1,4.101,15.9
2026-03-24T07:30:00Z,P2,4.695,15.9
2026-03-24T07:30:00Z,P3,1.797,15.9
2026-03-24T07:45:00Z,P1,4.197,16.4
2026-03-24T07:45:00Z,P2,4.665,16.4
2026-03-24T07:45:00Z,P3,3.060,16.4
2026-03-24T08:00:00Z,P1,4.171,16.3
2026-03-24T08:00:00Z,P2,3.675,16.3
2026-03-24T08:00:00Z,P3,2.061,16.3
2026-03-24T08:15:00Z,P1,4.256,16.9
2026-03-24T08:15:00Z,P2,2.234,16.9
2026-03-24T08:15:00Z,P3,0.889,16.9
2026-03-24T08:30:00Z,P1,4.185,16.7
2026-03-24T08:30:00Z,P2,0.432,16.7
2026-03-24T08:30:00Z,P3,1.371,16.7
2026-03-24T08:45:00Z,P1,4.222,16.8
2026-03-24T08:45:00Z,P2,0.374,16.8
2026-03-24T08:45:00Z,P3,0.391,16.8
2026-03-24T09:00:00Z,P1,4.095,16.9
2026-03-24T09:00:00Z,P2,0.315,16.9
2026-03-24T09:00:00Z,P3,1.377,16.9
2026-03-24T09:15:00Z,P1,2.714,17.2
2026-03-24T09:15:00Z,P2,0.332,17.2
2026-03-24T09:15:00Z,P3,0.860,17.2
2026-03-24T09:30:00Z,P1,1.473,16.8
2026-03-24T09:30:00Z,P2,0.341,16.8
2026-03-24T09:30:00Z,P3,3.121,16.8
2026-03-24T09:45:00Z,P1,1.745,17.2
2026-03-24T09:45:00Z,P2,0.386,17.2
2026-03-24T09:45:00Z,P3,3.137,17.2
2026-03-24T10:00:00Z,P1,3.208,17.2
2026-03-24T10:00:00Z,P2,0.380,17.2
2026-03-24T10:00:00Z,P3,1.779,17.2
2026-03-24T10:15:00Z,P1,1.733,17.3
2026-03-24T10:15:00Z,P2,0.384,17.3
2026-03-24T10:15:00Z,P3,2.575,17.3
2026-03-24T10:30:00Z,P1,1.269,17.4
2026-03-24T10:30:00Z,P2,0.366,17.4
2026-03-24T10:30:00Z,P3,2.427,17.4
2026-03-24T10:45:00Z,P1,3.935,17.4
2026-03-24T10:45:00Z,P2,0.401,17.4
2026-03-24T10:45:00Z,P3,1.546,17.4
2026-03-24T11:00:00Z,P1,3.065,17.8
2026-03-24T11:00:00Z,P2,0.356,17.8
2026-03-24T11:00:00Z,P3,1.846,17.8
2026-03-24T11:15:00Z,P1,1.339,17.5
2026-03-24T11:15:00Z,P2,1.150,17.5
2026-03-24T11:15:00Z,P3,0.311,17.5
2026-03-24T11:30:00Z,P1,2.796,17.3
2026-03-24T11:30:00Z,P2,2.452,17.3
2026-03-24T11:30:00Z,P3,1.198,17.3
2026-03-24T11:45:00Z,P1,2.782,17.8
2026-03-24T11:45:00Z,P2,2.446,17.8
2026-03-24T11:45:00Z,P3,1.681,17.8
2026-03-24T12:00:00Z,P1,0.691,17.8
2026-03-24T12:00:00Z,P2,2.232,17.8
2026-03-24T12:00:00Z,P3,2.065,17.8
2026-03-24T12:15:00Z,P1,3.868,17.9
2026-03-24T12:15:00Z,P2,3.380,17.9
2026-03-24T12:15:00Z,P3,3.437,17.9
2026-03-24T12:30:00Z,P1,4.137,17.7
2026-03-24T12:30:00Z,P2,4.736,17.7
2026-03-24T12:30:00Z,P3,3.406,17.7
2026-03-24T12:45:00Z,P1,2.354,17.9
2026-03-24T12:45:00Z,P2,4.699,17.9
2026-03-24T12:45:00Z,P3,2.910,17.9
2026-03-24T13:00:00Z,P1,4.086,17.9
2026-03-24T13:00:00Z,P2,4.597,17.9
2026-03-24T13:00:00Z,P3,3.538,17.9
2026-03-24T13:15:00Z,P1,3.426,18.1
2026-03-24T13:15:00Z,P2,2.555,18.1
2026-03-24T13:15:00Z,P3,3.369,18.1
2026-03-24T13:30:00Z,P1,2.194,18.1
2026-03-24T13:30:00Z,P2,2.558,18.1
2026-03-24T13:30:00Z,P3,3.657,18.1
2026-03-24T13:45:00Z,P1,3.960,17.9
2026-03-24T13:45:00Z,P2,2.558,17.9
2026-03-24T13:45:00Z,P3,3.810,17.9
2026-03-24T14:00:00Z,P1,2.740,18.2
2026-03-24T14:00:00Z,P2,0.776,18.2
2026-03-24T14:00:00Z,P3,3.046,18.2
2026-03-24T14:15:00Z,P1,1.588,17.9
2026-03-24T14:15:00Z,P2,0.332,17.9
2026-03-24T14:15:00Z,P3,3.422,17.9
2026-03-24T14:30:00Z,P1,2.464,18.0
2026-03-24T14:30:00Z,P2,0.406,18.0
2026-03-24T14:30:00Z,P3,2.334,18.0
2026-03-24T14:45:00Z,P1,3.152,18.1
2026-03-24T14:45:00Z,P2,0.388,18.1
2026-03-24T14:45:00Z,P3,1.836,18.1
2026-03-24T15:00:00Z,P1,1.476,17.9
2026-03-24T15:00:00Z,P2,0.341,17.9
2026-03-24T15:00:00Z,P3,2.220,17.9
2026-03-24T15:15:00Z,P1,1.385,18.0
2026-03-24T15:15:00Z,P2,0.364,18.0
2026-03-24T15:15:00Z,P3,2.682,18.0
2026-03-24T15:30:00Z,P1,3.844,17.7
2026-03-24T15:30:00Z,P2,0.372,17.7
2026-03-24T15:30:00Z,P3,1.825,17.7
2026-03-24T15:45:00Z,P1,1.142,18.0
2026-03-24T15:45:00Z,P2,0.308,18.0
2026-03-24T15:45:00Z,P3,3.171,18.0
2026-03-24T16:00:00Z,P1,2.096,17.6
2026-03-24T16:00:00Z,P2,0.641,17.6
2026-03-24T16:00:00Z,P3,1.844,17.6
2026-03-24T16:15:00Z,P1,2.965,17.9
2026-03-24T16:15:00Z,P2,2.483,17.9
2026-03-24T16:15:00Z,P3,1.821,17.9
2026-03-24T16:30:00Z,P1,2.097,17.8
2026-03-24T16:30:00Z,P2,2.413,17.8
2026-03-24T16:30:00Z,P3,3.198,17.8
2026-03-24T16:45:00Z,P1,1.612,17.5
2026-03-24T16:45:00Z,P2,2.434,17.5
2026-03-24T16:45:00Z,P3,2.507,17.5
2026-03-24T17:00:00Z,P1,2.280,17.8
2026-03-24T17:00:00Z,P2,2.485,17.8
2026-03-24T17:00:00Z,P3,1.921,17.8
2026-03-24T17:15:00Z,P1,3.238,17.8
2026-03-24T17:15:00Z,P2,1.290,17.8
2026-03-24T17:15:00Z,P3,3.239,17.8
2026-03-24T17:30:00Z,P1,1.081,17.0
2026-03-24T17:30:00Z,P2,0.297,17.0
2026-03-24T17:30:00Z,P3,1.766,17.0
2026-03-24T17:45:00Z,P1,1.649,17.2
2026-03-24T17:45:00Z,P2,0.400,17.2
2026-03-24T17:45:00Z,P3,2.249,17.2
2026-03-24T18:00:00Z,P1,3.892,17.1
2026-03-24T18:00:00Z,P2,0.388,17.1
2026-03-24T18:00:00Z,P3,2.778,17.1
2026-03-24T18:15:00Z,P1,0.807,17.1
2026-03-24T18:15:00Z,P2,2.029,17.1
2026-03-24T18:15:00Z,P3,1.818,17.1
2026-03-24T18:30:00Z,P1,1.708,17.0
2026-03-24T18:30:00Z,P2,2.582,17.0
2026-03-24T18:30:00Z,P3,2.236,17.0
2026-03-24T18:45:00Z,P1,2.745,16.8
2026-03-24T18:45:00Z,P2,2.565,16.8
2026-03-24T18:45:00Z,P3,2.759,16.8
2026-03-24T19:00:00Z,P1,2.395,16.3
2026-03-24T19:00:00Z,P2,2.568,16.3
2026-03-24T19:00:00Z,P3,1.786,16.3
2026-03-24T19:15:00Z,P1,1.640,16.6
2026-03-24T19:15:00Z,P2,2.577,16.6
2026-03-24T19:15:00Z,P3,2.435,16.6
2026-03-24T19:30:00Z,P1,2.328,16.3
2026-03-24T19:30:00Z,P2,2.503,16.3
2026-03-24T19:30:00Z,P3,2.713,16.3
2026-03-24T19:45:00Z,P1,3.219,16.7
2026-03-24T19:45:00Z,P2,0.782,16.7
2026-03-24T19:45:00Z,P3,0.543,16.7
2026-03-24T20:00:00Z,P1,1.345,16.1
2026-03-24T20:00:00Z,P2,0.358,16.1
2026-03-24T20:00:00Z,P3,1.537,16.1
2026-03-24T20:15:00Z,P1,1.257,16.3
2026-03-24T20:15:00Z,P2,0.331,16.3
2026-03-24T20:15:00Z,P3,0.438,16.3
2026-03-24T20:30:00Z,P1,3.690,15.8
2026-03-24T20:30:00Z,P2,0.371,15.8
2026-03-24T20:30:00Z,P3,0.335,15.8
2026-03-24T20:45:00Z,P1,1.892,15.7
2026-03-24T20:45:00Z,P2,0.344,15.7
2026-03-24T20:45:00Z,P3,1.970,15.7
2026-03-24T21:00:00Z,P1,1.579,15.7
2026-03-24T21:00:00Z,P2,0.364,15.7
2026-03-24T21:00:00Z,P3,2.029,15.7
2026-03-24T21:15:00Z,P1,2.155,15.6
2026-03-24T21:15:00Z,P2,0.362,15.6
2026-03-24T21:15:00Z,P3,1.773,15.6
2026-03-24T21:30:00Z,P1,3.055,15.7
2026-03-24T21:30:00Z,P2,0.346,15.7
2026-03-24T21:30:00Z,P3,3.139,15.7
2026-03-24T21:45:00Z,P1,1.256,15.2
2026-03-24T21:45:00Z,P2,0.325,15.2
2026-03-24T21:45:00Z,P3,1.173,15.2
2026-03-24T22:00:00Z,P1,1.647,14.8
2026-03-24T22:00:00Z,P2,2.440,14.8
2026-03-24T22:00:00Z,P3,0.314,14.8
2026-03-24T22:15:00Z,P1,3.632,15.0
2026-03-24T22:15:00Z,P2,2.489,15.0
2026-03-24T22:15:00Z,P3,1.890,15.0
2026-03-24T22:30:00Z,P1,1.292,15.2
2026-03-24T22:30:00Z,P2,2.428,15.2
2026-03-24T22:30:00Z,P3,0.319,15.2
2026-03-24T22:45:00Z,P1,1.560,15.0
2026-03-24T22:45:00Z,P2,0.631,15.0
2026-03-24T22:45:00Z,P3,0.347,15.0
2026-03-24T23:00:00Z,P1,2.606,14.6
2026-03-24T23:00:00Z,P2,0.346,14.6
2026-03-24T23:00:00Z,P3,3.253,14.6
2026-03-24T23:15:00Z,P1,2.685,15.0
2026-03-24T23:15:00Z,P2,0.331,15.0
2026-03-24T23:15:00Z,P3,1.829,15.0
2026-03-24T23:30:00Z,P1,0.824,14.7
2026-03-24T23:30:00Z,P2,0.293,14.7
2026-03-24T23:30:00Z,P3,2.221,14.7
2026-03-24T23:45:00Z,P1,2.997,14.5
2026-03-24T23:45:00Z,P2,0.338,14.5
2026-03-24T23:45:00Z,P3,2.380,14.5
2026-03-25T00:00:00Z,P1,3.625,14.6
2026-03-25T00:00:00Z,P2,0.348,14.6
2026-03-25T00:00:00Z,P3,0.337,14.6
2026-03-25T00:15:00Z,P1,0.749,14.4
2026-03-25T00:15:00Z,P2,0.360,14.4
2026-03-25T00:15:00Z,P3,0.656,14.4
2026-03-25T00:30:00Z,P1,2.573,14.1
2026-03-25T00:30:00Z,P2,0.335,14.1
2026-03-25T00:30:00Z,P3,1.446,14.1
2026-03-25T00:45:00Z,P1,4.228,14.5
2026-03-25T00:45:00Z,P2,0.344,14.5
2026-03-25T00:45:00Z,P3,0.348,14.5
2026-03-25T01:00:00Z,P1,4.087,14.3
2026-03-25T01:00:00Z,P2,0.347,14.3
2026-03-25T01:00:00Z,P3,1.565,14.3
2026-03-25T01:15:00Z,P1,4.164,14.0
2026-03-25T01:15:00Z,P2,0.402,14.0
2026-03-25T01:15:00Z,P3,2.945,14.0
2026-03-25T01:30:00Z,P1,3.405,14.0
2026-03-25T01:30:00Z,P2,0.418,14.0
2026-03-25T01:30:00Z,P3,2.102,14.0
2026-03-25T01:45:00Z,P1,2.758,14.4
2026-03-25T01:45:00Z,P2,0.398,14.4
2026-03-25T01:45:00Z,P3,3.101,14.4
2026-03-25T02:00:00Z,P1,3.020,14.2
2026-03-25T02:00:00Z,P2,0.348,14.2
2026-03-25T02:00:00Z,P3,2.489,14.2
2026-03-25T02:15:00Z,P1,3.132,13.9
2026-03-25T02:15:00Z,P2,0.348,13.9
2026-03-25T02:15:00Z,P3,1.803,13.9
2026-03-25T02:30:00Z,P1,3.738,13.7
2026-03-25T02:30:00Z,P2,0.344,13.7
2026-03-25T02:30:00Z,P3,2.472,13.7
2026-03-25T02:45:00Z,P1,2.487,14.3
2026-03-25T02:45:00Z,P2,0.328,14.3
2026-03-25T02:45:00Z,P3,2.565,14.3
2026-03-25T03:00:00Z,P1,3.494,14.4
2026-03-25T03:00:00Z,P2,0.360,14.4
2026-03-25T03:00:00Z,P3,1.836,14.4
2026-03-25T03:15:00Z,P1,3.137,14.0
2026-03-25T03:15:00Z,P2,0.354,14.0
2026-03-25T03:15:00Z,P3,2.560,14.0
2026-03-25T03:30:00Z,P1,2.808,14.1
2026-03-25T03:30:00Z,P2,0.285,14.1
2026-03-25T03:30:00Z,P3,2.455,14.1
2026-03-25T03:45:00Z,P1,3.736,14.5
2026-03-25T03:45:00Z,P2,0.326,14.5
2026-03-25T03:45:00Z,P3,1.846,14.5
2026-03-25T04:00:00Z,P1,2.426,15.0
2026-03-25T04:00:00Z,P2,0.390,15.0
2026-03-25T04:00:00Z,P3,2.695,15.0
2026-03-25T04:15:00Z,P1,3.634,14.3
2026-03-25T04:15:00Z,P2,0.355,14.3
2026-03-25T04:15:00Z,P3,2.465,14.3
2026-03-25T04:30:00Z,P1,3.011,14.7
2026-03-25T04:30:00Z,P2,0.337,14.7
2026-03-25T04:30:00Z,P3,1.812,14.7
2026-03-25T04:45:00Z,P1,3.068,14.5
2026-03-25T04:45:00Z,P2,0.339,14.5
2026-03-25T04:45:00Z,P3,1.900,14.5
2026-03-25T05:00:00Z,P1,2.198,14.8
2026-03-25T05:00:00Z,P2,0.336,14.8
2026-03-25T05:00:00Z,P3,0.462,14.8
2026-03-25T05:15:00Z,P1,0.357,15.0
2026-03-25T05:15:00Z,P2,1.184,15.0
2026-03-25T05:15:00Z,P3,0.348,15.0
2026-03-25T05:30:00Z,P1,3.671,15.3
2026-03-25T05:30:00Z,P2,2.520,15.3
2026-03-25T05:30:00Z,P3,1.894,15.3
2026-03-25T05:45:00Z,P1,1.816,15.3
2026-03-25T05:45:00Z,P2,2.476,15.3
2026-03-25T05:45:00Z,P3,0.380,15.3
2026-03-25T06:00:00Z,P1,0.887,14.9
2026-03-25T06:00:00Z,P2,1.636,14.9
2026-03-25T06:00:00Z,P3,1.531,14.9
2026-03-25T06:15:00Z,P1,3.631,15.1
2026-03-25T06:15:00Z,P2,0.341,15.1
2026-03-25T06:15:00Z,P3,2.956,15.1
2026-03-25T06:30:00Z,P1,1.459,15.4
2026-03-25T06:30:00Z,P2,0.351,15.4
2026-03-25T06:30:00Z,P3,1.825,15.4
2026-03-25T06:45:00Z,P1,1.838,15.2
2026-03-25T06:45:00Z,P2,0.343,15.2
2026-03-25T06:45:00Z,P3,2.075,15.2
2026-03-25T07:00:00Z,P1,2.661,16.0
2026-03-25T07:00:00Z,P2,0.334,16.0
2026-03-25T07:00:00Z,P3,2.468,16.0
2026-03-25T07:15:00Z,P1,4.183,15.4
2026-03-25T07:15:00Z,P2,2.108,15.4
2026-03-25T07:15:00Z,P3,1.798,15.4
2026-03-25T07:30:00Z,P1,2.620,15.6
2026-03-25T07:30:00Z,P2,2.235,15.6
2026-03-25T07:30:00Z,P3,2.795,15.6
2026-03-25T07:45:00Z,P1,2.572,15.6
2026-03-25T07:45:00Z,P2,2.509,15.6
2026-03-25T07:45:00Z,P3,2.241,15.6
2026-03-25T08:00:00Z,P1,2.861,16.2
2026-03-25T08:00:00Z,P2,2.483,16.2
2026-03-25T08:00:00Z,P3,1.811,16.2
2026-03-25T08:15:00Z,P1,2.263,16.5
2026-03-25T08:15:00Z,P2,2.461,16.5
2026-03-25T08:15:00Z,P3,2.675,16.5
2026-03-25T08:30:00Z,P1,3.530,16.3
2026-03-25T08:30:00Z,P2,2.464,16.3
2026-03-25T08:30:00Z,P3,2.599,16.3
2026-03-25T08:45:00Z,P1,1.968,16.6
2026-03-25T08:45:00Z,P2,2.482,16.6
2026-03-25T08:45:00Z,P3,1.806,16.6
2026-03-25T09:00:00Z,P1,1.433,16.6
2026-03-25T09:00:00Z,P2,2.504,16.6
2026-03-25T09:00:00Z,P3,2.785,16.6
2026-03-25T09:15:00Z,P1,2.425,16.8
2026-03-25T09:15:00Z,P2,2.436,16.8
2026-03-25T09:15:00Z,P3,2.219,16.8
2026-03-25T09:30:00Z,P1,2.346,16.6
2026-03-25T09:30:00Z,P2,2.475,16.6
2026-03-25T09:30:00Z,P3,0.397,16.6
2026-03-25T09:45:00Z,P1,1.867,16.8
2026-03-25T09:45:00Z,P2,2.481,16.8
2026-03-25T09:45:00Z,P3,1.666,16.8
2026-03-25T10:00:00Z,P1,1.437,16.7
2026-03-25T10:00:00Z,P2,2.427,16.7
2026-03-25T10:00:00Z,P3,0.419,16.7
2026-03-25T10:15:00Z,P1,3.833,17.1
2026-03-25T10:15:00Z,P2,2.494,17.1
2026-03-25T10:15:00Z,P3,0.746,17.1
2026-03-25T10:30:00Z,P1,4.271,17.2
2026-03-25T10:30:00Z,P2,4.274,17.2
2026-03-25T10:30:00Z,P3,2.228,17.2
2026-03-25T10:45:00Z,P1,4.234,17.3
2026-03-25T10:45:00Z,P2,4.673,17.3
2026-03-25T10:45:00Z,P3,1.849,17.3
2026-03-25T11:00:00Z,P1,2.610,17.3
2026-03-25T11:00:00Z,P2,4.673,17.3
2026-03-25T11:00:00Z,P3,3.195,17.3
2026-03-25T11:15:00Z,P1,3.492,17.5
2026-03-25T11:15:00Z,P2,4.715,17.5
2026-03-25T11:15:00Z,P3,1.826,17.5
2026-03-25T11:30:00Z,P1,3.222,17.6
2026-03-25T11:30:00Z,P2,3.813,17.6
2026-03-25T11:30:00Z,P3,2.726,17.6
2026-03-25T11:45:00Z,P1,1.617,17.8
2026-03-25T11:45:00Z,P2,2.534,17.8
2026-03-25T11:45:00Z,P3,3.100,17.8
2026-03-25T12:00:00Z,P1,3.807,17.8
2026-03-25T12:00:00Z,P2,2.555,17.8
2026-03-25T12:00:00Z,P3,3.493,17.8
2026-03-25T12:15:00Z,P1,2.577,18.1
2026-03-25T12:15:00Z,P2,2.499,18.1
2026-03-25T12:15:00Z,P3,2.027,18.1
2026-03-25T12:30:00Z,P1,3.062,18.0
2026-03-25T12:30:00Z,P2,1.842,18.0
2026-03-25T12:30:00Z,P3,2.047,18.0
2026-03-25T12:45:00Z,P1,1.232,17.6
2026-03-25T12:45:00Z,P2,0.349,17.6
2026-03-25T12:45:00Z,P3,0.427,17.6
2026-03-25T13:00:00Z,P1,1.281,17.8
2026-03-25T13:00:00Z,P2,1.334,17.8
2026-03-25T13:00:00Z,P3,0.363,17.8
2026-03-25T13:15:00Z,P1,3.588,17.7
2026-03-25T13:15:00Z,P2,3.924,17.7
2026-03-25T13:15:00Z,P3,2.316,17.7
2026-03-25T13:30:00Z,P1,2.057,17.7
2026-03-25T13:30:00Z,P2,4.661,17.7
2026-03-25T13:30:00Z,P3,3.526,17.7
2026-03-25T13:45:00Z,P1,1.329,17.9
2026-03-25T13:45:00Z,P2,4.538,17.9
2026-03-25T13:45:00Z,P3,3.634,17.9
2026-03-25T14:00:00Z,P1,2.682,17.8
2026-03-25T14:00:00Z,P2,2.556,17.8
2026-03-25T14:00:00Z,P3,3.788,17.8
2026-03-25T14:15:00Z,P1,2.664,17.4
2026-03-25T14:15:00Z,P2,2.544,17.4
2026-03-25T14:15:00Z,P3,3.728,17.4
2026-03-25T14:30:00Z,P1,3.736,17.6
2026-03-25T14:30:00Z,P2,2.536,17.6
2026-03-25T14:30:00Z,P3,3.423,17.6
2026-03-25T14:45:00Z,P1,2.271,17.4
2026-03-25T14:45:00Z,P2,2.557,17.4
2026-03-25T14:45:00Z,P3,3.427,17.4
2026-03-25T15:00:00Z,P1,3.735,17.5
2026-03-25T15:00:00Z,P2,2.573,17.5
2026-03-25T15:00:00Z,P3,2.128,17.5
2026-03-25T15:15:00Z,P1,3.237,18.0
2026-03-25T15:15:00Z,P2,4.408,18.0
2026-03-25T15:15:00Z,P3,1.791,18.0
2026-03-25T15:30:00Z,P1,2.702,17.7
2026-03-25T15:30:00Z,P2,4.661,17.7
2026-03-25T15:30:00Z,P3,3.067,17.7
2026-03-25T15:45:00Z,P1,3.718,17.7
2026-03-25T15:45:00Z,P2,4.668,17.7
2026-03-25T15:45:00Z,P3,3.090,17.7
2026-03-25T16:00:00Z,P1,2.850,17.8
2026-03-25T16:00:00Z,P2,4.663,17.8
2026-03-25T16:00:00Z,P3,1.858,17.8
2026-03-25T16:15:00Z,P1,3.243,17.6
2026-03-25T16:15:00Z,P2,3.523,17.6
2026-03-25T16:15:00Z,P3,2.795,17.6
2026-03-25T16:30:00Z,P1,3.741,17.8
2026-03-25T16:30:00Z,P2,2.981,17.8
2026-03-25T16:30:00Z,P3,2.107,17.8
2026-03-25T16:45:00Z,P1,4.182,16.8
2026-03-25T16:45:00Z,P2,4.632,16.8
2026-03-25T16:45:00Z,P3,1.766,16.8
2026-03-25T17:00:00Z,P1,2.881,17.6
2026-03-25T17:00:00Z,P2,4.664,17.6
2026-03-25T17:00:00Z,P3,3.261,17.6
2026-03-25T17:15:00Z,P1,1.373,17.2
2026-03-25T17:15:00Z,P2,4.705,17.2
2026-03-25T17:15:00Z,P3,1.674,17.2
2026-03-25T17:30:00Z,P1,1.759,17.2
2026-03-25T17:30:00Z,P2,2.522,17.2
2026-03-25T17:30:00Z,P3,0.704,17.2
2026-03-25T17:45:00Z,P1,3.720,16.9
2026-03-25T17:45:00Z,P2,0.372,16.9
2026-03-25T17:45:00Z,P3,1.480,16.9
2026-03-25T18:00:00Z,P1,0.847,16.6
2026-03-25T18:00:00Z,P2,0.359,16.6
2026-03-25T18:00:00Z,P3,0.309,16.6
2026-03-25T18:15:00Z,P1,1.468,16.8
2026-03-25T18:15:00Z,P2,0.325,16.8
2026-03-25T18:15:00Z,P3,1.459,16.8
2026-03-25T18:30:00Z,P1,3.314,16.5
2026-03-25T18:30:00Z,P2,0.293,16.5
2026-03-25T18:30:00Z,P3,0.864,16.5
2026-03-25T18:45:00Z,P1,3.261,16.3
2026-03-25T18:45:00Z,P2,0.290,16.3
2026-03-25T18:45:00Z,P3,1.656,16.3
2026-03-25T19:00:00Z,P1,2.736,16.4
2026-03-25T19:00:00Z,P2,0.287,16.4
2026-03-25T19:00:00Z,P3,2.964,16.4
2026-03-25T19:15:00Z,P1,4.252,16.6
2026-03-25T19:15:00Z,P2,2.219,16.6
2026-03-25T19:15:00Z,P3,1.406,16.6
2026-03-25T19:30:00Z,P1,3.449,16.3
2026-03-25T19:30:00Z,P2,2.496,16.3
2026-03-25T19:30:00Z,P3,2.776,16.3
2026-03-25T19:45:00Z,P1,2.194,16.3
2026-03-25T19:45:00Z,P2,2.540,16.3
2026-03-25T19:45:00Z,P3,2.339,16.3
2026-03-25T20:00:00Z,P1,3.391,16.1
2026-03-25T20:00:00Z,P2,2.478,16.1
2026-03-25T20:00:00Z,P3,1.846,16.1
2026-03-25T20:15:00Z,P1,2.353,16.0
2026-03-25T20:15:00Z,P2,2.307,16.0
2026-03-25T20:15:00Z,P3,2.547,16.0
2026-03-25T20:30:00Z,P1,1.860,15.9
2026-03-25T20:30:00Z,P2,0.321,15.9
2026-03-25T20:30:00Z,P3,0.748,15.9
2026-03-25T20:45:00Z,P1,1.254,16.3
2026-03-25T20:45:00Z,P2,0.383,16.3
2026-03-25T20:45:00Z,P3,0.506,16.3
2026-03-25T21:00:00Z,P1,3.375,15.2
2026-03-25T21:00:00Z,P2,0.309,15.2
2026-03-25T21:00:00Z,P3,1.671,15.2
2026-03-25T21:15:00Z,P1,1.590,15.5
2026-03-25T21:15:00Z,P2,0.388,15.5
2026-03-25T21:15:00Z,P3,0.360,15.5
2026-03-25T21:30:00Z,P1,0.959,15.5
2026-03-25T21:30:00Z,P2,0.352,15.5
2026-03-25T21:30:00Z,P3,1.622,15.5
2026-03-25T21:45:00Z,P1,3.693,15.0
2026-03-25T21:45:00Z,P2,0.370,15.0
2026-03-25T21:45:00Z,P3,3.122,15.0
2026-03-25T22:00:00Z,P1,1.272,14.7
2026-03-25T22:00:00Z,P2,0.334,14.7
2026-03-25T22:00:00Z,P3,1.792,14.7
2026-03-25T22:15:00Z,P1,1.415,14.5
2026-03-25T22:15:00Z,P2,0.416,14.5
2026-03-25T22:15:00Z,P3,1.832,14.5
2026-03-25T22:30:00Z,P1,3.209,14.5
2026-03-25T22:30:00Z,P2,0.362,14.5
2026-03-25T22:30:00Z,P3,1.480,14.5
2026-03-25T22:45:00Z,P1,1.366,14.3
2026-03-25T22:45:00Z,P2,0.372,14.3
2026-03-25T22:45:00Z,P3,0.404,14.3
2026-03-25T23:00:00Z,P1,1.756,14.4
2026-03-25T23:00:00Z,P2,0.328,14.4
2026-03-25T23:00:00Z,P3,0.770,14.4
2026-03-25T23:15:00Z,P1,1.880,14.3
2026-03-25T23:15:00Z,P2,0.393,14.3
2026-03-25T23:15:00Z,P3,1.481,14.3
2026-03-25T23:30:00Z,P1,3.346,14.4
2026-03-25T23:30:00Z,P2,0.348,14.4
2026-03-25T23:30:00Z,P3,0.961,14.4
2026-03-25T23:45:00Z,P1,0.951,14.3
2026-03-25T23:45:00Z,P2,0.383,14.3
2026-03-25T23:45:00Z,P3,2.225,14.3
2026-03-26T00:00:00Z,P1,1.638,13.8
2026-03-26T00:00:00Z,P2,0.338,13.8
2026-03-26T00:00:00Z,P3,2.933,13.8
2026-03-26T00:15:00Z,P1,3.601,14.3
2026-03-26T00:15:00Z,P2,0.327,14.3
2026-03-26T00:15:00Z,P3,1.738,14.3
2026-03-26T00:30:00Z,P1,0.743,14.0
2026-03-26T00:30:00Z,P2,0.305,14.0
2026-03-26T00:30:00Z,P3,0.986,14.0
2026-03-26T00:45:00Z,P1,2.892,13.6
2026-03-26T00:45:00Z,P2,0.335,13.6
2026-03-26T00:45:00Z,P3,1.350,13.6
2026-03-26T01:00:00Z,P1,2.200,14.1
2026-03-26T01:00:00Z,P2,0.363,14.1
2026-03-26T01:00:00Z,P3,0.332,14.1
2026-03-26T01:15:00Z,P1,2.583,14.0
2026-03-26T01:15:00Z,P2,0.372,14.0
2026-03-26T01:15:00Z,P3,0.378,14.0
2026-03-26T01:30:00Z,P1,3.138,13.9
2026-03-26T01:30:00Z,P2,0.328,13.9
2026-03-26T01:30:00Z,P3,3.240,13.9
2026-03-26T01:45:00Z,P1,0.466,14.1
2026-03-26T01:45:00Z,P2,0.363,14.1
2026-03-26T01:45:00Z,P3,1.826,14.1
2026-03-26T02:00:00Z,P1,1.578,13.9
2026-03-26T02:00:00Z,P2,0.334,13.9
2026-03-26T02:00:00Z,P3,1.822,13.9
2026-03-26T02:15:00Z,P1,0.955,14.3
2026-03-26T02:15:00Z,P2,0.310,14.3
2026-03-26T02:15:00Z,P3,3.360,14.3
2026-03-26T02:30:00Z,P1,1.142,13.7
2026-03-26T02:30:00Z,P2,2.162,13.7
2026-03-26T02:30:00Z,P3,1.713,13.7
2026-03-26T02:45:00Z,P1,1.475,13.6
2026-03-26T02:45:00Z,P2,2.234,13.6
2026-03-26T02:45:00Z,P3,0.711,13.6
2026-03-26T03:00:00Z,P1,0.578,14.3
2026-03-26T03:00:00Z,P2,2.308,14.3
2026-03-26T03:00:00Z,P3,1.319,14.3
2026-03-26T03:15:00Z,P1,2.921,13.9
2026-03-26T03:15:00Z,P2,2.508,13.9
2026-03-26T03:15:00Z,P3,0.343,13.9
2026-03-26T03:30:00Z,P1,2.659,14.0
2026-03-26T03:30:00Z,P2,2.479,14.0
2026-03-26T03:30:00Z,P3,1.865,14.0
2026-03-26T03:45:00Z,P1,2.084,14.0
2026-03-26T03:45:00Z,P2,2.502,14.0
2026-03-26T03:45:00Z,P3,2.806,14.0
2026-03-26T04:00:00Z,P1,3.329,14.4
2026-03-26T04:00:00Z,P2,2.477,14.4
2026-03-26T04:00:00Z,P3,1.798,14.4
2026-03-26T04:15:00Z,P1,2.579,14.6
2026-03-26T04:15:00Z,P2,2.454,14.6
2026-03-26T04:15:00Z,P3,2.278,14.6
2026-03-26T04:30:00Z,P1,3.533,14.3
2026-03-26T04:30:00Z,P2,2.479,14.3
2026-03-26T04:30:00Z,P3,2.242,14.3
2026-03-26T04:45:00Z,P1,3.418,14.4
2026-03-26T04:45:00Z,P2,2.454,14.4
2026-03-26T04:45:00Z,P3,0.382,14.4
2026-03-26T05:00:00Z,P1,2.520,14.7
2026-03-26T05:00:00Z,P2,2.489,14.7
2026-03-26T05:00:00Z,P3,1.703,14.7
2026-03-26T05:15:00Z,P1,3.716,14.2
2026-03-26T05:15:00Z,P2,2.503,14.2
2026-03-26T05:15:00Z,P3,0.337,14.2
2026-03-26T05:30:00Z,P1,2.445,15.0
2026-03-26T05:30:00Z,P2,2.435,15.0
2026-03-26T05:30:00Z,P3,1.158,15.0
2026-03-26T05:45:00Z,P1,3.488,14.9
2026-03-26T05:45:00Z,P2,2.468,14.9
2026-03-26T05:45:00Z,P3,2.343,14.9
2026-03-26T06:00:00Z,P1,3.214,14.9
2026-03-26T06:00:00Z,P2,2.153,14.9
2026-03-26T06:00:00Z,P3,1.762,14.9
2026-03-26T06:15:00Z,P1,2.885,15.0
2026-03-26T06:15:00Z,P2,0.339,15.0
2026-03-26T06:15:00Z,P3,2.862,15.0
2026-03-26T06:30:00Z,P1,3.590,14.9
2026-03-26T06:30:00Z,P2,0.355,14.9
2026-03-26T06:30:00Z,P3,2.239,14.9
2026-03-26T06:45:00Z,P1,2.762,15.1
2026-03-26T06:45:00Z,P2,0.388,15.1
2026-03-26T06:45:00Z,P3,0.356,15.1
2026-03-26T07:00:00Z,P1,3.193,15.3
2026-03-26T07:00:00Z,P2,0.383,15.3
2026-03-26T07:00:00Z,P3,1.625,15.3
2026-03-26T07:15:00Z,P1,3.354,15.6
2026-03-26T07:15:00Z,P2,0.289,15.6
2026-03-26T07:15:00Z,P3,2.533,15.6
2026-03-26T07:30:00Z,P1,2.667,15.3
2026-03-26T07:30:00Z,P2,0.348,15.3
2026-03-26T07:30:00Z,P3,2.501,15.3
2026-03-26T07:45:00Z,P1,3.547,15.7
2026-03-26T07:45:00Z,P2,0.356,15.7
2026-03-26T07:45:00Z,P3,2.772,15.7
2026-03-26T08:00:00Z,P1,2.509,15.8
2026-03-26T08:00:00Z,P2,0.295,15.8
2026-03-26T08:00:00Z,P3,1.818,15.8
2026-03-26T08:15:00Z,P1,3.872,16.2
2026-03-26T08:15:00Z,P2,1.964,16.2
2026-03-26T08:15:00Z,P3,2.625,16.2
2026-03-26T08:30:00Z,P1,4.077,16.5
2026-03-26T08:30:00Z,P2,4.721,16.5
2026-03-26T08:30:00Z,P3,3.310,16.5
2026-03-26T08:45:00Z,P1,3.507,16.3
2026-03-26T08:45:00Z,P2,4.692,16.3
2026-03-26T08:45:00Z,P3,3.424,16.3
2026-03-26T09:00:00Z,P1,3.572,16.4
2026-03-26T09:00:00Z,P2,4.655,16.4
2026-03-26T09:00:00Z,P3,3.426,16.4
2026-03-26T09:15:00Z,P1,4.230,16.1
2026-03-26T09:15:00Z,P2,4.685,16.1
2026-03-26T09:15:00Z,P3,3.465,16.1
2026-03-26T09:30:00Z,P1,4.295,16.5
2026-03-26T09:30:00Z,P2,4.640,16.5
2026-03-26T09:30:00Z,P3,2.943,16.5
2026-03-26T09:45:00Z,P1,2.550,16.8
2026-03-26T09:45:00Z,P2,4.664,16.8
2026-03-26T09:45:00Z,P3,1.818,16.8
2026-03-26T10:00:00Z,P1,4.108,16.6
2026-03-26T10:00:00Z,P2,3.829,16.6
2026-03-26T10:00:00Z,P3,2.031,16.6
2026-03-26T10:15:00Z,P1,2.735,17.5
2026-03-26T10:15:00Z,P2,2.497,17.5
2026-03-26T10:15:00Z,P3,3.440,17.5
2026-03-26T10:30:00Z,P1,3.713,16.9
2026-03-26T10:30:00Z,P2,1.916,16.9
2026-03-26T10:30:00Z,P3,1.609,16.9
2026-03-26T10:45:00Z,P1,2.713,17.1
2026-03-26T10:45:00Z,P2,0.405,17.1
2026-03-26T10:45:00Z,P3,0.705,17.1
2026-03-26T11:00:00Z,P1,3.468,17.2
2026-03-26T11:00:00Z,P2,0.348,17.2
2026-03-26T11:00:00Z,P3,1.448,17.2
2026-03-26T11:15:00Z,P1,2.151,17.2
2026-03-26T11:15:00Z,P2,0.326,17.2
2026-03-26T11:15:00Z,P3,0.276,17.2
2026-03-26T11:30:00Z,P1,0.993,17.5
2026-03-26T11:30:00Z,P2,0.295,17.5
2026-03-26T11:30:00Z,P3,1.671,17.5
2026-03-26T11:45:00Z,P1,3.461,17.3
2026-03-26T11:45:00Z,P2,0.319,17.3
2026-03-26T11:45:00Z,P3,1.116,17.3
2026-03-26T12:00:00Z,P1,1.843,17.5
2026-03-26T12:00:00Z,P2,0.365,17.5
2026-03-26T12:00:00Z,P3,2.476,17.5
2026-03-26T12:15:00Z,P1,1.772,17.4
2026-03-26T12:15:00Z,P2,0.282,17.4
2026-03-26T12:15:00Z,P3,2.897,17.4
2026-03-26T12:30:00Z,P1,2.123,17.6
2026-03-26T12:30:00Z,P2,0.330,17.6
2026-03-26T12:30:00Z,P3,1.788,17.6
2026-03-26T12:45:00Z,P1,3.016,17.6
2026-03-26T12:45:00Z,P2,0.353,17.6
2026-03-26T12:45:00Z,P3,1.341,17.6
2026-03-26T13:00:00Z,P1,1.316,17.9
2026-03-26T13:00:00Z,P2,0.344,17.9
2026-03-26T13:00:00Z,P3,1.891,17.9
2026-03-26T13:15:00Z,P1,4.026,17.8
2026-03-26T13:15:00Z,P2,0.927,17.8
2026-03-26T13:15:00Z,P3,2.005,17.8
2026-03-26T13:30:00Z,P1,3.428,17.7
2026-03-26T13:30:00Z,P2,2.497,17.7
2026-03-26T13:30:00Z,P3,2.159,17.7
2026-03-26T13:45:00Z,P1,2.220,17.9
2026-03-26T13:45:00Z,P2,2.458,17.9
2026-03-26T13:45:00Z,P3,2.262,17.9
2026-03-26T14:00:00Z,P1,3.838,17.5
2026-03-26T14:00:00Z,P2,2.183,17.5
2026-03-26T14:00:00Z,P3,3.446,17.5
2026-03-26T14:15:00Z,P1,3.561,17.9
2026-03-26T14:15:00Z,P2,0.371,17.9
2026-03-26T14:15:00Z,P3,3.439,17.9
2026-03-26T14:30:00Z,P1,0.956,17.7
2026-03-26T14:30:00Z,P2,0.356,17.7
2026-03-26T14:30:00Z,P3,3.440,17.7
2026-03-26T14:45:00Z,P1,3.206,17.3
2026-03-26T14:45:00Z,P2,0.389,17.3
2026-03-26T14:45:00Z,P3,2.465,17.3
2026-03-26T15:00:00Z,P1,2.454,17.6
2026-03-26T15:00:00Z,P2,0.377,17.6
2026-03-26T15:00:00Z,P3,1.987,17.6
2026-03-26T15:15:00Z,P1,2.954,17.6
2026-03-26T15:15:00Z,P2,0.997,17.6
2026-03-26T15:15:00Z,P3,1.986,17.6
2026-03-26T15:30:00Z,P1,3.320,17.2
2026-03-26T15:30:00Z,P2,2.531,17.2
2026-03-26T15:30:00Z,P3,2.027,17.2
2026-03-26T15:45:00Z,P1,2.852,18.0
2026-03-26T15:45:00Z,P2,3.553,18.0
2026-03-26T15:45:00Z,P3,2.148,18.0
2026-03-26T16:00:00Z,P1,3.770,17.5
2026-03-26T16:00:00Z,P2,4.594,17.5
2026-03-26T16:00:00Z,P3,3.485,17.5
2026-03-26T16:15:00Z,P1,1.967,17.2
2026-03-26T16:15:00Z,P2,4.709,17.2
2026-03-26T16:15:00Z,P3,1.943,17.2
2026-03-26T16:30:00Z,P1,2.746,17.7
2026-03-26T16:30:00Z,P2,4.709,17.7
2026-03-26T16:30:00Z,P3,2.219,17.7
2026-03-26T16:45:00Z,P1,2.600,17.2
2026-03-26T16:45:00Z,P2,4.675,17.2
2026-03-26T16:45:00Z,P3,3.406,17.2
2026-03-26T17:00:00Z,P1,3.607,17.2
2026-03-26T17:00:00Z,P2,3.518,17.2
2026-03-26T17:00:00Z,P3,1.768,17.2
2026-03-26T17:15:00Z,P1,2.008,17.0
2026-03-26T17:15:00Z,P2,0.386,17.0
2026-03-26T17:15:00Z,P3,1.998,17.0
2026-03-26T17:30:00Z,P1,0.906,17.0
2026-03-26T17:30:00Z,P2,0.371,17.0
2026-03-26T17:30:00Z,P3,2.759,17.0
2026-03-26T17:45:00Z,P1,3.176,16.9
2026-03-26T17:45:00Z,P2,0.370,16.9
2026-03-26T17:45:00Z,P3,1.529,16.9
2026-03-26T18:00:00Z,P1,2.189,16.7
2026-03-26T18:00:00Z,P2,0.330,16.7
2026-03-26T18:00:00Z,P3,1.135,16.7
2026-03-26T18:15:00Z,P1,1.487,16.6
2026-03-26T18:15:00Z,P2,0.326,16.6
2026-03-26T18:15:00Z,P3,1.052,16.6
2026-03-26T18:30:00Z,P1,1.912,16.1
2026-03-26T18:30:00Z,P2,0.338,16.1
2026-03-26T18:30:00Z,P3,0.585,16.1
2026-03-26T18:45:00Z,P1,3.193,16.0
2026-03-26T18:45:00Z,P2,0.393,16.0
2026-03-26T18:45:00Z,P3,1.392,16.0
2026-03-26T19:00:00Z,P1,1.553,16.4
2026-03-26T19:00:00Z,P2,0.329,16.4
2026-03-26T19:00:00Z,P3,1.524,16.4
2026-03-26T19:15:00Z,P1,1.168,16.2
2026-03-26T19:15:00Z,P2,0.317,16.2
2026-03-26T19:15:00Z,P3,2.922,16.2
2026-03-26T19:30:00Z,P1,3.707,16.0
2026-03-26T19:30:00Z,P2,0.346,16.0
2026-03-26T19:30:00Z,P3,2.338,16.0
2026-03-26T19:45:00Z,P1,2.604,16.0
2026-03-26T19:45:00Z,P2,0.393,16.0
2026-03-26T19:45:00Z,P3,0.990,16.0
2026-03-26T20:00:00Z,P1,3.125,15.9
2026-03-26T20:00:00Z,P2,0.361,15.9
2026-03-26T20:00:00Z,P3,2.065,15.9
2026-03-26T20:15:00Z,P1,3.590,15.5
2026-03-26T20:15:00Z,P2,0.324,15.5
2026-03-26T20:15:00Z,P3,2.632,15.5
2026-03-26T20:30:00Z,P1,2.602,15.5
2026-03-26T20:30:00Z,P2,0.380,15.5
2026-03-26T20:30:00Z,P3,1.933,15.5
2026-03-26T20:45:00Z,P1,3.726,15.6
2026-03-26T20:45:00Z,P2,0.319,15.6
2026-03-26T20:45:00Z,P3,2.771,15.6
2026-03-26T21:00:00Z,P1,2.994,15.3
2026-03-26T21:00:00Z,P2,1.200,15.3
2026-03-26T21:00:00Z,P3,2.461,15.3
2026-03-26T21:15:00Z,P1,4.226,15.4
2026-03-26T21:15:00Z,P2,2.441,15.4
2026-03-26T21:15:00Z,P3,3.426,15.4
2026-03-26T21:30:00Z,P1,4.037,15.1
2026-03-26T21:30:00Z,P2,2.485,15.1
2026-03-26T21:30:00Z,P3,3.512,15.1
2026-03-26T21:45:00Z,P1,2.439,15.2
2026-03-26T21:45:00Z,P2,2.547,15.2
2026-03-26T21:45:00Z,P3,1.849,15.2
2026-03-26T22:00:00Z,P1,3.323,14.7
2026-03-26T22:00:00Z,P2,1.902,14.7
2026-03-26T22:00:00Z,P3,1.883,14.7
2026-03-26T22:15:00Z,P1,1.055,14.9
2026-03-26T22:15:00Z,P2,0.352,14.9
2026-03-26T22:15:00Z,P3,2.878,14.9
2026-03-26T22:30:00Z,P1,2.060,14.7
2026-03-26T22:30:00Z,P2,0.336,14.7
2026-03-26T22:30:00Z,P3,1.832,14.7
2026-03-26T22:45:00Z,P1,3.305,14.4
2026-03-26T22:45:00Z,P2,0.377,14.4
2026-03-26T22:45:00Z,P3,2.662,14.4
2026-03-26T23:00:00Z,P1,0.496,14.3
2026-03-26T23:00:00Z,P2,0.379,14.3
2026-03-26T23:00:00Z,P3,2.350,14.3
2026-03-26T23:15:00Z,P1,2.247,14.3
2026-03-26T23:15:00Z,P2,0.338,14.3
2026-03-26T23:15:00Z,P3,0.683,14.3
2026-03-26T23:30:00Z,P1,2.540,13.9
2026-03-26T23:30:00Z,P2,0.344,13.9
2026-03-26T23:30:00Z,P3,1.355,13.9
2026-03-26T23:45:00Z,P1,2.363,14.2
2026-03-26T23:45:00Z,P2,0.330,14.2
2026-03-26T23:45:00Z,P3,0.885,14.2
2026-03-27T00:00:00Z,P1,1.154,14.0
2026-03-27T00:00:00Z,P2,0.371,14.0
2026-03-27T00:00:00Z,P3,0.391,14.0
2026-03-27T00:15:00Z,P1,2.752,13.7
2026-03-27T00:15:00Z,P2,0.390,13.7
2026-03-27T00:15:00Z,P3,1.030,13.7
2026-03-27T00:30:00Z,P1,2.831,13.9
2026-03-27T00:30:00Z,P2,2.044,13.9
2026-03-27T00:30:00Z,P3,2.125,13.9
2026-03-27T00:45:00Z,P1,0.801,13.7
2026-03-27T00:45:00Z,P2,2.270,13.7
2026-03-27T00:45:00Z,P3,1.793,13.7
2026-03-27T01:00:00Z,P1,2.462,13.6
2026-03-27T01:00:00Z,P2,2.447,13.6
2026-03-27T01:00:00Z,P3,2.918,13.6
2026-03-27T01:15:00Z,P1,3.339,14.0
2026-03-27T01:15:00Z,P2,2.503,14.0
2026-03-27T01:15:00Z,P3,2.113,14.0
2026-03-27T01:30:00Z,P1,3.243,13.7
2026-03-27T01:30:00Z,P2,2.418,13.7
2026-03-27T01:30:00Z,P3,0.302,13.7
2026-03-27T01:45:00Z,P1,3.400,13.8
2026-03-27T01:45:00Z,P2,2.463,13.8
2026-03-27T01:45:00Z,P3,1.761,13.8
2026-03-27T02:00:00Z,P1,2.615,13.7
2026-03-27T02:00:00Z,P2,2.508,13.7
2026-03-27T02:00:00Z,P3,0.685,13.7
2026-03-27T02:15:00Z,P1,3.605,13.6
2026-03-27T02:15:00Z,P2,2.479,13.6
2026-03-27T02:15:00Z,P3,0.400,13.6
2026-03-27T02:30:00Z,P1,2.836,13.6
2026-03-27T02:30:00Z,P2,2.492,13.6
2026-03-27T02:30:00Z,P3,2.267,13.6
2026-03-27T02:45:00Z,P1,3.185,13.8
2026-03-27T02:45:00Z,P2,1.536,13.8
2026-03-27T02:45:00Z,P3,2.253,13.8
2026-03-27T03:00:00Z,P1,3.333,13.9
2026-03-27T03:00:00Z,P2,0.388,13.9
2026-03-27T03:00:00Z,P3,1.731,13.9
2026-03-27T03:15:00Z,P1,2.339,13.4
2026-03-27T03:15:00Z,P2,0.378,13.4
2026-03-27T03:15:00Z,P3,3.064,13.4
2026-03-27T03:30:00Z,P1,1.623,14.0
2026-03-27T03:30:00Z,P2,0.376,14.0
2026-03-27T03:30:00Z,P3,0.345,14.0
2026-03-27T03:45:00Z,P1,1.791,14.1
2026-03-27T03:45:00Z,P2,0.354,14.1
2026-03-27T03:45:00Z,P3,0.692,14.1
2026-03-27T04:00:00Z,P1,2.427,13.8
2026-03-27T04:00:00Z,P2,0.330,13.8
2026-03-27T04:00:00Z,P3,1.453,13.8
2026-03-27T04:15:00Z,P1,1.594,14.1
2026-03-27T04:15:00Z,P2,0.333,14.1
2026-03-27T04:15:00Z,P3,0.329,14.1
2026-03-27T04:30:00Z,P1,1.828,13.8
2026-03-27T04:30:00Z,P2,0.376,13.8
2026-03-27T04:30:00Z,P3,1.137,13.8
2026-03-27T04:45:00Z,P1,3.025,14.5
2026-03-27T04:45:00Z,P2,0.326,14.5
2026-03-27T04:45:00Z,P3,2.145,14.5
2026-03-27T05:00:00Z,P1,1.252,14.8
2026-03-27T05:00:00Z,P2,0.370,14.8
2026-03-27T05:00:00Z,P3,1.756,14.8
2026-03-27T05:15:00Z,P1,1.703,14.4
2026-03-27T05:15:00Z,P2,0.307,14.4
2026-03-27T05:15:00Z,P3,3.016,14.4
2026-03-27T05:30:00Z,P1,3.756,14.4
2026-03-27T05:30:00Z,P2,0.331,14.4
2026-03-27T05:30:00Z,P3,1.748,14.4
2026-03-27T05:45:00Z,P1,0.464,14.6
2026-03-27T05:45:00Z,P2,0.369,14.6
2026-03-27T05:45:00Z,P3,1.328,14.6
2026-03-27T06:00:00Z,P1,2.009,14.8
2026-03-27T06:00:00Z,P2,0.374,14.8
2026-03-27T06:00:00Z,P3,1.186,14.8
2026-03-27T06:15:00Z,P1,3.101,14.8
2026-03-27T06:15:00Z,P2,0.384,14.8
2026-03-27T06:15:00Z,P3,0.354,14.8
2026-03-27T06:30:00Z,P1,1.130,15.2
2026-03-27T06:30:00Z,P2,0.339,15.2
2026-03-27T06:30:00Z,P3,1.539,15.2
2026-03-27T06:45:00Z,P1,2.093,15.1
2026-03-27T06:45:00Z,P2,0.402,15.1
2026-03-27T06:45:00Z,P3,0.639,15.1
2026-03-27T07:00:00Z,P1,2.332,14.8
2026-03-27T07:00:00Z,P2,0.301,14.8
2026-03-27T07:00:00Z,P3,2.003,14.8
2026-03-27T07:15:00Z,P1,2.450,15.4
2026-03-27T07:15:00Z,P2,0.362,15.4
2026-03-27T07:15:00Z,P3,3.134,15.4
2026-03-27T07:30:00Z,P1,2.994,15.3
2026-03-27T07:30:00Z,P2,3.099,15.3
2026-03-27T07:30:00Z,P3,2.194,15.3
2026-03-27T07:45:00Z,P1,4.210,15.2
2026-03-27T07:45:00Z,P2,4.685,15.2
2026-03-27T07:45:00Z,P3,3.326,15.2
2026-03-27T08:00:00Z,P1,3.688,15.4
2026-03-27T08:00:00Z,P2,4.358,15.4
2026-03-27T08:00:00Z,P3,1.786,15.4
2026-03-27T08:15:00Z,P1,2.204,15.7
2026-03-27T08:15:00Z,P2,4.375,15.7
2026-03-27T08:15:00Z,P3,2.121,15.7
2026-03-27T08:30:00Z,P1,3.568,15.8
2026-03-27T08:30:00Z,P2,4.683,15.8
2026-03-27T08:30:00Z,P3,1.682,15.8
2026-03-27T08:45:00Z,P1,3.741,15.9
2026-03-27T08:45:00Z,P2,2.688,15.9
2026-03-27T08:45:00Z,P3,0.361,15.9
2026-03-27T09:00:00Z,P1,2.757,16.0
2026-03-27T09:00:00Z,P2,2.515,16.0
2026-03-27T09:00:00Z,P3,0.492,16.0
2026-03-27T09:15:00Z,P1,3.289,16.0
2026-03-27T09:15:00Z,P2,2.536,16.0
2026-03-27T09:15:00Z,P3,2.119,16.0
2026-03-27T09:30:00Z,P1,3.269,16.5
2026-03-27T09:30:00Z,P2,2.542,16.5
2026-03-27T09:30:00Z,P3,1.787,16.5
2026-03-27T09:45:00Z,P1,3.077,16.5
2026-03-27T09:45:00Z,P2,2.564,16.5
2026-03-27T09:45:00Z,P3,2.326,16.5
2026-03-27T10:00:00Z,P1,3.479,16.5
2026-03-27T10:00:00Z,P2,2.559,16.5
2026-03-27T10:00:00Z,P3,2.679,16.5
2026-03-27T10:15:00Z,P1,2.790,16.6
2026-03-27T10:15:00Z,P2,2.559,16.6
2026-03-27T10:15:00Z,P3,0.877,16.6
2026-03-27T10:30:00Z,P1,3.675,16.7
2026-03-27T10:30:00Z,P2,2.574,16.7
2026-03-27T10:30:00Z,P3,1.615,16.7
2026-03-27T10:45:00Z,P1,0.927,16.7
2026-03-27T10:45:00Z,P2,2.574,16.7
2026-03-27T10:45:00Z,P3,0.305,16.7
2026-03-27T11:00:00Z,P1,2.118,17.1
2026-03-27T11:00:00Z,P2,1.061,17.1
2026-03-27T11:00:00Z,P3,1.103,17.1
2026-03-27T11:15:00Z,P1,3.067,17.1
2026-03-27T11:15:00Z,P2,2.353,17.1
2026-03-27T11:15:00Z,P3,2.304,17.1
2026-03-27T11:30:00Z,P1,1.086,16.8
2026-03-27T11:30:00Z,P2,2.477,16.8
2026-03-27T11:30:00Z,P3,1.821,16.8
2026-03-27T11:45:00Z,P1,2.698,17.4
2026-03-27T11:45:00Z,P2,2.462,17.4
2026-03-27T11:45:00Z,P3,3.004,17.4
2026-03-27T12:00:00Z,P1,3.320,17.1
2026-03-27T12:00:00Z,P2,2.508,17.1
2026-03-27T12:00:00Z,P3,2.202,17.1
2026-03-27T12:15:00Z,P1,0.997,17.6
2026-03-27T12:15:00Z,P2,2.023,17.6
2026-03-27T12:15:00Z,P3,2.270,17.6
2026-03-27T12:30:00Z,P1,2.118,17.7
2026-03-27T12:30:00Z,P2,0.373,17.7
2026-03-27T12:30:00Z,P3,2.935,17.7
2026-03-27T12:45:00Z,P1,2.843,17.0
2026-03-27T12:45:00Z,P2,0.330,17.0
2026-03-27T12:45:00Z,P3,0.473,17.0
2026-03-27T13:00:00Z,P1,2.263,16.8
2026-03-27T13:00:00Z,P2,0.368,16.8
2026-03-27T13:00:00Z,P3,1.827,16.8
2026-03-27T13:15:00Z,P1,1.451,17.2
2026-03-27T13:15:00Z,P2,0.295,17.2
2026-03-27T13:15:00Z,P3,2.895,17.2
2026-03-27T13:30:00Z,P1,2.408,17.5
2026-03-27T13:30:00Z,P2,0.378,17.5
2026-03-27T13:30:00Z,P3,3.377,17.5
2026-03-27T13:45:00Z,P1,2.490,17.5
2026-03-27T13:45:00Z,P2,0.360,17.5
2026-03-27T13:45:00Z,P3,3.663,17.5
2026-03-27T14:00:00Z,P1,1.403,17.6
2026-03-27T14:00:00Z,P2,0.332,17.6
2026-03-27T14:00:00Z,P3,3.460,17.6
2026-03-27T14:15:00Z,P1,2.864,17.6
2026-03-27T14:15:00Z,P2,0.395,17.6
2026-03-27T14:15:00Z,P3,3.447,17.6
2026-03-27T14:30:00Z,P1,3.107,17.2
2026-03-27T14:30:00Z,P2,1.101,17.2
2026-03-27T14:30:00Z,P3,3.418,17.2
2026-03-27T14:45:00Z,P1,3.983,17.4
2026-03-27T14:45:00Z,P2,3.221,17.4
2026-03-27T14:45:00Z,P3,3.459,17.4
2026-03-27T15:00:00Z,P1,4.196,17.6
2026-03-27T15:00:00Z,P2,4.639,17.6
2026-03-27T15:00:00Z,P3,3.493,17.6
2026-03-27T15:15:00Z,P1,4.214,17.3
2026-03-27T15:15:00Z,P2,4.652,17.3
2026-03-27T15:15:00Z,P3,3.442,17.3
2026-03-27T15:30:00Z,P1,3.450,17.4
2026-03-27T15:30:00Z,P2,4.670,17.4
2026-03-27T15:30:00Z,P3,2.384,17.4
2026-03-27T15:45:00Z,P1,0.840,17.1
2026-03-27T15:45:00Z,P2,4.613,17.1
2026-03-27T15:45:00Z,P3,1.898,17.1
2026-03-27T16:00:00Z,P1,1.618,17.1
2026-03-27T16:00:00Z,P2,4.386,17.1
2026-03-27T16:00:00Z,P3,3.111,17.1
2026-03-27T16:15:00Z,P1,3.430,17.1
2026-03-27T16:15:00Z,P2,1.636,17.1
2026-03-27T16:15:00Z,P3,1.784,17.1
2026-03-27T16:30:00Z,P1,1.153,17.1
2026-03-27T16:30:00Z,P2,0.394,17.1
2026-03-27T16:30:00Z,P3,2.387,17.1
2026-03-27T16:45:00Z,P1,1.513,17.0
2026-03-27T16:45:00Z,P2,0.316,17.0
2026-03-27T16:45:00Z,P3,1.688,17.0
2026-03-27T17:00:00Z,P1,2.653,16.7
2026-03-27T17:00:00Z,P2,0.354,16.7
2026-03-27T17:00:00Z,P3,0.342,16.7
2026-03-27T17:15:00Z,P1,2.365,16.5
2026-03-27T17:15:00Z,P2,0.343,16.5
2026-03-27T17:15:00Z,P3,0.766,16.5
2026-03-27T17:30:00Z,P1,1.708,16.5
2026-03-27T17:30:00Z,P2,0.353,16.5
2026-03-27T17:30:00Z,P3,1.397,16.5
2026-03-27T17:45:00Z,P1,1.671,16.6
2026-03-27T17:45:00Z,P2,0.393,16.6
2026-03-27T17:45:00Z,P3,0.386,16.6
2026-03-27T18:00:00Z,P1,3.870,16.2
2026-03-27T18:00:00Z,P2,0.309,16.2
2026-03-27T18:00:00Z,P3,1.263,16.2
2026-03-27T18:15:00Z,P1,0.717,16.6
2026-03-27T18:15:00Z,P2,0.359,16.6
2026-03-27T18:15:00Z,P3,2.798,16.6
2026-03-27T18:30:00Z,P1,1.994,16.2
2026-03-27T18:30:00Z,P2,0.396,16.2
2026-03-27T18:30:00Z,P3,1.815,16.2
2026-03-27T18:45:00Z,P1,3.486,16.4
2026-03-27T18:45:00Z,P2,0.404,16.4
2026-03-27T18:45:00Z,P3,3.222,16.4
2026-03-27T19:00:00Z,P1,0.705,16.0
2026-03-27T19:00:00Z,P2,0.344,16.0
2026-03-27T19:00:00Z,P3,0.565,16.0
2026-03-27T19:15:00Z,P1,3.464,15.6
2026-03-27T19:15:00Z,P2,2.079,15.6
2026-03-27T19:15:00Z,P3,2.015,15.6
2026-03-27T19:30:00Z,P1,3.101,15.3
2026-03-27T19:30:00Z,P2,2.494,15.3
2026-03-27T19:30:00Z,P3,3.443,15.3
2026-03-27T19:45:00Z,P1,3.087,15.8
2026-03-27T19:45:00Z,P2,2.494,15.8
2026-03-27T19:45:00Z,P3,2.361,15.8
2026-03-27T20:00:00Z,P1,3.489,15.4
2026-03-27T20:00:00Z,P2,1.820,15.4
2026-03-27T20:00:00Z,P3,2.364,15.4
2026-03-27T20:15:00Z,P1,2.505,15.3
2026-03-27T20:15:00Z,P2,0.342,15.3
2026-03-27T20:15:00Z,P3,2.875,15.3
2026-03-27T20:30:00Z,P1,2.163,15.3
2026-03-27T20:30:00Z,P2,0.303,15.3
2026-03-27T20:30:00Z,P3,0.374,15.3
2026-03-27T20:45:00Z,P1,3.530,14.8
2026-03-27T20:45:00Z,P2,0.361,14.8
2026-03-27T20:45:00Z,P3,0.711,14.8
2026-03-27T21:00:00Z,P1,2.159,15.2
2026-03-27T21:00:00Z,P2,0.321,15.2
2026-03-27T21:00:00Z,P3,1.452,15.2
2026-03-27T21:15:00Z,P1,1.735,14.8
2026-03-27T21:15:00Z,P2,0.333,14.8
2026-03-27T21:15:00Z,P3,0.388,14.8
2026-03-27T21:30:00Z,P1,1.653,14.7
2026-03-27T21:30:00Z,P2,0.314,14.7
2026-03-27T21:30:00Z,P3,2.057,14.7
2026-03-27T21:45:00Z,P1,3.633,14.6
2026-03-27T21:45:00Z,P2,0.303,14.6
2026-03-27T21:45:00Z,P3,2.683,14.6
2026-03-27T22:00:00Z,P1,1.111,14.9
2026-03-27T22:00:00Z,P2,0.382,14.9
2026-03-27T22:00:00Z,P3,1.937,14.9
2026-03-27T22:15:00Z,P1,1.418,14.5
2026-03-27T22:15:00Z,P2,0.386,14.5
2026-03-27T22:15:00Z,P3,3.037,14.5
2026-03-27T22:30:00Z,P1,3.863,13.9
2026-03-27T22:30:00Z,P2,0.935,13.9
2026-03-27T22:30:00Z,P3,0.361,13.9
2026-03-27T22:45:00Z,P1,0.910,14.0
2026-03-27T22:45:00Z,P2,2.453,14.0
2026-03-27T22:45:00Z,P3,0.348,14.0
2026-03-27T23:00:00Z,P1,1.478,14.2
2026-03-27T23:00:00Z,P2,2.501,14.2
2026-03-27T23:00:00Z,P3,1.891,14.2
2026-03-27T23:15:00Z,P1,3.123,13.8
2026-03-27T23:15:00Z,P2,2.064,13.8
2026-03-27T23:15:00Z,P3,0.329,13.8
2026-03-27T23:30:00Z,P1,1.663,13.9
2026-03-27T23:30:00Z,P2,0.350,13.9
2026-03-27T23:30:00Z,P3,0.908,13.9
2026-03-27T23:45:00Z,P1,1.579,14.0
2026-03-27T23:45:00Z,P2,0.304,14.0
2026-03-27T23:45:00Z,P3,2.351,14.0
2026-03-28T00:00:00Z,P1,2.205,13.4
2026-03-28T00:00:00Z,P2,0.343,13.4
2026-03-28T00:00:00Z,P3,1.836,13.4
2026-03-28T00:15:00Z,P1,2.509,13.8
2026-03-28T00:15:00Z,P2,0.354,13.8
2026-03-28T00:15:00Z,P3,3.273,13.8
2026-03-28T00:30:00Z,P1,2.113,13.6
2026-03-28T00:30:00Z,P2,0.450,13.6
2026-03-28T00:30:00Z,P3,0.747,13.6
2026-03-28T00:45:00Z,P1,4.040,13.5
2026-03-28T00:45:00Z,P2,0.312,13.5
2026-03-28T00:45:00Z,P3,0.314,13.5
2026-03-28T01:00:00Z,P1,4.049,13.9
2026-03-28T01:00:00Z,P2,0.382,13.9
2026-03-28T01:00:00Z,P3,1.672,13.9
2026-03-28T01:15:00Z,P1,4.093,13.5
2026-03-28T01:15:00Z,P2,0.337,13.5
2026-03-28T01:15:00Z,P3,0.386,13.5
2026-03-28T01:30:00Z,P1,3.704,13.2
2026-03-28T01:30:00Z,P2,0.363,13.2
2026-03-28T01:30:00Z,P3,0.649,13.2
2026-03-28T01:45:00Z,P1,2.674,13.9
2026-03-28T01:45:00Z,P2,0.385,13.9
2026-03-28T01:45:00Z,P3,2.405,13.9
2026-03-28T02:00:00Z,P1,3.108,13.6
2026-03-28T02:00:00Z,P2,0.300,13.6
2026-03-28T02:00:00Z,P3,1.779,13.6
2026-03-28T02:15:00Z,P1,2.971,13.5
2026-03-28T02:15:00Z,P2,0.398,13.5
2026-03-28T02:15:00Z,P3,2.382,13.5
2026-03-28T02:30:00Z,P1,3.640,13.6
2026-03-28T02:30:00Z,P2,0.351,13.6
2026-03-28T02:30:00Z,P3,2.562,13.6
2026-03-28T02:45:00Z,P1,2.985,13.7
2026-03-28T02:45:00Z,P2,0.359,13.7
2026-03-28T02:45:00Z,P3,0.364,13.7
2026-03-28T03:00:00Z,P1,3.111,13.5
2026-03-28T03:00:00Z,P2,0.361,13.5
2026-03-28T03:00:00Z,P3,0.354,13.5
2026-03-28T03:15:00Z,P1,3.614,13.4
2026-03-28T03:15:00Z,P2,0.371,13.4
2026-03-28T03:15:00Z,P3,1.801,13.4
2026-03-28T03:30:00Z,P1,2.496,13.5
2026-03-28T03:30:00Z,P2,0.374,13.5
2026-03-28T03:30:00Z,P3,0.379,13.5
2026-03-28T03:45:00Z,P1,3.884,13.9
2026-03-28T03:45:00Z,P2,0.381,13.9
2026-03-28T03:45:00Z,P3,1.015,13.9
2026-03-28T04:00:00Z,P1,1.830,13.7
2026-03-28T04:00:00Z,P2,0.380,13.7
2026-03-28T04:00:00Z,P3,2.504,13.7
2026-03-28T04:15:00Z,P1,1.702,13.5
2026-03-28T04:15:00Z,P2,0.357,13.5
2026-03-28T04:15:00Z,P3,1.820,13.5
2026-03-28T04:30:00Z,P1,2.273,13.7
2026-03-28T04:30:00Z,P2,0.323,13.7
2026-03-28T04:30:00Z,P3,2.751,13.7
2026-03-28T04:45:00Z,P1,2.441,14.1
2026-03-28T04:45:00Z,P2,0.345,14.1
2026-03-28T04:45:00Z,P3,1.505,14.1
2026-03-28T05:00:00Z,P1,1.835,14.3
2026-03-28T05:00:00Z,P2,0.356,14.3
2026-03-28T05:00:00Z,P3,0.389,14.3
2026-03-28T05:15:00Z,P1,1.269,14.1
2026-03-28T05:15:00Z,P2,0.403,14.1
2026-03-28T05:15:00Z,P3,1.470,14.1
2026-03-28T05:30:00Z,P1,3.194,14.4
2026-03-28T05:30:00Z,P2,0.337,14.4
2026-03-28T05:30:00Z,P3,0.767,14.4
2026-03-28T05:45:00Z,P1,0.986,14.0
2026-03-28T05:45:00Z,P2,0.366,14.0
2026-03-28T05:45:00Z,P3,0.348,14.0
2026-03-28T06:00:00Z,P1,2.026,14.4
2026-03-28T06:00:00Z,P2,0.362,14.4
2026-03-28T06:00:00Z,P3,2.088,14.4
2026-03-28T06:15:00Z,P1,3.511,14.6
2026-03-28T06:15:00Z,P2,0.354,14.6
2026-03-28T06:15:00Z,P3,2.252,14.6
2026-03-28T06:30:00Z,P1,0.600,14.9
2026-03-28T06:30:00Z,P2,0.384,14.9
2026-03-28T06:30:00Z,P3,1.756,14.9
2026-03-28T06:45:00Z,P1,2.551,14.7
2026-03-28T06:45:00Z,P2,1.047,14.7
2026-03-28T06:45:00Z,P3,3.119,14.7
2026-03-28T07:00:00Z,P1,2.311,14.8
2026-03-28T07:00:00Z,P2,2.459,14.8
2026-03-28T07:00:00Z,P3,0.962,14.8
2026-03-28T07:15:00Z,P1,1.478,15.0
2026-03-28T07:15:00Z,P2,2.470,15.0
2026-03-28T07:15:00Z,P3,2.120,15.0
2026-03-28T07:30:00Z,P1,1.909,15.3
2026-03-28T07:30:00Z,P2,1.810,15.3
2026-03-28T07:30:00Z,P3,3.498,15.3
2026-03-28T07:45:00Z,P1,2.984,15.4
2026-03-28T07:45:00Z,P2,2.196,15.4
2026-03-28T07:45:00Z,P3,2.005,15.4
2026-03-28T08:00:00Z,P1,1.496,15.6
2026-03-28T08:00:00Z,P2,2.339,15.6
2026-03-28T08:00:00Z,P3,1.809,15.6
2026-03-28T08:15:00Z,P1,1.668,15.2
2026-03-28T08:15:00Z,P2,2.510,15.2
2026-03-28T08:15:00Z,P3,2.848,15.2
2026-03-28T08:30:00Z,P1,3.781,15.4
2026-03-28T08:30:00Z,P2,2.466,15.4
2026-03-28T08:30:00Z,P3,2.462,15.4
2026-03-28T08:45:00Z,P1,0.614,15.6
2026-03-28T08:45:00Z,P2,2.499,15.6
2026-03-28T08:45:00Z,P3,1.751,15.6
2026-03-28T09:00:00Z,P1,2.532,15.8
2026-03-28T09:00:00Z,P2,2.436,15.8
2026-03-28T09:00:00Z,P3,2.828,15.8
2026-03-28T09:15:00Z,P1,3.239,16.2
2026-03-28T09:15:00Z,P2,2.476,16.2
2026-03-28T09:15:00Z,P3,2.180,16.2
2026-03-28T09:30:00Z,P1,1.117,16.3
2026-03-28T09:30:00Z,P2,2.477,16.3
2026-03-28T09:30:00Z,P3,2.024,16.3
2026-03-28T09:45:00Z,P1,2.366,16.5
2026-03-28T09:45:00Z,P2,2.461,16.5
2026-03-28T09:45:00Z,P3,3.016,16.5
2026-03-28T10:00:00Z,P1,2.607,16.3
2026-03-28T10:00:00Z,P2,2.517,16.3
2026-03-28T10:00:00Z,P3,1.220,16.3
2026-03-28T10:15:00Z,P1,2.101,16.5
2026-03-28T10:15:00Z,P2,1.902,16.5
2026-03-28T10:15:00Z,P3,1.589,16.5
2026-03-28T10:30:00Z,P1,0.833,16.5
2026-03-28T10:30:00Z,P2,0.383,16.5
2026-03-28T10:30:00Z,P3,0.847,16.5
2026-03-28T10:45:00Z,P1,3.071,16.6
2026-03-28T10:45:00Z,P2,0.343,16.6
2026-03-28T10:45:00Z,P3,0.323,16.6
2026-03-28T11:00:00Z,P1,2.685,16.4
2026-03-28T11:00:00Z,P2,0.335,16.4
2026-03-28T11:00:00Z,P3,2.029,16.4
2026-03-28T11:15:00Z,P1,0.645,16.9
2026-03-28T11:15:00Z,P2,0.293,16.9
2026-03-28T11:15:00Z,P3,2.052,16.9
2026-03-28T11:30:00Z,P1,2.933,17.0
2026-03-28T11:30:00Z,P2,0.331,17.0
2026-03-28T11:30:00Z,P3,2.245,17.0
2026-03-28T11:45:00Z,P1,2.555,16.8
2026-03-28T11:45:00Z,P2,0.328,16.8
2026-03-28T11:45:00Z,P3,2.815,16.8
2026-03-28T12:00:00Z,P1,1.168,16.8
2026-03-28T12:00:00Z,P2,0.332,16.8
2026-03-28T12:00:00Z,P3,1.703,16.8
2026-03-28T12:15:00Z,P1,2.668,17.1
2026-03-28T12:15:00Z,P2,0.335,17.1
2026-03-28T12:15:00Z,P3,1.684,17.1
2026-03-28T12:30:00Z,P1,2.466,17.2
2026-03-28T12:30:00Z,P2,0.324,17.2
2026-03-28T12:30:00Z,P3,0.363,17.2
2026-03-28T12:45:00Z,P1,1.722,16.9
2026-03-28T12:45:00Z,P2,0.328,16.9
2026-03-28T12:45:00Z,P3,1.001,16.9
2026-03-28T13:00:00Z,P1,1.238,16.9
2026-03-28T13:00:00Z,P2,0.362,16.9
2026-03-28T13:00:00Z,P3,2.311,16.9
2026-03-28T13:15:00Z,P1,3.256,17.3
2026-03-28T13:15:00Z,P2,0.316,17.3
2026-03-28T13:15:00Z,P3,3.726,17.3
2026-03-28T13:30:00Z,P1,2.141,17.2
2026-03-28T13:30:00Z,P2,0.357,17.2
2026-03-28T13:30:00Z,P3,3.486,17.2
2026-03-28T13:45:00Z,P1,0.962,17.3
2026-03-28T13:45:00Z,P2,0.291,17.3
2026-03-28T13:45:00Z,P3,3.478,17.3
2026-03-28T14:00:00Z,P1,3.534,17.1
2026-03-28T14:00:00Z,P2,0.348,17.1
2026-03-28T14:00:00Z,P3,2.575,17.1
2026-03-28T14:15:00Z,P1,1.631,17.3
2026-03-28T14:15:00Z,P2,0.392,17.3
2026-03-28T14:15:00Z,P3,1.956,17.3
2026-03-28T14:30:00Z,P1,1.874,17.2
2026-03-28T14:30:00Z,P2,0.345,17.2
2026-03-28T14:30:00Z,P3,0.458,17.2
2026-03-28T14:45:00Z,P1,2.553,17.1
2026-03-28T14:45:00Z,P2,0.340,17.1
2026-03-28T14:45:00Z,P3,0.693,17.1
2026-03-28T15:00:00Z,P1,2.804,17.1
2026-03-28T15:00:00Z,P2,0.353,17.1
2026-03-28T15:00:00Z,P3,1.552,17.1
2026-03-28T15:15:00Z,P1,3.073,17.4
2026-03-28T15:15:00Z,P2,3.276,17.4
2026-03-28T15:15:00Z,P3,2.969,17.4
2026-03-28T15:30:00Z,P1,4.147,17.2
2026-03-28T15:30:00Z,P2,4.654,17.2
2026-03-28T15:30:00Z,P3,3.227,17.2
2026-03-28T15:45:00Z,P1,2.620,17.0
2026-03-28T15:45:00Z,P2,4.687,17.0
2026-03-28T15:45:00Z,P3,1.834,17.0
2026-03-28T16:00:00Z,P1,3.716,16.8
2026-03-28T16:00:00Z,P2,4.679,16.8
2026-03-28T16:00:00Z,P3,1.583,16.8
2026-03-28T16:15:00Z,P1,2.703,16.9
2026-03-28T16:15:00Z,P2,4.701,16.9
2026-03-28T16:15:00Z,P3,1.242,16.9
2026-03-28T16:30:00Z,P1,3.251,16.8
2026-03-28T16:30:00Z,P2,4.689,16.8
2026-03-28T16:30:00Z,P3,0.378,16.8
2026-03-28T16:45:00Z,P1,3.750,16.3
2026-03-28T16:45:00Z,P2,3.597,16.3
2026-03-28T16:45:00Z,P3,1.049,16.3
2026-03-28T17:00:00Z,P1,2.455,16.7
2026-03-28T17:00:00Z,P2,0.503,16.7
2026-03-28T17:00:00Z,P3,1.321,16.7
2026-03-28T17:15:00Z,P1,3.685,16.4
2026-03-28T17:15:00Z,P2,0.355,16.4
2026-03-28T17:15:00Z,P3,1.122,16.4
2026-03-28T17:30:00Z,P1,1.764,16.6
2026-03-28T17:30:00Z,P2,0.323,16.6
2026-03-28T17:30:00Z,P3,2.968,16.6
2026-03-28T17:45:00Z,P1,0.887,16.2
2026-03-28T17:45:00Z,P2,0.341,16.2
2026-03-28T17:45:00Z,P3,2.097,16.2
2026-03-28T18:00:00Z,P1,3.468,16.4
2026-03-28T18:00:00Z,P2,0.361,16.4
2026-03-28T18:00:00Z,P3,1.823,16.4
2026-03-28T18:15:00Z,P1,1.443,16.1
2026-03-28T18:15:00Z,P2,0.400,16.1
2026-03-28T18:15:00Z,P3,3.192,16.1
2026-03-28T18:30:00Z,P1,2.213,15.9
2026-03-28T18:30:00Z,P2,0.366,15.9
2026-03-28T18:30:00Z,P3,0.385,15.9
2026-03-28T18:45:00Z,P1,3.475,16.0
2026-03-28T18:45:00Z,P2,0.360,16.0
2026-03-28T18:45:00Z,P3,0.366,16.0
2026-03-28T19:00:00Z,P1,3.818,15.8
2026-03-28T19:00:00Z,P2,0.369,15.8
2026-03-28T19:00:00Z,P3,1.854,15.8
2026-03-28T19:15:00Z,P1,2.217,15.6
2026-03-28T19:15:00Z,P2,0.348,15.6
2026-03-28T19:15:00Z,P3,0.455,15.6
2026-03-28T19:30:00Z,P1,2.935,15.4
2026-03-28T19:30:00Z,P2,0.361,15.4
2026-03-28T19:30:00Z,P3,0.863,15.4
2026-03-28T19:45:00Z,P1,4.234,15.4
2026-03-28T19:45:00Z,P2,0.362,15.4
2026-03-28T19:45:00Z,P3,2.239,15.4
2026-03-28T20:00:00Z,P1,0.611,15.2
2026-03-28T20:00:00Z,P2,0.400,15.2
2026-03-28T20:00:00Z,P3,1.850,15.2
2026-03-28T20:15:00Z,P1,1.849,15.2
2026-03-28T20:15:00Z,P2,0.302,15.2
2026-03-28T20:15:00Z,P3,3.201,15.2
2026-03-28T20:30:00Z,P1,2.860,14.8
2026-03-28T20:30:00Z,P2,0.305,14.8
2026-03-28T20:30:00Z,P3,0.969,14.8
2026-03-28T20:45:00Z,P1,1.771,14.6
2026-03-28T20:45:00Z,P2,0.385,14.6
2026-03-28T20:45:00Z,P3,0.370,14.6
2026-03-28T21:00:00Z,P1,1.004,15.0
2026-03-28T21:00:00Z,P2,0.358,15.0
2026-03-28T21:00:00Z,P3,1.777,15.0
2026-03-28T21:15:00Z,P1,3.047,14.7
2026-03-28T21:15:00Z,P2,0.352,14.7
2026-03-28T21:15:00Z,P3,0.422,14.7
2026-03-28T21:30:00Z,P1,2.375,14.2
2026-03-28T21:30:00Z,P2,0.373,14.2
2026-03-28T21:30:00Z,P3,0.601,14.2
2026-03-28T21:45:00Z,P1,0.842,14.2
2026-03-28T21:45:00Z,P2,0.343,14.2
2026-03-28T21:45:00Z,P3,2.527,14.2
2026-03-28T22:00:00Z,P1,3.472,14.5
2026-03-28T22:00:00Z,P2,0.299,14.5
2026-03-28T22:00:00Z,P3,1.897,14.5
2026-03-28T22:15:00Z,P1,1.133,14.2
2026-03-28T22:15:00Z,P2,0.296,14.2
2026-03-28T22:15:00Z,P3,2.100,14.2
2026-03-28T22:30:00Z,P1,1.814,14.5
2026-03-28T22:30:00Z,P2,0.310,14.5
2026-03-28T22:30:00Z,P3,3.363,14.5
2026-03-28T22:45:00Z,P1,3.211,13.8
2026-03-28T22:45:00Z,P2,0.350,13.8
2026-03-28T22:45:00Z,P3,1.128,13.8
2026-03-28T23:00:00Z,P1,1.390,13.7
2026-03-28T23:00:00Z,P2,0.353,13.7
2026-03-28T23:00:00Z,P3,0.627,13.7
2026-03-28T23:15:00Z,P1,2.067,13.8
2026-03-28T23:15:00Z,P2,0.409,13.8
2026-03-28T23:15:00Z,P3,1.645,13.8
2026-03-28T23:30:00Z,P1,2.539,13.6
2026-03-28T23:30:00Z,P2,0.367,13.6
2026-03-28T23:30:00Z,P3,0.334,13.6
2026-03-28T23:45:00Z,P1,2.815,13.5
2026-03-28T23:45:00Z,P2,0.397,13.5
2026-03-28T23:45:00Z,P3,1.130,13.5
2026-03-29T00:00:00Z,P1,0.337,13.7
2026-03-29T00:00:00Z,P2,0.362,13.7
2026-03-29T00:00:00Z,P3,1.834,13.7
2026-03-29T00:15:00Z,P1,2.788,13.9
2026-03-29T00:15:00Z,P2,0.292,13.9
2026-03-29T00:15:00Z,P3,1.748,13.9
2026-03-29T00:30:00Z,P1,2.969,13.6
2026-03-29T00:30:00Z,P2,0.321,13.6
2026-03-29T00:30:00Z,P3,2.698,13.6
2026-03-29T00:45:00Z,P1,2.421,13.3
2026-03-29T00:45:00Z,P2,0.337,13.3
2026-03-29T00:45:00Z,P3,3.026,13.3
2026-03-29T01:00:00Z,P1,2.793,13.6
2026-03-29T01:00:00Z,P2,0.346,13.6
2026-03-29T01:00:00Z,P3,1.795,13.6
2026-03-29T01:15:00Z,P1,1.843,13.3
2026-03-29T01:15:00Z,P2,0.341,13.3
2026-03-29T01:15:00Z,P3,2.243,13.3
2026-03-29T01:30:00Z,P1,3.493,13.1
2026-03-29T01:30:00Z,P2,0.385,13.1
2026-03-29T01:30:00Z,P3,2.820,13.1
2026-03-29T01:45:00Z,P1,3.241,13.3
2026-03-29T01:45:00Z,P2,0.312,13.3
2026-03-29T01:45:00Z,P3,1.805,13.3
2026-03-29T02:00:00Z,P1,3.129,13.3
2026-03-29T02:00:00Z,P2,0.385,13.3
2026-03-29T02:00:00Z,P3,2.783,13.3
2026-03-29T02:15:00Z,P1,2.969,13.6
2026-03-29T02:15:00Z,P2,0.341,13.6
2026-03-29T02:15:00Z,P3,2.493,13.6
2026-03-29T02:30:00Z,P1,3.065,13.6
2026-03-29T02:30:00Z,P2,0.364,13.6
2026-03-29T02:30:00Z,P3,1.825,13.6
2026-03-29T02:45:00Z,P1,3.289,13.1
2026-03-29T02:45:00Z,P2,0.360,13.1
2026-03-29T02:45:00Z,P3,3.126,13.1
2026-03-29T03:00:00Z,P1,2.635,13.8
2026-03-29T03:00:00Z,P2,0.329,13.8
2026-03-29T03:00:00Z,P3,1.595,13.8
2026-03-29T03:15:00Z,P1,3.587,13.1
2026-03-29T03:15:00Z,P2,0.351,13.1
2026-03-29T03:15:00Z,P3,0.349,13.1
2026-03-29T03:30:00Z,P1,2.802,13.5
2026-03-29T03:30:00Z,P2,0.354,13.5
2026-03-29T03:30:00Z,P3,1.552,13.5
2026-03-29T03:45:00Z,P1,3.284,13.7
2026-03-29T03:45:00Z,P2,0.361,13.7
2026-03-29T03:45:00Z,P3,0.519,13.7
2026-03-29T04:00:00Z,P1,2.051,13.7
2026-03-29T04:00:00Z,P2,0.355,13.7
2026-03-29T04:00:00Z,P3,0.353,13.7
2026-03-29T04:15:00Z,P1,0.700,13.8
2026-03-29T04:15:00Z,P2,0.318,13.8
2026-03-29T04:15:00Z,P3,1.758,13.8
2026-03-29T04:30:00Z,P1,3.505,13.9
2026-03-29T04:30:00Z,P2,0.338,13.9
2026-03-29T04:30:00Z,P3,1.482,13.9
2026-03-29T04:45:00Z,P1,1.521,13.7
2026-03-29T04:45:00Z,P2,0.348,13.7
2026-03-29T04:45:00Z,P3,1.778,13.7
2026-03-29T05:00:00Z,P1,1.759,13.8
2026-03-29T05:00:00Z,P2,0.355,13.8
2026-03-29T05:00:00Z,P3,3.085,13.8
2026-03-29T05:15:00Z,P1,1.955,13.6
2026-03-29T05:15:00Z,P2,0.423,13.6
2026-03-29T05:15:00Z,P3,1.866,13.6
2026-03-29T05:30:00Z,P1,2.690,14.2
2026-03-29T05:30:00Z,P2,0.361,14.2
2026-03-29T05:30:00Z,P3,1.015,14.2
2026-03-29T05:45:00Z,P1,1.404,14.5
2026-03-29T05:45:00Z,P2,0.309,14.5
2026-03-29T05:45:00Z,P3,1.475,14.5
2026-03-29T06:00:00Z,P1,1.744,14.1
2026-03-29T06:00:00Z,P2,0.337,14.1
2026-03-29T06:00:00Z,P3,0.346,14.1
2026-03-29T06:15:00Z,P1,3.712,14.3
2026-03-29T06:15:00Z,P2,0.326,14.3
2026-03-29T06:15:00Z,P3,1.314,14.3
2026-03-29T06:30:00Z,P1,0.610,14.3
2026-03-29T06:30:00Z,P2,0.327,14.3
2026-03-29T06:30:00Z,P3,1.342,14.3
2026-03-29T06:45:00Z,P1,2.308,14.5
2026-03-29T06:45:00Z,P2,0.874,14.5
2026-03-29T06:45:00Z,P3,1.814,14.5
2026-03-29T07:00:00Z,P1,3.218,14.8
2026-03-29T07:00:00Z,P2,2.508,14.8
2026-03-29T07:00:00Z,P3,3.213,14.8
2026-03-29T07:15:00Z,P1,2.808,14.8
2026-03-29T07:15:00Z,P2,2.406,14.8
2026-03-29T07:15:00Z,P3,2.226,14.8
2026-03-29T07:30:00Z,P1,3.200,15.5
2026-03-29T07:30:00Z,P2,2.445,15.5
2026-03-29T07:30:00Z,P3,1.802,15.5
2026-03-29T07:45:00Z,P1,2.566,15.2
2026-03-29T07:45:00Z,P2,1.669,15.2
2026-03-29T07:45:00Z,P3,3.337,15.2
2026-03-29T08:00:00Z,P1,3.528,15.3
2026-03-29T08:00:00Z,P2,0.353,15.3
2026-03-29T08:00:00Z,P3,1.801,15.3
2026-03-29T08:15:00Z,P1,2.994,15.4
2026-03-29T08:15:00Z,P2,1.652,15.4
2026-03-29T08:15:00Z,P3,2.655,15.4
2026-03-29T08:30:00Z,P1,3.252,15.4
2026-03-29T08:30:00Z,P2,2.584,15.4
2026-03-29T08:30:00Z,P3,3.414,15.4
2026-03-29T08:45:00Z,P1,3.260,15.9
2026-03-29T08:45:00Z,P2,3.170,15.9
2026-03-29T08:45:00Z,P3,1.502,15.9
2026-03-29T09:00:00Z,P1,3.003,15.4
2026-03-29T09:00:00Z,P2,4.639,15.4
2026-03-29T09:00:00Z,P3,0.339,15.4
2026-03-29T09:15:00Z,P1,3.691,15.9
2026-03-29T09:15:00Z,P2,4.659,15.9
2026-03-29T09:15:00Z,P3,1.719,15.9
2026-03-29T09:30:00Z,P1,0.734,16.1
2026-03-29T09:30:00Z,P2,4.114,16.1
2026-03-29T09:30:00Z,P3,0.382,16.1
2026-03-29T09:45:00Z,P1,1.565,16.1
2026-03-29T09:45:00Z,P2,1.412,16.1
2026-03-29T09:45:00Z,P3,0.740,16.1
2026-03-29T10:00:00Z,P1,2.968,16.1
2026-03-29T10:00:00Z,P2,0.277,16.1
2026-03-29T10:00:00Z,P3,2.117,16.1
2026-03-29T10:15:00Z,P1,2.729,16.3
2026-03-29T10:15:00Z,P2,0.347,16.3
2026-03-29T10:15:00Z,P3,1.804,16.3
2026-03-29T10:30:00Z,P1,1.406,16.4
2026-03-29T10:30:00Z,P2,0.366,16.4
2026-03-29T10:30:00Z,P3,2.831,16.4
2026-03-29T10:45:00Z,P1,1.810,16.1
2026-03-29T10:45:00Z,P2,0.372,16.1
2026-03-29T10:45:00Z,P3,2.162,16.1
2026-03-29T11:00:00Z,P1,3.601,16.1
2026-03-29T11:00:00Z,P2,0.376,16.1
2026-03-29T11:00:00Z,P3,0.393,16.1
2026-03-29T11:15:00Z,P1,0.791,16.7
2026-03-29T11:15:00Z,P2,0.341,16.7
2026-03-29T11:15:00Z,P3,1.808,16.7
2026-03-29T11:30:00Z,P1,1.826,16.6
2026-03-29T11:30:00Z,P2,0.326,16.6
2026-03-29T11:30:00Z,P3,1.844,16.6
2026-03-29T11:45:00Z,P1,3.796,16.6
2026-03-29T11:45:00Z,P2,0.298,16.6
2026-03-29T11:45:00Z,P3,2.082,16.6
2026-03-29T12:00:00Z,P1,0.570,16.8
2026-03-29T12:00:00Z,P2,0.293,16.8
2026-03-29T12:00:00Z,P3,3.028,16.8
2026-03-29T12:15:00Z,P1,2.448,16.8
2026-03-29T12:15:00Z,P2,0.351,16.8
2026-03-29T12:15:00Z,P3,1.837,16.8
2026-03-29T12:30:00Z,P1,3.099,16.8
2026-03-29T12:30:00Z,P2,0.384,16.8
2026-03-29T12:30:00Z,P3,2.629,16.8
2026-03-29T12:45:00Z,P1,1.151,16.8
2026-03-29T12:45:00Z,P2,0.359,16.8
2026-03-29T12:45:00Z,P3,2.394,16.8
2026-03-29T13:00:00Z,P1,2.726,16.9
2026-03-29T13:00:00Z,P2,0.385,16.9
2026-03-29T13:00:00Z,P3,1.507,16.9
2026-03-29T13:15:00Z,P1,4.261,17.4
2026-03-29T13:15:00Z,P2,0.341,17.4
2026-03-29T13:15:00Z,P3,1.775,17.4
2026-03-29T13:30:00Z,P1,2.907,16.6
2026-03-29T13:30:00Z,P2,0.366,16.6
2026-03-29T13:30:00Z,P3,2.059,16.6
2026-03-29T13:45:00Z,P1,2.493,16.9
2026-03-29T13:45:00Z,P2,0.347,16.9
2026-03-29T13:45:00Z,P3,2.259,16.9
2026-03-29T14:00:00Z,P1,4.255,17.3
2026-03-29T14:00:00Z,P2,0.356,17.3
2026-03-29T14:00:00Z,P3,3.652,17.3
2026-03-29T14:15:00Z,P1,2.872,16.9
2026-03-29T14:15:00Z,P2,0.341,16.9
2026-03-29T14:15:00Z,P3,3.593,16.9
2026-03-29T14:30:00Z,P1,0.879,17.2
2026-03-29T14:30:00Z,P2,0.473,17.2
2026-03-29T14:30:00Z,P3,3.464,17.2
2026-03-29T14:45:00Z,P1,3.703,17.6
2026-03-29T14:45:00Z,P2,2.428,17.6
2026-03-29T14:45:00Z,P3,3.462,17.6
2026-03-29T15:00:00Z,P1,1.411,17.0
2026-03-29T15:00:00Z,P2,2.457,17.0
2026-03-29T15:00:00Z,P3,3.453,17.0
2026-03-29T15:15:00Z,P1,1.406,16.9
2026-03-29T15:15:00Z,P2,2.166,16.9
2026-03-29T15:15:00Z,P3,3.453,16.9
2026-03-29T15:30:00Z,P1,3.537,17.1
2026-03-29T15:30:00Z,P2,0.316,17.1
2026-03-29T15:30:00Z,P3,2.969,17.1
2026-03-29T15:45:00Z,P1,1.812,16.8
2026-03-29T15:45:00Z,P2,0.312,16.8
2026-03-29T15:45:00Z,P3,2.993,16.8
2026-03-29T16:00:00Z,P1,1.744,17.0
2026-03-29T16:00:00Z,P2,0.391,17.0
2026-03-29T16:00:00Z,P3,3.008,17.0
2026-03-29T16:15:00Z,P1,2.695,16.7
2026-03-29T16:15:00Z,P2,0.307,16.7
2026-03-29T16:15:00Z,P3,2.552,16.7
2026-03-29T16:30:00Z,P1,2.334,16.3
2026-03-29T16:30:00Z,P2,0.357,16.3
2026-03-29T16:30:00Z,P3,1.985,16.3
2026-03-29T16:45:00Z,P1,1.744,16.5
2026-03-29T16:45:00Z,P2,0.316,16.5
2026-03-29T16:45:00Z,P3,1.955,16.5
2026-03-29T17:00:00Z,P1,1.988,16.2
2026-03-29T17:00:00Z,P2,0.335,16.2
2026-03-29T17:00:00Z,P3,2.016,16.2
2026-03-29T17:15:00Z,P1,3.206,16.3
2026-03-29T17:15:00Z,P2,0.330,16.3
2026-03-29T17:15:00Z,P3,1.983,16.3
2026-03-29T17:30:00Z,P1,1.131,16.1
2026-03-29T17:30:00Z,P2,0.381,16.1
2026-03-29T17:30:00Z,P3,2.404,16.1
2026-03-29T17:45:00Z,P1,2.026,16.2
2026-03-29T17:45:00Z,P2,0.387,16.2
2026-03-29T17:45:00Z,P3,3.441,16.2
2026-03-29T18:00:00Z,P1,3.624,15.9
2026-03-29T18:00:00Z,P2,0.345,15.9
2026-03-29T18:00:00Z,P3,2.628,15.9
2026-03-29T18:15:00Z,P1,0.470,16.2
2026-03-29T18:15:00Z,P2,0.359,16.2
2026-03-29T18:15:00Z,P3,1.762,16.2
2026-03-29T18:30:00Z,P1,2.206,15.9
2026-03-29T18:30:00Z,P2,0.379,15.9
2026-03-29T18:30:00Z,P3,2.640,15.9
2026-03-29T18:45:00Z,P1,2.737,15.4
2026-03-29T18:45:00Z,P2,1.758,15.4
2026-03-29T18:45:00Z,P3,0.905,15.4
2026-03-29T19:00:00Z,P1,2.268,15.5
2026-03-29T19:00:00Z,P2,2.536,15.5
2026-03-29T19:00:00Z,P3,0.437,15.5
2026-03-29T19:15:00Z,P1,1.103,15.3
2026-03-29T19:15:00Z,P2,2.506,15.3
2026-03-29T19:15:00Z,P3,1.662,15.3
2026-03-29T19:30:00Z,P1,2.849,15.5
2026-03-29T19:30:00Z,P2,2.524,15.5
2026-03-29T19:30:00Z,P3,0.346,15.5
2026-03-29T19:45:00Z,P1,2.549,15.1
2026-03-29T19:45:00Z,P2,2.183,15.1
2026-03-29T19:45:00Z,P3,1.528,15.1
2026-03-29T20:00:00Z,P1,0.701,15.1
2026-03-29T20:00:00Z,P2,2.382,15.1
2026-03-29T20:00:00Z,P3,2.868,15.1
2026-03-29T20:15:00Z,P1,3.351,14.8
2026-03-29T20:15:00Z,P2,4.712,14.8
2026-03-29T20:15:00Z,P3,1.799,14.8
2026-03-29T20:30:00Z,P1,1.573,14.7
2026-03-29T20:30:00Z,P2,4.687,14.7
2026-03-29T20:30:00Z,P3,3.096,14.7
2026-03-29T20:45:00Z,P1,1.693,14.4
2026-03-29T20:45:00Z,P2,4.694,14.4
2026-03-29T20:45:00Z,P3,1.387,14.4
2026-03-29T21:00:00Z,P1,1.919,14.4
2026-03-29T21:00:00Z,P2,2.824,14.4
2026-03-29T21:00:00Z,P3,0.423,14.4
2026-03-29T21:15:00Z,P1,4.224,14.1
2026-03-29T21:15:00Z,P2,2.595,14.1
2026-03-29T21:15:00Z,P3,1.754,14.1
2026-03-29T21:30:00Z,P1,4.237,14.5
2026-03-29T21:30:00Z,P2,2.517,14.5
2026-03-29T21:30:00Z,P3,2.226,14.5
2026-03-29T21:45:00Z,P1,1.910,14.0
2026-03-29T21:45:00Z,P2,2.514,14.0
2026-03-29T21:45:00Z,P3,1.800,14.0
2026-03-29T22:00:00Z,P1,1.618,14.2
2026-03-29T22:00:00Z,P2,2.558,14.2
2026-03-29T22:00:00Z,P3,1.826,14.2
2026-03-29T22:15:00Z,P1,1.997,14.2
2026-03-29T22:15:00Z,P2,2.610,14.2
2026-03-29T22:15:00Z,P3,3.349,14.2
2026-03-29T22:30:00Z,P1,3.265,13.9
2026-03-29T22:30:00Z,P2,2.549,13.9
2026-03-29T22:30:00Z,P3,1.050,13.9
2026-03-29T22:45:00Z,P1,1.245,13.8
2026-03-29T22:45:00Z,P2,2.559,13.8
2026-03-29T22:45:00Z,P3,0.342,13.8
2026-03-29T23:00:00Z,P1,1.366,13.6
2026-03-29T23:00:00Z,P2,0.996,13.6
2026-03-29T23:00:00Z,P3,1.752,13.6
2026-03-29T23:15:00Z,P1,3.744,13.8
2026-03-29T23:15:00Z,P2,0.319,13.8
2026-03-29T23:15:00Z,P3,0.365,13.8
2026-03-29T23:30:00Z,P1,1.081,13.8
2026-03-29T23:30:00Z,P2,0.359,13.8
2026-03-29T23:30:00Z,P3,0.366,13.8
2026-03-29T23:45:00Z,P1,1.358,13.7
2026-03-29T23:45:00Z,P2,0.333,13.7
2026-03-29T23:45:00Z,P3,1.633,13.7
2026-03-30T00:00:00Z,P1,3.102,13.5
2026-03-30T00:00:00Z,P2,0.339,13.5
2026-03-30T00:00:00Z,P3,1.461,13.5
2026-03-30T00:15:00Z,P1,2.587,13.4
2026-03-30T00:15:00Z,P2,0.283,13.4
2026-03-30T00:15:00Z,P3,2.577,13.4
2026-03-30T00:30:00Z,P1,3.137,13.2
2026-03-30T00:30:00Z,P2,0.365,13.2
2026-03-30T00:30:00Z,P3,2.468,13.2
2026-03-30T00:45:00Z,P1,2.554,13.4
2026-03-30T00:45:00Z,P2,0.354,13.4
2026-03-30T00:45:00Z,P3,1.504,13.4
2026-03-30T01:00:00Z,P1,3.720,13.3
2026-03-30T01:00:00Z,P2,0.337,13.3
2026-03-30T01:00:00Z,P3,1.570,13.3
2026-03-30T01:15:00Z,P1,2.717,13.1
2026-03-30T01:15:00Z,P2,0.387,13.1
2026-03-30T01:15:00Z,P3,0.692,13.1
2026-03-30T01:30:00Z,P1,3.250,13.2
2026-03-30T01:30:00Z,P2,0.390,13.2
2026-03-30T01:30:00Z,P3,0.387,13.2
2026-03-30T01:45:00Z,P1,3.268,13.0
2026-03-30T01:45:00Z,P2,0.299,13.0
2026-03-30T01:45:00Z,P3,0.972,13.0
2026-03-30T02:00:00Z,P1,1.662,13.1
2026-03-30T02:00:00Z,P2,0.347,13.1
2026-03-30T02:00:00Z,P3,1.899,13.1
2026-03-30T02:15:00Z,P1,1.566,13.2
2026-03-30T02:15:00Z,P2,0.309,13.2
2026-03-30T02:15:00Z,P3,1.787,13.2
2026-03-30T02:30:00Z,P1,1.831,13.2
2026-03-30T02:30:00Z,P2,0.368,13.2
2026-03-30T02:30:00Z,P3,2.263,13.2
2026-03-30T02:45:00Z,P1,3.411,13.4
2026-03-30T02:45:00Z,P2,0.318,13.4
2026-03-30T02:45:00Z,P3,2.590,13.4
2026-03-30T03:00:00Z,P1,0.644,13.4
2026-03-30T03:00:00Z,P2,0.310,13.4
2026-03-30T03:00:00Z,P3,1.641,13.4
2026-03-30T03:15:00Z,P1,2.261,13.3
2026-03-30T03:15:00Z,P2,0.348,13.3
2026-03-30T03:15:00Z,P3,1.526,13.3
2026-03-30T03:30:00Z,P1,2.945,13.3
2026-03-30T03:30:00Z,P2,0.323,13.3
2026-03-30T03:30:00Z,P3,0.427,13.3
2026-03-30T03:45:00Z,P1,0.818,13.5
2026-03-30T03:45:00Z,P2,0.412,13.5
2026-03-30T03:45:00Z,P3,0.346,13.5
2026-03-30T04:00:00Z,P1,2.110,13.3
2026-03-30T04:00:00Z,P2,0.712,13.3
2026-03-30T04:00:00Z,P3,1.777,13.3
2026-03-30T04:15:00Z,P1,2.317,13.5
2026-03-30T04:15:00Z,P2,2.472,13.5
2026-03-30T04:15:00Z,P3,0.313,13.5
2026-03-30T04:30:00Z,P1,2.421,13.4
2026-03-30T04:30:00Z,P2,2.507,13.4
2026-03-30T04:30:00Z,P3,0.352,13.4
2026-03-30T04:45:00Z,P1,0.904,13.9
2026-03-30T04:45:00Z,P2,0.460,13.9
2026-03-30T04:45:00Z,P3,2.964,13.9
2026-03-30T05:00:00Z,P1,2.670,13.5
2026-03-30T05:00:00Z,P2,0.399,13.5
2026-03-30T05:00:00Z,P3,1.849,13.5
2026-03-30T05:15:00Z,P1,2.271,13.4
2026-03-30T05:15:00Z,P2,0.342,13.4
2026-03-30T05:15:00Z,P3,1.834,13.4
2026-03-30T05:30:00Z,P1,0.555,14.0
2026-03-30T05:30:00Z,P2,0.353,14.0
2026-03-30T05:30:00Z,P3,2.681,14.0
2026-03-30T05:45:00Z,P1,2.918,13.6
2026-03-30T05:45:00Z,P2,0.356,13.6
2026-03-30T05:45:00Z,P3,0.497,13.6
2026-03-30T06:00:00Z,P1,2.392,14.5
2026-03-30T06:00:00Z,P2,0.340,14.5
2026-03-30T06:00:00Z,P3,0.388,14.5
2026-03-30T06:15:00Z,P1,1.369,14.3
2026-03-30T06:15:00Z,P2,0.372,14.3
2026-03-30T06:15:00Z,P3,1.715,14.3
2026-03-30T06:30:00Z,P1,1.876,14.2
2026-03-30T06:30:00Z,P2,0.351,14.2
2026-03-30T06:30:00Z,P3,0.483,14.2
2026-03-30T06:45:00Z,P1,2.998,14.2
2026-03-30T06:45:00Z,P2,0.340,14.2
2026-03-30T06:45:00Z,P3,1.085,14.2
2026-03-30T07:00:00Z,P1,2.170,14.5
2026-03-30T07:00:00Z,P2,0.292,14.5
2026-03-30T07:00:00Z,P3,3.254,14.5
2026-03-30T07:15:00Z,P1,2.205,14.4
2026-03-30T07:15:00Z,P2,0.370,14.4
2026-03-30T07:15:00Z,P3,1.800,14.4
2026-03-30T07:30:00Z,P1,4.176,14.7
2026-03-30T07:30:00Z,P2,0.353,14.7
2026-03-30T07:30:00Z,P3,1.980,14.7
2026-03-30T07:45:00Z,P1,2.884,14.9
2026-03-30T07:45:00Z,P2,0.344,14.9
2026-03-30T07:45:00Z,P3,3.532,14.9
2026-03-30T08:00:00Z,P1,2.252,15.3
2026-03-30T08:00:00Z,P2,0.344,15.3
2026-03-30T08:00:00Z,P3,1.991,15.3
2026-03-30T08:15:00Z,P1,4.100,15.0
2026-03-30T08:15:00Z,P2,1.724,15.0
2026-03-30T08:15:00Z,P3,2.994,15.0
2026-03-30T08:30:00Z,P1,4.203,15.7
2026-03-30T08:30:00Z,P2,2.504,15.7
2026-03-30T08:30:00Z,P3,3.622,15.7
2026-03-30T08:45:00Z,P1,3.208,15.1
2026-03-30T08:45:00Z,P2,2.473,15.1
2026-03-30T08:45:00Z,P3,3.623,15.1
2026-03-30T09:00:00Z,P1,3.316,15.5
2026-03-30T09:00:00Z,P2,2.181,15.5
2026-03-30T09:00:00Z,P3,3.442,15.5
2026-03-30T09:15:00Z,P1,2.548,15.5
2026-03-30T09:15:00Z,P2,2.316,15.5
2026-03-30T09:15:00Z,P3,3.464,15.5
2026-03-30T09:30:00Z,P1,3.004,15.9
2026-03-30T09:30:00Z,P2,2.470,15.9
2026-03-30T09:30:00Z,P3,3.437,15.9
2026-03-30T09:45:00Z,P1,1.168,15.7
2026-03-30T09:45:00Z,P2,2.402,15.7
2026-03-30T09:45:00Z,P3,3.157,15.7
2026-03-30T10:00:00Z,P1,2.419,15.6
2026-03-30T10:00:00Z,P2,2.509,15.6
2026-03-30T10:00:00Z,P3,1.779,15.6
2026-03-30T10:15:00Z,P1,2.956,16.0
2026-03-30T10:15:00Z,P2,2.457,16.0
2026-03-30T10:15:00Z,P3,2.584,16.0
2026-03-30T10:30:00Z,P1,0.464,16.0
2026-03-30T10:30:00Z,P2,2.476,16.0
2026-03-30T10:30:00Z,P3,0.795,16.0
2026-03-30T10:45:00Z,P1,2.947,16.2
2026-03-30T10:45:00Z,P2,2.510,16.2
2026-03-30T10:45:00Z,P3,0.327,16.2
2026-03-30T11:00:00Z,P1,2.973,16.6
2026-03-30T11:00:00Z,P2,2.457,16.6
2026-03-30T11:00:00Z,P3,1.658,16.6
2026-03-30T11:15:00Z,P1,0.844,16.5
2026-03-30T11:15:00Z,P2,2.515,16.5
2026-03-30T11:15:00Z,P3,0.371,16.5
2026-03-30T11:30:00Z,P1,3.257,16.5
2026-03-30T11:30:00Z,P2,2.463,16.5
2026-03-30T11:30:00Z,P3,2.836,16.5
2026-03-30T11:45:00Z,P1,3.331,16.6
2026-03-30T11:45:00Z,P2,4.350,16.6
2026-03-30T11:45:00Z,P3,3.453,16.6
2026-03-30T12:00:00Z,P1,1.211,16.8
2026-03-30T12:00:00Z,P2,4.692,16.8
2026-03-30T12:00:00Z,P3,1.741,16.8
2026-03-30T12:15:00Z,P1,1.916,16.8
2026-03-30T12:15:00Z,P2,4.708,16.8
2026-03-30T12:15:00Z,P3,2.494,16.8
2026-03-30T12:30:00Z,P1,3.496,16.7
2026-03-30T12:30:00Z,P2,4.705,16.7
2026-03-30T12:30:00Z,P3,2.679,16.7
2026-03-30T12:45:00Z,P1,2.623,16.8
2026-03-30T12:45:00Z,P2,2.537,16.8
2026-03-30T12:45:00Z,P3,1.825,16.8
2026-03-30T13:00:00Z,P1,1.484,16.7
2026-03-30T13:00:00Z,P2,2.552,16.7
2026-03-30T13:00:00Z,P3,2.555,16.7
2026-03-30T13:15:00Z,P1,3.601,16.8
2026-03-30T13:15:00Z,P2,0.642,16.8
2026-03-30T13:15:00Z,P3,2.388,16.8
2026-03-30T13:30:00Z,P1,1.428,16.8
2026-03-30T13:30:00Z,P2,0.267,16.8
2026-03-30T13:30:00Z,P3,1.923,16.8
2026-03-30T13:45:00Z,P1,1.856,16.6
2026-03-30T13:45:00Z,P2,0.354,16.6
2026-03-30T13:45:00Z,P3,1.859,16.6
2026-03-30T14:00:00Z,P1,3.157,17.3
2026-03-30T14:00:00Z,P2,0.344,17.3
2026-03-30T14:00:00Z,P3,0.348,17.3
2026-03-30T14:15:00Z,P1,1.784,16.8
2026-03-30T14:15:00Z,P2,0.335,16.8
2026-03-30T14:15:00Z,P3,1.069,16.8
2026-03-30T14:30:00Z,P1,1.880,17.0
2026-03-30T14:30:00Z,P2,0.315,17.0
2026-03-30T14:30:00Z,P3,1.133,17.0
2026-03-30T14:45:00Z,P1,2.299,16.6
2026-03-30T14:45:00Z,P2,0.365,16.6
2026-03-30T14:45:00Z,P3,0.648,16.6
2026-03-30T15:00:00Z,P1,4.222,16.9
2026-03-30T15:00:00Z,P2,0.495,16.9
2026-03-30T15:00:00Z,P3,2.943,16.9
2026-03-30T15:15:00Z,P1,4.106,17.0
2026-03-30T15:15:00Z,P2,2.474,17.0
2026-03-30T15:15:00Z,P3,3.172,17.0
2026-03-30T15:30:00Z,P1,2.343,16.9
2026-03-30T15:30:00Z,P2,2.497,16.9
2026-03-30T15:30:00Z,P3,1.788,16.9
2026-03-30T15:45:00Z,P1,3.721,16.5
2026-03-30T15:45:00Z,P2,2.475,16.5
2026-03-30T15:45:00Z,P3,2.482,16.5
2026-03-30T16:00:00Z,P1,2.596,16.6
2026-03-30T16:00:00Z,P2,1.493,16.6
2026-03-30T16:00:00Z,P3,2.542,16.6
2026-03-30T16:15:00Z,P1,3.452,16.4
2026-03-30T16:15:00Z,P2,0.316,16.4
2026-03-30T16:15:00Z,P3,1.803,16.4
2026-03-30T16:30:00Z,P1,3.188,16.7
2026-03-30T16:30:00Z,P2,0.327,16.7
2026-03-30T16:30:00Z,P3,2.994,16.7
2026-03-30T16:45:00Z,P1,2.923,16.4
2026-03-30T16:45:00Z,P2,0.359,16.4
2026-03-30T16:45:00Z,P3,1.219,16.4
2026-03-30T17:00:00Z,P1,3.092,16.5
2026-03-30T17:00:00Z,P2,0.364,16.5
2026-03-30T17:00:00Z,P3,0.802,16.5
2026-03-30T17:15:00Z,P1,1.803,16.2
2026-03-30T17:15:00Z,P2,0.353,16.2
2026-03-30T17:15:00Z,P3,1.989,16.2
2026-03-30T17:30:00Z,P1,4.214,16.2
2026-03-30T17:30:00Z,P2,0.313,16.2
2026-03-30T17:30:00Z,P3,1.984,16.2
2026-03-30T17:45:00Z,P1,4.216,15.5
2026-03-30T17:45:00Z,P2,0.464,15.5
2026-03-30T17:45:00Z,P3,1.378,15.5
2026-03-30T18:00:00Z,P1,4.197,16.1
2026-03-30T18:00:00Z,P2,4.545,16.1
2026-03-30T18:00:00Z,P3,2.801,16.1
2026-03-30T18:15:00Z,P1,4.204,15.7
2026-03-30T18:15:00Z,P2,4.662,15.7
2026-03-30T18:15:00Z,P3,2.889,15.7
2026-03-30T18:30:00Z,P1,4.203,15.7
2026-03-30T18:30:00Z,P2,4.665,15.7
2026-03-30T18:30:00Z,P3,1.785,15.7
2026-03-30T18:45:00Z,P1,3.118,15.7
2026-03-30T18:45:00Z,P2,4.719,15.7
2026-03-30T18:45:00Z,P3,2.338,15.7
2026-03-30T19:00:00Z,P1,2.461,15.4
2026-03-30T19:00:00Z,P2,4.665,15.4
2026-03-30T19:00:00Z,P3,2.803,15.4
2026-03-30T19:15:00Z,P1,1.787,15.5
2026-03-30T19:15:00Z,P2,4.115,15.5
2026-03-30T19:15:00Z,P3,1.802,15.5
2026-03-30T19:30:00Z,P1,3.214,15.1
2026-03-30T19:30:00Z,P2,2.536,15.1
2026-03-30T19:30:00Z,P3,2.922,15.1
2026-03-30T19:45:00Z,P1,0.999,14.8
2026-03-30T19:45:00Z,P2,2.421,14.8
2026-03-30T19:45:00Z,P3,2.632,14.8
2026-03-30T20:00:00Z,P1,2.030,14.9
2026-03-30T20:00:00Z,P2,0.312,14.9
2026-03-30T20:00:00Z,P3,1.781,14.9
2026-03-30T20:15:00Z,P1,2.908,14.8
2026-03-30T20:15:00Z,P2,0.318,14.8
2026-03-30T20:15:00Z,P3,3.092,14.8
2026-03-30T20:30:00Z,P1,1.606,14.9
2026-03-30T20:30:00Z,P2,0.328,14.9
2026-03-30T20:30:00Z,P3,1.959,14.9
2026-03-30T20:45:00Z,P1,1.377,14.5
2026-03-30T20:45:00Z,P2,0.368,14.5
2026-03-30T20:45:00Z,P3,2.341,14.5
2026-03-30T21:00:00Z,P1,2.718,14.4
2026-03-30T21:00:00Z,P2,0.352,14.4
2026-03-30T21:00:00Z,P3,2.676,14.4
2026-03-30T21:15:00Z,P1,2.273,14.0
2026-03-30T21:15:00Z,P2,0.365,14.0
2026-03-30T21:15:00Z,P3,1.788,14.0
2026-03-30T21:30:00Z,P1,0.753,14.4
2026-03-30T21:30:00Z,P2,0.368,14.4
2026-03-30T21:30:00Z,P3,2.664,14.4
2026-03-30T21:45:00Z,P1,3.738,14.2
2026-03-30T21:45:00Z,P2,0.366,14.2
2026-03-30T21:45:00Z,P3,2.218,14.2
2026-03-30T22:00:00Z,P1,0.896,14.0
2026-03-30T22:00:00Z,P2,0.397,14.0
2026-03-30T22:00:00Z,P3,0.430,14.0
2026-03-30T22:15:00Z,P1,1.980,13.9
2026-03-30T22:15:00Z,P2,0.386,13.9
2026-03-30T22:15:00Z,P3,1.649,13.9
2026-03-30T22:30:00Z,P1,2.618,14.1
2026-03-30T22:30:00Z,P2,0.331,14.1
2026-03-30T22:30:00Z,P3,0.344,14.1
2026-03-30T22:45:00Z,P1,1.775,13.6
2026-03-30T22:45:00Z,P2,0.319,13.6
2026-03-30T22:45:00Z,P3,0.677,13.6
2026-03-30T23:00:00Z,P1,1.155,13.7
2026-03-30T23:00:00Z,P2,0.362,13.7
2026-03-30T23:00:00Z,P3,1.535,13.7
2026-03-30T23:15:00Z,P1,3.249,13.5
2026-03-30T23:15:00Z,P2,0.381,13.5
2026-03-30T23:15:00Z,P3,1.318,13.5
2026-03-30T23:30:00Z,P1,2.376,13.7
2026-03-30T23:30:00Z,P2,0.368,13.7
2026-03-30T23:30:00Z,P3,2.273,13.7
2026-03-30T23:45:00Z,P1,0.486,13.2
2026-03-30T23:45:00Z,P2,0.315,13.2
2026-03-30T23:45:00Z,P3,2.733,13.2
2026-03-31T00:00:00Z,P1,3.050,13.1
2026-03-31T00:00:00Z,P2,0.352,13.1
2026-03-31T00:00:00Z,P3,1.694,13.1
2026-03-31T00:15:00Z,P1,2.474,13.1
2026-03-31T00:15:00Z,P2,0.346,13.1
2026-03-31T00:15:00Z,P3,0.902,13.1
2026-03-31T00:30:00Z,P1,2.166,13.4
2026-03-31T00:30:00Z,P2,0.376,13.4
2026-03-31T00:30:00Z,P3,1.250,13.4
2026-03-31T00:45:00Z,P1,2.829,13.1
2026-03-31T00:45:00Z,P2,0.298,13.1
2026-03-31T00:45:00Z,P3,0.325,13.1
2026-03-31T01:00:00Z,P1,3.933,13.3
2026-03-31T01:00:00Z,P2,0.342,13.3
2026-03-31T01:00:00Z,P3,1.659,13.3
2026-03-31T01:15:00Z,P1,2.218,13.4
2026-03-31T01:15:00Z,P2,0.385,13.4
2026-03-31T01:15:00Z,P3,0.969,13.4
2026-03-31T01:30:00Z,P1,3.053,12.6
2026-03-31T01:30:00Z,P2,0.385,12.6
2026-03-31T01:30:00Z,P3,2.000,12.6
2026-03-31T01:45:00Z,P1,3.188,12.9
2026-03-31T01:45:00Z,P2,0.369,12.9
2026-03-31T01:45:00Z,P3,2.901,12.9
2026-03-31T02:00:00Z,P1,2.777,13.3
2026-03-31T02:00:00Z,P2,0.365,13.3
2026-03-31T02:00:00Z,P3,1.746,13.3
2026-03-31T02:15:00Z,P1,2.160,13.1
2026-03-31T02:15:00Z,P2,0.344,13.1
2026-03-31T02:15:00Z,P3,0.632,13.1
2026-03-31T02:30:00Z,P1,3.620,12.9
2026-03-31T02:30:00Z,P2,0.326,12.9
2026-03-31T02:30:00Z,P3,1.481,12.9
2026-03-31T02:45:00Z,P1,2.375,13.1
2026-03-31T02:45:00Z,P2,0.333,13.1
2026-03-31T02:45:00Z,P3,0.371,13.1
2026-03-31T03:00:00Z,P1,3.742,12.7
2026-03-31T03:00:00Z,P2,0.345,12.7
2026-03-31T03:00:00Z,P3,1.211,12.7
2026-03-31T03:15:00Z,P1,2.888,12.9
2026-03-31T03:15:00Z,P2,0.350,12.9
2026-03-31T03:15:00Z,P3,1.008,12.9
2026-03-31T03:30:00Z,P1,3.078,13.2
2026-03-31T03:30:00Z,P2,0.328,13.2
2026-03-31T03:30:00Z,P3,1.310,13.2
2026-03-31T03:45:00Z,P1,1.071,13.7
2026-03-31T03:45:00Z,P2,0.337,13.7
2026-03-31T03:45:00Z,P3,3.183,13.7
2026-03-31T04:00:00Z,P1,1.964,13.0
2026-03-31T04:00:00Z,P2,0.295,13.0
2026-03-31T04:00:00Z,P3,2.107,13.0
2026-03-31T04:15:00Z,P1,3.444,13.3
2026-03-31T04:15:00Z,P2,0.328,13.3
2026-03-31T04:15:00Z,P3,1.757,13.3
2026-03-31T04:30:00Z,P1,0.375,13.5
2026-03-31T04:30:00Z,P2,0.370,13.5
2026-03-31T04:30:00Z,P3,1.832,13.5
2026-03-31T04:45:00Z,P1,2.766,13.3
2026-03-31T04:45:00Z,P2,0.389,13.3
2026-03-31T04:45:00Z,P3,0.327,13.3
2026-03-31T05:00:00Z,P1,2.608,13.9
2026-03-31T05:00:00Z,P2,0.356,13.9
2026-03-31T05:00:00Z,P3,1.431,13.9
2026-03-31T05:15:00Z,P1,1.413,13.7
2026-03-31T05:15:00Z,P2,0.366,13.7
2026-03-31T05:15:00Z,P3,0.937,13.7
2026-03-31T05:30:00Z,P1,1.375,13.8
2026-03-31T05:30:00Z,P2,0.367,13.8
2026-03-31T05:30:00Z,P3,1.607,13.8
2026-03-31T05:45:00Z,P1,3.084,13.8
2026-03-31T05:45:00Z,P2,0.329,13.8
2026-03-31T05:45:00Z,P3,3.125,13.8
2026-03-31T06:00:00Z,P1,2.100,13.6
2026-03-31T06:00:00Z,P2,0.310,13.6
2026-03-31T06:00:00Z,P3,1.879,13.6
2026-03-31T06:15:00Z,P1,1.181,14.2
2026-03-31T06:15:00Z,P2,0.355,14.2
2026-03-31T06:15:00Z,P3,1.764,14.2
2026-03-31T06:30:00Z,P1,3.735,14.5
2026-03-31T06:30:00Z,P2,2.036,14.5
2026-03-31T06:30:00Z,P3,2.055,14.5
2026-03-31T06:45:00Z,P1,1.549,14.2
2026-03-31T06:45:00Z,P2,2.465,14.2
2026-03-31T06:45:00Z,P3,0.996,14.2
2026-03-31T07:00:00Z,P1,3.585,14.5
2026-03-31T07:00:00Z,P2,3.207,14.5
2026-03-31T07:00:00Z,P3,1.344,14.5
2026-03-31T07:15:00Z,P1,4.227,14.6
2026-03-31T07:15:00Z,P2,4.693,14.6
2026-03-31T07:15:00Z,P3,3.512,14.6
2026-03-31T07:30:00Z,P1,4.193,14.7
2026-03-31T07:30:00Z,P2,4.626,14.7
2026-03-31T07:30:00Z,P3,3.172,14.7
2026-03-31T07:45:00Z,P1,4.031,14.9
2026-03-31T07:45:00Z,P2,4.677,14.9
2026-03-31T07:45:00Z,P3,3.398,14.9
2026-03-31T08:00:00Z,P1,2.755,14.5
2026-03-31T08:00:00Z,P2,4.697,14.5
2026-03-31T08:00:00Z,P3,3.462,14.5
2026-03-31T08:15:00Z,P1,3.644,15.0
2026-03-31T08:15:00Z,P2,4.610,15.0
2026-03-31T08:15:00Z,P3,3.445,15.0
2026-03-31T08:30:00Z,P1,2.509,15.2
2026-03-31T08:30:00Z,P2,2.538,15.2
2026-03-31T08:30:00Z,P3,3.421,15.2
2026-03-31T08:45:00Z,P1,3.599,15.3
2026-03-31T08:45:00Z,P2,2.229,15.3
2026-03-31T08:45:00Z,P3,3.433,15.3
2026-03-31T09:00:00Z,P1,3.195,15.7
2026-03-31T09:00:00Z,P2,2.286,15.7
2026-03-31T09:00:00Z,P3,2.864,15.7
2026-03-31T09:15:00Z,P1,4.204,15.4
2026-03-31T09:15:00Z,P2,3.089,15.4
2026-03-31T09:15:00Z,P3,2.738,15.4
2026-03-31T09:30:00Z,P1,2.444,15.4
2026-03-31T09:30:00Z,P2,4.635,15.4
2026-03-31T09:30:00Z,P3,2.833,15.4
2026-03-31T09:45:00Z,P1,3.745,15.6
2026-03-31T09:45:00Z,P2,4.719,15.6
2026-03-31T09:45:00Z,P3,3.821,15.6
2026-03-31T10:00:00Z,P1,4.300,15.9
2026-03-31T10:00:00Z,P2,4.630,15.9
2026-03-31T10:00:00Z,P3,2.987,15.9
2026-03-31T10:15:00Z,P1,4.241,16.1
2026-03-31T10:15:00Z,P2,4.703,16.1
2026-03-31T10:15:00Z,P3,1.783,16.1
2026-03-31T10:30:00Z,P1,4.186,15.9
2026-03-31T10:30:00Z,P2,2.558,15.9
2026-03-31T10:30:00Z,P3,2.550,15.9
2026-03-31T10:45:00Z,P1,1.222,15.9
2026-03-31T10:45:00Z,P2,2.545,15.9
2026-03-31T10:45:00Z,P3,2.972,15.9
2026-03-31T11:00:00Z,P1,1.743,16.1
2026-03-31T11:00:00Z,P2,2.501,16.1
2026-03-31T11:00:00Z,P3,1.761,16.1
2026-03-31T11:15:00Z,P1,2.304,16.5
2026-03-31T11:15:00Z,P2,2.570,16.5
2026-03-31T11:15:00Z,P3,2.576,16.5
2026-03-31T11:30:00Z,P1,2.521,16.5
2026-03-31T11:30:00Z,P2,2.570,16.5
2026-03-31T11:30:00Z,P3,2.450,16.5
2026-03-31T11:45:00Z,P1,1.080,16.5
2026-03-31T11:45:00Z,P2,1.798,16.5
2026-03-31T11:45:00Z,P3,1.807,16.5
2026-03-31T12:00:00Z,P1,2.563,16.4
2026-03-31T12:00:00Z,P2,0.353,16.4
2026-03-31T12:00:00Z,P3,2.524,16.4
2026-03-31T12:15:00Z,P1,2.890,16.6
2026-03-31T12:15:00Z,P2,0.395,16.6
2026-03-31T12:15:00Z,P3,2.442,16.6
2026-03-31T12:30:00Z,P1,0.509,16.5
2026-03-31T12:30:00Z,P2,0.376,16.5
2026-03-31T12:30:00Z,P3,1.769,16.5
2026-03-31T12:45:00Z,P1,3.026,16.9
2026-03-31T12:45:00Z,P2,0.349,16.9
2026-03-31T12:45:00Z,P3,2.802,16.9
2026-03-31T13:00:00Z,P1,2.845,16.6
2026-03-31T13:00:00Z,P2,1.366,16.6
2026-03-31T13:00:00Z,P3,1.478,16.6
2026-03-31T13:15:00Z,P1,1.021,16.7
2026-03-31T13:15:00Z,P2,2.186,16.7
2026-03-31T13:15:00Z,P3,0.411,16.7
2026-03-31T13:30:00Z,P1,2.276,16.7
2026-03-31T13:30:00Z,P2,2.431,16.7
2026-03-31T13:30:00Z,P3,2.008,16.7
2026-03-31T13:45:00Z,P1,2.730,17.0
2026-03-31T13:45:00Z,P2,2.514,17.0
2026-03-31T13:45:00Z,P3,0.316,17.0
2026-03-31T14:00:00Z,P1,2.421,16.7
2026-03-31T14:00:00Z,P2,2.508,16.7
2026-03-31T14:00:00Z,P3,1.100,16.7
2026-03-31T14:15:00Z,P1,1.621,16.4
2026-03-31T14:15:00Z,P2,2.500,16.4
2026-03-31T14:15:00Z,P3,3.219,16.4
2026-03-31T14:30:00Z,P1,2.960,16.8
2026-03-31T14:30:00Z,P2,2.519,16.8
2026-03-31T14:30:00Z,P3,1.810,16.8
2026-03-31T14:45:00Z,P1,2.559,16.8
2026-03-31T14:45:00Z,P2,2.477,16.8
2026-03-31T14:45:00Z,P3,1.792,16.8
2026-03-31T15:00:00Z,P1,0.437,16.7
2026-03-31T15:00:00Z,P2,2.495,16.7
2026-03-31T15:00:00Z,P3,1.992,16.7
2026-03-31T15:15:00Z,P1,3.735,16.5
2026-03-31T15:15:00Z,P2,2.532,16.5
2026-03-31T15:15:00Z,P3,0.352,16.5
2026-03-31T15:30:00Z,P1,1.252,16.3
2026-03-31T15:30:00Z,P2,2.450,16.3
2026-03-31T15:30:00Z,P3,0.763,16.3
2026-03-31T15:45:00Z,P1,1.994,16.5
2026-03-31T15:45:00Z,P2,2.204,16.5
2026-03-31T15:45:00Z,P3,1.598,16.5
2026-03-31T16:00:00Z,P1,2.335,16.5
2026-03-31T16:00:00Z,P2,0.329,16.5
2026-03-31T16:00:00Z,P3,0.376,16.5
2026-03-31T16:15:00Z,P1,2.151,16.1
2026-03-31T16:15:00Z,P2,0.409,16.1
2026-03-31T16:15:00Z,P3,2.452,16.1
2026-03-31T16:30:00Z,P1,1.579,16.3
2026-03-31T16:30:00Z,P2,0.373,16.3
2026-03-31T16:30:00Z,P3,2.347,16.3
2026-03-31T16:45:00Z,P1,2.676,16.4
2026-03-31T16:45:00Z,P2,0.363,16.4
2026-03-31T16:45:00Z,P3,1.828,16.4
2026-03-31T17:00:00Z,P1,2.494,16.2
2026-03-31T17:00:00Z,P2,0.373,16.2
2026-03-31T17:00:00Z,P3,2.908,16.2
2026-03-31T17:15:00Z,P1,0.857,16.2
2026-03-31T17:15:00Z,P2,0.355,16.2
2026-03-31T17:15:00Z,P3,0.467,16.2
2026-03-31T17:30:00Z,P1,2.703,16.3
2026-03-31T17:30:00Z,P2,0.300,16.3
2026-03-31T17:30:00Z,P3,0.456,16.3
2026-03-31T17:45:00Z,P1,3.243,16.0
2026-03-31T17:45:00Z,P2,0.374,16.0
2026-03-31T17:45:00Z,P3,1.660,16.0
2026-03-31T18:00:00Z,P1,3.185,15.6
2026-03-31T18:00:00Z,P2,0.323,15.6
2026-03-31T18:00:00Z,P3,1.151,15.6
2026-03-31T18:15:00Z,P1,4.225,15.7
2026-03-31T18:15:00Z,P2,0.383,15.7
2026-03-31T18:15:00Z,P3,2.635,15.7
2026-03-31T18:30:00Z,P1,4.193,15.6
2026-03-31T18:30:00Z,P2,2.107,15.6
2026-03-31T18:30:00Z,P3,2.352,15.6
2026-03-31T18:45:00Z,P1,3.965,15.8
2026-03-31T18:45:00Z,P2,2.533,15.8
2026-03-31T18:45:00Z,P3,1.774,15.8
2026-03-31T19:00:00Z,P1,2.170,15.3
2026-03-31T19:00:00Z,P2,2.548,15.3
2026-03-31T19:00:00Z,P3,2.167,15.3
2026-03-31T19:15:00Z,P1,3.226,15.0
2026-03-31T19:15:00Z,P2,2.533,15.0
2026-03-31T19:15:00Z,P3,0.545,15.0
2026-03-31T19:30:00Z,P1,3.897,15.0
2026-03-31T19:30:00Z,P2,2.572,15.0
2026-03-31T19:30:00Z,P3,0.906,15.0
2026-03-31T19:45:00Z,P1,2.244,15.0
2026-03-31T19:45:00Z,P2,0.918,15.0
2026-03-31T19:45:00Z,P3,1.378,15.0
2026-03-31T20:00:00Z,P1,2.921,14.8
2026-03-31T20:00:00Z,P2,0.373,14.8
2026-03-31T20:00:00Z,P3,0.815,14.8
2026-03-31T20:15:00Z,P1,2.336,14.8
2026-03-31T20:15:00Z,P2,0.312,14.8
2026-03-31T20:15:00Z,P3,2.687,14.8
2026-03-31T20:30:00Z,P1,1.457,14.6
2026-03-31T20:30:00Z,P2,0.404,14.6
2026-03-31T20:30:00Z,P3,2.460,14.6
2026-03-31T20:45:00Z,P1,2.164,14.3
2026-03-31T20:45:00Z,P2,0.346,14.3
2026-03-31T20:45:00Z,P3,1.739,14.3
2026-03-31T21:00:00Z,P1,2.774,14.5
2026-03-31T21:00:00Z,P2,0.366,14.5
2026-03-31T21:00:00Z,P3,1.767,14.5
2026-03-31T21:15:00Z,P1,1.689,14.2
2026-03-31T21:15:00Z,P2,0.269,14.2
2026-03-31T21:15:00Z,P3,1.206,14.2
2026-03-31T21:30:00Z,P1,0.711,14.0
2026-03-31T21:30:00Z,P2,0.325,14.0
2026-03-31T21:30:00Z,P3,0.322,14.0
2026-03-31T21:45:00Z,P1,3.481,13.8
2026-03-31T21:45:00Z,P2,0.387,13.8
2026-03-31T21:45:00Z,P3,1.547,13.8
2026-03-31T22:00:00Z,P1,1.541,14.0
2026-03-31T22:00:00Z,P2,0.329,14.0
2026-03-31T22:00:00Z,P3,0.317,14.0
2026-03-31T22:15:00Z,P1,1.745,14.3
2026-03-31T22:15:00Z,P2,0.381,14.3
2026-03-31T22:15:00Z,P3,2.025,14.3
2026-03-31T22:30:00Z,P1,3.218,13.4
2026-03-31T22:30:00Z,P2,0.420,13.4
2026-03-31T22:30:00Z,P3,2.008,13.4
2026-03-31T22:45:00Z,P1,1.031,13.4
2026-03-31T22:45:00Z,P2,0.361,13.4
2026-03-31T22:45:00Z,P3,2.241,13.4
2026-03-31T23:00:00Z,P1,1.787,13.8
2026-03-31T23:00:00Z,P2,0.297,13.8
2026-03-31T23:00:00Z,P3,3.007,13.8
2026-03-31T23:15:00Z,P1,2.900,13.4
2026-03-31T23:15:00Z,P2,0.335,13.4
2026-03-31T23:15:00Z,P3,0.659,13.4
2026-03-31T23:30:00Z,P1,1.751,13.2
2026-03-31T23:30:00Z,P2,0.332,13.2
2026-03-31T23:30:00Z,P3,0.333,13.2
2026-03-31T23:45:00Z,P1,1.481,13.4
2026-03-31T23:45:00Z,P2,0.371,13.4
2026-03-31T23:45:00Z,P3,1.712,13.4
2026-04-01T00:00:00Z,P1,2.470,13.5
2026-04-01T00:00:00Z,P2,0.345,13.5
2026-04-01T00:00:00Z,P3,0.392,13.5
2026-04-01T00:15:00Z,P1,2.546,12.9
2026-04-01T00:15:00Z,P2,0.318,12.9
2026-04-01T00:15:00Z,P3,0.789,12.9
2026-04-01T00:30:00Z,P1,2.451,13.1
2026-04-01T00:30:00Z,P2,0.306,13.1
2026-04-01T00:30:00Z,P3,2.805,13.1
2026-04-01T00:45:00Z,P1,3.102,13.1
2026-04-01T00:45:00Z,P2,0.339,13.1
2026-04-01T00:45:00Z,P3,1.873,13.1
2026-04-01T01:00:00Z,P1,3.541,12.9
2026-04-01T01:00:00Z,P2,0.347,12.9
2026-04-01T01:00:00Z,P3,3.081,12.9
2026-04-01T01:15:00Z,P1,2.502,13.2
2026-04-01T01:15:00Z,P2,0.355,13.2
2026-04-01T01:15:00Z,P3,2.440,13.2
2026-04-01T01:30:00Z,P1,3.757,13.0
2026-04-01T01:30:00Z,P2,0.377,13.0
2026-04-01T01:30:00Z,P3,1.757,13.0
2026-04-01T01:45:00Z,P1,2.322,13.2
2026-04-01T01:45:00Z,P2,0.309,13.2
2026-04-01T01:45:00Z,P3,3.317,13.2
2026-04-01T02:00:00Z,P1,3.064,12.9
2026-04-01T02:00:00Z,P2,0.382,12.9
2026-04-01T02:00:00Z,P3,1.801,12.9
2026-04-01T02:15:00Z,P1,2.321,13.1
2026-04-01T02:15:00Z,P2,0.394,13.1
2026-04-01T02:15:00Z,P3,2.124,13.1
2026-04-01T02:30:00Z,P1,3.234,13.4
2026-04-01T02:30:00Z,P2,0.393,13.4
2026-04-01T02:30:00Z,P3,2.870,13.4
2026-04-01T02:45:00Z,P1,2.933,12.9
2026-04-01T02:45:00Z,P2,0.338,12.9
2026-04-01T02:45:00Z,P3,1.809,12.9
2026-04-01T03:00:00Z,P1,3.105,13.3
2026-04-01T03:00:00Z,P2,0.319,13.3
2026-04-01T03:00:00Z,P3,2.781,13.3
2026-04-01T03:15:00Z,P1,3.373,12.9
2026-04-01T03:15:00Z,P2,0.348,12.9
2026-04-01T03:15:00Z,P3,2.274,12.9
2026-04-01T03:30:00Z,P1,2.721,13.2
2026-04-01T03:30:00Z,P2,0.348,13.2
2026-04-01T03:30:00Z,P3,1.807,13.2
2026-04-01T03:45:00Z,P1,3.565,13.0
2026-04-01T03:45:00Z,P2,0.326,13.0
2026-04-01T03:45:00Z,P3,2.398,13.0
2026-04-01T04:00:00Z,P1,1.547,13.4
2026-04-01T04:00:00Z,P2,0.300,13.4
2026-04-01T04:00:00Z,P3,0.325,13.4
2026-04-01T04:15:00Z,P1,1.733,13.3
2026-04-01T04:15:00Z,P2,0.325,13.3
2026-04-01T04:15:00Z,P3,0.880,13.3
2026-04-01T04:30:00Z,P1,1.969,13.4
2026-04-01T04:30:00Z,P2,0.310,13.4
2026-04-01T04:30:00Z,P3,1.087,13.4
2026-04-01T04:45:00Z,P1,2.891,13.2
2026-04-01T04:45:00Z,P2,0.362,13.2
2026-04-01T04:45:00Z,P3,0.368,13.2
2026-04-01T05:00:00Z,P1,1.237,13.2
2026-04-01T05:00:00Z,P2,0.357,13.2
2026-04-01T05:00:00Z,P3,2.803,13.2
2026-04-01T05:15:00Z,P1,2.046,13.4
2026-04-01T05:15:00Z,P2,0.321,13.4
2026-04-01T05:15:00Z,P3,1.796,13.4
2026-04-01T05:30:00Z,P1,3.211,13.7
2026-04-01T05:30:00Z,P2,0.395,13.7
2026-04-01T05:30:00Z,P3,2.655,13.7
2026-04-01T05:45:00Z,P1,0.454,13.8
2026-04-01T05:45:00Z,P2,0.323,13.8
2026-04-01T05:45:00Z,P3,1.685,13.8
2026-04-01T06:00:00Z,P1,2.286,14.0
2026-04-01T06:00:00Z,P2,0.388,14.0
2026-04-01T06:00:00Z,P3,0.441,14.0
2026-04-01T06:15:00Z,P1,3.424,13.8
2026-04-01T06:15:00Z,P2,0.338,13.8
2026-04-01T06:15:00Z,P3,1.557,13.8
2026-04-01T06:30:00Z,P1,4.217,14.0
2026-04-01T06:30:00Z,P2,0.339,14.0
2026-04-01T06:30:00Z,P3,0.338,14.0
2026-04-01T06:45:00Z,P1,3.879,14.1
2026-04-01T06:45:00Z,P2,0.334,14.1
2026-04-01T06:45:00Z,P3,1.003,14.1
2026-04-01T07:00:00Z,P1,3.714,14.5
2026-04-01T07:00:00Z,P2,2.454,14.5
2026-04-01T07:00:00Z,P3,2.430,14.5
2026-04-01T07:15:00Z,P1,2.037,14.4
2026-04-01T07:15:00Z,P2,3.025,14.4
2026-04-01T07:15:00Z,P3,3.664,14.4
2026-04-01T07:30:00Z,P1,3.993,14.9
2026-04-01T07:30:00Z,P2,4.707,14.9
2026-04-01T07:30:00Z,P3,3.629,14.9
2026-04-01T07:45:00Z,P1,2.594,14.6
2026-04-01T07:45:00Z,P2,4.685,14.6
2026-04-01T07:45:00Z,P3,3.439,14.6
2026-04-01T08:00:00Z,P1,3.361,14.5
2026-04-01T08:00:00Z,P2,4.625,14.5
2026-04-01T08:00:00Z,P3,3.247,14.5
2026-04-01T08:15:00Z,P1,1.220,14.9
2026-04-01T08:15:00Z,P2,3.693,14.9
2026-04-01T08:15:00Z,P3,2.008,14.9
2026-04-01T08:30:00Z,P1,1.166,15.3
2026-04-01T08:30:00Z,P2,2.545,15.3
2026-04-01T08:30:00Z,P3,1.988,15.3
2026-04-01T08:45:00Z,P1,3.500,15.1
2026-04-01T08:45:00Z,P2,0.403,15.1
2026-04-01T08:45:00Z,P3,1.986,15.1
2026-04-01T09:00:00Z,P1,1.379,15.3
2026-04-01T09:00:00Z,P2,0.323,15.3
2026-04-01T09:00:00Z,P3,1.793,15.3
2026-04-01T09:15:00Z,P1,0.770,15.3
2026-04-01T09:15:00Z,P2,0.423,15.3
2026-04-01T09:15:00Z,P3,0.924,15.3
2026-04-01T09:30:00Z,P1,3.885,15.5
2026-04-01T09:30:00Z,P2,0.389,15.5
2026-04-01T09:30:00Z,P3,2.778,15.5
2026-04-01T09:45:00Z,P1,1.287,15.8
2026-04-01T09:45:00Z,P2,0.350,15.8
2026-04-01T09:45:00Z,P3,2.231,15.8
2026-04-01T10:00:00Z,P1,1.604,15.9
2026-04-01T10:00:00Z,P2,0.392,15.9
2026-04-01T10:00:00Z,P3,2.053,15.9
2026-04-01T10:15:00Z,P1,3.216,15.8
2026-04-01T10:15:00Z,P2,0.377,15.8
2026-04-01T10:15:00Z,P3,2.157,15.8
2026-04-01T10:30:00Z,P1,1.989,16.0
2026-04-01T10:30:00Z,P2,0.347,16.0
2026-04-01T10:30:00Z,P3,0.372,16.0
2026-04-01T10:45:00Z,P1,2.150,16.0
2026-04-01T10:45:00Z,P2,0.391,16.0
2026-04-01T10:45:00Z,P3,1.313,16.0
2026-04-01T11:00:00Z,P1,3.661,16.3
2026-04-01T11:00:00Z,P2,2.332,16.3
2026-04-01T11:00:00Z,P3,2.974,16.3
2026-04-01T11:15:00Z,P1,4.250,16.4
2026-04-01T11:15:00Z,P2,2.421,16.4
2026-04-01T11:15:00Z,P3,2.689,16.4
2026-04-01T11:30:00Z,P1,2.524,16.4
2026-04-01T11:30:00Z,P2,2.479,16.4
2026-04-01T11:30:00Z,P3,1.745,16.4
2026-04-01T11:45:00Z,P1,1.687,16.8
2026-04-01T11:45:00Z,P2,1.044,16.8
2026-04-01T11:45:00Z,P3,2.119,16.8
2026-04-01T12:00:00Z,P1,4.191,16.5
2026-04-01T12:00:00Z,P2,0.327,16.5
2026-04-01T12:00:00Z,P3,2.874,16.5
2026-04-01T12:15:00Z,P1,0.626,16.3
2026-04-01T12:15:00Z,P2,0.373,16.3
2026-04-01T12:15:00Z,P3,1.132,16.3
2026-04-01T12:30:00Z,P1,2.554,16.7
2026-04-01T12:30:00Z,P2,0.315,16.7
2026-04-01T12:30:00Z,P3,1.857,16.7
2026-04-01T12:45:00Z,P1,2.721,16.8
2026-04-01T12:45:00Z,P2,0.316,16.8
2026-04-01T12:45:00Z,P3,0.372,16.8
2026-04-01T13:00:00Z,P1,2.197,16.5
2026-04-01T13:00:00Z,P2,0.319,16.5
2026-04-01T13:00:00Z,P3,0.468,16.5
2026-04-01T13:15:00Z,P1,2.889,16.8
2026-04-01T13:15:00Z,P2,0.329,16.8
2026-04-01T13:15:00Z,P3,1.786,16.8
2026-04-01T13:30:00Z,P1,4.134,16.8
2026-04-01T13:30:00Z,P2,0.326,16.8
2026-04-01T13:30:00Z,P3,1.285,16.8
2026-04-01T13:45:00Z,P1,4.111,17.1
2026-04-01T13:45:00Z,P2,0.343,17.1
2026-04-01T13:45:00Z,P3,2.523,17.1
2026-04-01T14:00:00Z,P1,4.226,16.6
2026-04-01T14:00:00Z,P2,0.331,16.6
2026-04-01T14:00:00Z,P3,2.786,16.6
2026-04-01T14:15:00Z,P1,4.063,17.0
2026-04-01T14:15:00Z,P2,0.296,17.0
2026-04-01T14:15:00Z,P3,3.090,17.0
2026-04-01T14:30:00Z,P1,2.366,16.7
2026-04-01T14:30:00Z,P2,0.335,16.7
2026-04-01T14:30:00Z,P3,2.464,16.7
2026-04-01T14:45:00Z,P1,3.715,16.6
2026-04-01T14:45:00Z,P2,0.367,16.6
2026-04-01T14:45:00Z,P3,2.002,16.6
2026-04-01T15:00:00Z,P1,2.968,16.6
2026-04-01T15:00:00Z,P2,0.339,16.6
2026-04-01T15:00:00Z,P3,1.529,16.6
2026-04-01T15:15:00Z,P1,2.960,16.6
2026-04-01T15:15:00Z,P2,0.380,16.6
2026-04-01T15:15:00Z,P3,0.357,16.6
2026-04-01T15:30:00Z,P1,1.597,16.8
2026-04-01T15:30:00Z,P2,0.315,16.8
2026-04-01T15:30:00Z,P3,1.353,16.8
2026-04-01T15:45:00Z,P1,1.503,16.5
2026-04-01T15:45:00Z,P2,1.393,16.5
2026-04-01T15:45:00Z,P3,1.715,16.5
2026-04-01T16:00:00Z,P1,3.579,16.4
2026-04-01T16:00:00Z,P2,2.521,16.4
2026-04-01T16:00:00Z,P3,1.793,16.4
2026-04-01T16:15:00Z,P1,2.038,16.7
2026-04-01T16:15:00Z,P2,2.549,16.7
2026-04-01T16:15:00Z,P3,3.294,16.7
2026-04-01T16:30:00Z,P1,2.714,16.1
2026-04-01T16:30:00Z,P2,2.431,16.1
2026-04-01T16:30:00Z,P3,2.107,16.1
2026-04-01T16:45:00Z,P1,1.736,16.7
2026-04-01T16:45:00Z,P2,2.480,16.7
2026-04-01T16:45:00Z,P3,1.178,16.7
2026-04-01T17:00:00Z,P1,1.546,16.1
2026-04-01T17:00:00Z,P2,0.933,16.1
2026-04-01T17:00:00Z,P3,1.572,16.1
2026-04-01T17:15:00Z,P1,3.394,16.3
2026-04-01T17:15:00Z,P2,0.310,16.3
2026-04-01T17:15:00Z,P3,0.317,16.3
2026-04-01T17:30:00Z,P1,1.363,15.9
2026-04-01T17:30:00Z,P2,0.300,15.9
2026-04-01T17:30:00Z,P3,0.458,15.9
2026-04-01T17:45:00Z,P1,1.105,16.0
2026-04-01T17:45:00Z,P2,1.867,16.0
2026-04-01T17:45:00Z,P3,2.111,16.0
2026-04-01T18:00:00Z,P1,3.715,15.7
2026-04-01T18:00:00Z,P2,2.499,15.7
2026-04-01T18:00:00Z,P3,1.846,15.7
2026-04-01T18:15:00Z,P1,1.408,15.7
2026-04-01T18:15:00Z,P2,2.589,15.7
2026-04-01T18:15:00Z,P3,2.031,15.7
2026-04-01T18:30:00Z,P1,1.793,15.5
2026-04-01T18:30:00Z,P2,2.563,15.5
2026-04-01T18:30:00Z,P3,3.027,15.5
2026-04-01T18:45:00Z,P1,2.079,15.4
2026-04-01T18:45:00Z,P2,1.405,15.4
2026-04-01T18:45:00Z,P3,2.184,15.4
2026-04-01T19:00:00Z,P1,3.338,15.3
2026-04-01T19:00:00Z,P2,0.332,15.3
2026-04-01T19:00:00Z,P3,3.030,15.3
2026-04-01T19:15:00Z,P1,1.641,14.7
2026-04-01T19:15:00Z,P2,1.645,14.7
2026-04-01T19:15:00Z,P3,2.442,14.7
2026-04-01T19:30:00Z,P1,4.141,15.3
2026-04-01T19:30:00Z,P2,2.481,15.3
2026-04-01T19:30:00Z,P3,3.478,15.3
2026-04-01T19:45:00Z,P1,2.597,15.1
2026-04-01T19:45:00Z,P2,2.486,15.1
2026-04-01T19:45:00Z,P3,3.446,15.1
2026-04-01T20:00:00Z,P1,3.212,14.8
2026-04-01T20:00:00Z,P2,2.448,14.8
2026-04-01T20:00:00Z,P3,2.001,14.8
2026-04-01T20:15:00Z,P1,1.335,14.5
2026-04-01T20:15:00Z,P2,0.489,14.5
2026-04-01T20:15:00Z,P3,1.911,14.5
2026-04-01T20:30:00Z,P1,1.305,14.6
2026-04-01T20:30:00Z,P2,0.380,14.6
2026-04-01T20:30:00Z,P3,3.262,14.6
2026-04-01T20:45:00Z,P1,3.733,14.5
2026-04-01T20:45:00Z,P2,0.385,14.5
2026-04-01T20:45:00Z,P3,1.829,14.5
2026-04-01T21:00:00Z,P1,1.251,14.5
2026-04-01T21:00:00Z,P2,0.366,14.5
2026-04-01T21:00:00Z,P3,2.419,14.5
2026-04-01T21:15:00Z,P1,1.186,14.2
2026-04-01T21:15:00Z,P2,0.369,14.2
2026-04-01T21:15:00Z,P3,2.210,14.2
2026-04-01T21:30:00Z,P1,3.333,14.1
2026-04-01T21:30:00Z,P2,0.329,14.1
2026-04-01T21:30:00Z,P3,0.335,14.1
2026-04-01T21:45:00Z,P1,1.901,14.1
2026-04-01T21:45:00Z,P2,0.380,14.1
2026-04-01T21:45:00Z,P3,1.006,14.1
2026-04-01T22:00:00Z,P1,1.589,13.7
2026-04-01T22:00:00Z,P2,0.449,13.7
2026-04-01T22:00:00Z,P3,1.231,13.7
2026-04-01T22:15:00Z,P1,1.699,13.7
2026-04-01T22:15:00Z,P2,0.346,13.7
2026-04-01T22:15:00Z,P3,0.346,13.7
2026-04-01T22:30:00Z,P1,3.579,13.6
2026-04-01T22:30:00Z,P2,0.346,13.6
2026-04-01T22:30:00Z,P3,1.559,13.6
2026-04-01T22:45:00Z,P1,0.609,13.4
2026-04-01T22:45:00Z,P2,0.378,13.4
2026-04-01T22:45:00Z,P3,2.550,13.4
2026-04-01T23:00:00Z,P1,2.377,13.6
2026-04-01T23:00:00Z,P2,0.327,13.6
2026-04-01T23:00:00Z,P3,1.875,13.6
2026-04-01T23:15:00Z,P1,2.947,13.6
2026-04-01T23:15:00Z,P2,0.373,13.6
2026-04-01T23:15:00Z,P3,3.235,13.6
2026-04-01T23:30:00Z,P1,0.710,13.5
2026-04-01T23:30:00Z,P2,0.342,13.5
2026-04-01T23:30:00Z,P3,0.795,13.5
2026-04-01T23:45:00Z,P1,1.704,13.3
2026-04-01T23:45:00Z,P2,0.377,13.3
2026-04-01T23:45:00Z,P3,0.476,13.3
2026-04-02T00:00:00Z,P1,2.982,13.0
2026-04-02T00:00:00Z,P2,0.364,13.0
2026-04-02T00:00:00Z,P3,1.673,13.0
2026-04-02T00:15:00Z,P1,1.524,13.5
2026-04-02T00:15:00Z,P2,0.294,13.5
2026-04-02T00:15:00Z,P3,0.371,13.5
2026-04-02T00:30:00Z,P1,1.994,13.1
2026-04-02T00:30:00Z,P2,0.331,13.1
2026-04-02T00:30:00Z,P3,1.740,13.1
2026-04-02T00:45:00Z,P1,2.620,13.3
2026-04-02T00:45:00Z,P2,0.380,13.3
2026-04-02T00:45:00Z,P3,0.433,13.3
2026-04-02T01:00:00Z,P1,2.094,13.1
2026-04-02T01:00:00Z,P2,0.340,13.1
2026-04-02T01:00:00Z,P3,1.530,13.1
2026-04-02T01:15:00Z,P1,0.640,12.9
2026-04-02T01:15:00Z,P2,0.364,12.9
2026-04-02T01:15:00Z,P3,3.134,12.9
2026-04-02T01:30:00Z,P1,3.685,12.6
2026-04-02T01:30:00Z,P2,0.354,12.6
2026-04-02T01:30:00Z,P3,3.685,12.6
2026-04-02T01:45:00Z,P1,1.095,12.9
2026-04-02T01:45:00Z,P2,0.346,12.9
2026-04-02T01:45:00Z,P3,3.160,12.9
2026-04-02T02:00:00Z,P1,1.440,12.8
2026-04-02T02:00:00Z,P2,0.320,12.8
2026-04-02T02:00:00Z,P3,1.955,12.8
2026-04-02T02:15:00Z,P1,2.044,13.0
2026-04-02T02:15:00Z,P2,0.384,13.0
2026-04-02T02:15:00Z,P3,1.984,13.0
2026-04-02T02:30:00Z,P1,2.942,13.2
2026-04-02T02:30:00Z,P2,0.350,13.2
2026-04-02T02:30:00Z,P3,1.983,13.2
2026-04-02T02:45:00Z,P1,1.125,12.9
2026-04-02T02:45:00Z,P2,0.347,12.9
2026-04-02T02:45:00Z,P3,1.860,12.9
2026-04-02T03:00:00Z,P1,1.360,12.9
2026-04-02T03:00:00Z,P2,0.353,12.9
2026-04-02T03:00:00Z,P3,0.344,12.9
2026-04-02T03:15:00Z,P1,3.344,13.3
2026-04-02T03:15:00Z,P2,0.350,13.3
2026-04-02T03:15:00Z,P3,1.228,13.3
2026-04-02T03:30:00Z,P1,0.624,13.2
2026-04-02T03:30:00Z,P2,0.328,13.2
2026-04-02T03:30:00Z,P3,3.215,13.2
2026-04-02T03:45:00Z,P1,1.739,13.3
2026-04-02T03:45:00Z,P2,0.397,13.3
2026-04-02T03:45:00Z,P3,1.794,13.3
2026-04-02T04:00:00Z,P1,3.211,13.2
2026-04-02T04:00:00Z,P2,0.353,13.2
2026-04-02T04:00:00Z,P3,1.812,13.2
2026-04-02T04:15:00Z,P1,1.365,13.2
2026-04-02T04:15:00Z,P2,0.343,13.2
2026-04-02T04:15:00Z,P3,1.766,13.2
2026-04-02T04:30:00Z,P1,1.631,13.2
2026-04-02T04:30:00Z,P2,0.338,13.2
2026-04-02T04:30:00Z,P3,0.367,13.2
2026-04-02T04:45:00Z,P1,1.422,13.2
2026-04-02T04:45:00Z,P2,0.379,13.2
2026-04-02T04:45:00Z,P3,1.120,13.2
2026-04-02T05:00:00Z,P1,3.154,13.6
2026-04-02T05:00:00Z,P2,0.297,13.6
2026-04-02T05:00:00Z,P3,1.035,13.6
2026-04-02T05:15:00Z,P1,0.978,13.7
2026-04-02T05:15:00Z,P2,0.337,13.7
2026-04-02T05:15:00Z,P3,0.320,13.7
2026-04-02T05:30:00Z,P1,1.899,13.7
2026-04-02T05:30:00Z,P2,0.326,13.7
2026-04-02T05:30:00Z,P3,2.596,13.7
2026-04-02T05:45:00Z,P1,3.369,13.5
2026-04-02T05:45:00Z,P2,0.332,13.5
2026-04-02T05:45:00Z,P3,2.608,13.5
2026-04-02T06:00:00Z,P1,0.808,13.8
2026-04-02T06:00:00Z,P2,0.381,13.8
2026-04-02T06:00:00Z,P3,1.781,13.8
2026-04-02T06:15:00Z,P1,1.314,14.0
2026-04-02T06:15:00Z,P2,0.364,14.0
2026-04-02T06:15:00Z,P3,1.831,14.0
2026-04-02T06:30:00Z,P1,3.314,14.1
2026-04-02T06:30:00Z,P2,0.360,14.1
2026-04-02T06:30:00Z,P3,1.265,14.1
2026-04-02T06:45:00Z,P1,0.862,14.4
2026-04-02T06:45:00Z,P2,0.329,14.4
2026-04-02T06:45:00Z,P3,0.327,14.4
2026-04-02T07:00:00Z,P1,2.434,14.5
2026-04-02T07:00:00Z,P2,0.263,14.5
2026-04-02T07:00:00Z,P3,1.546,14.5
2026-04-02T07:15:00Z,P1,4.032,14.3
2026-04-02T07:15:00Z,P2,0.345,14.3
2026-04-02T07:15:00Z,P3,0.614,14.3
2026-04-02T07:30:00Z,P1,2.744,14.6
2026-04-02T07:30:00Z,P2,0.364,14.6
2026-04-02T07:30:00Z,P3,1.603,14.6
2026-04-02T07:45:00Z,P1,4.096,15.0
2026-04-02T07:45:00Z,P2,0.318,15.0
2026-04-02T07:45:00Z,P3,3.209,15.0
2026-04-02T08:00:00Z,P1,4.156,14.7
2026-04-02T08:00:00Z,P2,0.319,14.7
2026-04-02T08:00:00Z,P3,2.991,14.7
2026-04-02T08:15:00Z,P1,4.221,14.9
2026-04-02T08:15:00Z,P2,0.364,14.9
2026-04-02T08:15:00Z,P3,2.564,14.9
2026-04-02T08:30:00Z,P1,3.358,15.0
2026-04-02T08:30:00Z,P2,0.281,15.0
2026-04-02T08:30:00Z,P3,2.018,15.0
2026-04-02T08:45:00Z,P1,3.130,15.2
2026-04-02T08:45:00Z,P2,1.183,15.2
2026-04-02T08:45:00Z,P3,2.021,15.2
2026-04-02T09:00:00Z,P1,2.995,15.5
2026-04-02T09:00:00Z,P2,2.448,15.5
2026-04-02T09:00:00Z,P3,0.467,15.5
2026-04-02T09:15:00Z,P1,3.479,15.6
2026-04-02T09:15:00Z,P2,2.472,15.6
2026-04-02T09:15:00Z,P3,1.227,15.6
2026-04-02T09:30:00Z,P1,0.777,16.0
2026-04-02T09:30:00Z,P2,1.813,16.0
2026-04-02T09:30:00Z,P3,3.208,16.0
2026-04-02T09:45:00Z,P1,2.391,15.8
2026-04-02T09:45:00Z,P2,0.346,15.8
2026-04-02T09:45:00Z,P3,1.816,15.8
2026-04-02T10:00:00Z,P1,2.680,16.3
2026-04-02T10:00:00Z,P2,0.384,16.3
2026-04-02T10:00:00Z,P3,2.242,16.3
2026-04-02T10:15:00Z,P1,2.070,15.7
2026-04-02T10:15:00Z,P2,0.400,15.7
2026-04-02T10:15:00Z,P3,2.142,15.7
2026-04-02T10:30:00Z,P1,1.599,16.2
2026-04-02T10:30:00Z,P2,0.337,16.2
2026-04-02T10:30:00Z,P3,0.363,16.2
2026-04-02T10:45:00Z,P1,2.463,16.0
2026-04-02T10:45:00Z,P2,0.369,16.0
2026-04-02T10:45:00Z,P3,0.999,16.0
2026-04-02T11:00:00Z,P1,2.809,16.2
2026-04-02T11:00:00Z,P2,0.313,16.2
2026-04-02T11:00:00Z,P3,1.961,16.2
2026-04-02T11:15:00Z,P1,1.340,16.1
2026-04-02T11:15:00Z,P2,0.391,16.1
2026-04-02T11:15:00Z,P3,1.667,16.1
2026-04-02T11:30:00Z,P1,2.890,16.1
2026-04-02T11:30:00Z,P2,0.610,16.1
2026-04-02T11:30:00Z,P3,2.673,16.1
2026-04-02T11:45:00Z,P1,4.216,16.6
2026-04-02T11:45:00Z,P2,4.650,16.6
2026-04-02T11:45:00Z,P3,3.043,16.6
2026-04-02T12:00:00Z,P1,4.217,16.4
2026-04-02T12:00:00Z,P2,4.641,16.4
2026-04-02T12:00:00Z,P3,3.463,16.4
2026-04-02T12:15:00Z,P1,3.743,16.7
2026-04-02T12:15:00Z,P2,4.648,16.7
2026-04-02T12:15:00Z,P3,3.454,16.7
2026-04-02T12:30:00Z,P1,2.389,16.6
2026-04-02T12:30:00Z,P2,3.273,16.6
2026-04-02T12:30:00Z,P3,2.400,16.6
2026-04-02T12:45:00Z,P1,0.727,16.8
2026-04-02T12:45:00Z,P2,2.516,16.8
2026-04-02T12:45:00Z,P3,2.070,16.8
2026-04-02T13:00:00Z,P1,3.072,16.9
2026-04-02T13:00:00Z,P2,2.523,16.9
2026-04-02T13:00:00Z,P3,3.373,16.9
2026-04-02T13:15:00Z,P1,2.357,16.5
2026-04-02T13:15:00Z,P2,2.480,16.5
2026-04-02T13:15:00Z,P3,2.194,16.5
2026-04-02T13:30:00Z,P1,0.742,17.1
2026-04-02T13:30:00Z,P2,1.884,17.1
2026-04-02T13:30:00Z,P3,2.210,17.1
2026-04-02T13:45:00Z,P1,3.034,16.7
2026-04-02T13:45:00Z,P2,2.319,16.7
2026-04-02T13:45:00Z,P3,3.188,16.7
2026-04-02T14:00:00Z,P1,2.346,17.0
2026-04-02T14:00:00Z,P2,4.430,17.0
2026-04-02T14:00:00Z,P3,1.781,17.0
2026-04-02T14:15:00Z,P1,1.472,16.3
2026-04-02T14:15:00Z,P2,4.479,16.3
2026-04-02T14:15:00Z,P3,2.067,16.3
2026-04-02T14:30:00Z,P1,3.276,16.9
2026-04-02T14:30:00Z,P2,4.666,16.9
2026-04-02T14:30:00Z,P3,3.401,16.9
2026-04-02T14:45:00Z,P1,4.265,16.8
2026-04-02T14:45:00Z,P2,4.666,16.8
2026-04-02T14:45:00Z,P3,2.664,16.8
2026-04-02T15:00:00Z,P1,3.580,16.3
2026-04-02T15:00:00Z,P2,4.667,16.3
2026-04-02T15:00:00Z,P3,1.793,16.3
2026-04-02T15:15:00Z,P1,3.122,16.8
2026-04-02T15:15:00Z,P2,4.651,16.8
2026-04-02T15:15:00Z,P3,2.349,16.8
2026-04-02T15:30:00Z,P1,2.022,16.4
2026-04-02T15:30:00Z,P2,4.701,16.4
2026-04-02T15:30:00Z,P3,2.681,16.4
2026-04-02T15:45:00Z,P1,1.588,16.2
2026-04-02T15:45:00Z,P2,4.698,16.2
2026-04-02T15:45:00Z,P3,1.836,16.2
2026-04-02T16:00:00Z,P1,2.212,16.5
2026-04-02T16:00:00Z,P2,3.498,16.5
2026-04-02T16:00:00Z,P3,2.898,16.5
2026-04-02T16:15:00Z,P1,3.084,16.4
2026-04-02T16:15:00Z,P2,2.532,16.4
2026-04-02T16:15:00Z,P3,2.311,16.4
2026-04-02T16:30:00Z,P1,0.680,16.4
2026-04-02T16:30:00Z,P2,2.447,16.4
2026-04-02T16:30:00Z,P3,1.767,16.4
2026-04-02T16:45:00Z,P1,2.254,16.4
2026-04-02T16:45:00Z,P2,2.433,16.4
2026-04-02T16:45:00Z,P3,3.475,16.4
2026-04-02T17:00:00Z,P1,3.190,16.2
2026-04-02T17:00:00Z,P2,2.056,16.2
2026-04-02T17:00:00Z,P3,1.523,16.2
2026-04-02T17:15:00Z,P1,2.863,16.3
2026-04-02T17:15:00Z,P2,0.386,16.3
2026-04-02T17:15:00Z,P3,0.715,16.3
2026-04-02T17:30:00Z,P1,4.217,15.6
2026-04-02T17:30:00Z,P2,0.344,15.6
2026-04-02T17:30:00Z,P3,3.409,15.6
2026-04-02T17:45:00Z,P1,2.317,15.8
2026-04-02T17:45:00Z,P2,0.313,15.8
2026-04-02T17:45:00Z,P3,1.829,15.8
2026-04-02T18:00:00Z,P1,2.527,16.0
2026-04-02T18:00:00Z,P2,0.316,16.0
2026-04-02T18:00:00Z,P3,2.002,16.0
2026-04-02T18:15:00Z,P1,0.563,15.5
2026-04-02T18:15:00Z,P2,0.309,15.5
2026-04-02T18:15:00Z,P3,2.156,15.5
2026-04-02T18:30:00Z,P1,3.371,15.5
2026-04-02T18:30:00Z,P2,0.426,15.5
2026-04-02T18:30:00Z,P3,0.364,15.5
2026-04-02T18:45:00Z,P1,1.886,15.5
2026-04-02T18:45:00Z,P2,0.405,15.5
2026-04-02T18:45:00Z,P3,1.347,15.5
2026-04-02T19:00:00Z,P1,1.593,15.4
2026-04-02T19:00:00Z,P2,0.316,15.4
2026-04-02T19:00:00Z,P3,0.894,15.4
2026-04-02T19:15:00Z,P1,4.251,15.5
2026-04-02T19:15:00Z,P2,2.445,15.5
2026-04-02T19:15:00Z,P3,1.439,15.5
2026-04-02T19:30:00Z,P1,2.704,14.9
2026-04-02T19:30:00Z,P2,2.457,14.9
2026-04-02T19:30:00Z,P3,2.501,14.9
2026-04-02T19:45:00Z,P1,2.212,15.0
2026-04-02T19:45:00Z,P2,2.428,15.0
2026-04-02T19:45:00Z,P3,1.780,15.0
2026-04-02T20:00:00Z,P1,0.573,14.8
2026-04-02T20:00:00Z,P2,2.476,14.8
2026-04-02T20:00:00Z,P3,2.929,14.8
2026-04-02T20:15:00Z,P1,3.329,14.7
2026-04-02T20:15:00Z,P2,0.731,14.7
2026-04-02T20:15:00Z,P3,2.549,14.7
2026-04-02T20:30:00Z,P1,2.402,14.7
2026-04-02T20:30:00Z,P2,0.337,14.7
2026-04-02T20:30:00Z,P3,2.143,14.7
2026-04-02T20:45:00Z,P1,0.573,14.3
2026-04-02T20:45:00Z,P2,0.336,14.3
2026-04-02T20:45:00Z,P3,1.948,14.3
2026-04-02T21:00:00Z,P1,2.844,14.2
2026-04-02T21:00:00Z,P2,0.329,14.2
2026-04-02T21:00:00Z,P3,1.941,14.2
2026-04-02T21:15:00Z,P1,2.199,14.2
2026-04-02T21:15:00Z,P2,0.920,14.2
2026-04-02T21:15:00Z,P3,2.042,14.2
2026-04-02T21:30:00Z,P1,1.324,14.0
2026-04-02T21:30:00Z,P2,2.543,14.0
2026-04-02T21:30:00Z,P3,2.713,14.0
2026-04-02T21:45:00Z,P1,2.685,14.0
2026-04-02T21:45:00Z,P2,2.570,14.0
2026-04-02T21:45:00Z,P3,2.362,14.0
2026-04-02T22:00:00Z,P1,2.297,13.9
2026-04-02T22:00:00Z,P2,2.558,13.9
2026-04-02T22:00:00Z,P3,1.811,13.9
2026-04-02T22:15:00Z,P1,1.582,13.5
2026-04-02T22:15:00Z,P2,2.544,13.5
2026-04-02T22:15:00Z,P3,2.418,13.5
2026-04-02T22:30:00Z,P1,1.447,13.8
2026-04-02T22:30:00Z,P2,2.118,13.8
2026-04-02T22:30:00Z,P3,1.245,13.8
2026-04-02T22:45:00Z,P1,3.037,13.6
2026-04-02T22:45:00Z,P2,0.399,13.6
2026-04-02T22:45:00Z,P3,0.379,13.6
2026-04-02T23:00:00Z,P1,1.765,13.6
2026-04-02T23:00:00Z,P2,0.337,13.6
2026-04-02T23:00:00Z,P3,1.300,13.6
2026-04-02T23:15:00Z,P1,0.958,13.6
2026-04-02T23:15:00Z,P2,0.347,13.6
2026-04-02T23:15:00Z,P3,0.786,13.6
2026-04-02T23:30:00Z,P1,3.516,13.4
2026-04-02T23:30:00Z,P2,0.365,13.4
2026-04-02T23:30:00Z,P3,0.382,13.4
2026-04-02T23:45:00Z,P1,1.508,13.2
2026-04-02T23:45:00Z,P2,0.363,13.2
2026-04-02T23:45:00Z,P3,2.211,13.2
2026-04-03T00:00:00Z,P1,0.726,13.3
2026-04-03T00:00:00Z,P2,0.357,13.3
2026-04-03T00:00:00Z,P3,2.286,13.3
2026-04-03T00:15:00Z,P1,3.194,13.1
2026-04-03T00:15:00Z,P2,0.303,13.1
2026-04-03T00:15:00Z,P3,1.827,13.1
2026-04-03T00:30:00Z,P1,3.118,12.8
2026-04-03T00:30:00Z,P2,0.355,12.8
2026-04-03T00:30:00Z,P3,3.185,12.8
2026-04-03T00:45:00Z,P1,2.555,12.9
2026-04-03T00:45:00Z,P2,0.355,12.9
2026-04-03T00:45:00Z,P3,1.415,12.9
2026-04-03T01:00:00Z,P1,4.055,13.1
2026-04-03T01:00:00Z,P2,0.365,13.1
2026-04-03T01:00:00Z,P3,0.357,13.1
2026-04-03T01:15:00Z,P1,4.192,13.5
2026-04-03T01:15:00Z,P2,0.329,13.5
2026-04-03T01:15:00Z,P3,1.796,13.5
2026-04-03T01:30:00Z,P1,4.237,13.3
2026-04-03T01:30:00Z,P2,0.327,13.3
2026-04-03T01:30:00Z,P3,0.344,13.3
2026-04-03T01:45:00Z,P1,2.579,13.4
2026-04-03T01:45:00Z,P2,0.329,13.4
2026-04-03T01:45:00Z,P3,0.801,13.4
2026-04-03T02:00:00Z,P1,3.579,12.9
2026-04-03T02:00:00Z,P2,0.323,12.9
2026-04-03T02:00:00Z,P3,1.086,12.9
2026-04-03T02:15:00Z,P1,2.749,13.0
2026-04-03T02:15:00Z,P2,0.342,13.0
2026-04-03T02:15:00Z,P3,1.730,13.0
2026-04-03T02:30:00Z,P1,3.350,13.1
2026-04-03T02:30:00Z,P2,0.350,13.1
2026-04-03T02:30:00Z,P3,2.140,13.1
2026-04-03T02:45:00Z,P1,1.787,12.6
2026-04-03T02:45:00Z,P2,0.329,12.6
2026-04-03T02:45:00Z,P3,2.742,12.6
2026-04-03T03:00:00Z,P1,0.743,13.1
2026-04-03T03:00:00Z,P2,0.345,13.1
2026-04-03T03:00:00Z,P3,2.216,13.1
2026-04-03T03:15:00Z,P1,3.682,13.1
2026-04-03T03:15:00Z,P2,0.374,13.1
2026-04-03T03:15:00Z,P3,3.202,13.1
2026-04-03T03:30:00Z,P1,0.856,13.0
2026-04-03T03:30:00Z,P2,0.320,13.0
2026-04-03T03:30:00Z,P3,2.048,13.0
2026-04-03T03:45:00Z,P1,1.503,13.2
2026-04-03T03:45:00Z,P2,0.323,13.2
2026-04-03T03:45:00Z,P3,1.837,13.2
2026-04-03T04:00:00Z,P1,2.904,13.4
2026-04-03T04:00:00Z,P2,0.339,13.4
2026-04-03T04:00:00Z,P3,2.398,13.4
2026-04-03T04:15:00Z,P1,1.947,13.3
2026-04-03T04:15:00Z,P2,0.381,13.3
2026-04-03T04:15:00Z,P3,2.655,13.3
2026-04-03T04:30:00Z,P1,1.756,13.2
2026-04-03T04:30:00Z,P2,0.388,13.2
2026-04-03T04:30:00Z,P3,1.788,13.2
2026-04-03T04:45:00Z,P1,1.849,13.2
2026-04-03T04:45:00Z,P2,0.403,13.2
2026-04-03T04:45:00Z,P3,3.065,13.2
2026-04-03T05:00:00Z,P1,3.285,13.1
2026-04-03T05:00:00Z,P2,0.360,13.1
2026-04-03T05:00:00Z,P3,2.255,13.1
2026-04-03T05:15:00Z,P1,0.471,13.4
2026-04-03T05:15:00Z,P2,0.359,13.4
2026-04-03T05:15:00Z,P3,1.825,13.4
2026-04-03T05:30:00Z,P1,1.964,13.7
2026-04-03T05:30:00Z,P2,0.359,13.7
2026-04-03T05:30:00Z,P3,1.974,13.7
2026-04-03T05:45:00Z,P1,2.574,14.1
2026-04-03T05:45:00Z,P2,0.332,14.1
2026-04-03T05:45:00Z,P3,0.486,14.1
2026-04-03T06:00:00Z,P1,2.174,13.9
2026-04-03T06:00:00Z,P2,0.340,13.9
2026-04-03T06:00:00Z,P3,0.814,13.9
2026-04-03T06:15:00Z,P1,1.046,13.7
2026-04-03T06:15:00Z,P2,0.339,13.7
2026-04-03T06:15:00Z,P3,1.409,13.7
2026-04-03T06:30:00Z,P1,2.977,14.2
2026-04-03T06:30:00Z,P2,0.370,14.2
2026-04-03T06:30:00Z,P3,0.623,14.2
2026-04-03T06:45:00Z,P1,2.304,14.1
2026-04-03T06:45:00Z,P2,0.344,14.1
2026-04-03T06:45:00Z,P3,3.080,14.1
2026-04-03T07:00:00Z,P1,0.553,14.2
2026-04-03T07:00:00Z,P2,0.305,14.2
2026-04-03T07:00:00Z,P3,2.153,14.2
2026-04-03T07:15:00Z,P1,3.696,14.5
2026-04-03T07:15:00Z,P2,0.364,14.5
2026-04-03T07:15:00Z,P3,1.785,14.5
2026-04-03T07:30:00Z,P1,1.668,14.5
2026-04-03T07:30:00Z,P2,0.381,14.5
2026-04-03T07:30:00Z,P3,3.433,14.5
2026-04-03T07:45:00Z,P1,1.610,14.6
2026-04-03T07:45:00Z,P2,0.362,14.6
2026-04-03T07:45:00Z,P3,0.664,14.6
2026-04-03T08:00:00Z,P1,2.623,15.0
2026-04-03T08:00:00Z,P2,0.606,15.0
2026-04-03T08:00:00Z,P3,0.384,15.0
2026-04-03T08:15:00Z,P1,4.206,14.9
2026-04-03T08:15:00Z,P2,2.435,14.9
2026-04-03T08:15:00Z,P3,1.763,14.9
2026-04-03T08:30:00Z,P1,3.698,14.7
2026-04-03T08:30:00Z,P2,3.361,14.7
2026-04-03T08:30:00Z,P3,3.326,14.7
2026-04-03T08:45:00Z,P1,2.488,15.1
2026-04-03T08:45:00Z,P2,4.638,15.1
2026-04-03T08:45:00Z,P3,2.675,15.1
2026-04-03T09:00:00Z,P1,3.596,15.5
2026-04-03T09:00:00Z,P2,4.716,15.5
2026-04-03T09:00:00Z,P3,1.790,15.5
2026-04-03T09:15:00Z,P1,3.106,15.3
2026-04-03T09:15:00Z,P2,4.690,15.3
2026-04-03T09:15:00Z,P3,3.076,15.3
2026-04-03T09:30:00Z,P1,3.450,15.3
2026-04-03T09:30:00Z,P2,4.714,15.3
2026-04-03T09:30:00Z,P3,1.855,15.3
2026-04-03T09:45:00Z,P1,3.531,15.8
2026-04-03T09:45:00Z,P2,3.476,15.8
2026-04-03T09:45:00Z,P3,2.005,15.8
2026-04-03T10:00:00Z,P1,0.680,15.9
2026-04-03T10:00:00Z,P2,2.536,15.9
2026-04-03T10:00:00Z,P3,0.916,15.9
2026-04-03T10:15:00Z,P1,2.794,15.7
2026-04-03T10:15:00Z,P2,2.440,15.7
2026-04-03T10:15:00Z,P3,2.358,15.7
2026-04-03T10:30:00Z,P1,3.813,15.8
2026-04-03T10:30:00Z,P2,2.442,15.8
2026-04-03T10:30:00Z,P3,3.451,15.8
2026-04-03T10:45:00Z,P1,2.256,16.3
2026-04-03T10:45:00Z,P2,2.454,16.3
2026-04-03T10:45:00Z,P3,2.764,16.3
2026-04-03T11:00:00Z,P1,1.416,16.3
2026-04-03T11:00:00Z,P2,2.388,16.3
2026-04-03T11:00:00Z,P3,1.135,16.3
2026-04-03T11:15:00Z,P1,3.973,16.4
2026-04-03T11:15:00Z,P2,1.896,16.4
2026-04-03T11:15:00Z,P3,1.632,16.4
2026-04-03T11:30:00Z,P1,1.297,16.6
2026-04-03T11:30:00Z,P2,0.401,16.6
2026-04-03T11:30:00Z,P3,1.587,16.6
2026-04-03T11:45:00Z,P1,2.204,16.4
2026-04-03T11:45:00Z,P2,0.431,16.4
2026-04-03T11:45:00Z,P3,2.040,16.4
2026-04-03T12:00:00Z,P1,2.456,16.5
2026-04-03T12:00:00Z,P2,0.369,16.5
2026-04-03T12:00:00Z,P3,2.988,16.5
2026-04-03T12:15:00Z,P1,2.130,16.8
2026-04-03T12:15:00Z,P2,0.370,16.8
2026-04-03T12:15:00Z,P3,1.832,16.8
2026-04-03T12:30:00Z,P1,0.797,16.4
2026-04-03T12:30:00Z,P2,0.339,16.4
2026-04-03T12:30:00Z,P3,2.555,16.4
2026-04-03T12:45:00Z,P1,3.214,17.0
2026-04-03T12:45:00Z,P2,0.353,17.0
2026-04-03T12:45:00Z,P3,2.423,17.0
2026-04-03T13:00:00Z,P1,2.536,16.6
2026-04-03T13:00:00Z,P2,0.342,16.6
2026-04-03T13:00:00Z,P3,1.806,16.6
2026-04-03T13:15:00Z,P1,0.724,16.8
2026-04-03T13:15:00Z,P2,0.376,16.8
2026-04-03T13:15:00Z,P3,2.890,16.8
2026-04-03T13:30:00Z,P1,3.418,16.4
2026-04-03T13:30:00Z,P2,0.316,16.4
2026-04-03T13:30:00Z,P3,1.268,16.4
2026-04-03T13:45:00Z,P1,2.198,16.4
2026-04-03T13:45:00Z,P2,0.394,16.4
2026-04-03T13:45:00Z,P3,0.326,16.4
2026-04-03T14:00:00Z,P1,1.226,16.8
2026-04-03T14:00:00Z,P2,0.360,16.8
2026-04-03T14:00:00Z,P3,1.767,16.8
2026-04-03T14:15:00Z,P1,2.389,17.1
2026-04-03T14:15:00Z,P2,0.373,17.1
2026-04-03T14:15:00Z,P3,0.258,17.1
2026-04-03T14:30:00Z,P1,4.196,16.8
2026-04-03T14:30:00Z,P2,1.983,16.8
2026-04-03T14:30:00Z,P3,1.140,16.8
2026-04-03T14:45:00Z,P1,2.174,16.9
2026-04-03T14:45:00Z,P2,2.616,16.9
2026-04-03T14:45:00Z,P3,1.818,16.9
2026-04-03T15:00:00Z,P1,2.264,16.4
2026-04-03T15:00:00Z,P2,2.821,16.4
2026-04-03T15:00:00Z,P3,1.834,16.4
2026-04-03T15:15:00Z,P1,2.926,16.2
2026-04-03T15:15:00Z,P2,4.688,16.2
2026-04-03T15:15:00Z,P3,1.795,16.2
2026-04-03T15:30:00Z,P1,1.076,16.4
2026-04-03T15:30:00Z,P2,4.678,16.4
2026-04-03T15:30:00Z,P3,2.243,16.4
2026-04-03T15:45:00Z,P1,2.662,16.4
2026-04-03T15:45:00Z,P2,3.959,16.4
2026-04-03T15:45:00Z,P3,3.476,16.4
2026-04-03T16:00:00Z,P1,2.484,16.5
2026-04-03T16:00:00Z,P2,2.562,16.5
2026-04-03T16:00:00Z,P3,1.394,16.5
2026-04-03T16:15:00Z,P1,4.219,16.5
2026-04-03T16:15:00Z,P2,2.592,16.5
2026-04-03T16:15:00Z,P3,2.851,16.5
2026-04-03T16:30:00Z,P1,4.178,16.6
2026-04-03T16:30:00Z,P2,2.581,16.6
2026-04-03T16:30:00Z,P3,3.432,16.6
2026-04-03T16:45:00Z,P1,2.511,16.5
2026-04-03T16:45:00Z,P2,2.546,16.5
2026-04-03T16:45:00Z,P3,2.377,16.5
2026-04-03T17:00:00Z,P1,0.742,16.0
2026-04-03T17:00:00Z,P2,2.414,16.0
2026-04-03T17:00:00Z,P3,1.850,16.0
2026-04-03T17:15:00Z,P1,3.056,16.4
2026-04-03T17:15:00Z,P2,0.309,16.4
2026-04-03T17:15:00Z,P3,3.212,16.4
2026-04-03T17:30:00Z,P1,3.454,15.8
2026-04-03T17:30:00Z,P2,0.340,15.8
2026-04-03T17:30:00Z,P3,1.949,15.8
2026-04-03T17:45:00Z,P1,0.567,15.9
2026-04-03T17:45:00Z,P2,0.327,15.9
2026-04-03T17:45:00Z,P3,1.912,15.9
2026-04-03T18:00:00Z,P1,3.047,15.9
2026-04-03T18:00:00Z,P2,0.515,15.9
2026-04-03T18:00:00Z,P3,2.877,15.9
2026-04-03T18:15:00Z,P1,2.474,15.6
2026-04-03T18:15:00Z,P2,2.490,15.6
2026-04-03T18:15:00Z,P3,1.760,15.6
2026-04-03T18:30:00Z,P1,2.375,15.8
2026-04-03T18:30:00Z,P2,2.483,15.8
2026-04-03T18:30:00Z,P3,2.356,15.8
2026-04-03T18:45:00Z,P1,2.329,15.3
2026-04-03T18:45:00Z,P2,2.471,15.3
2026-04-03T18:45:00Z,P3,2.775,15.3
2026-04-03T19:00:00Z,P1,4.238,15.2
2026-04-03T19:00:00Z,P2,0.514,15.2
2026-04-03T19:00:00Z,P3,3.028,15.2
2026-04-03T19:15:00Z,P1,2.897,15.7
2026-04-03T19:15:00Z,P2,0.316,15.7
2026-04-03T19:15:00Z,P3,3.678,15.7
2026-04-03T19:30:00Z,P1,2.400,14.8
2026-04-03T19:30:00Z,P2,2.015,14.8
2026-04-03T19:30:00Z,P3,3.455,14.8
2026-04-03T19:45:00Z,P1,3.442,15.2
2026-04-03T19:45:00Z,P2,2.253,15.2
2026-04-03T19:45:00Z,P3,3.477,15.2
2026-04-03T20:00:00Z,P1,3.098,15.0
2026-04-03T20:00:00Z,P2,2.480,15.0
2026-04-03T20:00:00Z,P3,3.397,15.0
2026-04-03T20:15:00Z,P1,3.658,14.4
2026-04-03T20:15:00Z,P2,2.482,14.4
2026-04-03T20:15:00Z,P3,3.473,14.4
2026-04-03T20:30:00Z,P1,4.270,14.9
2026-04-03T20:30:00Z,P2,2.477,14.9
2026-04-03T20:30:00Z,P3,3.434,14.9
2026-04-03T20:45:00Z,P1,4.230,14.4
2026-04-03T20:45:00Z,P2,2.456,14.4
2026-04-03T20:45:00Z,P3,1.911,14.4
2026-04-03T21:00:00Z,P1,2.643,13.9
2026-04-03T21:00:00Z,P2,2.463,13.9
2026-04-03T21:00:00Z,P3,1.803,13.9
2026-04-03T21:15:00Z,P1,3.417,14.5
2026-04-03T21:15:00Z,P2,2.491,14.5
2026-04-03T21:15:00Z,P3,2.917,14.5
2026-04-03T21:30:00Z,P1,4.270,13.7
2026-04-03T21:30:00Z,P2,2.467,13.7
2026-04-03T21:30:00Z,P3,2.605,13.7
2026-04-03T21:45:00Z,P1,3.348,14.1
2026-04-03T21:45:00Z,P2,2.455,14.1
2026-04-03T21:45:00Z,P3,0.359,14.1
2026-04-03T22:00:00Z,P1,3.195,13.9
2026-04-03T22:00:00Z,P2,2.509,13.9
2026-04-03T22:00:00Z,P3,0.392,13.9
2026-04-03T22:15:00Z,P1,2.429,13.9
2026-04-03T22:15:00Z,P2,2.440,13.9
2026-04-03T22:15:00Z,P3,1.502,13.9
2026-04-03T22:30:00Z,P1,1.760,13.7
2026-04-03T22:30:00Z,P2,2.418,13.7
2026-04-03T22:30:00Z,P3,0.354,13.7
2026-04-03T22:45:00Z,P1,1.527,13.6
2026-04-03T22:45:00Z,P2,0.858,13.6
2026-04-03T22:45:00Z,P3,1.659,13.6
2026-04-03T23:00:00Z,P1,3.592,13.8
2026-04-03T23:00:00Z,P2,0.313,13.8
2026-04-03T23:00:00Z,P3,3.122,13.8
2026-04-03T23:15:00Z,P1,0.670,13.5
2026-04-03T23:15:00Z,P2,0.321,13.5
2026-04-03T23:15:00Z,P3,1.745,13.5
2026-04-03T23:30:00Z,P1,2.003,13.5
2026-04-03T23:30:00Z,P2,0.330,13.5
2026-04-03T23:30:00Z,P3,1.788,13.5
2026-04-03T23:45:00Z,P1,2.989,13.1
2026-04-03T23:45:00Z,P2,0.426,13.1
2026-04-03T23:45:00Z,P3,1.228,13.1
2026-04-04T00:00:00Z,P1,1.526,13.3
2026-04-04T00:00:00Z,P2,0.348,13.3
2026-04-04T00:00:00Z,P3,0.308,13.3
2026-04-04T00:15:00Z,P1,1.610,13.3
2026-04-04T00:15:00Z,P2,0.373,13.3
2026-04-04T00:15:00Z,P3,1.290,13.3
2026-04-04T00:30:00Z,P1,2.824,13.5
2026-04-04T00:30:00Z,P2,0.341,13.5
2026-04-04T00:30:00Z,P3,0.448,13.5
2026-04-04T00:45:00Z,P1,3.314,13.1
2026-04-04T00:45:00Z,P2,0.313,13.1
2026-04-04T00:45:00Z,P3,0.389,13.1
2026-04-04T01:00:00Z,P1,0.342,12.9
2026-04-04T01:00:00Z,P2,0.330,12.9
2026-04-04T01:00:00Z,P3,3.035,12.9
2026-04-04T01:15:00Z,P1,1.766,13.0
2026-04-04T01:15:00Z,P2,0.389,13.0
2026-04-04T01:15:00Z,P3,1.816,13.0
2026-04-04T01:30:00Z,P1,2.884,13.2
2026-04-04T01:30:00Z,P2,0.403,13.2
2026-04-04T01:30:00Z,P3,1.807,13.2
2026-04-04T01:45:00Z,P1,1.775,12.7
2026-04-04T01:45:00Z,P2,0.316,12.7
2026-04-04T01:45:00Z,P3,2.624,12.7
2026-04-04T02:00:00Z,P1,1.357,12.6
2026-04-04T02:00:00Z,P2,0.350,12.6
2026-04-04T02:00:00Z,P3,1.083,12.6
2026-04-04T02:15:00Z,P1,2.352,13.2
2026-04-04T02:15:00Z,P2,0.350,13.2
2026-04-04T02:15:00Z,P3,0.389,13.2
2026-04-04T02:30:00Z,P1,3.188,13.0
2026-04-04T02:30:00Z,P2,0.353,13.0
2026-04-04T02:30:00Z,P3,0.458,13.0
2026-04-04T02:45:00Z,P1,0.487,13.4
2026-04-04T02:45:00Z,P2,0.359,13.4
2026-04-04T02:45:00Z,P3,1.588,13.4
2026-04-04T03:00:00Z,P1,2.107,13.2
2026-04-04T03:00:00Z,P2,0.348,13.2
2026-04-04T03:00:00Z,P3,1.153,13.2
2026-04-04T03:15:00Z,P1,2.692,13.1
2026-04-04T03:15:00Z,P2,0.334,13.1
2026-04-04T03:15:00Z,P3,2.022,13.1
2026-04-04T03:30:00Z,P1,1.853,13.4
2026-04-04T03:30:00Z,P2,0.354,13.4
2026-04-04T03:30:00Z,P3,2.903,13.4
2026-04-04T03:45:00Z,P1,1.218,12.9
2026-04-04T03:45:00Z,P2,0.303,12.9
2026-04-04T03:45:00Z,P3,1.833,12.9
2026-04-04T04:00:00Z,P1,2.739,13.3
2026-04-04T04:00:00Z,P2,0.379,13.3
2026-04-04T04:00:00Z,P3,0.331,13.3
2026-04-04T04:15:00Z,P1,2.787,13.3
2026-04-04T04:15:00Z,P2,0.370,13.3
2026-04-04T04:15:00Z,P3,1.754,13.3
2026-04-04T04:30:00Z,P1,0.581,13.5
2026-04-04T04:30:00Z,P2,0.297,13.5
2026-04-04T04:30:00Z,P3,0.406,13.5
2026-04-04T04:45:00Z,P1,2.527,13.8
2026-04-04T04:45:00Z,P2,0.328,13.8
2026-04-04T04:45:00Z,P3,0.372,13.8
2026-04-04T05:00:00Z,P1,2.990,13.3
2026-04-04T05:00:00Z,P2,0.375,13.3
2026-04-04T05:00:00Z,P3,1.802,13.3
2026-04-04T05:15:00Z,P1,1.130,13.7
2026-04-04T05:15:00Z,P2,0.335,13.7
2026-04-04T05:15:00Z,P3,2.221,13.7
2026-04-04T05:30:00Z,P1,1.768,13.5
2026-04-04T05:30:00Z,P2,0.318,13.5
2026-04-04T05:30:00Z,P3,1.803,13.5
2026-04-04T05:45:00Z,P1,2.605,13.8
2026-04-04T05:45:00Z,P2,0.339,13.8
2026-04-04T05:45:00Z,P3,2.983,13.8
2026-04-04T06:00:00Z,P1,2.146,13.7
2026-04-04T06:00:00Z,P2,0.359,13.7
2026-04-04T06:00:00Z,P3,0.979,13.7
2026-04-04T06:15:00Z,P1,0.430,14.0
2026-04-04T06:15:00Z,P2,0.398,14.0
2026-04-04T06:15:00Z,P3,0.480,14.0
2026-04-04T06:30:00Z,P1,3.504,14.1
2026-04-04T06:30:00Z,P2,0.409,14.1
2026-04-04T06:30:00Z,P3,1.534,14.1
2026-04-04T06:45:00Z,P1,1.582,14.5
2026-04-04T06:45:00Z,P2,0.344,14.5
2026-04-04T06:45:00Z,P3,0.307,14.5
2026-04-04T07:00:00Z,P1,1.491,14.7
2026-04-04T07:00:00Z,P2,0.329,14.7
2026-04-04T07:00:00Z,P3,1.352,14.7
2026-04-04T07:15:00Z,P1,2.516,14.3
2026-04-04T07:15:00Z,P2,0.309,14.3
2026-04-04T07:15:00Z,P3,2.531,14.3
2026-04-04T07:30:00Z,P1,2.470,14.9
2026-04-04T07:30:00Z,P2,0.374,14.9
2026-04-04T07:30:00Z,P3,2.145,14.9
2026-04-04T07:45:00Z,P1,1.061,14.9
2026-04-04T07:45:00Z,P2,0.317,14.9
2026-04-04T07:45:00Z,P3,3.170,14.9
2026-04-04T08:00:00Z,P1,2.833,14.8
2026-04-04T08:00:00Z,P2,0.301,14.8
2026-04-04T08:00:00Z,P3,1.867,14.8
2026-04-04T08:15:00Z,P1,2.380,15.0
2026-04-04T08:15:00Z,P2,0.287,15.0
2026-04-04T08:15:00Z,P3,2.263,15.0
2026-04-04T08:30:00Z,P1,2.225,15.2
2026-04-04T08:30:00Z,P2,2.306,15.2
2026-04-04T08:30:00Z,P3,3.440,15.2
2026-04-04T08:45:00Z,P1,3.419,15.7
2026-04-04T08:45:00Z,P2,2.601,15.7
2026-04-04T08:45:00Z,P3,2.537,15.7
2026-04-04T09:00:00Z,P1,2.576,15.4
2026-04-04T09:00:00Z,P2,2.417,15.4
2026-04-04T09:00:00Z,P3,1.821,15.4
2026-04-04T09:15:00Z,P1,0.895,15.7
2026-04-04T09:15:00Z,P2,2.204,15.7
2026-04-04T09:15:00Z,P3,2.803,15.7
2026-04-04T09:30:00Z,P1,3.220,15.9
2026-04-04T09:30:00Z,P2,2.430,15.9
2026-04-04T09:30:00Z,P3,2.048,15.9
2026-04-04T09:45:00Z,P1,1.726,15.6
2026-04-04T09:45:00Z,P2,2.560,15.6
2026-04-04T09:45:00Z,P3,1.782,15.6
2026-04-04T10:00:00Z,P1,1.747,16.0
2026-04-04T10:00:00Z,P2,4.107,16.0
2026-04-04T10:00:00Z,P3,2.895,16.0
2026-04-04T10:15:00Z,P1,2.058,16.3
2026-04-04T10:15:00Z,P2,4.643,16.3
2026-04-04T10:15:00Z,P3,1.813,16.3
2026-04-04T10:30:00Z,P1,3.047,15.9
2026-04-04T10:30:00Z,P2,4.669,15.9
2026-04-04T10:30:00Z,P3,0.358,15.9
2026-04-04T10:45:00Z,P1,1.439,16.1
2026-04-04T10:45:00Z,P2,4.392,16.1
2026-04-04T10:45:00Z,P3,1.913,16.1
2026-04-04T11:00:00Z,P1,1.947,16.3
2026-04-04T11:00:00Z,P2,2.526,16.3
2026-04-04T11:00:00Z,P3,0.456,16.3
2026-04-04T11:15:00Z,P1,3.034,16.2
2026-04-04T11:15:00Z,P2,2.514,16.2
2026-04-04T11:15:00Z,P3,0.477,16.2
2026-04-04T11:30:00Z,P1,2.033,16.8
2026-04-04T11:30:00Z,P2,3.295,16.8
2026-04-04T11:30:00Z,P3,3.063,16.8
2026-04-04T11:45:00Z,P1,4.228,16.4
2026-04-04T11:45:00Z,P2,4.701,16.4
2026-04-04T11:45:00Z,P3,3.446,16.4
2026-04-04T12:00:00Z,P1,2.758,16.5
2026-04-04T12:00:00Z,P2,4.668,16.5
2026-04-04T12:00:00Z,P3,3.032,16.5
2026-04-04T12:15:00Z,P1,0.310,16.6
2026-04-04T12:15:00Z,P2,4.384,16.6
2026-04-04T12:15:00Z,P3,1.832,16.6
2026-04-04T12:30:00Z,P1,4.012,16.9
2026-04-04T12:30:00Z,P2,2.563,16.9
2026-04-04T12:30:00Z,P3,1.795,16.9
2026-04-04T12:45:00Z,P1,1.805,16.4
2026-04-04T12:45:00Z,P2,0.827,16.4
2026-04-04T12:45:00Z,P3,0.910,16.4
2026-04-04T13:00:00Z,P1,2.232,16.8
2026-04-04T13:00:00Z,P2,0.332,16.8
2026-04-04T13:00:00Z,P3,0.338,16.8
2026-04-04T13:15:00Z,P1,3.831,16.2
2026-04-04T13:15:00Z,P2,0.385,16.2
2026-04-04T13:15:00Z,P3,1.468,16.2
2026-04-04T13:30:00Z,P1,4.105,16.5
2026-04-04T13:30:00Z,P2,0.293,16.5
2026-04-04T13:30:00Z,P3,0.728,16.5
2026-04-04T13:45:00Z,P1,4.082,16.5
2026-04-04T13:45:00Z,P2,0.356,16.5
2026-04-04T13:45:00Z,P3,1.347,16.5
2026-04-04T14:00:00Z,P1,4.231,17.0
2026-04-04T14:00:00Z,P2,0.352,17.0
2026-04-04T14:00:00Z,P3,3.202,17.0
2026-04-04T14:15:00Z,P1,3.878,16.7
2026-04-04T14:15:00Z,P2,0.356,16.7
2026-04-04T14:15:00Z,P3,1.898,16.7
2026-04-04T14:30:00Z,P1,3.011,17.1
2026-04-04T14:30:00Z,P2,0.324,17.1
2026-04-04T14:30:00Z,P3,2.338,17.1
2026-04-04T14:45:00Z,P1,3.117,16.7
2026-04-04T14:45:00Z,P2,0.366,16.7
2026-04-04T14:45:00Z,P3,1.993,16.7
2026-04-04T15:00:00Z,P1,3.715,16.8
2026-04-04T15:00:00Z,P2,0.327,16.8
2026-04-04T15:00:00Z,P3,0.361,16.8
2026-04-04T15:15:00Z,P1,0.866,16.6
2026-04-04T15:15:00Z,P2,0.330,16.6
2026-04-04T15:15:00Z,P3,1.244,16.6
2026-04-04T15:30:00Z,P1,1.613,16.7
2026-04-04T15:30:00Z,P2,0.363,16.7
2026-04-04T15:30:00Z,P3,1.123,16.7
2026-04-04T15:45:00Z,P1,2.875,16.5
2026-04-04T15:45:00Z,P2,0.314,16.5
2026-04-04T15:45:00Z,P3,0.365,16.5
2026-04-04T16:00:00Z,P1,2.667,16.3
2026-04-04T16:00:00Z,P2,0.347,16.3
2026-04-04T16:00:00Z,P3,2.129,16.3
2026-04-04T16:15:00Z,P1,1.507,16.5
2026-04-04T16:15:00Z,P2,0.343,16.5
2026-04-04T16:15:00Z,P3,2.330,16.5
2026-04-04T16:30:00Z,P1,1.684,16.8
2026-04-04T16:30:00Z,P2,0.762,16.8
2026-04-04T16:30:00Z,P3,1.862,16.8
2026-04-04T16:45:00Z,P1,3.538,16.3
2026-04-04T16:45:00Z,P2,2.515,16.3
2026-04-04T16:45:00Z,P3,2.230,16.3
2026-04-04T17:00:00Z,P1,0.623,16.1
2026-04-04T17:00:00Z,P2,2.462,16.1
2026-04-04T17:00:00Z,P3,0.352,16.1
2026-04-04T17:15:00Z,P1,2.427,16.1
2026-04-04T17:15:00Z,P2,1.486,16.1
2026-04-04T17:15:00Z,P3,0.310,16.1
2026-04-04T17:30:00Z,P1,3.343,16.2
2026-04-04T17:30:00Z,P2,0.323,16.2
2026-04-04T17:30:00Z,P3,1.918,16.2
2026-04-04T17:45:00Z,P1,0.842,16.3
2026-04-04T17:45:00Z,P2,0.381,16.3
2026-04-04T17:45:00Z,P3,1.038,16.3
2026-04-04T18:00:00Z,P1,2.008,16.0
2026-04-04T18:00:00Z,P2,0.339,16.0
2026-04-04T18:00:00Z,P3,1.920,16.0
2026-04-04T18:15:00Z,P1,2.361,15.4
2026-04-04T18:15:00Z,P2,0.330,15.4
2026-04-04T18:15:00Z,P3,2.996,15.4
2026-04-04T18:30:00Z,P1,2.387,15.5
2026-04-04T18:30:00Z,P2,0.370,15.5
2026-04-04T18:30:00Z,P3,2.522,15.5
2026-04-04T18:45:00Z,P1,0.587,15.3
2026-04-04T18:45:00Z,P2,0.399,15.3
2026-04-04T18:45:00Z,P3,2.458,15.3
2026-04-04T19:00:00Z,P1,3.338,15.3
2026-04-04T19:00:00Z,P2,0.275,15.3
2026-04-04T19:00:00Z,P3,2.071,15.3
2026-04-04T19:15:00Z,P1,2.307,15.1
2026-04-04T19:15:00Z,P2,0.345,15.1
2026-04-04T19:15:00Z,P3,2.016,15.1
2026-04-04T19:30:00Z,P1,0.963,15.2
2026-04-04T19:30:00Z,P2,0.297,15.2
2026-04-04T19:30:00Z,P3,1.964,15.2
2026-04-04T19:45:00Z,P1,3.252,15.6
2026-04-04T19:45:00Z,P2,0.354,15.6
2026-04-04T19:45:00Z,P3,2.750,15.6
2026-04-04T20:00:00Z,P1,1.884,14.8
2026-04-04T20:00:00Z,P2,0.348,14.8
2026-04-04T20:00:00Z,P3,2.377,14.8
2026-04-04T20:15:00Z,P1,1.619,14.8
2026-04-04T20:15:00Z,P2,0.363,14.8
2026-04-04T20:15:00Z,P3,1.835,14.8
2026-04-04T20:30:00Z,P1,2.067,14.8
2026-04-04T20:30:00Z,P2,0.370,14.8
2026-04-04T20:30:00Z,P3,2.503,14.8
2026-04-04T20:45:00Z,P1,2.784,14.9
2026-04-04T20:45:00Z,P2,0.358,14.9
2026-04-04T20:45:00Z,P3,0.670,14.9
2026-04-04T21:00:00Z,P1,1.477,14.6
2026-04-04T21:00:00Z,P2,0.374,14.6
2026-04-04T21:00:00Z,P3,0.395,14.6
2026-04-04T21:15:00Z,P1,1.229,14.1
2026-04-04T21:15:00Z,P2,0.359,14.1
2026-04-04T21:15:00Z,P3,1.909,14.1
2026-04-04T21:30:00Z,P1,3.670,14.4
2026-04-04T21:30:00Z,P2,0.285,14.4
2026-04-04T21:30:00Z,P3,0.353,14.4
2026-04-04T21:45:00Z,P1,0.834,14.3
2026-04-04T21:45:00Z,P2,0.334,14.3
2026-04-04T21:45:00Z,P3,0.677,14.3
2026-04-04T22:00:00Z,P1,1.326,14.3
2026-04-04T22:00:00Z,P2,0.375,14.3
2026-04-04T22:00:00Z,P3,1.783,14.3
2026-04-04T22:15:00Z,P1,2.798,13.5
2026-04-04T22:15:00Z,P2,0.339,13.5
2026-04-04T22:15:00Z,P3,1.831,13.5
2026-04-04T22:30:00Z,P1,2.400,13.7
2026-04-04T22:30:00Z,P2,0.377,13.7
2026-04-04T22:30:00Z,P3,2.343,13.7
2026-04-04T22:45:00Z,P1,1.437,13.7
2026-04-04T22:45:00Z,P2,0.314,13.7
2026-04-04T22:45:00Z,P3,2.598,13.7
2026-04-04T23:00:00Z,P1,1.758,13.5
2026-04-04T23:00:00Z,P2,0.368,13.5
2026-04-04T23:00:00Z,P3,0.717,13.5
2026-04-04T23:15:00Z,P1,3.440,13.6
2026-04-04T23:15:00Z,P2,0.403,13.6
2026-04-04T23:15:00Z,P3,1.044,13.6
2026-04-04T23:30:00Z,P1,0.508,12.9
2026-04-04T23:30:00Z,P2,0.411,12.9
2026-04-04T23:30:00Z,P3,1.248,12.9
2026-04-04T23:45:00Z,P1,1.723,13.5
2026-04-04T23:45:00Z,P2,1.227,13.5
2026-04-04T23:45:00Z,P3,0.369,13.5
2026-04-05T00:00:00Z,P1,2.933,13.4
2026-04-05T00:00:00Z,P2,2.474,13.4
2026-04-05T00:00:00Z,P3,1.806,13.4
2026-04-05T00:15:00Z,P1,2.903,13.5
2026-04-05T00:15:00Z,P2,2.405,13.5
2026-04-05T00:15:00Z,P3,2.316,13.5
2026-04-05T00:30:00Z,P1,1.881,13.3
2026-04-05T00:30:00Z,P2,0.656,13.3
2026-04-05T00:30:00Z,P3,2.182,13.3
2026-04-05T00:45:00Z,P1,0.600,13.7
2026-04-05T00:45:00Z,P2,0.371,13.7
2026-04-05T00:45:00Z,P3,2.990,13.7
2026-04-05T01:00:00Z,P1,3.478,12.9
2026-04-05T01:00:00Z,P2,0.335,12.9
2026-04-05T01:00:00Z,P3,2.163,12.9
2026-04-05T01:15:00Z,P1,1.626,13.0
2026-04-05T01:15:00Z,P2,0.276,13.0
2026-04-05T01:15:00Z,P3,1.812,13.0
2026-04-05T01:30:00Z,P1,1.408,13.0
2026-04-05T01:30:00Z,P2,0.347,13.0
2026-04-05T01:30:00Z,P3,2.964,13.0
2026-04-05T01:45:00Z,P1,2.951,12.9
2026-04-05T01:45:00Z,P2,0.345,12.9
2026-04-05T01:45:00Z,P3,1.808,12.9
2026-04-05T02:00:00Z,P1,2.473,13.0
2026-04-05T02:00:00Z,P2,0.276,13.0
2026-04-05T02:00:00Z,P3,1.821,13.0
2026-04-05T02:15:00Z,P1,2.597,13.0
2026-04-05T02:15:00Z,P2,0.363,13.0
2026-04-05T02:15:00Z,P3,3.348,13.0
2026-04-05T02:30:00Z,P1,2.455,13.0
2026-04-05T02:30:00Z,P2,0.334,13.0
2026-04-05T02:30:00Z,P3,1.795,13.0
2026-04-05T02:45:00Z,P1,3.684,12.7
2026-04-05T02:45:00Z,P2,0.364,12.7
2026-04-05T02:45:00Z,P3,1.750,12.7
2026-04-05T03:00:00Z,P1,2.808,13.0
2026-04-05T03:00:00Z,P2,0.403,13.0
2026-04-05T03:00:00Z,P3,3.307,13.0
2026-04-05T03:15:00Z,P1,3.093,13.4
2026-04-05T03:15:00Z,P2,0.340,13.4
2026-04-05T03:15:00Z,P3,1.880,13.4
2026-04-05T03:30:00Z,P1,3.430,13.3
2026-04-05T03:30:00Z,P2,0.289,13.3
2026-04-05T03:30:00Z,P3,0.803,13.3
2026-04-05T03:45:00Z,P1,2.598,13.1
2026-04-05T03:45:00Z,P2,0.350,13.1
2026-04-05T03:45:00Z,P3,1.329,13.1
2026-04-05T04:00:00Z,P1,3.754,13.3
2026-04-05T04:00:00Z,P2,0.341,13.3
2026-04-05T04:00:00Z,P3,0.658,13.3
2026-04-05T04:15:00Z,P1,2.528,13.5
2026-04-05T04:15:00Z,P2,0.343,13.5
2026-04-05T04:15:00Z,P3,0.364,13.5
2026-04-05T04:30:00Z,P1,2.435,13.6
2026-04-05T04:30:00Z,P2,0.356,13.6
2026-04-05T04:30:00Z,P3,1.580,13.6
2026-04-05T04:45:00Z,P1,0.950,13.7
2026-04-05T04:45:00Z,P2,0.304,13.7
2026-04-05T04:45:00Z,P3,1.480,13.7
2026-04-05T05:00:00Z,P1,2.296,13.7
2026-04-05T05:00:00Z,P2,0.358,13.7
2026-04-05T05:00:00Z,P3,2.646,13.7
2026-04-05T05:15:00Z,P1,2.951,13.7
2026-04-05T05:15:00Z,P2,0.379,13.7
2026-04-05T05:15:00Z,P3,2.327,13.7
2026-04-05T05:30:00Z,P1,0.606,13.8
2026-04-05T05:30:00Z,P2,0.284,13.8
2026-04-05T05:30:00Z,P3,1.555,13.8
2026-04-05T05:45:00Z,P1,2.760,13.9
2026-04-05T05:45:00Z,P2,0.332,13.9
2026-04-05T05:45:00Z,P3,0.999,13.9
2026-04-05T06:00:00Z,P1,2.461,14.1
2026-04-05T06:00:00Z,P2,0.335,14.1
2026-04-05T06:00:00Z,P3,1.133,14.1
2026-04-05T06:15:00Z,P1,1.075,14.1
2026-04-05T06:15:00Z,P2,0.295,14.1
2026-04-05T06:15:00Z,P3,0.347,14.1
2026-04-05T06:30:00Z,P1,2.652,14.6
2026-04-05T06:30:00Z,P2,0.336,14.6
2026-04-05T06:30:00Z,P3,1.135,14.6
2026-04-05T06:45:00Z,P1,2.523,14.1
2026-04-05T06:45:00Z,P2,0.345,14.1
2026-04-05T06:45:00Z,P3,0.995,14.1
2026-04-05T07:00:00Z,P1,1.898,14.6
2026-04-05T07:00:00Z,P2,0.365,14.6
2026-04-05T07:00:00Z,P3,1.797,14.6
2026-04-05T07:15:00Z,P1,2.202,14.8
2026-04-05T07:15:00Z,P2,0.345,14.8
2026-04-05T07:15:00Z,P3,2.648,14.8
2026-04-05T07:30:00Z,P1,4.164,14.8
2026-04-05T07:30:00Z,P2,0.361,14.8
2026-04-05T07:30:00Z,P3,2.269,14.8
2026-04-05T07:45:00Z,P1,4.060,14.8
2026-04-05T07:45:00Z,P2,0.330,14.8
2026-04-05T07:45:00Z,P3,1.534,14.8
2026-04-05T08:00:00Z,P1,4.162,14.9
2026-04-05T08:00:00Z,P2,0.367,14.9
2026-04-05T08:00:00Z,P3,1.510,14.9
2026-04-05T08:15:00Z,P1,4.169,15.3
2026-04-05T08:15:00Z,P2,0.314,15.3
2026-04-05T08:15:00Z,P3,0.351,15.3
2026-04-05T08:30:00Z,P1,3.026,15.4
2026-04-05T08:30:00Z,P2,0.311,15.4
2026-04-05T08:30:00Z,P3,0.359,15.4
2026-04-05T08:45:00Z,P1,3.317,15.2
2026-04-05T08:45:00Z,P2,0.288,15.2
2026-04-05T08:45:00Z,P3,1.531,15.2
2026-04-05T09:00:00Z,P1,2.613,15.7
2026-04-05T09:00:00Z,P2,0.320,15.7
2026-04-05T09:00:00Z,P3,1.896,15.7
2026-04-05T09:15:00Z,P1,3.819,15.6
2026-04-05T09:15:00Z,P2,0.369,15.6
2026-04-05T09:15:00Z,P3,1.838,15.6
2026-04-05T09:30:00Z,P1,0.878,15.7
2026-04-05T09:30:00Z,P2,0.357,15.7
2026-04-05T09:30:00Z,P3,3.207,15.7
2026-04-05T09:45:00Z,P1,1.900,16.1
2026-04-05T09:45:00Z,P2,0.396,16.1
2026-04-05T09:45:00Z,P3,1.931,16.1
2026-04-05T10:00:00Z,P1,3.468,15.8
2026-04-05T10:00:00Z,P2,0.359,15.8
2026-04-05T10:00:00Z,P3,0.457,15.8
2026-04-05T10:15:00Z,P1,0.860,16.1
2026-04-05T10:15:00Z,P2,0.323,16.1
2026-04-05T10:15:00Z,P3,1.799,16.1
2026-04-05T10:30:00Z,P1,2.098,16.1
2026-04-05T10:30:00Z,P2,0.365,16.1
2026-04-05T10:30:00Z,P3,0.303,16.1
2026-04-05T10:45:00Z,P1,2.895,16.3
2026-04-05T10:45:00Z,P2,0.400,16.3
2026-04-05T10:45:00Z,P3,0.363,16.3
2026-04-05T11:00:00Z,P1,2.126,16.9
2026-04-05T11:00:00Z,P2,0.727,16.9
2026-04-05T11:00:00Z,P3,2.162,16.9
2026-04-05T11:15:00Z,P1,1.015,16.4
2026-04-05T11:15:00Z,P2,2.505,16.4
2026-04-05T11:15:00Z,P3,2.950,16.4
2026-04-05T11:30:00Z,P1,2.976,16.5
2026-04-05T11:30:00Z,P2,2.484,16.5
2026-04-05T11:30:00Z,P3,2.645,16.5
2026-04-05T11:45:00Z,P1,2.844,16.6
2026-04-05T11:45:00Z,P2,2.322,16.6
2026-04-05T11:45:00Z,P3,2.942,16.6
2026-04-05T12:00:00Z,P1,0.514,16.4
2026-04-05T12:00:00Z,P2,0.378,16.4
2026-04-05T12:00:00Z,P3,2.387,16.4
2026-04-05T12:15:00Z,P1,3.329,16.8
2026-04-05T12:15:00Z,P2,0.341,16.8
2026-04-05T12:15:00Z,P3,1.541,16.8
2026-04-05T12:30:00Z,P1,2.664,16.7
2026-04-05T12:30:00Z,P2,0.339,16.7
2026-04-05T12:30:00Z,P3,1.981,16.7
2026-04-05T12:45:00Z,P1,1.118,17.0
2026-04-05T12:45:00Z,P2,0.318,17.0
2026-04-05T12:45:00Z,P3,1.990,17.0
2026-04-05T13:00:00Z,P1,2.350,17.0
2026-04-05T13:00:00Z,P2,1.994,17.0
2026-04-05T13:00:00Z,P3,2.128,17.0
2026-04-05T13:15:00Z,P1,2.571,17.1
2026-04-05T13:15:00Z,P2,2.565,17.1
2026-04-05T13:15:00Z,P3,3.456,17.1
2026-04-05T13:30:00Z,P1,3.834,16.9
2026-04-05T13:30:00Z,P2,3.767,16.9
2026-04-05T13:30:00Z,P3,3.449,16.9
2026-04-05T13:45:00Z,P1,1.491,17.1
2026-04-05T13:45:00Z,P2,4.670,17.1
2026-04-05T13:45:00Z,P3,3.411,17.1
2026-04-05T14:00:00Z,P1,1.985,16.7
2026-04-05T14:00:00Z,P2,4.680,16.7
2026-04-05T14:00:00Z,P3,3.604,16.7
2026-04-05T14:15:00Z,P1,3.497,16.7
2026-04-05T14:15:00Z,P2,3.633,16.7
2026-04-05T14:15:00Z,P3,2.895,16.7
2026-04-05T14:30:00Z,P1,0.722,16.9
2026-04-05T14:30:00Z,P2,0.363,16.9
2026-04-05T14:30:00Z,P3,1.997,16.9
2026-04-05T14:45:00Z,P1,2.633,16.9
2026-04-05T14:45:00Z,P2,0.364,16.9
2026-04-05T14:45:00Z,P3,1.997,16.9
2026-04-05T15:00:00Z,P1,2.599,16.9
2026-04-05T15:00:00Z,P2,0.374,16.9
2026-04-05T15:00:00Z,P3,2.037,16.9
2026-04-05T15:15:00Z,P1,1.751,16.5
2026-04-05T15:15:00Z,P2,0.411,16.5
2026-04-05T15:15:00Z,P3,2.352,16.5
2026-04-05T15:30:00Z,P1,0.809,16.9
2026-04-05T15:30:00Z,P2,0.363,16.9
2026-04-05T15:30:00Z,P3,2.022,16.9
2026-04-05T15:45:00Z,P1,3.229,16.9
2026-04-05T15:45:00Z,P2,0.339,16.9
2026-04-05T15:45:00Z,P3,1.795,16.9
2026-04-05T16:00:00Z,P1,2.526,16.4
2026-04-05T16:00:00Z,P2,0.248,16.4
2026-04-05T16:00:00Z,P3,3.092,16.4
2026-04-05T16:15:00Z,P1,0.477,16.7
2026-04-05T16:15:00Z,P2,0.374,16.7
2026-04-05T16:15:00Z,P3,1.925,16.7
2026-04-05T16:30:00Z,P1,3.324,16.6
2026-04-05T16:30:00Z,P2,0.379,16.6
2026-04-05T16:30:00Z,P3,0.697,16.6
2026-04-05T16:45:00Z,P1,1.999,16.5
2026-04-05T16:45:00Z,P2,0.323,16.5
2026-04-05T16:45:00Z,P3,1.807,16.5
2026-04-05T17:00:00Z,P1,1.240,16.2
2026-04-05T17:00:00Z,P2,0.307,16.2
2026-04-05T17:00:00Z,P3,0.458,16.2
2026-04-05T17:15:00Z,P1,2.959,16.7
2026-04-05T17:15:00Z,P2,0.322,16.7
2026-04-05T17:15:00Z,P3,0.350,16.7
2026-04-05T17:30:00Z,P1,2.163,16.3
2026-04-05T17:30:00Z,P2,0.351,16.3
2026-04-05T17:30:00Z,P3,1.781,16.3
2026-04-05T17:45:00Z,P1,1.874,15.8
2026-04-05T17:45:00Z,P2,0.339,15.8
2026-04-05T17:45:00Z,P3,1.776,15.8
2026-04-05T18:00:00Z,P1,1.386,16.1
2026-04-05T18:00:00Z,P2,0.342,16.1
2026-04-05T18:00:00Z,P3,1.777,16.1
2026-04-05T18:15:00Z,P1,3.605,15.7
2026-04-05T18:15:00Z,P2,0.408,15.7
2026-04-05T18:15:00Z,P3,3.094,15.7
2026-04-05T18:30:00Z,P1,1.003,16.0
2026-04-05T18:30:00Z,P2,0.362,16.0
2026-04-05T18:30:00Z,P3,2.005,16.0
2026-04-05T18:45:00Z,P1,1.971,15.8
2026-04-05T18:45:00Z,P2,0.328,15.8
2026-04-05T18:45:00Z,P3,2.586,15.8
2026-04-05T19:00:00Z,P1,3.483,15.6
2026-04-05T19:00:00Z,P2,0.334,15.6
2026-04-05T19:00:00Z,P3,3.010,15.6
2026-04-05T19:15:00Z,P1,0.487,15.7
2026-04-05T19:15:00Z,P2,0.362,15.7
2026-04-05T19:15:00Z,P3,1.825,15.7
2026-04-05T19:30:00Z,P1,2.212,15.3
2026-04-05T19:30:00Z,P2,0.313,15.3
2026-04-05T19:30:00Z,P3,2.867,15.3
2026-04-05T19:45:00Z,P1,2.953,15.2
2026-04-05T19:45:00Z,P2,0.306,15.2
2026-04-05T19:45:00Z,P3,2.152,15.2
2026-04-05T20:00:00Z,P1,1.271,15.0
2026-04-05T20:00:00Z,P2,0.356,15.0
2026-04-05T20:00:00Z,P3,1.794,15.0
2026-04-05T20:15:00Z,P1,1.985,14.7
2026-04-05T20:15:00Z,P2,1.117,14.7
2026-04-05T20:15:00Z,P3,2.937,14.7
2026-04-05T20:30:00Z,P1,2.655,14.7
2026-04-05T20:30:00Z,P2,2.503,14.7
2026-04-05T20:30:00Z,P3,2.157,14.7
2026-04-05T20:45:00Z,P1,1.924,15.0
2026-04-05T20:45:00Z,P2,2.442,15.0
2026-04-05T20:45:00Z,P3,1.857,15.0
2026-04-05T21:00:00Z,P1,1.340,14.8
2026-04-05T21:00:00Z,P2,2.211,14.8
2026-04-05T21:00:00Z,P3,3.166,14.8
2026-04-05T21:15:00Z,P1,2.706,14.6
2026-04-05T21:15:00Z,P2,2.316,14.6
2026-04-05T21:15:00Z,P3,0.397,14.6
2026-04-05T21:30:00Z,P1,2.904,14.2
2026-04-05T21:30:00Z,P2,2.456,14.2
2026-04-05T21:30:00Z,P3,0.680,14.2
2026-04-05T21:45:00Z,P1,1.042,14.3
2026-04-05T21:45:00Z,P2,2.518,14.3
2026-04-05T21:45:00Z,P3,1.345,14.3
2026-04-05T22:00:00Z,P1,2.565,13.9
2026-04-05T22:00:00Z,P2,2.485,13.9
2026-04-05T22:00:00Z,P3,0.400,13.9
2026-04-05T22:15:00Z,P1,2.813,14.1
2026-04-05T22:15:00Z,P2,2.499,14.1
2026-04-05T22:15:00Z,P3,1.113,14.1
2026-04-05T22:30:00Z,P1,0.618,13.8
2026-04-05T22:30:00Z,P2,3.224,13.8
2026-04-05T22:30:00Z,P3,2.587,13.8
2026-04-05T22:45:00Z,P1,3.331,14.0
2026-04-05T22:45:00Z,P2,4.672,14.0
2026-04-05T22:45:00Z,P3,1.782,14.0
2026-04-05T23:00:00Z,P1,2.100,13.8
2026-04-05T23:00:00Z,P2,4.681,13.8
2026-04-05T23:00:00Z,P3,2.971,13.8
2026-04-05T23:15:00Z,P1,1.237,14.0
2026-04-05T23:15:00Z,P2,4.397,14.0
2026-04-05T23:15:00Z,P3,1.107,14.0
2026-04-05T23:30:00Z,P1,2.472,13.5
2026-04-05T23:30:00Z,P2,2.527,13.5
2026-04-05T23:30:00Z,P3,1.356,13.5
2026-04-05T23:45:00Z,P1,2.704,13.2
2026-04-05T23:45:00Z,P2,0.500,13.2
2026-04-05T23:45:00Z,P3,0.812,13.2
2026-04-06T00:00:00Z,P1,1.452,13.3
2026-04-06T00:00:00Z,P2,0.302,13.3
2026-04-06T00:00:00Z,P3,0.308,13.3
2026-04-06T00:15:00Z,P1,1.094,13.4
2026-04-06T00:15:00Z,P2,0.365,13.4
2026-04-06T00:15:00Z,P3,1.677,13.4
2026-04-06T00:30:00Z,P1,2.857,13.2
2026-04-06T00:30:00Z,P2,0.348,13.2
2026-04-06T00:30:00Z,P3,1.007,13.2
2026-04-06T00:45:00Z,P1,3.135,13.4
2026-04-06T00:45:00Z,P2,0.344,13.4
2026-04-06T00:45:00Z,P3,1.801,13.4
2026-04-06T01:00:00Z,P1,4.193,13.2
2026-04-06T01:00:00Z,P2,0.384,13.2
2026-04-06T01:00:00Z,P3,3.160,13.2
2026-04-06T01:15:00Z,P1,4.241,13.1
2026-04-06T01:15:00Z,P2,0.377,13.1
2026-04-06T01:15:00Z,P3,1.811,13.1
2026-04-06T01:30:00Z,P1,4.227,13.0
2026-04-06T01:30:00Z,P2,0.352,13.0
2026-04-06T01:30:00Z,P3,1.317,13.0
2026-04-06T01:45:00Z,P1,4.241,13.2
2026-04-06T01:45:00Z,P2,0.383,13.2
2026-04-06T01:45:00Z,P3,1.383,13.2
2026-04-06T02:00:00Z,P1,4.214,13.3
2026-04-06T02:00:00Z,P2,0.365,13.3
2026-04-06T02:00:00Z,P3,0.380,13.3
2026-04-06T02:15:00Z,P1,2.599,13.1
2026-04-06T02:15:00Z,P2,0.302,13.1
2026-04-06T02:15:00Z,P3,0.944,13.1
2026-04-06T02:30:00Z,P1,2.032,13.0
2026-04-06T02:30:00Z,P2,0.350,13.0
2026-04-06T02:30:00Z,P3,0.916,13.0
2026-04-06T02:45:00Z,P1,0.927,13.1
2026-04-06T02:45:00Z,P2,0.326,13.1
2026-04-06T02:45:00Z,P3,0.656,13.1
2026-04-06T03:00:00Z,P1,3.093,13.2
2026-04-06T03:00:00Z,P2,0.338,13.2
2026-04-06T03:00:00Z,P3,1.906,13.2
2026-04-06T03:15:00Z,P1,1.855,13.5
2026-04-06T03:15:00Z,P2,0.377,13.5
2026-04-06T03:15:00Z,P3,2.989,13.5
2026-04-06T03:30:00Z,P1,1.146,13.1
2026-04-06T03:30:00Z,P2,0.317,13.1
2026-04-06T03:30:00Z,P3,1.691,13.1
2026-04-06T03:45:00Z,P1,3.587,13.5
2026-04-06T03:45:00Z,P2,0.351,13.5
2026-04-06T03:45:00Z,P3,0.326,13.5
2026-04-06T04:00:00Z,P1,0.753,13.7
2026-04-06T04:00:00Z,P2,0.366,13.7
2026-04-06T04:00:00Z,P3,1.757,13.7
2026-04-06T04:15:00Z,P1,1.706,13.1
2026-04-06T04:15:00Z,P2,0.326,13.1
2026-04-06T04:15:00Z,P3,0.313,13.1
2026-04-06T04:30:00Z,P1,2.651,13.3
2026-04-06T04:30:00Z,P2,0.395,13.3
2026-04-06T04:30:00Z,P3,0.305,13.3
2026-04-06T04:45:00Z,P1,1.973,13.6
2026-04-06T04:45:00Z,P2,0.364,13.6
2026-04-06T04:45:00Z,P3,1.780,13.6
2026-04-06T05:00:00Z,P1,1.268,13.8
2026-04-06T05:00:00Z,P2,0.317,13.8
2026-04-06T05:00:00Z,P3,0.732,13.8
2026-04-06T05:15:00Z,P1,2.590,13.5
2026-04-06T05:15:00Z,P2,0.396,13.5
2026-04-06T05:15:00Z,P3,1.783,13.5
2026-04-06T05:30:00Z,P1,2.834,13.7
2026-04-06T05:30:00Z,P2,0.320,13.7
2026-04-06T05:30:00Z,P3,2.774,13.7
2026-04-06T05:45:00Z,P1,0.628,14.6
2026-04-06T05:45:00Z,P2,0.338,14.6
2026-04-06T05:45:00Z,P3,1.987,14.6
2026-04-06T06:00:00Z,P1,2.303,14.2
2026-04-06T06:00:00Z,P2,0.385,14.2
2026-04-06T06:00:00Z,P3,0.454,14.2
2026-04-06T06:15:00Z,P1,3.041,14.1
2026-04-06T06:15:00Z,P2,0.906,14.1
2026-04-06T06:15:00Z,P3,1.540,14.1
2026-04-06T06:30:00Z,P1,0.529,14.2
2026-04-06T06:30:00Z,P2,2.491,14.2
2026-04-06T06:30:00Z,P3,1.961,14.2
2026-04-06T06:45:00Z,P1,2.810,14.7
2026-04-06T06:45:00Z,P2,2.507,14.7
2026-04-06T06:45:00Z,P3,0.297,14.7
2026-04-06T07:00:00Z,P1,2.209,14.5
2026-04-06T07:00:00Z,P2,2.483,14.5
2026-04-06T07:00:00Z,P3,0.657,14.5
2026-04-06T07:15:00Z,P1,1.418,14.8
2026-04-06T07:15:00Z,P2,0.900,14.8
2026-04-06T07:15:00Z,P3,2.294,14.8
2026-04-06T07:30:00Z,P1,2.516,14.9
2026-04-06T07:30:00Z,P2,0.358,14.9
2026-04-06T07:30:00Z,P3,2.386,14.9
2026-04-06T07:45:00Z,P1,3.349,15.3
2026-04-06T07:45:00Z,P2,0.347,15.3
2026-04-06T07:45:00Z,P3,2.568,15.3
2026-04-06T08:00:00Z,P1,3.923,15.5
2026-04-06T08:00:00Z,P2,1.884,15.5
2026-04-06T08:00:00Z,P3,3.211,15.5
2026-04-06T08:15:00Z,P1,2.644,15.2
2026-04-06T08:15:00Z,P2,2.453,15.2
2026-04-06T08:15:00Z,P3,1.793,15.2
2026-04-06T08:30:00Z,P1,2.968,15.6
2026-04-06T08:30:00Z,P2,2.460,15.6
2026-04-06T08:30:00Z,P3,1.883,15.6
2026-04-06T08:45:00Z,P1,1.338,15.6
2026-04-06T08:45:00Z,P2,1.376,15.6
2026-04-06T08:45:00Z,P3,3.146,15.6
2026-04-06T09:00:00Z,P1,2.084,15.7
2026-04-06T09:00:00Z,P2,0.309,15.7
2026-04-06T09:00:00Z,P3,1.853,15.7
2026-04-06T09:15:00Z,P1,3.483,15.9
2026-04-06T09:15:00Z,P2,0.347,15.9
2026-04-06T09:15:00Z,P3,1.263,15.9
2026-04-06T09:30:00Z,P1,0.311,15.9
2026-04-06T09:30:00Z,P2,0.313,15.9
2026-04-06T09:30:00Z,P3,1.580,15.9
2026-04-06T09:45:00Z,P1,2.534,16.1
2026-04-06T09:45:00Z,P2,0.349,16.1
2026-04-06T09:45:00Z,P3,1.996,16.1
2026-04-06T10:00:00Z,P1,2.981,16.3
2026-04-06T10:00:00Z,P2,0.388,16.3
2026-04-06T10:00:00Z,P3,1.675,16.3
2026-04-06T10:15:00Z,P1,1.179,16.4
2026-04-06T10:15:00Z,P2,0.338,16.4
2026-04-06T10:15:00Z,P3,0.342,16.4
2026-04-06T10:30:00Z,P1,3.288,16.3
2026-04-06T10:30:00Z,P2,0.319,16.3
2026-04-06T10:30:00Z,P3,1.772,16.3
2026-04-06T10:45:00Z,P1,2.644,16.3
2026-04-06T10:45:00Z,P2,0.339,16.3
2026-04-06T10:45:00Z,P3,3.058,16.3
2026-04-06T11:00:00Z,P1,3.505,16.4
2026-04-06T11:00:00Z,P2,0.379,16.4
2026-04-06T11:00:00Z,P3,1.822,16.4
2026-04-06T11:15:00Z,P1,1.332,16.7
2026-04-06T11:15:00Z,P2,0.283,16.7
2026-04-06T11:15:00Z,P3,2.125,16.7
2026-04-06T11:30:00Z,P1,1.344,16.9
2026-04-06T11:30:00Z,P2,0.309,16.9
2026-04-06T11:30:00Z,P3,3.203,16.9
2026-04-06T11:45:00Z,P1,3.720,16.6
2026-04-06T11:45:00Z,P2,0.406,16.6
2026-04-06T11:45:00Z,P3,0.675,16.6
2026-04-06T12:00:00Z,P1,2.039,16.9
2026-04-06T12:00:00Z,P2,2.514,16.9
2026-04-06T12:00:00Z,P3,0.359,16.9
2026-04-06T12:15:00Z,P1,3.487,17.3
2026-04-06T12:15:00Z,P2,2.492,17.3
2026-04-06T12:15:00Z,P3,1.972,17.3
2026-04-06T12:30:00Z,P1,1.770,17.0
2026-04-06T12:30:00Z,P2,2.510,17.0
2026-04-06T12:30:00Z,P3,1.931,17.0
2026-04-06T12:45:00Z,P1,0.745,16.8
2026-04-06T12:45:00Z,P2,2.476,16.8
2026-04-06T12:45:00Z,P3,2.349,16.8
2026-04-06T13:00:00Z,P1,3.653,17.0
2026-04-06T13:00:00Z,P2,2.470,17.0
2026-04-06T13:00:00Z,P3,2.894,17.0
2026-04-06T13:15:00Z,P1,1.952,17.1
2026-04-06T13:15:00Z,P2,1.280,17.1
2026-04-06T13:15:00Z,P3,2.170,17.1
2026-04-06T13:30:00Z,P1,1.070,16.6
2026-04-06T13:30:00Z,P2,0.345,16.6
2026-04-06T13:30:00Z,P3,3.389,16.6
2026-04-06T13:45:00Z,P1,3.241,17.0
2026-04-06T13:45:00Z,P2,1.999,17.0
2026-04-06T13:45:00Z,P3,3.677,17.0
2026-04-06T14:00:00Z,P1,2.370,17.0
2026-04-06T14:00:00Z,P2,2.591,17.0
2026-04-06T14:00:00Z,P3,3.480,17.0
2026-04-06T14:15:00Z,P1,2.023,17.1
2026-04-06T14:15:00Z,P2,2.567,17.1
2026-04-06T14:15:00Z,P3,3.438,17.1
2026-04-06T14:30:00Z,P1,3.521,17.4
2026-04-06T14:30:00Z,P2,3.814,17.4
2026-04-06T14:30:00Z,P3,3.416,17.4
2026-04-06T14:45:00Z,P1,4.219,16.6
2026-04-06T14:45:00Z,P2,4.693,16.6
2026-04-06T14:45:00Z,P3,3.441,16.6
2026-04-06T15:00:00Z,P1,2.479,17.1
2026-04-06T15:00:00Z,P2,4.693,17.1
2026-04-06T15:00:00Z,P3,2.943,17.1
2026-04-06T15:15:00Z,P1,3.644,17.1
2026-04-06T15:15:00Z,P2,4.493,17.1
2026-04-06T15:15:00Z,P3,1.810,17.1
2026-04-06T15:30:00Z,P1,2.702,17.1
2026-04-06T15:30:00Z,P2,0.902,17.1
2026-04-06T15:30:00Z,P3,2.146,17.1
2026-04-06T15:45:00Z,P1,3.360,16.8
2026-04-06T15:45:00Z,P2,0.366,16.8
2026-04-06T15:45:00Z,P3,2.799,16.8
2026-04-06T16:00:00Z,P1,3.534,16.7
2026-04-06T16:00:00Z,P2,0.348,16.7
2026-04-06T16:00:00Z,P3,1.786,16.7
2026-04-06T16:15:00Z,P1,2.590,16.7
2026-04-06T16:15:00Z,P2,0.363,16.7
2026-04-06T16:15:00Z,P3,2.571,16.7
2026-04-06T16:30:00Z,P1,4.071,16.6
2026-04-06T16:30:00Z,P2,0.312,16.6
2026-04-06T16:30:00Z,P3,1.155,16.6
2026-04-06T16:45:00Z,P1,2.792,16.8
2026-04-06T16:45:00Z,P2,0.380,16.8
2026-04-06T16:45:00Z,P3,1.469,16.8
2026-04-06T17:00:00Z,P1,0.754,16.6
2026-04-06T17:00:00Z,P2,0.597,16.6
2026-04-06T17:00:00Z,P3,2.586,16.6
2026-04-06T17:15:00Z,P1,3.338,16.7
2026-04-06T17:15:00Z,P2,2.508,16.7
2026-04-06T17:15:00Z,P3,2.437,16.7
2026-04-06T17:30:00Z,P1,1.999,16.5
2026-04-06T17:30:00Z,P2,2.494,16.5
2026-04-06T17:30:00Z,P3,1.816,16.5
2026-04-06T17:45:00Z,P1,1.136,16.6
2026-04-06T17:45:00Z,P2,1.250,16.6
2026-04-06T17:45:00Z,P3,1.697,16.6
2026-04-06T18:00:00Z,P1,2.943,15.9
2026-04-06T18:00:00Z,P2,0.369,15.9
2026-04-06T18:00:00Z,P3,0.485,15.9
2026-04-06T18:15:00Z,P1,2.105,16.2
2026-04-06T18:15:00Z,P2,0.305,16.2
2026-04-06T18:15:00Z,P3,0.319,16.2
2026-04-06T18:30:00Z,P1,2.202,16.4
2026-04-06T18:30:00Z,P2,0.329,16.4
2026-04-06T18:30:00Z,P3,1.011,16.4
2026-04-06T18:45:00Z,P1,4.124,16.2
2026-04-06T18:45:00Z,P2,0.352,16.2
2026-04-06T18:45:00Z,P3,1.970,16.2
2026-04-06T19:00:00Z,P1,3.443,15.8
2026-04-06T19:00:00Z,P2,0.342,15.8
2026-04-06T19:00:00Z,P3,1.670,15.8
2026-04-06T19:15:00Z,P1,2.258,15.8
2026-04-06T19:15:00Z,P2,1.666,15.8
2026-04-06T19:15:00Z,P3,1.806,15.8
2026-04-06T19:30:00Z,P1,3.289,15.3
2026-04-06T19:30:00Z,P2,2.482,15.3
2026-04-06T19:30:00Z,P3,3.286,15.3
2026-04-06T19:45:00Z,P1,4.277,15.3
2026-04-06T19:45:00Z,P2,2.405,15.3
2026-04-06T19:45:00Z,P3,1.942,15.3
2026-04-06T20:00:00Z,P1,4.172,15.3
2026-04-06T20:00:00Z,P2,2.528,15.3
2026-04-06T20:00:00Z,P3,1.825,15.3
2026-04-06T20:15:00Z,P1,2.626,15.3
2026-04-06T20:15:00Z,P2,1.069,15.3
2026-04-06T20:15:00Z,P3,3.134,15.3
2026-04-06T20:30:00Z,P1,1.529,15.0
2026-04-06T20:30:00Z,P2,0.397,15.0
2026-04-06T20:30:00Z,P3,1.125,15.0
2026-04-06T20:45:00Z,P1,1.754,14.8
2026-04-06T20:45:00Z,P2,0.328,14.8
2026-04-06T20:45:00Z,P3,0.891,14.8
2026-04-06T21:00:00Z,P1,2.875,14.6
2026-04-06T21:00:00Z,P2,0.334,14.6
2026-04-06T21:00:00Z,P3,1.210,14.6
2026-04-06T21:15:00Z,P1,2.501,15.1
2026-04-06T21:15:00Z,P2,0.302,15.1
2026-04-06T21:15:00Z,P3,0.315,15.1
2026-04-06T21:30:00Z,P1,0.621,14.3
2026-04-06T21:30:00Z,P2,0.384,14.3
2026-04-06T21:30:00Z,P3,1.496,14.3
2026-04-06T21:45:00Z,P1,3.463,14.4
2026-04-06T21:45:00Z,P2,0.307,14.4
2026-04-06T21:45:00Z,P3,1.983,14.4
2026-04-06T22:00:00Z,P1,2.033,14.2
2026-04-06T22:00:00Z,P2,0.379,14.2
2026-04-06T22:00:00Z,P3,1.789,14.2
2026-04-06T22:15:00Z,P1,1.117,14.0
2026-04-06T22:15:00Z,P2,0.361,14.0
2026-04-06T22:15:00Z,P3,2.926,14.0
2026-04-06T22:30:00Z,P1,2.946,14.2
2026-04-06T22:30:00Z,P2,0.366,14.2
2026-04-06T22:30:00Z,P3,1.913,14.2
2026-04-06T22:45:00Z,P1,1.775,14.1
2026-04-06T22:45:00Z,P2,0.378,14.1
2026-04-06T22:45:00Z,P3,0.341,14.1
2026-04-06T23:00:00Z,P1,1.753,14.4
2026-04-06T23:00:00Z,P2,0.323,14.4
2026-04-06T23:00:00Z,P3,1.787,14.4
2026-04-06T23:15:00Z,P1,1.697,13.7
2026-04-06T23:15:00Z,P2,0.353,13.7
2026-04-06T23:15:00Z,P3,0.353,13.7
2026-04-06T23:30:00Z,P1,3.205,13.7
2026-04-06T23:30:00Z,P2,0.345,13.7
2026-04-06T23:30:00Z,P3,0.354,13.7
2026-04-06T23:45:00Z,P1,0.700,13.6
2026-04-06T23:45:00Z,P2,0.336,13.6
2026-04-06T23:45:00Z,P3,1.879,13.6
2026-04-07T00:00:00Z,P1,2.555,13.7
2026-04-07T00:00:00Z,P2,0.326,13.7
2026-04-07T00:00:00Z,P3,1.796,13.7
2026-04-07T00:15:00Z,P1,2.934,13.3
2026-04-07T00:15:00Z,P2,0.357,13.3
2026-04-07T00:15:00Z,P3,1.913,13.3
2026-04-07T00:30:00Z,P1,1.396,13.7
2026-04-07T00:30:00Z,P2,0.392,13.7
2026-04-07T00:30:00Z,P3,3.126,13.7
2026-04-07T00:45:00Z,P1,1.405,13.8
2026-04-07T00:45:00Z,P2,0.391,13.8
2026-04-07T00:45:00Z,P3,1.214,13.8
2026-04-07T01:00:00Z,P1,2.899,13.7
2026-04-07T01:00:00Z,P2,0.346,13.7
2026-04-07T01:00:00Z,P3,0.348,13.7
2026-04-07T01:15:00Z,P1,2.488,13.5
2026-04-07T01:15:00Z,P2,0.431,13.5
2026-04-07T01:15:00Z,P3,1.528,13.5
2026-04-07T01:30:00Z,P1,0.466,13.3
2026-04-07T01:30:00Z,P2,0.360,13.3
2026-04-07T01:30:00Z,P3,0.448,13.3
2026-04-07T01:45:00Z,P1,3.450,13.6
2026-04-07T01:45:00Z,P2,0.347,13.6
2026-04-07T01:45:00Z,P3,0.719,13.6
2026-04-07T02:00:00Z,P1,2.208,13.5
2026-04-07T02:00:00Z,P2,0.333,13.5
2026-04-07T02:00:00Z,P3,1.448,13.5
2026-04-07T02:15:00Z,P1,0.908,13.4
2026-04-07T02:15:00Z,P2,0.338,13.4
2026-04-07T02:15:00Z,P3,1.698,13.4
2026-04-07T02:30:00Z,P1,2.668,13.5
2026-04-07T02:30:00Z,P2,0.369,13.5
2026-04-07T02:30:00Z,P3,1.775,13.5
2026-04-07T02:45:00Z,P1,2.474,13.8
2026-04-07T02:45:00Z,P2,0.294,13.8
2026-04-07T02:45:00Z,P3,3.320,13.8
2026-04-07T03:00:00Z,P1,1.482,13.2
2026-04-07T03:00:00Z,P2,0.343,13.2
2026-04-07T03:00:00Z,P3,2.162,13.2
2026-04-07T03:15:00Z,P1,1.503,13.8
2026-04-07T03:15:00Z,P2,0.345,13.8
2026-04-07T03:15:00Z,P3,2.068,13.8
2026-04-07T03:30:00Z,P1,3.109,13.5
2026-04-07T03:30:00Z,P2,0.388,13.5
2026-04-07T03:30:00Z,P3,2.985,13.5
2026-04-07T03:45:00Z,P1,1.721,13.4
2026-04-07T03:45:00Z,P2,0.376,13.4
2026-04-07T03:45:00Z,P3,1.800,13.4
2026-04-07T04:00:00Z,P1,1.050,14.0
2026-04-07T04:00:00Z,P2,0.348,14.0
2026-04-07T04:00:00Z,P3,2.466,14.0
2026-04-07T04:15:00Z,P1,3.850,13.7
2026-04-07T04:15:00Z,P2,0.363,13.7
2026-04-07T04:15:00Z,P3,2.745,13.7
2026-04-07T04:30:00Z,P1,0.491,13.8
2026-04-07T04:30:00Z,P2,0.402,13.8
2026-04-07T04:30:00Z,P3,1.758,13.8
2026-04-07T04:45:00Z,P1,1.956,13.8
2026-04-07T04:45:00Z,P2,0.326,13.8
2026-04-07T04:45:00Z,P3,2.887,13.8
2026-04-07T05:00:00Z,P1,2.388,14.2
2026-04-07T05:00:00Z,P2,0.345,14.2
2026-04-07T05:00:00Z,P3,2.179,14.2
2026-04-07T05:15:00Z,P1,2.668,13.8
2026-04-07T05:15:00Z,P2,0.374,13.8
2026-04-07T05:15:00Z,P3,1.179,13.8
2026-04-07T05:30:00Z,P1,0.996,14.4
2026-04-07T05:30:00Z,P2,0.341,14.4
2026-04-07T05:30:00Z,P3,1.664,14.4
2026-04-07T05:45:00Z,P1,2.041,14.3
2026-04-07T05:45:00Z,P2,0.371,14.3
2026-04-07T05:45:00Z,P3,0.471,14.3
2026-04-07T06:00:00Z,P1,3.599,14.3
2026-04-07T06:00:00Z,P2,0.335,14.3
2026-04-07T06:00:00Z,P3,0.354,14.3
2026-04-07T06:15:00Z,P1,0.465,14.6
2026-04-07T06:15:00Z,P2,0.315,14.6
2026-04-07T06:15:00Z,P3,1.435,14.6
2026-04-07T06:30:00Z,P1,2.121,14.6
2026-04-07T06:30:00Z,P2,0.352,14.6
2026-04-07T06:30:00Z,P3,1.733,14.6
2026-04-07T06:45:00Z,P1,2.945,14.4
2026-04-07T06:45:00Z,P2,1.575,14.4
2026-04-07T06:45:00Z,P3,2.759,14.4
2026-04-07T07:00:00Z,P1,4.204,15.0
2026-04-07T07:00:00Z,P2,2.457,15.0
2026-04-07T07:00:00Z,P3,3.159,15.0
2026-04-07T07:15:00Z,P1,3.651,14.7
2026-04-07T07:15:00Z,P2,2.250,14.7
2026-04-07T07:15:00Z,P3,1.422,14.7
2026-04-07T07:30:00Z,P1,2.572,15.0
2026-04-07T07:30:00Z,P2,2.197,15.0
2026-04-07T07:30:00Z,P3,2.652,15.0
2026-04-07T07:45:00Z,P1,3.553,15.2
2026-04-07T07:45:00Z,P2,2.452,15.2
2026-04-07T07:45:00Z,P3,2.486,15.2
2026-04-07T08:00:00Z,P1,2.799,15.0
2026-04-07T08:00:00Z,P2,2.445,15.0
2026-04-07T08:00:00Z,P3,1.822,15.0
2026-04-07T08:15:00Z,P1,3.852,15.5
2026-04-07T08:15:00Z,P2,2.488,15.5
2026-04-07T08:15:00Z,P3,3.002,15.5
2026-04-07T08:30:00Z,P1,4.286,15.5
2026-04-07T08:30:00Z,P2,2.438,15.5
2026-04-07T08:30:00Z,P3,1.397,15.5
2026-04-07T08:45:00Z,P1,4.206,15.5
2026-04-07T08:45:00Z,P2,2.513,15.5
2026-04-07T08:45:00Z,P3,1.711,15.5
2026-04-07T09:00:00Z,P1,4.210,15.8
2026-04-07T09:00:00Z,P2,3.204,15.8
2026-04-07T09:00:00Z,P3,3.469,15.8
2026-04-07T09:15:00Z,P1,3.565,15.8
2026-04-07T09:15:00Z,P2,4.681,15.8
2026-04-07T09:15:00Z,P3,2.123,15.8
2026-04-07T09:30:00Z,P1,3.075,16.1
2026-04-07T09:30:00Z,P2,4.649,16.1
2026-04-07T09:30:00Z,P3,1.800,16.1
2026-04-07T09:45:00Z,P1,2.821,16.3
2026-04-07T09:45:00Z,P2,4.736,16.3
2026-04-07T09:45:00Z,P3,3.263,16.3
2026-04-07T10:00:00Z,P1,3.296,16.5
2026-04-07T10:00:00Z,P2,4.675,16.5
2026-04-07T10:00:00Z,P3,3.446,16.5
2026-04-07T10:15:00Z,P1,3.134,16.5
2026-04-07T10:15:00Z,P2,4.627,16.5
2026-04-07T10:15:00Z,P3,3.113,16.5
2026-04-07T10:30:00Z,P1,3.216,16.8
2026-04-07T10:30:00Z,P2,4.688,16.8
2026-04-07T10:30:00Z,P3,1.526,16.8
2026-04-07T10:45:00Z,P1,3.887,16.6
2026-04-07T10:45:00Z,P2,4.709,16.6
2026-04-07T10:45:00Z,P3,2.466,16.6
2026-04-07T11:00:00Z,P1,3.734,16.6
2026-04-07T11:00:00Z,P2,4.699,16.6
2026-04-07T11:00:00Z,P3,3.414,16.6
2026-04-07T11:15:00Z,P1,4.257,17.1
2026-04-07T11:15:00Z,P2,4.693,17.1
2026-04-07T11:15:00Z,P3,3.119,17.1
2026-04-07T11:30:00Z,P1,4.277,16.8
2026-04-07T11:30:00Z,P2,4.661,16.8
2026-04-07T11:30:00Z,P3,1.777,16.8
2026-04-07T11:45:00Z,P1,4.205,17.0
2026-04-07T11:45:00Z,P2,4.253,17.0
2026-04-07T11:45:00Z,P3,2.045,17.0
2026-04-07T12:00:00Z,P1,2.485,16.8
2026-04-07T12:00:00Z,P2,2.499,16.8
2026-04-07T12:00:00Z,P3,1.072,16.8
2026-04-07T12:15:00Z,P1,3.602,17.2
2026-04-07T12:15:00Z,P2,2.438,17.2
2026-04-07T12:15:00Z,P3,1.509,17.2
2026-04-07T12:30:00Z,P1,3.084,17.1
2026-04-07T12:30:00Z,P2,2.488,17.1
2026-04-07T12:30:00Z,P3,3.004,17.1
2026-04-07T12:45:00Z,P1,2.840,17.0
2026-04-07T12:45:00Z,P2,2.051,17.0
2026-04-07T12:45:00Z,P3,1.924,17.0
2026-04-07T13:00:00Z,P1,1.725,17.4
2026-04-07T13:00:00Z,P2,0.324,17.4
2026-04-07T13:00:00Z,P3,1.800,17.4
2026-04-07T13:15:00Z,P1,3.101,17.2
2026-04-07T13:15:00Z,P2,0.375,17.2
2026-04-07T13:15:00Z,P3,1.681,17.2
2026-04-07T13:30:00Z,P1,4.213,16.9
2026-04-07T13:30:00Z,P2,1.832,16.9
2026-04-07T13:30:00Z,P3,0.326,16.9
2026-04-07T13:45:00Z,P1,2.504,17.2
2026-04-07T13:45:00Z,P2,2.208,17.2
2026-04-07T13:45:00Z,P3,1.827,17.2
2026-04-07T14:00:00Z,P1,2.552,17.3
2026-04-07T14:00:00Z,P2,2.548,17.3
2026-04-07T14:00:00Z,P3,2.217,17.3
2026-04-07T14:15:00Z,P1,4.205,17.2
2026-04-07T14:15:00Z,P2,2.582,17.2
2026-04-07T14:15:00Z,P3,2.665,17.2
2026-04-07T14:30:00Z,P1,1.641,17.2
2026-04-07T14:30:00Z,P2,2.550,17.2
2026-04-07T14:30:00Z,P3,3.620,17.2
2026-04-07T14:45:00Z,P1,1.999,17.5
2026-04-07T14:45:00Z,P2,2.609,17.5
2026-04-07T14:45:00Z,P3,3.516,17.5
2026-04-07T15:00:00Z,P1,2.617,17.2
2026-04-07T15:00:00Z,P2,2.518,17.2
2026-04-07T15:00:00Z,P3,3.461,17.2
2026-04-07T15:15:00Z,P1,2.449,17.5
2026-04-07T15:15:00Z,P2,2.550,17.5
2026-04-07T15:15:00Z,P3,3.419,17.5
2026-04-07T15:30:00Z,P1,1.080,17.0
2026-04-07T15:30:00Z,P2,2.522,17.0
2026-04-07T15:30:00Z,P3,3.427,17.0
2026-04-07T15:45:00Z,P1,3.365,17.3
2026-04-07T15:45:00Z,P2,2.551,17.3
2026-04-07T15:45:00Z,P3,3.421,17.3
2026-04-07T16:00:00Z,P1,1.938,17.3
2026-04-07T16:00:00Z,P2,2.570,17.3
2026-04-07T16:00:00Z,P3,1.770,17.3
2026-04-07T16:15:00Z,P1,0.937,17.1
2026-04-07T16:15:00Z,P2,2.508,17.1
2026-04-07T16:15:00Z,P3,1.955,17.1
2026-04-07T16:30:00Z,P1,3.319,17.0
2026-04-07T16:30:00Z,P2,1.680,17.0
2026-04-07T16:30:00Z,P3,2.961,17.0
2026-04-07T16:45:00Z,P1,2.192,17.0
2026-04-07T16:45:00Z,P2,0.317,17.0
2026-04-07T16:45:00Z,P3,1.591,17.0
2026-04-07T17:00:00Z,P1,1.915,16.8
2026-04-07T17:00:00Z,P2,1.324,16.8
2026-04-07T17:00:00Z,P3,0.579,16.8
2026-04-07T17:15:00Z,P1,1.276,16.7
2026-04-07T17:15:00Z,P2,2.476,16.7
2026-04-07T17:15:00Z,P3,1.715,16.7
2026-04-07T17:30:00Z,P1,3.612,16.4
2026-04-07T17:30:00Z,P2,2.434,16.4
2026-04-07T17:30:00Z,P3,0.324,16.4
2026-04-07T17:45:00Z,P1,1.663,16.4
2026-04-07T17:45:00Z,P2,1.028,16.4
2026-04-07T17:45:00Z,P3,1.376,16.4
2026-04-07T18:00:00Z,P1,1.037,16.4
2026-04-07T18:00:00Z,P2,0.355,16.4
2026-04-07T18:00:00Z,P3,0.943,16.4
2026-04-07T18:15:00Z,P1,3.751,16.6
2026-04-07T18:15:00Z,P2,0.309,16.6
2026-04-07T18:15:00Z,P3,1.779,16.6
2026-04-07T18:30:00Z,P1,1.147,16.2
2026-04-07T18:30:00Z,P2,0.395,16.2
2026-04-07T18:30:00Z,P3,2.328,16.2
2026-04-07T18:45:00Z,P1,1.856,16.0
2026-04-07T18:45:00Z,P2,0.367,16.0
2026-04-07T18:45:00Z,P3,2.768,16.0
2026-04-07T19:00:00Z,P1,3.302,16.1
2026-04-07T19:00:00Z,P2,0.366,16.1
2026-04-07T19:00:00Z,P3,0.919,16.1
2026-04-07T19:15:00Z,P1,1.221,15.7
2026-04-07T19:15:00Z,P2,0.325,15.7
2026-04-07T19:15:00Z,P3,0.784,15.7
2026-04-07T19:30:00Z,P1,1.656,15.9
2026-04-07T19:30:00Z,P2,0.415,15.9
2026-04-07T19:30:00Z,P3,1.280,15.9
2026-04-07T19:45:00Z,P1,3.022,15.9
2026-04-07T19:45:00Z,P2,0.353,15.9
2026-04-07T19:45:00Z,P3,0.298,15.9
2026-04-07T20:00:00Z,P1,2.863,15.4
2026-04-07T20:00:00Z,P2,0.327,15.4
2026-04-07T20:00:00Z,P3,1.446,15.4
2026-04-07T20:15:00Z,P1,3.627,15.2
2026-04-07T20:15:00Z,P2,0.379,15.2
2026-04-07T20:15:00Z,P3,1.735,15.2
2026-04-07T20:30:00Z,P1,2.467,15.2
2026-04-07T20:30:00Z,P2,0.337,15.2
2026-04-07T20:30:00Z,P3,1.819,15.2
2026-04-07T20:45:00Z,P1,3.696,15.0
2026-04-07T20:45:00Z,P2,0.370,15.0
2026-04-07T20:45:00Z,P3,3.460,15.0
2026-04-07T21:00:00Z,P1,2.942,14.8
2026-04-07T21:00:00Z,P2,0.362,14.8
2026-04-07T21:00:00Z,P3,1.791,14.8
2026-04-07T21:15:00Z,P1,3.358,14.8
2026-04-07T21:15:00Z,P2,0.353,14.8
2026-04-07T21:15:00Z,P3,0.561,14.8
2026-04-07T21:30:00Z,P1,2.296,15.2
2026-04-07T21:30:00Z,P2,0.345,15.2
2026-04-07T21:30:00Z,P3,1.653,15.2
2026-04-07T21:45:00Z,P1,0.760,14.9
2026-04-07T21:45:00Z,P2,0.362,14.9
2026-04-07T21:45:00Z,P3,0.383,14.9
2026-04-07T22:00:00Z,P1,2.913,14.4
2026-04-07T22:00:00Z,P2,0.379,14.4
2026-04-07T22:00:00Z,P3,0.341,14.4
2026-04-07T22:15:00Z,P1,2.324,14.2
2026-04-07T22:15:00Z,P2,0.366,14.2
2026-04-07T22:15:00Z,P3,2.224,14.2
2026-04-07T22:30:00Z,P1,1.615,14.3
2026-04-07T22:30:00Z,P2,0.315,14.3
2026-04-07T22:30:00Z,P3,1.833,14.3
2026-04-07T22:45:00Z,P1,2.197,14.4
2026-04-07T22:45:00Z,P2,0.398,14.4
2026-04-07T22:45:00Z,P3,2.357,14.4
2026-04-07T23:00:00Z,P1,2.791,14.0
2026-04-07T23:00:00Z,P2,0.350,14.0
2026-04-07T23:00:00Z,P3,2.535,14.0
2026-04-07T23:15:00Z,P1,1.307,14.2
2026-04-07T23:15:00Z,P2,0.382,14.2
2026-04-07T23:15:00Z,P3,0.887,14.2
2026-04-07T23:30:00Z,P1,1.235,14.1
2026-04-07T23:30:00Z,P2,0.317,14.1
2026-04-07T23:30:00Z,P3,1.122,14.1
2026-04-07T23:45:00Z,P1,3.705,13.9
2026-04-07T23:45:00Z,P2,0.306,13.9
2026-04-07T23:45:00Z,P3,0.960,13.9
2026-04-08T00:00:00Z,P1,0.709,13.8
2026-04-08T00:00:00Z,P2,0.331,13.8
2026-04-08T00:00:00Z,P3,0.382,13.8
2026-04-08T00:15:00Z,P1,2.277,13.7
2026-04-08T00:15:00Z,P2,0.369,13.7
2026-04-08T00:15:00Z,P3,0.601,13.7
2026-04-08T00:30:00Z,P1,2.965,13.8
2026-04-08T00:30:00Z,P2,0.356,13.8
2026-04-08T00:30:00Z,P3,2.339,13.8
2026-04-08T00:45:00Z,P1,0.743,13.8
2026-04-08T00:45:00Z,P2,0.326,13.8
2026-04-08T00:45:00Z,P3,1.812,13.8
2026-04-08T01:00:00Z,P1,3.318,13.8
2026-04-08T01:00:00Z,P2,0.372,13.8
2026-04-08T01:00:00Z,P3,2.558,13.8
2026-04-08T01:15:00Z,P1,1.521,13.4
2026-04-08T01:15:00Z,P2,0.330,13.4
2026-04-08T01:15:00Z,P3,2.245,13.4
2026-04-08T01:30:00Z,P1,1.563,13.6
2026-04-08T01:30:00Z,P2,0.343,13.6
2026-04-08T01:30:00Z,P3,0.344,13.6
2026-04-08T01:45:00Z,P1,2.269,14.0
2026-04-08T01:45:00Z,P2,0.316,14.0
2026-04-08T01:45:00Z,P3,0.787,14.0
2026-04-08T02:00:00Z,P1,2.563,13.6
2026-04-08T02:00:00Z,P2,0.377,13.6
2026-04-08T02:00:00Z,P3,1.233,13.6
2026-04-08T02:15:00Z,P1,0.964,14.0
2026-04-08T02:15:00Z,P2,0.361,14.0
2026-04-08T02:15:00Z,P3,0.317,14.0
2026-04-08T02:30:00Z,P1,2.190,13.5
2026-04-08T02:30:00Z,P2,0.341,13.5
2026-04-08T02:30:00Z,P3,1.198,13.5
2026-04-08T02:45:00Z,P1,3.621,13.6
2026-04-08T02:45:00Z,P2,0.362,13.6
2026-04-08T02:45:00Z,P3,1.463,13.6
2026-04-08T03:00:00Z,P1,1.088,13.7
2026-04-08T03:00:00Z,P2,0.358,13.7
2026-04-08T03:00:00Z,P3,1.807,13.7
2026-04-08T03:15:00Z,P1,1.618,13.8
2026-04-08T03:15:00Z,P2,0.417,13.8
2026-04-08T03:15:00Z,P3,2.803,13.8
2026-04-08T03:30:00Z,P1,2.997,13.7
2026-04-08T03:30:00Z,P2,0.392,13.7
2026-04-08T03:30:00Z,P3,2.376,13.7
2026-04-08T03:45:00Z,P1,2.218,13.7
2026-04-08T03:45:00Z,P2,0.389,13.7
2026-04-08T03:45:00Z,P3,0.377,13.7
2026-04-08T04:00:00Z,P1,1.480,14.3
2026-04-08T04:00:00Z,P2,0.331,14.3
2026-04-08T04:00:00Z,P3,0.819,14.3
2026-04-08T04:15:00Z,P1,1.645,13.8
2026-04-08T04:15:00Z,P2,0.367,13.8
2026-04-08T04:15:00Z,P3,1.476,13.8
2026-04-08T04:30:00Z,P1,3.348,14.0
2026-04-08T04:30:00Z,P2,0.352,14.0
2026-04-08T04:30:00Z,P3,0.369,14.0
2026-04-08T04:45:00Z,P1,0.374,14.2
2026-04-08T04:45:00Z,P2,0.353,14.2
2026-04-08T04:45:00Z,P3,1.701,14.2
2026-04-08T05:00:00Z,P1,2.668,14.3
2026-04-08T05:00:00Z,P2,0.339,14.3
2026-04-08T05:00:00Z,P3,2.463,14.3
2026-04-08T05:15:00Z,P1,2.820,14.4
2026-04-08T05:15:00Z,P2,0.357,14.4
2026-04-08T05:15:00Z,P3,1.827,14.4
2026-04-08T05:30:00Z,P1,0.795,14.2
2026-04-08T05:30:00Z,P2,0.353,14.2
2026-04-08T05:30:00Z,P3,2.952,14.2
2026-04-08T05:45:00Z,P1,2.304,14.2
2026-04-08T05:45:00Z,P2,0.351,14.2
2026-04-08T05:45:00Z,P3,1.051,14.2
2026-04-08T06:00:00Z,P1,2.583,14.8
2026-04-08T06:00:00Z,P2,0.396,14.8
2026-04-08T06:00:00Z,P3,0.369,14.8
2026-04-08T06:15:00Z,P1,1.657,14.8
2026-04-08T06:15:00Z,P2,0.374,14.8
2026-04-08T06:15:00Z,P3,1.765,14.8
2026-04-08T06:30:00Z,P1,1.218,14.9
2026-04-08T06:30:00Z,P2,0.347,14.9
2026-04-08T06:30:00Z,P3,0.360,14.9
2026-04-08T06:45:00Z,P1,2.745,14.9
2026-04-08T06:45:00Z,P2,0.344,14.9
2026-04-08T06:45:00Z,P3,0.441,14.9
2026-04-08T07:00:00Z,P1,2.809,14.9
2026-04-08T07:00:00Z,P2,0.338,14.9
2026-04-08T07:00:00Z,P3,2.412,14.9
2026-04-08T07:15:00Z,P1,2.043,15.4
2026-04-08T07:15:00Z,P2,0.352,15.4
2026-04-08T07:15:00Z,P3,1.913,15.4
2026-04-08T07:30:00Z,P1,3.552,15.0
2026-04-08T07:30:00Z,P2,0.324,15.0
2026-04-08T07:30:00Z,P3,2.187,15.0
2026-04-08T07:45:00Z,P1,3.825,15.5
2026-04-08T07:45:00Z,P2,0.348,15.5
2026-04-08T07:45:00Z,P3,3.390,15.5
2026-04-08T08:00:00Z,P1,2.234,15.3
2026-04-08T08:00:00Z,P2,0.309,15.3
2026-04-08T08:00:00Z,P3,1.971,15.3
2026-04-08T08:15:00Z,P1,3.555,15.3
2026-04-08T08:15:00Z,P2,0.373,15.3
2026-04-08T08:15:00Z,P3,2.816,15.3
2026-04-08T08:30:00Z,P1,2.433,16.1
2026-04-08T08:30:00Z,P2,0.364,16.1
2026-04-08T08:30:00Z,P3,3.463,16.1
2026-04-08T08:45:00Z,P1,1.530,15.9
2026-04-08T08:45:00Z,P2,0.331,15.9
2026-04-08T08:45:00Z,P3,2.129,15.9
2026-04-08T09:00:00Z,P1,3.427,15.6
2026-04-08T09:00:00Z,P2,4.088,15.6
2026-04-08T09:00:00Z,P3,2.653,15.6
2026-04-08T09:15:00Z,P1,4.184,16.3
2026-04-08T09:15:00Z,P2,4.690,16.3
2026-04-08T09:15:00Z,P3,3.462,16.3
2026-04-08T09:30:00Z,P1,4.297,16.4
2026-04-08T09:30:00Z,P2,4.728,16.4
2026-04-08T09:30:00Z,P3,2.106,16.4
2026-04-08T09:45:00Z,P1,1.233,16.8
2026-04-08T09:45:00Z,P2,4.661,16.8
2026-04-08T09:45:00Z,P3,1.771,16.8
2026-04-08T10:00:00Z,P1,2.925,16.5
2026-04-08T10:00:00Z,P2,4.725,16.5
2026-04-08T10:00:00Z,P3,3.445,16.5
2026-04-08T10:15:00Z,P1,4.241,16.7
2026-04-08T10:15:00Z,P2,4.652,16.7
2026-04-08T10:15:00Z,P3,3.460,16.7
2026-04-08T10:30:00Z,P1,4.218,16.7
2026-04-08T10:30:00Z,P2,4.653,16.7
2026-04-08T10:30:00Z,P3,2.579,16.7
2026-04-08T10:45:00Z,P1,4.204,16.8
2026-04-08T10:45:00Z,P2,4.676,16.8
2026-04-08T10:45:00Z,P3,1.821,16.8
2026-04-08T11:00:00Z,P1,3.507,17.0
2026-04-08T11:00:00Z,P2,3.617,17.0
2026-04-08T11:00:00Z,P3,2.844,17.0
2026-04-08T11:15:00Z,P1,4.237,17.0
2026-04-08T11:15:00Z,P2,2.507,17.0
2026-04-08T11:15:00Z,P3,3.035,17.0
2026-04-08T11:30:00Z,P1,2.598,17.0
2026-04-08T11:30:00Z,P2,2.511,17.0
2026-04-08T11:30:00Z,P3,1.203,17.0
2026-04-08T11:45:00Z,P1,1.883,17.1
2026-04-08T11:45:00Z,P2,2.057,17.1
2026-04-08T11:45:00Z,P3,0.552,17.1
2026-04-08T12:00:00Z,P1,1.844,17.3
2026-04-08T12:00:00Z,P2,0.294,17.3
2026-04-08T12:00:00Z,P3,1.845,17.3
2026-04-08T12:15:00Z,P1,3.056,17.4
2026-04-08T12:15:00Z,P2,0.343,17.4
2026-04-08T12:15:00Z,P3,1.792,17.4
2026-04-08T12:30:00Z,P1,2.381,17.3
2026-04-08T12:30:00Z,P2,0.333,17.3
2026-04-08T12:30:00Z,P3,2.484,17.3
2026-04-08T12:45:00Z,P1,0.613,17.3
2026-04-08T12:45:00Z,P2,0.428,17.3
2026-04-08T12:45:00Z,P3,2.689,17.3
2026-04-08T13:00:00Z,P1,3.055,17.1
2026-04-08T13:00:00Z,P2,0.375,17.1
2026-04-08T13:00:00Z,P3,2.760,17.1
2026-04-08T13:15:00Z,P1,2.782,17.1
2026-04-08T13:15:00Z,P2,0.282,17.1
2026-04-08T13:15:00Z,P3,3.614,17.1
2026-04-08T13:30:00Z,P1,0.957,17.0
2026-04-08T13:30:00Z,P2,1.800,17.0
2026-04-08T13:30:00Z,P3,2.195,17.0
2026-04-08T13:45:00Z,P1,2.664,17.5
2026-04-08T13:45:00Z,P2,2.215,17.5
2026-04-08T13:45:00Z,P3,2.040,17.5
2026-04-08T14:00:00Z,P1,2.434,17.6
2026-04-08T14:00:00Z,P2,2.484,17.6
2026-04-08T14:00:00Z,P3,1.965,17.6
2026-04-08T14:15:00Z,P1,3.634,17.5
2026-04-08T14:15:00Z,P2,2.464,17.5
2026-04-08T14:15:00Z,P3,2.033,17.5
2026-04-08T14:30:00Z,P1,3.135,17.4
2026-04-08T14:30:00Z,P2,2.484,17.4
2026-04-08T14:30:00Z,P3,0.925,17.4
2026-04-08T14:45:00Z,P1,3.064,17.5
2026-04-08T14:45:00Z,P2,2.506,17.5
2026-04-08T14:45:00Z,P3,1.799,17.5
2026-04-08T15:00:00Z,P1,3.480,17.4
2026-04-08T15:00:00Z,P2,2.469,17.4
2026-04-08T15:00:00Z,P3,3.106,17.4
2026-04-08T15:15:00Z,P1,2.891,17.4
2026-04-08T15:15:00Z,P2,2.498,17.4
2026-04-08T15:15:00Z,P3,1.861,17.4
2026-04-08T15:30:00Z,P1,3.651,17.3
2026-04-08T15:30:00Z,P2,2.490,17.3
2026-04-08T15:30:00Z,P3,1.374,17.3
2026-04-08T15:45:00Z,P1,2.700,17.7
2026-04-08T15:45:00Z,P2,2.473,17.7
2026-04-08T15:45:00Z,P3,1.827,17.7
2026-04-08T16:00:00Z,P1,1.346,17.6
2026-04-08T16:00:00Z,P2,2.491,17.6
2026-04-08T16:00:00Z,P3,0.334,17.6
2026-04-08T16:15:00Z,P1,2.404,17.2
2026-04-08T16:15:00Z,P2,2.509,17.2
2026-04-08T16:15:00Z,P3,0.506,17.2
2026-04-08T16:30:00Z,P1,2.727,17.2
2026-04-08T16:30:00Z,P2,2.485,17.2
2026-04-08T16:30:00Z,P3,1.980,17.2
2026-04-08T16:45:00Z,P1,1.733,17.0
2026-04-08T16:45:00Z,P2,1.638,17.0
2026-04-08T16:45:00Z,P3,1.821,17.0
2026-04-08T17:00:00Z,P1,1.034,17.2
2026-04-08T17:00:00Z,P2,0.372,17.2
2026-04-08T17:00:00Z,P3,3.007,17.2
2026-04-08T17:15:00Z,P1,3.572,17.1
2026-04-08T17:15:00Z,P2,0.391,17.1
2026-04-08T17:15:00Z,P3,1.915,17.1
2026-04-08T17:30:00Z,P1,1.817,16.8
2026-04-08T17:30:00Z,P2,0.331,16.8
2026-04-08T17:30:00Z,P3,1.495,16.8
2026-04-08T17:45:00Z,P1,1.283,16.7
2026-04-08T17:45:00Z,P2,0.338,16.7
2026-04-08T17:45:00Z,P3,0.979,16.7
2026-04-08T18:00:00Z,P1,3.813,16.4
2026-04-08T18:00:00Z,P2,0.329,16.4
2026-04-08T18:00:00Z,P3,0.323,16.4
2026-04-08T18:15:00Z,P1,4.224,16.8
2026-04-08T18:15:00Z,P2,0.302,16.8
2026-04-08T18:15:00Z,P3,2.557,16.8
2026-04-08T18:30:00Z,P1,4.243,16.5
2026-04-08T18:30:00Z,P2,1.101,16.5
2026-04-08T18:30:00Z,P3,1.487,16.5
2026-04-08T18:45:00Z,P1,4.242,16.0
2026-04-08T18:45:00Z,P2,2.443,16.0
2026-04-08T18:45:00Z,P3,1.769,16.0
2026-04-08T19:00:00Z,P1,1.824,15.9
2026-04-08T19:00:00Z,P2,2.475,15.9
2026-04-08T19:00:00Z,P3,3.256,15.9
2026-04-08T19:15:00Z,P1,3.597,16.0
2026-04-08T19:15:00Z,P2,2.451,16.0
2026-04-08T19:15:00Z,P3,3.377,16.0
2026-04-08T19:30:00Z,P1,4.228,15.7
2026-04-08T19:30:00Z,P2,2.452,15.7
2026-04-08T19:30:00Z,P3,1.889,15.7
2026-04-08T19:45:00Z,P1,2.600,15.8
2026-04-08T19:45:00Z,P2,2.402,15.8
2026-04-08T19:45:00Z,P3,2.256,15.8
2026-04-08T20:00:00Z,P1,3.694,15.7
2026-04-08T20:00:00Z,P2,0.356,15.7
2026-04-08T20:00:00Z,P3,3.796,15.7
2026-04-08T20:15:00Z,P1,2.974,15.2
2026-04-08T20:15:00Z,P2,0.962,15.2
2026-04-08T20:15:00Z,P3,1.779,15.2
2026-04-08T20:30:00Z,P1,1.328,15.5
2026-04-08T20:30:00Z,P2,2.526,15.5
2026-04-08T20:30:00Z,P3,1.808,15.5
2026-04-08T20:45:00Z,P1,1.495,15.6
2026-04-08T20:45:00Z,P2,2.569,15.6
2026-04-08T20:45:00Z,P3,3.028,15.6
2026-04-08T21:00:00Z,P1,4.179,15.1
2026-04-08T21:00:00Z,P2,2.552,15.1
2026-04-08T21:00:00Z,P3,1.989,15.1
2026-04-08T21:15:00Z,P1,2.789,14.9
2026-04-08T21:15:00Z,P2,2.525,14.9
2026-04-08T21:15:00Z,P3,1.745,14.9
2026-04-08T21:30:00Z,P1,2.202,15.0
2026-04-08T21:30:00Z,P2,2.226,15.0
2026-04-08T21:30:00Z,P3,3.225,15.0
2026-04-08T21:45:00Z,P1,3.659,14.7
2026-04-08T21:45:00Z,P2,0.340,14.7
2026-04-08T21:45:00Z,P3,1.898,14.7
2026-04-08T22:00:00Z,P1,3.589,14.5
2026-04-08T22:00:00Z,P2,0.345,14.5
2026-04-08T22:00:00Z,P3,1.774,14.5
2026-04-08T22:15:00Z,P1,1.269,14.6
2026-04-08T22:15:00Z,P2,0.332,14.6
2026-04-08T22:15:00Z,P3,2.986,14.6
2026-04-08T22:30:00Z,P1,2.126,14.3
2026-04-08T22:30:00Z,P2,0.339,14.3
2026-04-08T22:30:00Z,P3,1.807,14.3
2026-04-08T22:45:00Z,P1,2.599,14.4
2026-04-08T22:45:00Z,P2,0.371,14.4
2026-04-08T22:45:00Z,P3,0.917,14.4
2026-04-08T23:00:00Z,P1,1.998,14.3
2026-04-08T23:00:00Z,P2,0.361,14.3
2026-04-08T23:00:00Z,P3,1.585,14.3
2026-04-08T23:15:00Z,P1,0.653,14.0
2026-04-08T23:15:00Z,P2,0.332,14.0
2026-04-08T23:15:00Z,P3,0.669,14.0
2026-04-08T23:30:00Z,P1,3.662,14.2
2026-04-08T23:30:00Z,P2,0.338,14.2
2026-04-08T23:30:00Z,P3,0.335,14.2
2026-04-08T23:45:00Z,P1,1.231,14.0
2026-04-08T23:45:00Z,P2,0.296,14.0
2026-04-08T23:45:00Z,P3,1.210,14.0
2026-04-09T00:00:00Z,P1,1.608,14.3
2026-04-09T00:00:00Z,P2,0.361,14.3
2026-04-09T00:00:00Z,P3,2.276,14.3
2026-04-09T00:15:00Z,P1,2.600,14.0
2026-04-09T00:15:00Z,P2,0.394,14.0
2026-04-09T00:15:00Z,P3,1.835,14.0
2026-04-09T00:30:00Z,P1,2.186,14.2
2026-04-09T00:30:00Z,P2,0.301,14.2
2026-04-09T00:30:00Z,P3,2.578,14.2
2026-04-09T00:45:00Z,P1,1.242,13.7
2026-04-09T00:45:00Z,P2,0.406,13.7
2026-04-09T00:45:00Z,P3,2.536,13.7
2026-04-09T01:00:00Z,P1,2.859,13.4
2026-04-09T01:00:00Z,P2,0.375,13.4
2026-04-09T01:00:00Z,P3,0.925,13.4
2026-04-09T01:15:00Z,P1,2.261,14.0
2026-04-09T01:15:00Z,P2,0.374,14.0
2026-04-09T01:15:00Z,P3,0.959,14.0
2026-04-09T01:30:00Z,P1,0.582,14.0
2026-04-09T01:30:00Z,P2,0.312,14.0
2026-04-09T01:30:00Z,P3,1.190,14.0
2026-04-09T01:45:00Z,P1,2.763,13.9
2026-04-09T01:45:00Z,P2,0.331,13.9
2026-04-09T01:45:00Z,P3,0.335,13.9
2026-04-09T02:00:00Z,P1,2.538,13.3
2026-04-09T02:00:00Z,P2,0.360,13.3
2026-04-09T02:00:00Z,P3,0.986,13.3
2026-04-09T02:15:00Z,P1,1.106,13.8
2026-04-09T02:15:00Z,P2,0.355,13.8
2026-04-09T02:15:00Z,P3,1.892,13.8
2026-04-09T02:30:00Z,P1,2.302,13.9
2026-04-09T02:30:00Z,P2,0.393,13.9
2026-04-09T02:30:00Z,P3,1.838,13.9
2026-04-09T02:45:00Z,P1,2.594,13.8
2026-04-09T02:45:00Z,P2,0.309,13.8
2026-04-09T02:45:00Z,P3,1.810,13.8
2026-04-09T03:00:00Z,P1,1.681,14.4
2026-04-09T03:00:00Z,P2,0.365,14.4
2026-04-09T03:00:00Z,P3,2.948,14.4
2026-04-09T03:15:00Z,P1,0.712,13.6
2026-04-09T03:15:00Z,P2,0.325,13.6
2026-04-09T03:15:00Z,P3,0.434,13.6
2026-04-09T03:30:00Z,P1,3.217,14.1
2026-04-09T03:30:00Z,P2,0.362,14.1
2026-04-09T03:30:00Z,P3,0.685,14.1
2026-04-09T03:45:00Z,P1,2.414,13.9
2026-04-09T03:45:00Z,P2,0.355,13.9
2026-04-09T03:45:00Z,P3,1.451,13.9
2026-04-09T04:00:00Z,P1,0.710,14.2
2026-04-09T04:00:00Z,P2,0.333,14.2
2026-04-09T04:00:00Z,P3,0.341,14.2
2026-04-09T04:15:00Z,P1,3.202,14.1
2026-04-09T04:15:00Z,P2,0.328,14.1
2026-04-09T04:15:00Z,P3,2.082,14.1
2026-04-09T04:30:00Z,P1,2.345,14.1
2026-04-09T04:30:00Z,P2,0.367,14.1
2026-04-09T04:30:00Z,P3,1.937,14.1
2026-04-09T04:45:00Z,P1,1.351,14.2
2026-04-09T04:45:00Z,P2,0.336,14.2
2026-04-09T04:45:00Z,P3,1.788,14.2
2026-04-09T05:00:00Z,P1,1.771,14.5
2026-04-09T05:00:00Z,P2,0.388,14.5
2026-04-09T05:00:00Z,P3,2.893,14.5
2026-04-09T05:15:00Z,P1,2.617,14.9
2026-04-09T05:15:00Z,P2,0.334,14.9
2026-04-09T05:15:00Z,P3,1.593,14.9
2026-04-09T05:30:00Z,P1,1.704,14.4
2026-04-09T05:30:00Z,P2,0.329,14.4
2026-04-09T05:30:00Z,P3,0.323,14.4
2026-04-09T05:45:00Z,P1,1.365,14.6
2026-04-09T05:45:00Z,P2,0.387,14.6
2026-04-09T05:45:00Z,P3,1.796,14.6
2026-04-09T06:00:00Z,P1,3.219,14.9
2026-04-09T06:00:00Z,P2,0.355,14.9
2026-04-09T06:00:00Z,P3,0.488,14.9
2026-04-09T06:15:00Z,P1,1.869,14.8
2026-04-09T06:15:00Z,P2,0.319,14.8
2026-04-09T06:15:00Z,P3,0.421,14.8
2026-04-09T06:30:00Z,P1,0.887,15.0
2026-04-09T06:30:00Z,P2,0.339,15.0
2026-04-09T06:30:00Z,P3,1.745,15.0
2026-04-09T06:45:00Z,P1,3.062,14.8
2026-04-09T06:45:00Z,P2,0.362,14.8
2026-04-09T06:45:00Z,P3,2.041,14.8
2026-04-09T07:00:00Z,P1,1.841,15.5
2026-04-09T07:00:00Z,P2,0.343,15.5
2026-04-09T07:00:00Z,P3,1.815,15.5
2026-04-09T07:15:00Z,P1,3.415,15.2
2026-04-09T07:15:00Z,P2,0.396,15.2
2026-04-09T07:15:00Z,P3,2.805,15.2
2026-04-09T07:30:00Z,P1,2.641,15.4
2026-04-09T07:30:00Z,P2,0.334,15.4
2026-04-09T07:30:00Z,P3,2.217,15.4
2026-04-09T07:45:00Z,P1,3.462,15.5
2026-04-09T07:45:00Z,P2,0.295,15.5
2026-04-09T07:45:00Z,P3,0.349,15.5
2026-04-09T08:00:00Z,P1,3.229,15.5
2026-04-09T08:00:00Z,P2,0.382,15.5
2026-04-09T08:00:00Z,P3,1.659,15.5
2026-04-09T08:15:00Z,P1,3.022,15.8
2026-04-09T08:15:00Z,P2,0.291,15.8
2026-04-09T08:15:00Z,P3,0.340,15.8
2026-04-09T08:30:00Z,P1,3.665,15.8
2026-04-09T08:30:00Z,P2,0.335,15.8
2026-04-09T08:30:00Z,P3,0.730,15.8
2026-04-09T08:45:00Z,P1,2.582,15.7
2026-04-09T08:45:00Z,P2,0.372,15.7
2026-04-09T08:45:00Z,P3,2.328,15.7
2026-04-09T09:00:00Z,P1,1.958,16.0
2026-04-09T09:00:00Z,P2,0.281,16.0
2026-04-09T09:00:00Z,P3,1.805,16.0
2026-04-09T09:15:00Z,P1,1.524,16.6
2026-04-09T09:15:00Z,P2,0.396,16.6
2026-04-09T09:15:00Z,P3,2.214,16.6
2026-04-09T09:30:00Z,P1,4.273,16.9
2026-04-09T09:30:00Z,P2,2.785,16.9
2026-04-09T09:30:00Z,P3,2.932,16.9
2026-04-09T09:45:00Z,P1,4.284,16.8
2026-04-09T09:45:00Z,P2,4.724,16.8
2026-04-09T09:45:00Z,P3,0.735,16.8
2026-04-09T10:00:00Z,P1,3.970,16.3
2026-04-09T10:00:00Z,P2,4.687,16.3
2026-04-09T10:00:00Z,P3,1.719,16.3
2026-04-09T10:15:00Z,P1,2.008,16.8
2026-04-09T10:15:00Z,P2,4.656,16.8
2026-04-09T10:15:00Z,P3,2.252,16.8
2026-04-09T10:30:00Z,P1,2.905,17.0
2026-04-09T10:30:00Z,P2,4.706,17.0
2026-04-09T10:30:00Z,P3,2.160,17.0
2026-04-09T10:45:00Z,P1,4.010,17.0
2026-04-09T10:45:00Z,P2,3.419,17.0
2026-04-09T10:45:00Z,P3,3.019,17.0
2026-04-09T11:00:00Z,P1,2.062,17.3
2026-04-09T11:00:00Z,P2,2.538,17.3
2026-04-09T11:00:00Z,P3,1.783,17.3
2026-04-09T11:15:00Z,P1,1.647,16.9
2026-04-09T11:15:00Z,P2,2.529,16.9
2026-04-09T11:15:00Z,P3,1.290,16.9
2026-04-09T11:30:00Z,P1,2.585,17.6
2026-04-09T11:30:00Z,P2,2.555,17.6
2026-04-09T11:30:00Z,P3,0.753,17.6
2026-04-09T11:45:00Z,P1,2.866,17.4
2026-04-09T11:45:00Z,P2,1.538,17.4
2026-04-09T11:45:00Z,P3,0.415,17.4
2026-04-09T12:00:00Z,P1,1.887,17.7
2026-04-09T12:00:00Z,P2,0.311,17.7
2026-04-09T12:00:00Z,P3,1.613,17.7
2026-04-09T12:15:00Z,P1,3.214,17.5
2026-04-09T12:15:00Z,P2,0.378,17.5
2026-04-09T12:15:00Z,P3,1.094,17.5
2026-04-09T12:30:00Z,P1,4.186,17.8
2026-04-09T12:30:00Z,P2,0.324,17.8
2026-04-09T12:30:00Z,P3,1.776,17.8
2026-04-09T12:45:00Z,P1,3.688,17.6
2026-04-09T12:45:00Z,P2,1.470,17.6
2026-04-09T12:45:00Z,P3,3.229,17.6
2026-04-09T13:00:00Z,P1,2.266,17.5
2026-04-09T13:00:00Z,P2,2.479,17.5
2026-04-09T13:00:00Z,P3,2.005,17.5
2026-04-09T13:15:00Z,P1,3.139,17.7
2026-04-09T13:15:00Z,P2,2.430,17.7
2026-04-09T13:15:00Z,P3,0.669,17.7
2026-04-09T13:30:00Z,P1,4.190,17.6
2026-04-09T13:30:00Z,P2,3.938,17.6
2026-04-09T13:30:00Z,P3,1.407,17.6
2026-04-09T13:45:00Z,P1,2.624,17.8
2026-04-09T13:45:00Z,P2,2.898,17.8
2026-04-09T13:45:00Z,P3,0.480,17.8
2026-04-09T14:00:00Z,P1,2.897,17.3
2026-04-09T14:00:00Z,P2,2.552,17.3
2026-04-09T14:00:00Z,P3,2.979,17.3
2026-04-09T14:15:00Z,P1,4.240,18.0
2026-04-09T14:15:00Z,P2,2.529,18.0
2026-04-09T14:15:00Z,P3,3.326,18.0
2026-04-09T14:30:00Z,P1,0.644,17.7
2026-04-09T14:30:00Z,P2,2.497,17.7
2026-04-09T14:30:00Z,P3,3.653,17.7
2026-04-09T14:45:00Z,P1,2.347,17.3
2026-04-09T14:45:00Z,P2,2.595,17.3
2026-04-09T14:45:00Z,P3,3.493,17.3
2026-04-09T15:00:00Z,P1,2.830,17.5
2026-04-09T15:00:00Z,P2,2.601,17.5
2026-04-09T15:00:00Z,P3,3.062,17.5
2026-04-09T15:15:00Z,P1,1.448,17.6
2026-04-09T15:15:00Z,P2,2.547,17.6
2026-04-09T15:15:00Z,P3,3.413,17.6
2026-04-09T15:30:00Z,P1,2.633,17.8
2026-04-09T15:30:00Z,P2,2.549,17.8
2026-04-09T15:30:00Z,P3,3.387,17.8
2026-04-09T15:45:00Z,P1,2.464,17.5
2026-04-09T15:45:00Z,P2,2.558,17.5
2026-04-09T15:45:00Z,P3,2.472,17.5
2026-04-09T16:00:00Z,P1,1.643,17.5
2026-04-09T16:00:00Z,P2,2.554,17.5
2026-04-09T16:00:00Z,P3,1.786,17.5
2026-04-09T16:15:00Z,P1,1.524,17.7
2026-04-09T16:15:00Z,P2,2.557,17.7
2026-04-09T16:15:00Z,P3,3.139,17.7
2026-04-09T16:30:00Z,P1,3.377,17.9
2026-04-09T16:30:00Z,P2,4.377,17.9
2026-04-09T16:30:00Z,P3,1.793,17.9
2026-04-09T16:45:00Z,P1,2.162,16.7
2026-04-09T16:45:00Z,P2,4.685,16.7
2026-04-09T16:45:00Z,P3,2.607,16.7
2026-04-09T17:00:00Z,P1,0.877,17.1
2026-04-09T17:00:00Z,P2,4.663,17.1
2026-04-09T17:00:00Z,P3,2.539,17.1
2026-04-09T17:15:00Z,P1,3.707,16.9
2026-04-09T17:15:00Z,P2,1.470,16.9
2026-04-09T17:15:00Z,P3,2.098,16.9
2026-04-09T17:30:00Z,P1,3.978,17.4
2026-04-09T17:30:00Z,P2,0.325,17.4
2026-04-09T17:30:00Z,P3,3.453,17.4
2026-04-09T17:45:00Z,P1,2.084,16.8
2026-04-09T17:45:00Z,P2,0.385,16.8
2026-04-09T17:45:00Z,P3,3.307,16.8
2026-04-09T18:00:00Z,P1,1.781,17.0
2026-04-09T18:00:00Z,P2,0.338,17.0
2026-04-09T18:00:00Z,P3,1.793,17.0
2026-04-09T18:15:00Z,P1,2.092,16.4
2026-04-09T18:15:00Z,P2,0.364,16.4
2026-04-09T18:15:00Z,P3,2.109,16.4
2026-04-09T18:30:00Z,P1,3.084,16.3
2026-04-09T18:30:00Z,P2,0.298,16.3
2026-04-09T18:30:00Z,P3,2.767,16.3
2026-04-09T18:45:00Z,P1,1.450,16.3
2026-04-09T18:45:00Z,P2,0.380,16.3
2026-04-09T18:45:00Z,P3,1.822,16.3
2026-04-09T19:00:00Z,P1,1.123,16.5
2026-04-09T19:00:00Z,P2,0.335,16.5
2026-04-09T19:00:00Z,P3,1.607,16.5
2026-04-09T19:15:00Z,P1,3.679,16.5
2026-04-09T19:15:00Z,P2,2.490,16.5
2026-04-09T19:15:00Z,P3,0.812,16.5
2026-04-09T19:30:00Z,P1,0.961,16.1
2026-04-09T19:30:00Z,P2,2.486,16.1
2026-04-09T19:30:00Z,P3,0.371,16.1
2026-04-09T19:45:00Z,P1,1.592,15.8
2026-04-09T19:45:00Z,P2,1.781,15.8
2026-04-09T19:45:00Z,P3,1.875,15.8
2026-04-09T20:00:00Z,P1,3.113,16.1
2026-04-09T20:00:00Z,P2,0.361,16.1
2026-04-09T20:00:00Z,P3,0.724,16.1
2026-04-09T20:15:00Z,P1,3.784,15.5
2026-04-09T20:15:00Z,P2,0.362,15.5
2026-04-09T20:15:00Z,P3,3.471,15.5
2026-04-09T20:30:00Z,P1,2.387,15.2
2026-04-09T20:30:00Z,P2,0.343,15.2
2026-04-09T20:30:00Z,P3,1.948,15.2
2026-04-09T20:45:00Z,P1,2.608,16.0
2026-04-09T20:45:00Z,P2,0.329,16.0
2026-04-09T20:45:00Z,P3,1.822,16.0
2026-04-09T21:00:00Z,P1,3.194,15.3
2026-04-09T21:00:00Z,P2,2.952,15.3
2026-04-09T21:00:00Z,P3,2.779,15.3
2026-04-09T21:15:00Z,P1,3.396,15.2
2026-04-09T21:15:00Z,P2,4.611,15.2
2026-04-09T21:15:00Z,P3,3.471,15.2
2026-04-09T21:30:00Z,P1,2.533,15.5
2026-04-09T21:30:00Z,P2,4.661,15.5
2026-04-09T21:30:00Z,P3,0.566,15.5
2026-04-09T21:45:00Z,P1,1.759,15.1
2026-04-09T21:45:00Z,P2,4.394,15.1
2026-04-09T21:45:00Z,P3,0.379,15.1
2026-04-09T22:00:00Z,P1,1.448,15.0
2026-04-09T22:00:00Z,P2,2.523,15.0
2026-04-09T22:00:00Z,P3,1.774,15.0
2026-04-09T22:15:00Z,P1,3.232,15.0
2026-04-09T22:15:00Z,P2,2.538,15.0
2026-04-09T22:15:00Z,P3,0.469,15.0
2026-04-09T22:30:00Z,P1,1.834,14.7
2026-04-09T22:30:00Z,P2,1.428,14.7
2026-04-09T22:30:00Z,P3,0.377,14.7
2026-04-09T22:45:00Z,P1,0.527,14.7
2026-04-09T22:45:00Z,P2,0.316,14.7
2026-04-09T22:45:00Z,P3,1.614,14.7
2026-04-09T23:00:00Z,P1,3.452,14.6
2026-04-09T23:00:00Z,P2,0.351,14.6
2026-04-09T23:00:00Z,P3,2.405,14.6
2026-04-09T23:15:00Z,P1,2.433,14.5
2026-04-09T23:15:00Z,P2,0.356,14.5
2026-04-09T23:15:00Z,P3,1.826,14.5
2026-04-09T23:30:00Z,P1,1.748,14.7
2026-04-09T23:30:00Z,P2,0.356,14.7
2026-04-09T23:30:00Z,P3,2.864,14.7
2026-04-09T23:45:00Z,P1,3.467,13.9
2026-04-09T23:45:00Z,P2,0.337,13.9
2026-04-09T23:45:00Z,P3,1.125,13.9
